"category_group_id";"category_group";"category_id";"category_name"
"1951";"3D-Brillen";"14423";"3D-Brille"
"1951";"3D-Brillen";"14422";"Videobrille"
"1952";"3D-Drucker";"14424";"3D-Drucker"
"1953";"3D-Drucker-Stifte";"14425";"3D-Drucker-Stift"
"1954";"Abbruchhammer";"14427";"Abbruchhammer"
"1954";"Abbruchhammer";"14426";"Akku-Meißelhammer"
"1954";"Abbruchhammer";"14428";"Druckluft-Meißelhammer"
"1955";"Abdeckblenden";"14439";"Abdeckboden"
"1955";"Abdeckblenden";"14440";"Blende"
"1955";"Abdeckblenden";"14447";"Briefeinwurfblende"
"1955";"Abdeckblenden";"14438";"Fenster-Set Erweiterung"
"1955";"Abdeckblenden";"14437";"Griffleiste"
"1955";"Abdeckblenden";"14434";"Gurtwickler-Abdeckplatte"
"1955";"Abdeckblenden";"14435";"Heizungsverkleidung"
"1955";"Abdeckblenden";"14436";"Hochbeet-Verkleidung"
"1955";"Abdeckblenden";"14445";"Kanalverlängerung"
"1955";"Abdeckblenden";"14444";"Klimaanlagen-Verkleidung"
"1955";"Abdeckblenden";"14448";"Ladekantenschutz"
"1955";"Abdeckblenden";"14442";"Ofen-Frontblende"
"1955";"Abdeckblenden";"14449";"Ofen-Seitenblende"
"1955";"Abdeckblenden";"14450";"Ofen-Topplatte"
"1955";"Abdeckblenden";"14443";"Rasenmähroboter-Cover"
"1955";"Abdeckblenden";"14441";"Siphonverkleidung"
"1955";"Abdeckblenden";"14431";"Spülkasten-Abdeckblende"
"1955";"Abdeckblenden";"14429";"Treppenstufen-Seitenblende"
"1955";"Abdeckblenden";"14433";"Verblendungssatz"
"1955";"Abdeckblenden";"14446";"Wärmepumpen-Schutzdach"
"1955";"Abdeckblenden";"14432";"Wärmepumpen-Verkleidung"
"1955";"Abdeckblenden";"14430";"Waschtisch-Halbsäule"
"1956";"Abdeckungsheber";"14451";"Abdeckungsheber"
"1957";"Abfallzerkleinerer";"14452";"Abfallzerkleinerer"
"1958";"Abheftstreifen";"14453";"Abheftstreifen"
"1959";"Abisoliermaschinen";"14454";"Abisoliermaschine"
"1960";"Ablageanbauten";"14457";"Einhängetritt"
"1960";"Ablageanbauten";"14460";"Feuerstellen-Anbautisch"
"1960";"Ablageanbauten";"14459";"Heizstrahler-Anbautisch"
"1960";"Ablageanbauten";"14456";"Laufband-Ablage"
"1960";"Ablageanbauten";"14461";"Sonnenschirm-Anbautisch"
"1960";"Ablageanbauten";"14458";"Strandkorb-Zusatztisch"
"1960";"Ablageanbauten";"14455";"Zusatzklapptisch"
"1961";"Ablaichkästen";"14462";"Ablaichkasten"
"1962";"Abläufe";"14465";"Ab- und Überlaufgarnitur"
"1962";"Abläufe";"14472";"Ab-Überlaufgarnitur"
"1962";"Abläufe";"14467";"Ablaufventil"
"1962";"Abläufe";"14471";"Anschluss-Set"
"1962";"Abläufe";"14469";"Anschlussgarnitur"
"1962";"Abläufe";"14473";"Balkon- und Terrassenablauf"
"1962";"Abläufe";"14468";"Bodenablauf"
"1962";"Abläufe";"14466";"Duschablauf"
"1962";"Abläufe";"14464";"Haus- und Hofablauf"
"1962";"Abläufe";"14474";"Schaftventil"
"1962";"Abläufe";"14470";"Siebventil"
"1962";"Abläufe";"14463";"Terrassenablauf"
"1963";"Absauganlagen";"14475";"Absauganlage"
"1963";"Absauganlagen";"14477";"Absaugstation"
"1963";"Absauganlagen";"14478";"Nagelstaubsauger"
"1963";"Absauganlagen";"14476";"Staubabsauger"
"1964";"Abschlaghilfen";"14479";"Golftee"
"1965";"Abschlusskappen";"14480";"Abdeckkappe"
"1965";"Abschlusskappen";"14486";"Blinddeckel"
"1965";"Abschlusskappen";"14485";"Endkappe"
"1965";"Abschlusskappen";"14484";"Griffkappe"
"1965";"Abschlusskappen";"14481";"Pavillonhaube"
"1965";"Abschlusskappen";"14482";"Radmarkierer"
"1965";"Abschlusskappen";"14483";"Ventilkappe"
"1966";"Absperrungen";"14487";"Absperrband"
"1966";"Absperrungen";"14488";"Absperrgitter"
"1966";"Absperrungen";"14489";"Absperrkordel"
"1966";"Absperrungen";"14490";"Absperrständer"
"1966";"Absperrungen";"14491";"Gurtbandkassette"
"1966";"Absperrungen";"14492";"Leitbake"
"1966";"Absperrungen";"14493";"Leitkegel-Teleskopstange"
"1966";"Absperrungen";"14494";"Scherengitter"
"1966";"Absperrungen";"14495";"Schrankenzaun"
"1967";"Absperrventile";"14506";"2-Wege-Ventil"
"1967";"Absperrventile";"14514";"3-Wege-Ventil"
"1967";"Absperrventile";"14498";"4-Wege-Ventil"
"1967";"Absperrventile";"14507";"Absperrschieber"
"1967";"Absperrventile";"14496";"Absperrventil"
"1967";"Absperrventile";"14503";"Auslaufventil"
"1967";"Absperrventile";"14499";"Bewässerungsventil"
"1967";"Absperrventile";"14505";"Bypass-Set"
"1967";"Absperrventile";"14508";"Durchflussschalter"
"1967";"Absperrventile";"14509";"Eckventil"
"1967";"Absperrventile";"14504";"Entwässerungsventil"
"1967";"Absperrventile";"14497";"Füllventil"
"1967";"Absperrventile";"14516";"Geräteventil"
"1967";"Absperrventile";"14502";"Kugelhahn"
"1967";"Absperrventile";"14500";"Regulierventil"
"1967";"Absperrventile";"14510";"Rückschlagventil"
"1967";"Absperrventile";"14501";"Thermostatventil"
"1967";"Absperrventile";"14515";"Umsteller"
"1967";"Absperrventile";"14511";"UP-Ventil-Oberbau"
"1967";"Absperrventile";"14513";"UP-Ventil-Unterteil"
"1967";"Absperrventile";"14512";"Verschlussstopfen"
"1968";"Abspielgeräte";"14524";"Blu-ray-Player"
"1968";"Abspielgeräte";"14522";"Blu-ray-Rekorder"
"1968";"Abspielgeräte";"14526";"CD-Player"
"1968";"Abspielgeräte";"14523";"DJ-CD-Player"
"1968";"Abspielgeräte";"14518";"DVD-Player"
"1968";"Abspielgeräte";"14525";"DVD-Rekorder"
"1968";"Abspielgeräte";"14521";"Fitness Media Player"
"1968";"Abspielgeräte";"14519";"Kassetten Player"
"1968";"Abspielgeräte";"14527";"Kompaktanlage"
"1968";"Abspielgeräte";"14520";"Portabler DVD-Player"
"1968";"Abspielgeräte";"14517";"Stereo-CD Player"
"1969";"Abstandshalter";"14528";"Abstandshalter"
"1969";"Abstandshalter";"14535";"Distanzhülse"
"1969";"Abstandshalter";"14532";"Distanzplatte"
"1969";"Abstandshalter";"14530";"Fliesenkreuz"
"1969";"Abstandshalter";"14529";"Fugenkreuz"
"1969";"Abstandshalter";"14534";"Lackierspitzen"
"1969";"Abstandshalter";"14533";"Nivelliersystem"
"1969";"Abstandshalter";"14531";"Verputzhaken"
"1970";"Abstellstützen";"14536";"Anhänger-Abstellstütze"
"1970";"Abstellstützen";"14537";"Ausdrehstützen"
"1971";"Abstreifgitter";"14538";"Abstreifgitter"
"1972";"Abziehmatten";"14539";"Schleppnetz"
"1973";"Abziehwerkzeuge";"14543";"Kassettenabzieher"
"1973";"Abziehwerkzeuge";"14540";"Kettenpeitsche"
"1973";"Abziehwerkzeuge";"14544";"Kugelgelenkabzieher"
"1973";"Abziehwerkzeuge";"14542";"Kurbelabzieher"
"1973";"Abziehwerkzeuge";"14541";"Radnabenabzieher"
"1973";"Abziehwerkzeuge";"14545";"Wischerarmabzieher"
"1973";"Abziehwerkzeuge";"14546";"Zahnkranzabzieher"
"1974";"Achsen";"14547";"Achse"
"1975";"Adapter";"14582";"Adapter"
"1975";"Adapter";"14572";"Anhänger-Adapter"
"1975";"Adapter";"14575";"Audio- & Video-Adapter"
"1975";"Adapter";"14550";"Audio-Adapter"
"1975";"Adapter";"14560";"Auto-Adapter"
"1975";"Adapter";"14570";"Bit-Adapter"
"1975";"Adapter";"14576";"Bluetooth Hi-Fi-Adapter"
"1975";"Adapter";"14580";"Bluetooth-Adapter"
"1975";"Adapter";"14573";"CEE-Adapterkabel"
"1975";"Adapter";"14556";"Computer-Adapter"
"1975";"Adapter";"14565";"Einhandzwingen-Adapter"
"1975";"Adapter";"14549";"Elektro-Adapter"
"1975";"Adapter";"14557";"Entriegelung"
"1975";"Adapter";"14574";"Gaming-Adapter"
"1975";"Adapter";"14568";"HDMI-Adapter"
"1975";"Adapter";"14563";"KFZ-Adapter"
"1975";"Adapter";"14562";"KFZ-Transmitter"
"1975";"Adapter";"14552";"Laptop-Adapter"
"1975";"Adapter";"14577";"Medienkonverter"
"1975";"Adapter";"14553";"Modulkarte"
"1975";"Adapter";"14555";"Netzwerk-Adapter"
"1975";"Adapter";"14554";"Notebook-Adapter"
"1975";"Adapter";"14564";"Objektiv-Adapter"
"1975";"Adapter";"14581";"Reiseadapter"
"1975";"Adapter";"14551";"Ringblitz-Adapter"
"1975";"Adapter";"14569";"SLI-Bridge"
"1975";"Adapter";"14558";"Smartphone-Adapter"
"1975";"Adapter";"14578";"Softbox-Adapter"
"1975";"Adapter";"14579";"Strom-Adapterkabel"
"1975";"Adapter";"14559";"Stromadapter"
"1975";"Adapter";"14566";"Tablet-Adapter"
"1975";"Adapter";"14571";"TV-Adapter"
"1975";"Adapter";"14548";"USB-Adapter"
"1975";"Adapter";"14567";"Verkehrsfunkmelder"
"1975";"Adapter";"14561";"Video-Adapter"
"1976";"Additive";"14586";"Benzin-Stabilisator"
"1976";"Additive";"14587";"Diesel-Additiv"
"1976";"Additive";"14583";"Fließverbesserer"
"1976";"Additive";"14584";"Getriebezusatz"
"1976";"Additive";"14585";"Harnstofflösung"
"1976";"Additive";"14591";"Korrosionsinhibitor"
"1976";"Additive";"14589";"Motorrad-Additiv"
"1976";"Additive";"14588";"Öl-Additiv"
"1976";"Additive";"14590";"Thermoflüssigkeit"
"1977";"Adventskalender";"14601";"Adventskalender"
"1977";"Adventskalender";"14592";"befüllbarer Adventskalender"
"1977";"Adventskalender";"14595";"Bücher-Adventskalender"
"1977";"Adventskalender";"14597";"DIY-Adventskalender"
"1977";"Adventskalender";"14599";"Hunde-Adventskalender"
"1977";"Adventskalender";"14596";"Katzen-Adventskalender"
"1977";"Adventskalender";"14598";"Kosmetik-Adventskalender"
"1977";"Adventskalender";"14600";"Lebensmittel-Adventskalender"
"1977";"Adventskalender";"14593";"Schmuck-Adventskalender"
"1977";"Adventskalender";"14594";"Spielzeug-Adventskalender"
"1978";"Akkumulatoren";"14616";"Akku"
"1978";"Akkumulatoren";"14628";"Akku Starter-Set"
"1978";"Akkumulatoren";"14603";"Akku-Set"
"1978";"Akkumulatoren";"14609";"Akkupacks"
"1978";"Akkumulatoren";"14619";"Bleiakkus"
"1978";"Akkumulatoren";"14610";"Drohnen-Akku"
"1978";"Akkumulatoren";"14626";"E-Bike Akku"
"1978";"Akkumulatoren";"14624";"Elektromobil-Akku"
"1978";"Akkumulatoren";"14604";"Elektroroller-Akku"
"1978";"Akkumulatoren";"14618";"Energiestation"
"1978";"Akkumulatoren";"14613";"Handy-Akku"
"1978";"Akkumulatoren";"14627";"Heatbanks"
"1978";"Akkumulatoren";"14611";"Kamera-Akku"
"1978";"Akkumulatoren";"14607";"Laptop-Akku"
"1978";"Akkumulatoren";"14602";"Mobilblitz-Akku"
"1978";"Akkumulatoren";"14605";"Powerbank"
"1978";"Akkumulatoren";"14612";"Powerstation"
"1978";"Akkumulatoren";"14617";"Schnellstartsystem"
"1978";"Akkumulatoren";"14621";"Smartphone-Akku"
"1978";"Akkumulatoren";"14608";"Solar Powerbank"
"1978";"Akkumulatoren";"14623";"Solarakkus"
"1978";"Akkumulatoren";"14622";"Starthilfegerät"
"1978";"Akkumulatoren";"14625";"Staubsauger-Akku"
"1978";"Akkumulatoren";"14615";"Stromspeicher"
"1978";"Akkumulatoren";"14620";"Studioblitz-Akku"
"1978";"Akkumulatoren";"14606";"Tablet-Akku"
"1978";"Akkumulatoren";"14614";"Zusatz-Akku"
"1979";"Akkusauger";"14636";"Akku-Bodenstaubsauger"
"1979";"Akkusauger";"14634";"Akku-Hand-und Stielstaubsauger"
"1979";"Akkusauger";"14633";"Akku-Handstaubsauger"
"1979";"Akkusauger";"14632";"Akku-Rucksackstaubsauger"
"1979";"Akkusauger";"14635";"Akku-Saugwischer"
"1979";"Akkusauger";"14631";"Akku-Stielstaubsauger"
"1979";"Akkusauger";"14629";"Akku-Wischmopp"
"1979";"Akkusauger";"14638";"Akkubesen"
"1979";"Akkusauger";"14630";"Krümel-Akkusauger"
"1979";"Akkusauger";"14637";"Nass-Trocken-Akkusauger"
"1980";"Aktenvernichter";"14643";"Aktenvernichter"
"1980";"Aktenvernichter";"14641";"Aktenvernichteraufsatz"
"1980";"Aktenvernichter";"14642";"Papierhäcksler"
"1980";"Aktenvernichter";"14639";"Papierschredder"
"1980";"Aktenvernichter";"14640";"Reißwolf"
"1981";"Aktenvernichter-Auffangbeutel";"14644";"Aktenvernichter-Auffangbeutel"
"1982";"Alkoholtestgeräte";"14645";"Alkoholtestgerät"
"1983";"Allesschneider";"14648";"Akku-Elektromesser"
"1983";"Allesschneider";"14646";"Allesschneider"
"1983";"Allesschneider";"14647";"Elektromesser"
"1984";"Anbau-Bodenfräsen";"14649";"Anbau-Bodenfräse"
"1985";"Anbau-Kehrgutsammler";"14650";"Kehrgutsammelbehälter"
"1986";"Anbau-Räumschilde";"14651";"Schneeräumschild"
"1987";"Anbaugeräte";"14655";"Anbau-Kehrbürste"
"1987";"Anbaugeräte";"14652";"Anbau-Kehrmaschine"
"1987";"Anbaugeräte";"14656";"Anbau-Schneefräse"
"1987";"Anbaugeräte";"14653";"Anbau-Wildkrautbürste"
"1987";"Anbaugeräte";"14654";"Mähroboter-Kantenschneider"
"1988";"Anfahrhilfen";"14657";"Anfahrhilfe"
"1988";"Anfahrhilfen";"14658";"Gripmatte"
"1989";"Angelgaffs";"14659";"Angel-Gaff"
"1990";"Angelgewichte";"14680";"Angelgewicht"
"1990";"Angelgewichte";"14676";"Birnenblei"
"1990";"Angelgewichte";"14679";"Bleischrot"
"1990";"Angelgewichte";"14671";"Brandungsblei"
"1990";"Angelgewichte";"14669";"Drop-Shot-Blei"
"1990";"Angelgewichte";"14667";"Heringsblei"
"1990";"Angelgewichte";"14665";"Inlineblei"
"1990";"Angelgewichte";"14672";"Karpfenblei"
"1990";"Angelgewichte";"14668";"Kugelblei"
"1990";"Angelgewichte";"14673";"Lotblei"
"1990";"Angelgewichte";"14678";"Olivenblei"
"1990";"Angelgewichte";"14677";"Patronenblei"
"1990";"Angelgewichte";"14675";"Sargblei"
"1990";"Angelgewichte";"14661";"Sbirolino"
"1990";"Angelgewichte";"14660";"Schleppblei"
"1990";"Angelgewichte";"14662";"Senklot"
"1990";"Angelgewichte";"14666";"Strömungsblei"
"1990";"Angelgewichte";"14670";"Tellerblei"
"1990";"Angelgewichte";"14663";"Tiroler Hölzl"
"1990";"Angelgewichte";"14664";"Tropfenblei"
"1990";"Angelgewichte";"14674";"Walkerblei"
"1991";"Angelhaken";"14686";"Aalhaken"
"1991";"Angelhaken";"14700";"Allroundhaken"
"1991";"Angelhaken";"14692";"Butthaken"
"1991";"Angelhaken";"14683";"Drillingshaken"
"1991";"Angelhaken";"14681";"Dropshot-Haken"
"1991";"Angelhaken";"14696";"Feederhaken"
"1991";"Angelhaken";"14694";"Fliegenhaken"
"1991";"Angelhaken";"14693";"Forellenhaken"
"1991";"Angelhaken";"14695";"Jighaken"
"1991";"Angelhaken";"14684";"Karpfenhaken"
"1991";"Angelhaken";"14689";"Kreishaken"
"1991";"Angelhaken";"14691";"Offset-Haken"
"1991";"Angelhaken";"14687";"Ryderhaken"
"1991";"Angelhaken";"14685";"Schonhaken"
"1991";"Angelhaken";"14690";"Stipphaken"
"1991";"Angelhaken";"14697";"Teighaken"
"1991";"Angelhaken";"14698";"Twinex-Haken"
"1991";"Angelhaken";"14699";"Wallerhaken"
"1991";"Angelhaken";"14688";"Wurmhaken"
"1991";"Angelhaken";"14682";"Zwillingshaken"
"1992";"Angelposen";"14704";"Allroundpose"
"1992";"Angelposen";"14711";"Elektropose"
"1992";"Angelposen";"14701";"Forellenpose"
"1992";"Angelposen";"14710";"Friedfischpose"
"1992";"Angelposen";"14713";"Futterpose"
"1992";"Angelposen";"14705";"Knicklichtpose"
"1992";"Angelposen";"14708";"Raubfischpose"
"1992";"Angelposen";"14712";"Schlepppose"
"1992";"Angelposen";"14714";"Segelpose"
"1992";"Angelposen";"14702";"Stabpose"
"1992";"Angelposen";"14707";"Stipppose"
"1992";"Angelposen";"14703";"Unterwasserpose"
"1992";"Angelposen";"14709";"Wagglerpose"
"1992";"Angelposen";"14706";"Wasserkugel-Pose"
"1993";"Angelrollen";"14723";"Baitcastrolle"
"1993";"Angelrollen";"14720";"Feederrolle"
"1993";"Angelrollen";"14718";"Fliegenrolle"
"1993";"Angelrollen";"14715";"Freilaufrolle"
"1993";"Angelrollen";"14719";"Kampfbremsrolle"
"1993";"Angelrollen";"14716";"Kapselrolle"
"1993";"Angelrollen";"14721";"Meeresrolle"
"1993";"Angelrollen";"14722";"Multirolle"
"1993";"Angelrollen";"14725";"Spinnrolle"
"1993";"Angelrollen";"14724";"Stationärrolle"
"1993";"Angelrollen";"14717";"Trollingrolle"
"1994";"Angelruten";"14735";"Aalrute"
"1994";"Angelruten";"14741";"Baitcasterrute"
"1994";"Angelruten";"14744";"Bologneserute"
"1994";"Angelruten";"14733";"Brandungsrute"
"1994";"Angelruten";"14729";"Eisrute"
"1994";"Angelruten";"14734";"Feederrute"
"1994";"Angelruten";"14740";"Fliegenrute"
"1994";"Angelruten";"14728";"Forellenrute"
"1994";"Angelruten";"14730";"Grundrute"
"1994";"Angelruten";"14742";"Jigrute"
"1994";"Angelruten";"14731";"Karpfenrute"
"1994";"Angelruten";"14736";"Kopfrute"
"1994";"Angelruten";"14732";"Matchrute"
"1994";"Angelruten";"14727";"Pickerrute"
"1994";"Angelruten";"14738";"Pilkrute"
"1994";"Angelruten";"14743";"Posenrute"
"1994";"Angelruten";"14726";"Reiserute"
"1994";"Angelruten";"14737";"Spinnrute"
"1994";"Angelruten";"14739";"Stipprute"
"1995";"Anhängevorrichtungen";"14745";"Anhängerkupplung"
"1995";"Anhängevorrichtungen";"14746";"Tandemstange"
"1996";"Anrufbeantworter";"14748";"Analoger Anrufbeantworter"
"1996";"Anrufbeantworter";"14747";"Anrufbeantworter"
"1997";"Ansatztischplatten";"14750";"Anbautisch"
"1997";"Ansatztischplatten";"14749";"Ansteckplatte"
"1997";"Ansatztischplatten";"14751";"Eckverbindungsplatte"
"1997";"Ansatztischplatten";"14752";"Einlegetischplatte"
"1998";"Anschlagpuffer";"14755";"Anschlagpuffer"
"1998";"Anschlagpuffer";"14753";"Wandpuffer"
"1998";"Anschlagpuffer";"14754";"WC-Sitz Puffer"
"1999";"Anschlagwinkel";"14761";"Anschlagwinkel"
"1999";"Anschlagwinkel";"14758";"Flachwinkel"
"1999";"Anschlagwinkel";"14756";"Magnet-Schweißwinkel"
"1999";"Anschlagwinkel";"14759";"Messwinkel"
"1999";"Anschlagwinkel";"14763";"Schlosserwinkel"
"1999";"Anschlagwinkel";"14760";"Schreinerwinkel"
"1999";"Anschlagwinkel";"14757";"Schweißwinkel-Set"
"1999";"Anschlagwinkel";"14762";"Zimmermannswinkel"
"2000";"Anspitzer";"14764";"Anspitzer"
"2001";"Antennen";"14768";"Autoradio-Ersatzantennenstab"
"2001";"Antennen";"14771";"Autoradio-Scheibenantenne"
"2001";"Antennen";"14766";"Camping Sat-Anlage"
"2001";"Antennen";"14774";"Dachantenne"
"2001";"Antennen";"14773";"Innenantenne"
"2001";"Antennen";"14767";"Mobilfunkantenne"
"2001";"Antennen";"14772";"Schiffsantenne"
"2001";"Antennen";"14765";"Stabantenne"
"2001";"Antennen";"14770";"WLAN-Antenne"
"2001";"Antennen";"14769";"Wurfantenne"
"2002";"Anti-Rutsch-Pads";"14775";"Anti-Rutsch-Pad"
"2002";"Anti-Rutsch-Pads";"14776";"Filzgleiter"
"2002";"Anti-Rutsch-Pads";"14780";"Plattentellerauflage"
"2002";"Anti-Rutsch-Pads";"14779";"Stuhlsocke"
"2002";"Anti-Rutsch-Pads";"14777";"Surfboard Footpad"
"2002";"Anti-Rutsch-Pads";"14778";"Windsurf Footpad"
"2003";"Anti-Schnarch-Geräte";"14785";"Nasenspreizer"
"2003";"Anti-Schnarch-Geräte";"14782";"Schnarchgurt"
"2003";"Anti-Schnarch-Geräte";"14783";"Schnarchmaske"
"2003";"Anti-Schnarch-Geräte";"14781";"Schnarchstopper"
"2003";"Anti-Schnarch-Geräte";"14784";"Zahnschiene"
"2004";"Anzeigeinstrumente";"14786";"Abgastemperaturanzeige"
"2004";"Anzeigeinstrumente";"14790";"Anzeigegerät"
"2004";"Anzeigeinstrumente";"14793";"Außentemperaturanzeige"
"2004";"Anzeigeinstrumente";"14792";"Benzindruckanzeige"
"2004";"Anzeigeinstrumente";"14799";"Benzindruckanzeiger"
"2004";"Anzeigeinstrumente";"14797";"Drehzahlanzeige"
"2004";"Anzeigeinstrumente";"14789";"Head Up Display"
"2004";"Anzeigeinstrumente";"14794";"Ladedruckanzeige"
"2004";"Anzeigeinstrumente";"14787";"Lambdaanzeige"
"2004";"Anzeigeinstrumente";"14795";"LED-Display"
"2004";"Anzeigeinstrumente";"14796";"Tachometer"
"2004";"Anzeigeinstrumente";"14798";"Uhrzeitanzeigeinstrumente"
"2004";"Anzeigeinstrumente";"14791";"Vacuummeter"
"2004";"Anzeigeinstrumente";"14788";"Voltmeter"
"2005";"Anzeigetafeln";"14800";"Anzeigetafel"
"2005";"Anzeigetafeln";"14801";"Spielstandsanzeige"
"2006";"Anziehhilfen";"14802";"Anziehhilfe"
"2007";"Anzüge";"14807";"Anzug"
"2007";"Anzüge";"14803";"Anzug 3-teilig"
"2007";"Anzüge";"14811";"Anzug 4-teilig"
"2007";"Anzüge";"14808";"Anzug 5-teilig"
"2007";"Anzüge";"14812";"Anzug 6-teilig"
"2007";"Anzüge";"14806";"Doppelpack Anzüge"
"2007";"Anzüge";"14813";"Frack-Anzug"
"2007";"Anzüge";"14814";"Gehrock 5-teilig"
"2007";"Anzüge";"14810";"Hosenanzug"
"2007";"Anzüge";"14804";"Kinderanzug"
"2007";"Anzüge";"14805";"Kinderanzug 5-teilig"
"2007";"Anzüge";"14809";"Smoking"
"2008";"Anzündkamine";"14815";"Anzündkamin"
"2008";"Anzündkamine";"14817";"Kamingitter"
"2008";"Anzündkamine";"14816";"Kohlekorb"
"2009";"Aquarienheizer";"14818";"Regelheizer"
"2009";"Aquarienheizer";"14819";"Terrarien-Heizstein"
"2010";"Arbeitsmöbel-Sets";"14820";"Büro-Set"
"2010";"Arbeitsmöbel-Sets";"14821";"Büromöbel-Set"
"2011";"Arbeitsschutzbrillen";"14822";"Arbeitsschutzbrille"
"2012";"Arbeitsspeicher";"14825";"Arbeitsspeicher"
"2012";"Arbeitsspeicher";"14824";"Laptop-Arbeitsspeicher"
"2012";"Arbeitsspeicher";"14823";"PC-Arbeitsspeicher"
"2013";"Armaturen";"14828";"Ablaufgarnitur"
"2013";"Armaturen";"14838";"Badarmatur"
"2013";"Armaturen";"14840";"Bidetarmatur"
"2013";"Armaturen";"14835";"Brausethermostat"
"2013";"Armaturen";"14836";"Duscharmatur"
"2013";"Armaturen";"14827";"Grundkörper"
"2013";"Armaturen";"14842";"Küchenarmatur"
"2013";"Armaturen";"14829";"Schieber"
"2013";"Armaturen";"14843";"Spültischarmatur"
"2013";"Armaturen";"14830";"Standarmatur"
"2013";"Armaturen";"14831";"Standventil"
"2013";"Armaturen";"14833";"Thermischer Verbrühschutz"
"2013";"Armaturen";"14826";"Unterputz-Einbaukörper"
"2013";"Armaturen";"14837";"Unterputzarmatur"
"2013";"Armaturen";"14844";"Wannenarmatur"
"2013";"Armaturen";"14834";"Wannenmischeinheit"
"2013";"Armaturen";"14845";"Wannenrand-Rollbox"
"2013";"Armaturen";"14839";"Wannenthermostat"
"2013";"Armaturen";"14832";"Waschbeckenbrause"
"2013";"Armaturen";"14841";"Waschtischarmatur"
"2014";"Armaturkartuschen";"14846";"Armaturkartusche"
"2017";"Armbänder";"14887";"Armband"
"2017";"Armbänder";"14877";"Armband mit Gravur"
"2017";"Armbänder";"14875";"Armband Set"
"2017";"Armbänder";"14873";"Armkette"
"2017";"Armbänder";"14900";"Armketten Set"
"2017";"Armbänder";"14899";"Armreif"
"2017";"Armbänder";"14903";"Armreif Set"
"2017";"Armbänder";"14893";"Armspange"
"2017";"Armbänder";"14892";"Armspangen Set"
"2017";"Armbänder";"14895";"Armspirale"
"2017";"Armbänder";"14884";"Bead-Armband-Set"
"2017";"Armbänder";"14872";"Bettelarmband"
"2017";"Armbänder";"14897";"Bettelarmband Set"
"2017";"Armbänder";"14876";"Charm-Armband"
"2017";"Armbänder";"14896";"Charm-Armband Set"
"2017";"Armbänder";"14883";"Chunks"
"2017";"Armbänder";"14894";"Chunks Set"
"2017";"Armbänder";"14879";"Edelstahlarmband"
"2017";"Armbänder";"14901";"Edelstahlarmband Set"
"2017";"Armbänder";"14904";"Freundschaftsarmband"
"2017";"Armbänder";"14885";"Gliederarmband"
"2017";"Armbänder";"14874";"Gliederarmband Set"
"2017";"Armbänder";"14871";"Goldarmband"
"2017";"Armbänder";"14878";"ID Armband"
"2017";"Armbänder";"14880";"Königsarmband"
"2017";"Armbänder";"14902";"Lederarmband"
"2017";"Armbänder";"14890";"Lederarmband Set"
"2017";"Armbänder";"14889";"Panzerarmband"
"2017";"Armbänder";"14886";"Panzerarmband Set"
"2017";"Armbänder";"14869";"Perlenarmband"
"2017";"Armbänder";"14868";"Perlenarmband Set"
"2017";"Armbänder";"14870";"Silberarmband"
"2017";"Armbänder";"14905";"Silberarmband Set"
"2017";"Armbänder";"14891";"Tennisarmband"
"2017";"Armbänder";"14882";"Tennisarmband Set"
"2017";"Armbänder";"14888";"Wickelarmband"
"2017";"Armbänder";"14898";"Wickelarmband mit Gravur"
"2017";"Armbänder";"14881";"Wickelarmband Set"
"2015";"Armbanduhren";"14853";"Automatikuhr"
"2015";"Armbanduhren";"14857";"Chronograph"
"2015";"Armbanduhren";"14850";"Digitaluhr"
"2015";"Armbanduhren";"14859";"Fliegeruhr"
"2015";"Armbanduhren";"14863";"Funk-Multifunktionsuhr"
"2015";"Armbanduhren";"14856";"Funkchronograph"
"2015";"Armbanduhren";"14860";"Funkuhr"
"2015";"Armbanduhren";"14865";"Keramikuhr"
"2015";"Armbanduhren";"14864";"Kineticuhr"
"2015";"Armbanduhren";"14862";"Luxusuhr"
"2015";"Armbanduhren";"14847";"Mechanische Uhr"
"2015";"Armbanduhren";"14848";"Multifunktionsuhr"
"2015";"Armbanduhren";"14858";"Quarzuhr"
"2015";"Armbanduhren";"14852";"Schweizer Uhr"
"2015";"Armbanduhren";"14854";"Solaruhr"
"2015";"Armbanduhren";"14851";"Sportuhr"
"2015";"Armbanduhren";"14849";"Taucheruhr"
"2015";"Armbanduhren";"14861";"Titanchronograph"
"2015";"Armbanduhren";"14855";"Titanuhr"
"2015";"Armbanduhren";"14866";"Uhrenring"
"2016";"Armbinden";"14867";"Kapitänsbinde"
"2018";"Armlehnen";"14906";"Armlehne"
"2019";"Atemmasken";"14909";"Atemschutz-Vollmaske"
"2019";"Atemmasken";"14914";"Community-Maske"
"2019";"Atemmasken";"14908";"Community-Masken"
"2019";"Atemmasken";"14910";"Filtrierende Halbmasken FFP2"
"2019";"Atemmasken";"14913";"Filtrierende Halbmasken FFP3"
"2019";"Atemmasken";"14907";"Medizinischer Mund-Nasen-Schutz"
"2019";"Atemmasken";"14912";"Mund-Nasen-Maske"
"2019";"Atemmasken";"14911";"Mund-Nasen-Masken"
"2020";"Audio-Video-Switches";"14918";"Audio / Video Matrix-Switch"
"2020";"Audio-Video-Switches";"14916";"DVI-Switch"
"2020";"Audio-Video-Switches";"14917";"VGA-Matrix-Switch"
"2020";"Audio-Video-Switches";"14915";"VGA-Switch"
"2021";"Aufbewahrungsboxen";"14949";"Allzweckkiste"
"2021";"Aufbewahrungsboxen";"14926";"Allzweckkorb"
"2021";"Aufbewahrungsboxen";"14932";"Angelkoffer"
"2021";"Aufbewahrungsboxen";"14977";"Anhänger-Deichselbox"
"2021";"Aufbewahrungsboxen";"14964";"Archivcontainer"
"2021";"Aufbewahrungsboxen";"15000";"Aufbewahrungsbox"
"2021";"Aufbewahrungsboxen";"14946";"Aufbewahrungsdose"
"2021";"Aufbewahrungsboxen";"14992";"Aufbewahrungskorb"
"2021";"Aufbewahrungsboxen";"14974";"Auflagenbox"
"2021";"Aufbewahrungsboxen";"14928";"Badorganizer"
"2021";"Aufbewahrungsboxen";"14963";"Ballkorb"
"2021";"Aufbewahrungsboxen";"15002";"Batteriebox"
"2021";"Aufbewahrungsboxen";"14981";"Dekoablage"
"2021";"Aufbewahrungsboxen";"14952";"Dekokiste"
"2021";"Aufbewahrungsboxen";"14997";"Dekokorb"
"2021";"Aufbewahrungsboxen";"14956";"Dose"
"2021";"Aufbewahrungsboxen";"14927";"Drahtkorb"
"2021";"Aufbewahrungsboxen";"14957";"Duschkorb"
"2021";"Aufbewahrungsboxen";"14953";"Einhängekorb"
"2021";"Aufbewahrungsboxen";"14979";"Fahrradbox"
"2021";"Aufbewahrungsboxen";"14983";"Faltbox"
"2021";"Aufbewahrungsboxen";"14922";"Feuchttücherbox"
"2021";"Aufbewahrungsboxen";"14937";"Flechtkorb"
"2021";"Aufbewahrungsboxen";"14919";"Fotobox"
"2021";"Aufbewahrungsboxen";"14990";"Gartenbox"
"2021";"Aufbewahrungsboxen";"14950";"Geldkassette"
"2021";"Aufbewahrungsboxen";"14939";"Gerätebox"
"2021";"Aufbewahrungsboxen";"14930";"Geschenkbox"
"2021";"Aufbewahrungsboxen";"14978";"Häkelkorb"
"2021";"Aufbewahrungsboxen";"14985";"Handtuchkorb"
"2021";"Aufbewahrungsboxen";"14921";"Hängeaufbewahrung"
"2021";"Aufbewahrungsboxen";"14975";"Hängekorb"
"2021";"Aufbewahrungsboxen";"15003";"Hängeregistraturbox"
"2021";"Aufbewahrungsboxen";"14961";"Holzkiste"
"2021";"Aufbewahrungsboxen";"14973";"Holztragetasche"
"2021";"Aufbewahrungsboxen";"15004";"Insektenbox"
"2021";"Aufbewahrungsboxen";"14944";"Kaminholzkorb"
"2021";"Aufbewahrungsboxen";"14969";"Karteibox"
"2021";"Aufbewahrungsboxen";"14994";"Karteikasten"
"2021";"Aufbewahrungsboxen";"14993";"Kartoffelkiste"
"2021";"Aufbewahrungsboxen";"14996";"Kissenbox"
"2021";"Aufbewahrungsboxen";"14924";"Kiste"
"2021";"Aufbewahrungsboxen";"14941";"Kleinteilemagazin"
"2021";"Aufbewahrungsboxen";"14982";"Kosmetikbox"
"2021";"Aufbewahrungsboxen";"14940";"Mülltonnenbox"
"2021";"Aufbewahrungsboxen";"14976";"Münzetui"
"2021";"Aufbewahrungsboxen";"14972";"Nähkästchen"
"2021";"Aufbewahrungsboxen";"14938";"Nähkorb"
"2021";"Aufbewahrungsboxen";"14947";"Organizer"
"2021";"Aufbewahrungsboxen";"14943";"Papiertuchbox"
"2021";"Aufbewahrungsboxen";"14935";"Picknickkorb"
"2021";"Aufbewahrungsboxen";"14967";"Pillendose"
"2021";"Aufbewahrungsboxen";"14971";"Pumpenhaus"
"2021";"Aufbewahrungsboxen";"15005";"Putzbox"
"2021";"Aufbewahrungsboxen";"15006";"Putztasche"
"2021";"Aufbewahrungsboxen";"14929";"Regalkorb"
"2021";"Aufbewahrungsboxen";"14984";"Rollladenbox"
"2021";"Aufbewahrungsboxen";"14959";"Sammelkoffer"
"2021";"Aufbewahrungsboxen";"14970";"Sammleretui"
"2021";"Aufbewahrungsboxen";"14955";"Schatzkiste"
"2021";"Aufbewahrungsboxen";"14999";"Schmuckablage"
"2021";"Aufbewahrungsboxen";"15001";"Schmuckbaum"
"2021";"Aufbewahrungsboxen";"14988";"Schmucketui"
"2021";"Aufbewahrungsboxen";"14966";"Schmuckkassette"
"2021";"Aufbewahrungsboxen";"14931";"Schmuckkasten"
"2021";"Aufbewahrungsboxen";"14965";"Schmuckkoffer"
"2021";"Aufbewahrungsboxen";"14960";"Schmuckrolle"
"2021";"Aufbewahrungsboxen";"14962";"Schmuckständer"
"2021";"Aufbewahrungsboxen";"15007";"Schreibtisch-Organizer"
"2021";"Aufbewahrungsboxen";"14936";"Schuhbox"
"2021";"Aufbewahrungsboxen";"14948";"Schuhkiste"
"2021";"Aufbewahrungsboxen";"14987";"Setzkasten"
"2021";"Aufbewahrungsboxen";"14968";"Sitzkiepe"
"2021";"Aufbewahrungsboxen";"14991";"Sortimentskasten"
"2021";"Aufbewahrungsboxen";"14925";"Spielzeugtruhe"
"2021";"Aufbewahrungsboxen";"14933";"Stapelbox"
"2021";"Aufbewahrungsboxen";"15008";"Stiftehalter"
"2021";"Aufbewahrungsboxen";"14995";"Treppenkorb"
"2021";"Aufbewahrungsboxen";"14923";"Uhrenbox"
"2021";"Aufbewahrungsboxen";"14934";"Uhrenetui"
"2021";"Aufbewahrungsboxen";"14980";"Uhrenrolle"
"2021";"Aufbewahrungsboxen";"14986";"Unterbettkommode"
"2021";"Aufbewahrungsboxen";"14951";"Weinkiste"
"2021";"Aufbewahrungsboxen";"14942";"Werkzeugbox"
"2021";"Aufbewahrungsboxen";"14954";"Werkzeugkoffer"
"2021";"Aufbewahrungsboxen";"14989";"Werkzeugtrolley"
"2021";"Aufbewahrungsboxen";"14998";"Zahndose"
"2021";"Aufbewahrungsboxen";"14920";"Zeichenbox"
"2021";"Aufbewahrungsboxen";"14958";"Zeichenkasten"
"2021";"Aufbewahrungsboxen";"14945";"Zettelkasten"
"2022";"Aufblasartikel";"15024";"Aufblasbare Schwimmfigur"
"2022";"Aufblasartikel";"15011";"Aufblasbare Trampolininsel"
"2022";"Aufblasartikel";"15023";"aufblasbare Whirlpoolabdeckung"
"2022";"Aufblasartikel";"15012";"Aufblasbarer Cooler"
"2022";"Aufblasartikel";"15013";"Aufblasbares Bällebad"
"2022";"Aufblasartikel";"15014";"Aufblasbares Essen"
"2022";"Aufblasartikel";"15021";"Aufblasbares Fußballtor"
"2022";"Aufblasartikel";"15009";"Aufblasbares Musikinstrument"
"2022";"Aufblasartikel";"15016";"Aufblasbares Partyzubehör"
"2022";"Aufblasartikel";"15017";"Aufblasbares Rodeo"
"2022";"Aufblasartikel";"15010";"Aufblasbares Spielhaus"
"2022";"Aufblasartikel";"15015";"Aufblasbares Werkzeug"
"2022";"Aufblasartikel";"15022";"Kinder-Schlauchboot"
"2022";"Aufblasartikel";"15019";"Schwimminsel"
"2022";"Aufblasartikel";"15020";"Schwimmsessel"
"2022";"Aufblasartikel";"15018";"Schwimmtier"
"2022";"Aufblasartikel";"15025";"Spiel-Schlagsack"
"2022";"Aufblasartikel";"15026";"Whirlpool-Sitzbank"
"2023";"Auffangbehälter";"15028";"Fangkorb"
"2023";"Auffangbehälter";"15031";"Fangsack"
"2023";"Auffangbehälter";"15029";"Gartensack"
"2023";"Auffangbehälter";"15030";"Ölauffangwanne"
"2023";"Auffangbehälter";"15027";"Resteschale"
"2023";"Auffangbehälter";"15032";"Resttintenbehälter"
"2024";"Auffangschalen";"15033";"Spänewanne"
"2024";"Auffangschalen";"15034";"Tropfschale"
"2025";"Aufguss-Kellen";"15035";"Schöpfkelle"
"2026";"Aufguss-Konzentrate";"15036";"Aufgusskonzentrat"
"2027";"Aufguss-Sets";"15037";"Sauna-Aufgussset"
"2028";"Aufgusstöpfe";"15039";"Aufgusskübel"
"2028";"Aufgusstöpfe";"15038";"Aufgusstopf"
"2029";"Aufkleber";"15041";"Aufkleber"
"2029";"Aufkleber";"15040";"Felgenaufkleber"
"2029";"Aufkleber";"15043";"Filzapplikation"
"2029";"Aufkleber";"15046";"Laptop-Aufkleber"
"2029";"Aufkleber";"15045";"Lochverstärker"
"2029";"Aufkleber";"15044";"Reflektor-Aufkleber"
"2029";"Aufkleber";"15042";"Zierleisten-Aufkleber"
"2030";"Auflaufformen";"15047";"Auflaufform"
"2030";"Auflaufformen";"15048";"Portionsförmchen"
"2030";"Auflaufformen";"15049";"Soufflée-Form"
"2033";"Aufnäher";"15057";"Aufnäher"
"2033";"Aufnäher";"15058";"Klett-Patch"
"2033";"Aufnäher";"15059";"Schulranzen-Patch"
"2031";"Aufnahmegeräte";"15052";"Analoges Diktiergerät"
"2031";"Aufnahmegeräte";"15050";"Digitales Aufnahmegerät"
"2031";"Aufnahmegeräte";"15054";"Digitales Diktiergerät"
"2031";"Aufnahmegeräte";"15051";"Gameplay-Aufnahmegerät"
"2031";"Aufnahmegeräte";"15055";"Netzwerk-Videorecorder"
"2031";"Aufnahmegeräte";"15053";"USB-Recorder"
"2032";"Aufnahmetische";"15056";"Aufnahmetisch"
"2034";"Aufsammelhilfen";"15062";"Ballangel"
"2034";"Aufsammelhilfen";"15060";"Ballsammelröhre"
"2034";"Aufsammelhilfen";"15063";"Laubgreifer"
"2034";"Aufsammelhilfen";"15061";"Laubpicker"
"2034";"Aufsammelhilfen";"15064";"Schneckengreifer"
"2035";"Aufstecksucher";"15066";"Aufstecksucher"
"2035";"Aufstecksucher";"15065";"Punktvisieraufsatz"
"2036";"Augen-Kosmetika";"15080";"Augen-Make-Up-Set"
"2036";"Augen-Kosmetika";"15076";"Augenbrauen-Farbe"
"2036";"Augen-Kosmetika";"15074";"Augenbrauen-Gel"
"2036";"Augen-Kosmetika";"15077";"Augenbrauen-Kosmetika"
"2036";"Augen-Kosmetika";"15072";"Augenbrauen-Puder"
"2036";"Augen-Kosmetika";"15081";"Augenbrauen-Stift"
"2036";"Augen-Kosmetika";"15078";"Eyeliner"
"2036";"Augen-Kosmetika";"15079";"Kajal"
"2036";"Augen-Kosmetika";"15075";"Lidschatten"
"2036";"Augen-Kosmetika";"15082";"Lidschatten-Base"
"2036";"Augen-Kosmetika";"15067";"Lidschatten-Palette"
"2036";"Augen-Kosmetika";"15069";"Lidschatten-Primer"
"2036";"Augen-Kosmetika";"15083";"Mascara"
"2036";"Augen-Kosmetika";"15071";"Mascara-Primer"
"2036";"Augen-Kosmetika";"15073";"Mascara-Set"
"2036";"Augen-Kosmetika";"15070";"Puder-Eyeliner"
"2036";"Augen-Kosmetika";"15068";"Wimpern-Primer"
"2036";"Augen-Kosmetika";"15084";"Wimpernlifting-Set"
"2037";"Augenbinden";"15086";"Augenbinde"
"2037";"Augenbinden";"15085";"Schlafmaske"
"2038";"Augenmuscheln";"15087";"Augenmuschel"
"2039";"Augenpflegemittel";"15102";"Anti-Aging-Augencreme"
"2039";"Augenpflegemittel";"15090";"Augen-Roll-on"
"2039";"Augenpflegemittel";"15105";"Augenbalsam"
"2039";"Augenpflegemittel";"15099";"Augenbrauenpflege"
"2039";"Augenpflegemittel";"15095";"Augenbrauenserum"
"2039";"Augenpflegemittel";"15098";"Augencreme"
"2039";"Augenpflegemittel";"15104";"Augenfluid"
"2039";"Augenpflegemittel";"15088";"Augengel"
"2039";"Augenpflegemittel";"15094";"Augenkompressen"
"2039";"Augenpflegemittel";"15092";"Augenlidcreme"
"2039";"Augenpflegemittel";"15103";"Augenmaske"
"2039";"Augenpflegemittel";"15100";"Augenpads"
"2039";"Augenpflegemittel";"15097";"Augenpatches"
"2039";"Augenpflegemittel";"15101";"Augenpflege-Set"
"2039";"Augenpflegemittel";"15093";"Augenserum"
"2039";"Augenpflegemittel";"15107";"Augenspray"
"2039";"Augenpflegemittel";"15108";"Augentropfen"
"2039";"Augenpflegemittel";"15106";"Kontaktlinsenflüssigkeit"
"2039";"Augenpflegemittel";"15096";"Wimpernpflege"
"2039";"Augenpflegemittel";"15089";"Wimpernpflege-Set"
"2039";"Augenpflegemittel";"15091";"Wimpernserum"
"2040";"Ausgießaufsätze";"15111";"Dekantierausgießer"
"2040";"Ausgießaufsätze";"15109";"Flaschenausgießer"
"2040";"Ausgießaufsätze";"15110";"Ölausgießer"
"2041";"Ausrichtwerkzeuge";"15112";"Bremsscheiben-Richtwerkzeug"
"2041";"Ausrichtwerkzeuge";"15113";"Schaltaugen-Richtwerkzeug"
"2050";"Außenbordmotoren";"15148";"Außenborder"
"2042";"Ausstechformen";"15114";"Ausstechform"
"2042";"Ausstechformen";"15115";"Gebäckstempel"
"2043";"Automatik-Weinbelüfter";"15116";"Home Sommelier"
"2044";"Automatten";"15118";"Auto-Fußmatte"
"2044";"Automatten";"15125";"Auto-Fußmatten"
"2044";"Automatten";"15122";"Kofferraummatte"
"2044";"Automatten";"15119";"Kofferraumwanne"
"2044";"Automatten";"15121";"Kotflügelschoner"
"2044";"Automatten";"15117";"Laderaummatte"
"2044";"Automatten";"15123";"Passform-Fußmatten"
"2044";"Automatten";"15120";"PVC-Automatten"
"2044";"Automatten";"15124";"Universal-Fußmatten"
"2045";"Autorennbahn-Erweiterungen";"15128";"Anschlussschiene"
"2045";"Autorennbahn-Erweiterungen";"15133";"Boxenstopp"
"2045";"Autorennbahn-Erweiterungen";"15130";"Brücke"
"2045";"Autorennbahn-Erweiterungen";"15126";"Brückenpfeiler"
"2045";"Autorennbahn-Erweiterungen";"15132";"Doppelspur"
"2045";"Autorennbahn-Erweiterungen";"15129";"Gerade"
"2045";"Autorennbahn-Erweiterungen";"15134";"Kurve"
"2045";"Autorennbahn-Erweiterungen";"15136";"Leitplanke"
"2045";"Autorennbahn-Erweiterungen";"15127";"Looping"
"2045";"Autorennbahn-Erweiterungen";"15131";"Positionsanzeige"
"2045";"Autorennbahn-Erweiterungen";"15138";"Rundenzähler"
"2045";"Autorennbahn-Erweiterungen";"15137";"Sprungschanze"
"2045";"Autorennbahn-Erweiterungen";"15135";"Track"
"2046";"Autorennbahn-Fahrzeuge";"15139";"Rennbahn-Auto"
"2047";"Autorennbahnen";"15140";"Autorennbahn"
"2048";"Autositzschutz";"15144";"Auto-Rückenlehnenschutz"
"2048";"Autositzschutz";"15141";"Autositzauflage"
"2048";"Autositzschutz";"15145";"Autositzbezug"
"2048";"Autositzschutz";"15142";"Autositzschutz"
"2048";"Autositzschutz";"15143";"Kindersitzunterlage"
"2049";"Autosonnenschutzblenden";"15147";"Autosonnenschutz"
"2049";"Autosonnenschutzblenden";"15146";"Frontscheibenabdeckung"
"3898";"Äxte";"28835";"Axt"
"3898";"Äxte";"28831";"Beil"
"3898";"Äxte";"28834";"Spaltaxt"
"3898";"Äxte";"28832";"Spaltbeil"
"3898";"Äxte";"28833";"Spalthammer"
"3898";"Äxte";"28836";"Universalaxt"
"2059";"Baby-Badesitze";"15236";"Badesitz"
"2060";"Babybetten";"15237";"Baby-Reisebett"
"2060";"Babybetten";"15241";"Babybett"
"2060";"Babybetten";"15240";"Beistellbett"
"2060";"Babybetten";"15239";"Komplettbett"
"2060";"Babybetten";"15238";"Stubenbett"
"2061";"Babykostwärmer";"15242";"Babyflaschenwärmer"
"2061";"Babykostwärmer";"15243";"Flaschenwärmer"
"2061";"Babykostwärmer";"15244";"Massageölwärmer"
"2062";"Babyphones";"15245";"Babyphone"
"2062";"Babyphones";"15246";"Video-Babyphone"
"2063";"Babytragen";"15251";"Baby-Wiegetuch"
"2063";"Babytragen";"15248";"Babytrage"
"2063";"Babytragen";"15250";"Bauchtrage"
"2063";"Babytragen";"15249";"Rückentrage"
"2063";"Babytragen";"15247";"Tragetuch"
"2064";"Babywippen";"15253";"Babyschaukel"
"2064";"Babywippen";"15252";"Babywippe"
"2064";"Babywippen";"15254";"Wippgestell"
"2065";"Bachläufe";"15256";"Bachlauf"
"2065";"Bachläufe";"15255";"Bachlaufschale"
"2066";"Backbleche";"15288";"Airfry-Backblech"
"2066";"Backbleche";"15287";"Airfryer-Toasthalter"
"2066";"Backbleche";"15261";"Aromaplanke"
"2066";"Backbleche";"15271";"Backblech"
"2066";"Backbleche";"15270";"Backofenrost"
"2066";"Backbleche";"15272";"Backrost"
"2066";"Backbleche";"15266";"Backstein"
"2066";"Backbleche";"15267";"Baguetteblech"
"2066";"Backbleche";"15264";"Belgische Waffelplatten"
"2066";"Backbleche";"15285";"Campingbackofen"
"2066";"Backbleche";"15277";"Donutplatten"
"2066";"Backbleche";"15284";"Eisplatte"
"2066";"Backbleche";"15263";"Fettpfanne"
"2066";"Backbleche";"15286";"Grill-Aufsatzofen"
"2066";"Backbleche";"15265";"Grillguthalter"
"2066";"Backbleche";"15280";"Grillpfanneneinsatz"
"2066";"Backbleche";"15274";"Grillplattenaufsatz"
"2066";"Backbleche";"15273";"Grillrosteinsatz"
"2066";"Backbleche";"15258";"Grillschale"
"2066";"Backbleche";"15275";"Hähnchenbräter"
"2066";"Backbleche";"15262";"Herzwaffelplatten"
"2066";"Backbleche";"15268";"Kombirost"
"2066";"Backbleche";"15282";"Kuchenblech"
"2066";"Backbleche";"15279";"Muffinplatten"
"2066";"Backbleche";"15278";"Ofenschale"
"2066";"Backbleche";"15276";"Pancakeplatten"
"2066";"Backbleche";"15259";"Paniniplatten"
"2066";"Backbleche";"15283";"Pfannkuchenplatten"
"2066";"Backbleche";"15281";"Pizzablech"
"2066";"Backbleche";"15269";"Pizzaofen-Grillaufsatz"
"2066";"Backbleche";"15260";"Pizzastein"
"2066";"Backbleche";"15257";"Waffelplatten"
"2068";"Backöfen";"15293";"Backofen"
"2068";"Backöfen";"15295";"Backofen mit Mikrowelle"
"2068";"Backöfen";"15296";"Dampfbackofen"
"2068";"Backöfen";"15294";"Einbaubackofen"
"2068";"Backöfen";"15292";"Pyrolyse Backofen"
"2067";"Backunterlagen";"15289";"Ausrollmatte"
"2067";"Backunterlagen";"15290";"Backmatte"
"2067";"Backunterlagen";"15291";"Käse-Abtropfmatte"
"2069";"Badaccessoires-Sets";"15297";"Badaccessoire-Set"
"2070";"Badeanzüge";"15298";"Badeanzug"
"2070";"Badeanzüge";"15299";"Badekleid"
"2070";"Badeanzüge";"15304";"Burkini"
"2070";"Badeanzüge";"15302";"Monokini"
"2070";"Badeanzüge";"15303";"Perioden-Badeanzug"
"2070";"Badeanzüge";"15300";"Schwimmanzug"
"2070";"Badeanzüge";"15301";"Umstandsbadeanzug"
"2071";"Badebottiche";"15305";"Badebottich"
"2072";"Badehosen";"15311";"Bade-Capri"
"2072";"Badehosen";"15313";"Bade-Rock"
"2072";"Badehosen";"15308";"Badehose"
"2072";"Badehosen";"15316";"Badepants"
"2072";"Badehosen";"15307";"Badeshorts"
"2072";"Badehosen";"15310";"Badeslip"
"2072";"Badehosen";"15309";"Bikini-Hose"
"2072";"Badehosen";"15315";"Bikini-Hotpants"
"2072";"Badehosen";"15314";"Boxer-Badehose"
"2072";"Badehosen";"15306";"Highwaist-Bikini-Hose"
"2072";"Badehosen";"15318";"Perioden-Bikini-Slip"
"2072";"Badehosen";"15317";"Schwimmleggings"
"2072";"Badehosen";"15312";"Schwimmwindel"
"2073";"Badekappen";"15320";"Badekappe"
"2073";"Badekappen";"15319";"Duschhaube"
"2073";"Badekappen";"15321";"Schwimm-Hijab"
"2074";"Badematten";"15322";"Badematte"
"2074";"Badematten";"15323";"Duschmatte"
"2074";"Badematten";"15325";"Hotelmatte"
"2074";"Badematten";"15324";"Saunabodenrost"
"2074";"Badematten";"15327";"Schaum-Badematte"
"2074";"Badematten";"15326";"WC-Deckelbezug"
"2074";"Badematten";"15328";"WC-Vorleger"
"2075";"Badewannen";"15333";"Babybadewanne"
"2075";"Badewannen";"15331";"Badewanne"
"2075";"Badewannen";"15332";"Eckwanne"
"2075";"Badewannen";"15329";"Einbauwanne"
"2075";"Badewannen";"15334";"Großraumwanne"
"2075";"Badewannen";"15330";"Rundwanne"
"2075";"Badewannen";"15335";"Whirlpool-Badewanne"
"2076";"Badewannenbretter";"15338";"Badewannenablage"
"2076";"Badewannenbretter";"15336";"Badewannenbrücke"
"2076";"Badewannenbretter";"15337";"Badewannentablett"
"2077";"Badewannensitze";"15342";"aufblasbarer Badewannensitz"
"2077";"Badewannensitze";"15340";"Badewannenbrett"
"2077";"Badewannensitze";"15343";"Badewannendrehsitz"
"2077";"Badewannensitze";"15344";"Badewanneneinhängesitz"
"2077";"Badewannensitze";"15339";"Badewannensitz"
"2077";"Badewannensitze";"15341";"Whirlpoolsitz"
"2078";"Bagger";"15346";"Microbagger"
"2078";"Bagger";"15345";"Minibagger"
"2079";"Balancetrainer";"15356";"Balanceboard"
"2079";"Balancetrainer";"15354";"Balancekreisel"
"2079";"Balancetrainer";"15353";"Balancetrainer"
"2079";"Balancetrainer";"15349";"Feder-Einschubelement"
"2079";"Balancetrainer";"15351";"Federbrett"
"2079";"Balancetrainer";"15347";"Half Ball"
"2079";"Balancetrainer";"15350";"Koordinations-Trainingssystem"
"2079";"Balancetrainer";"15355";"Physiostation"
"2079";"Balancetrainer";"15352";"Plankpad"
"2079";"Balancetrainer";"15357";"Stabilisations-Therapiegerät"
"2079";"Balancetrainer";"15348";"Wippbrett"
"2080";"Balkonkastenhalter";"15358";"Blumenkastenhalter"
"2213";"Bälle";"16268";"Anti-Stress-Ball"
"2213";"Bälle";"16248";"Badmintonball"
"2213";"Bälle";"16254";"Bällebad-Bälle"
"2213";"Bälle";"16224";"Baseball"
"2213";"Bälle";"16255";"Basketball"
"2213";"Bälle";"16245";"Beachball"
"2213";"Bälle";"16235";"Beachsoccerball"
"2213";"Bälle";"16257";"Beachvolleyball"
"2213";"Bälle";"16263";"Bowlingball"
"2213";"Bälle";"16251";"Federball"
"2213";"Bälle";"16249";"Flummi"
"2213";"Bälle";"16258";"Football"
"2213";"Bälle";"16253";"Fußball"
"2213";"Bälle";"16244";"Futsalball"
"2213";"Bälle";"16231";"Golfball"
"2213";"Bälle";"16237";"Gymnastikball"
"2213";"Bälle";"16262";"Handball"
"2213";"Bälle";"16238";"Hockeyball"
"2213";"Bälle";"16233";"Hockeypuck"
"2213";"Bälle";"16267";"Jonglierball"
"2213";"Bälle";"16236";"Jumboball"
"2213";"Bälle";"16265";"Kickerball"
"2213";"Bälle";"16226";"Lacrosseball"
"2213";"Bälle";"16261";"Medizinball"
"2213";"Bälle";"16225";"Minigolfball"
"2213";"Bälle";"16264";"Padelball"
"2213";"Bälle";"16250";"Physioball"
"2213";"Bälle";"16252";"Pickleball"
"2213";"Bälle";"16266";"Pilatesball"
"2213";"Bälle";"16241";"Rugbyball"
"2213";"Bälle";"16269";"Schaumstoffwürfel"
"2213";"Bälle";"16243";"Schlagball"
"2213";"Bälle";"16230";"Schleuderball"
"2213";"Bälle";"16228";"Sitzball"
"2213";"Bälle";"16259";"Softball"
"2213";"Bälle";"16246";"Speedbadmintonball"
"2213";"Bälle";"16223";"Spielball"
"2213";"Bälle";"16234";"Squashball"
"2213";"Bälle";"16232";"Stoffball"
"2213";"Bälle";"16239";"Stoßkugel"
"2213";"Bälle";"16227";"Stoßstein"
"2213";"Bälle";"16240";"Tennisball"
"2213";"Bälle";"16260";"Tischtennisball"
"2213";"Bälle";"16229";"Volleyball"
"2213";"Bälle";"16256";"Wasserball"
"2213";"Bälle";"16247";"Wurfhammer"
"2213";"Bälle";"16242";"Yogaball"
"2214";"Bällebäder";"16270";"Bällebad"
"2081";"Ballmaschinen";"15360";"Tennis-Ballmaschine"
"2081";"Ballmaschinen";"15359";"Tischtennis-Ballmaschine"
"2082";"Ballrückgabesysteme";"15361";"Basketball-Rückgabe"
"2083";"Ballschalen";"15362";"Ballschale"
"2084";"Ballschleuder";"15363";"Ballschleuder"
"2084";"Ballschleuder";"15364";"Hunde-Ballschleuder"
"2085";"Ballsportkörbe";"15366";"Basketballkorb"
"2085";"Ballsportkörbe";"15365";"Basketballständer"
"2086";"Ballwände";"15367";"Ballwand"
"2086";"Ballwände";"15368";"Rebounder"
"2087";"Bandagen";"15396";"Achillessehnenbandage"
"2087";"Bandagen";"15384";"Akupressur-System-Bandage"
"2087";"Bandagen";"15386";"Anti-Schnarch-Bandage"
"2087";"Bandagen";"15407";"Arbeitsstützgürtel"
"2087";"Bandagen";"15408";"Armbandage"
"2087";"Bandagen";"15411";"Bandage"
"2087";"Bandagen";"15383";"Bandagierunterlage"
"2087";"Bandagen";"15390";"Bauch- und Rückenstützgürtel"
"2087";"Bandagen";"15400";"Beckenbandage"
"2087";"Bandagen";"15403";"Daumenbandage"
"2087";"Bandagen";"15385";"Ellenbogenbandage"
"2087";"Bandagen";"15388";"Finger- und Zehenschutz"
"2087";"Bandagen";"15392";"Fingerbandage"
"2087";"Bandagen";"15370";"Fußbandage"
"2087";"Bandagen";"15389";"Fußgelenkbandage"
"2087";"Bandagen";"15375";"Garten-Aktiv-Stützgürtel"
"2087";"Bandagen";"15382";"Geradehalter mit Stützgürtel"
"2087";"Bandagen";"15395";"Handbandage"
"2087";"Bandagen";"15371";"Handgelenkbandage"
"2087";"Bandagen";"15391";"Handgelenkstütze"
"2087";"Bandagen";"15369";"Kniebandage"
"2087";"Bandagen";"15393";"Knieorthese"
"2087";"Bandagen";"15398";"Leistenbruchbandage"
"2087";"Bandagen";"15410";"Magnet-Fußknöchelbandage"
"2087";"Bandagen";"15374";"Nachtbandage"
"2087";"Bandagen";"15378";"Nackenbandage"
"2087";"Bandagen";"15409";"Nackenstütze"
"2087";"Bandagen";"15381";"Oberschenkelbandage"
"2087";"Bandagen";"15379";"Patellabandage"
"2087";"Bandagen";"15387";"Pferdebandage"
"2087";"Bandagen";"15399";"Rippenbandage"
"2087";"Bandagen";"15402";"Rücken Stützgürtel"
"2087";"Bandagen";"15380";"Rückenbandage"
"2087";"Bandagen";"15406";"Rückenstabilisator"
"2087";"Bandagen";"15397";"Schlüsselbeinbandage"
"2087";"Bandagen";"15372";"Schulterbandage"
"2087";"Bandagen";"15401";"Spreizfußbandage"
"2087";"Bandagen";"15373";"Sprunggelenkbandage"
"2087";"Bandagen";"15394";"Sprunggelenkorthese"
"2087";"Bandagen";"15376";"Stützbandage"
"2087";"Bandagen";"15377";"Trainingsmanschette"
"2087";"Bandagen";"15404";"Trockentauch-Halsmanschette"
"2087";"Bandagen";"15412";"Unterarmschutz"
"2087";"Bandagen";"15405";"Zughilfe"
"2088";"Bandmassagegeräte";"15413";"Bandmassagegerät"
"2089";"Banknotenzähler";"15414";"Banknotenzähler"
"2090";"Barista-Sets";"15417";"Barista-Set"
"2090";"Barista-Sets";"15415";"Tamper"
"2090";"Barista-Sets";"15416";"Tampermatte"
"2090";"Barista-Sets";"15418";"Tamperstation"
"2091";"Bartpflegemittel";"15429";"Bartbalsam"
"2091";"Bartpflegemittel";"15420";"Bartconditioner"
"2091";"Bartpflegemittel";"15423";"Bartcreme"
"2091";"Bartpflegemittel";"15426";"Bartfluid"
"2091";"Bartpflegemittel";"15425";"Bartöl"
"2091";"Bartpflegemittel";"15424";"Bartpflege-Set"
"2091";"Bartpflegemittel";"15421";"Bartseife"
"2091";"Bartpflegemittel";"15422";"Bartserum"
"2091";"Bartpflegemittel";"15428";"Bartshampoo"
"2091";"Bartpflegemittel";"15431";"Bartspülung"
"2091";"Bartpflegemittel";"15419";"Bartwaschgel"
"2091";"Bartpflegemittel";"15427";"Bartwasser"
"2091";"Bartpflegemittel";"15430";"Blutstiller-Stift"
"2092";"Bartstylingmittel";"15434";"Bart-Modellierpaste"
"2092";"Bartstylingmittel";"15436";"Bartgel"
"2092";"Bartstylingmittel";"15437";"Bartpomade"
"2092";"Bartstylingmittel";"15433";"Bartstyling-Set"
"2092";"Bartstylingmittel";"15432";"Bartwachs"
"2092";"Bartstylingmittel";"15435";"Bartwichse"
"2093";"Baseballschläger";"15438";"Baseballschläger"
"2093";"Baseballschläger";"15439";"Softballschläger"
"2094";"Bastelbänder";"15447";"Bastel-Armband"
"2094";"Bastelbänder";"15448";"Bastelband"
"2094";"Bastelbänder";"15449";"Basteldraht"
"2094";"Bastelbänder";"15441";"Borte"
"2094";"Bastelbänder";"15445";"Dekoband"
"2094";"Bastelbänder";"15458";"Drahtkantenband"
"2094";"Bastelbänder";"15457";"Filzband"
"2094";"Bastelbänder";"15459";"Geschenkband"
"2094";"Bastelbänder";"15456";"Häkelband"
"2094";"Bastelbänder";"15455";"Kautschukband"
"2094";"Bastelbänder";"15442";"Kordel"
"2094";"Bastelbänder";"15440";"Organzaband"
"2094";"Bastelbänder";"15453";"Paspelband"
"2094";"Bastelbänder";"15444";"Samtband"
"2094";"Bastelbänder";"15446";"Satinband"
"2094";"Bastelbänder";"15451";"Schmuckdraht"
"2094";"Bastelbänder";"15454";"Spitzenband"
"2094";"Bastelbänder";"15443";"Taftband"
"2094";"Bastelbänder";"15450";"Tüllband"
"2094";"Bastelbänder";"15452";"Webband"
"2095";"Basteldekorationen";"15478";"Bastel-Strohhalme"
"2095";"Basteldekorationen";"15466";"Bastelfedern"
"2095";"Basteldekorationen";"15463";"Bastelmoos"
"2095";"Basteldekorationen";"15470";"Bastelnaturmaterial"
"2095";"Basteldekorationen";"15476";"Bastelperlen"
"2095";"Basteldekorationen";"15471";"Baumrinde"
"2095";"Basteldekorationen";"15461";"Blattgold"
"2095";"Basteldekorationen";"15467";"Blattmetall"
"2095";"Basteldekorationen";"15468";"Blattsilber"
"2095";"Basteldekorationen";"15473";"Bügelperlen"
"2095";"Basteldekorationen";"15474";"Kantholz"
"2095";"Basteldekorationen";"15469";"Moos"
"2095";"Basteldekorationen";"15475";"Pailetten"
"2095";"Basteldekorationen";"15464";"Pailletten"
"2095";"Basteldekorationen";"15465";"Rindenscheiben"
"2095";"Basteldekorationen";"15472";"Schlagmetall"
"2095";"Basteldekorationen";"15477";"Sticker"
"2095";"Basteldekorationen";"15460";"Streudeko"
"2095";"Basteldekorationen";"15462";"Streuglitzer"
"2096";"Bastelgrundmaterialien";"15487";"Bastelfilz"
"2096";"Bastelgrundmaterialien";"15481";"Foamboard"
"2096";"Bastelgrundmaterialien";"15489";"Kork"
"2096";"Bastelgrundmaterialien";"15480";"Linolplatte"
"2096";"Bastelgrundmaterialien";"15486";"Moosgummi"
"2096";"Bastelgrundmaterialien";"15485";"Schaumgummi"
"2096";"Bastelgrundmaterialien";"15488";"Schmuck-Kettenstrang"
"2096";"Bastelgrundmaterialien";"15482";"Styropor-Ei"
"2096";"Bastelgrundmaterialien";"15483";"Styropor-Figur"
"2096";"Bastelgrundmaterialien";"15484";"Styropor-Kegel"
"2096";"Bastelgrundmaterialien";"15491";"Styropor-Scheibe"
"2096";"Bastelgrundmaterialien";"15479";"Styropor-Teil"
"2096";"Bastelgrundmaterialien";"15490";"Styropor-Tier"
"2097";"Batteriegriffe";"15492";"Batteriegriff"
"2098";"Batterien";"15493";"Batterie"
"2098";"Batterien";"15495";"Fotobatterie"
"2098";"Batterien";"15496";"Kinderfahrzeug-Batterie"
"2098";"Batterien";"15494";"Knopfzelle"
"2099";"Batteriewächter";"15498";"Batteriewächter"
"2099";"Batteriewächter";"15497";"Unterspannungsschutzmodul"
"2100";"Bauchbänder";"15499";"Bauchband"
"2100";"Bauchbänder";"15500";"Bauchbänder"
"2101";"Bauchketten";"15503";"Bauchkette"
"2101";"Bauchketten";"15502";"Bauchkette mit Anhänger"
"2101";"Bauchketten";"15501";"Bauchkette mit Gravur"
"2101";"Bauchketten";"15504";"Bauchketten Set"
"2102";"Bauchtrainer";"15505";"AB-Roller"
"2102";"Bauchtrainer";"15507";"Bauchmuskelmaschine"
"2102";"Bauchtrainer";"15506";"Bauchtrainer"
"2102";"Bauchtrainer";"15508";"Core Wheel"
"2103";"Baufolien";"15515";"Abdeckfolie"
"2103";"Baufolien";"15516";"Baufolie"
"2103";"Baufolien";"15512";"Dampfbremsfolie"
"2103";"Baufolien";"15509";"Heizkörperreflexionsfolie"
"2103";"Baufolien";"15513";"Poolinnenhülle"
"2103";"Baufolien";"15514";"Staubschutztür"
"2103";"Baufolien";"15518";"Steinfolie"
"2103";"Baufolien";"15511";"Teichfolie"
"2103";"Baufolien";"15519";"Teichvlies"
"2103";"Baufolien";"15517";"Trittschalldämmfolie"
"2103";"Baufolien";"15510";"Unterspannbahn"
"2104";"Bauketten";"15521";"Absperrkette"
"2104";"Bauketten";"15524";"Anschlagkette"
"2104";"Bauketten";"15525";"Knotenkette"
"2104";"Bauketten";"15520";"Rundstahlkette"
"2104";"Bauketten";"15522";"Schweißkette"
"2104";"Bauketten";"15523";"Stahlkette"
"2104";"Bauketten";"15527";"Vierkantkette"
"2104";"Bauketten";"15526";"Zierkette"
"2105";"Baumpflegemittel";"15530";"Baum-Wundverschluss"
"2105";"Baumpflegemittel";"15529";"Baumanstrich"
"2105";"Baumpflegemittel";"15528";"Baumwachs"
"2105";"Baumpflegemittel";"15531";"Blattpflege"
"2106";"Bauplatten";"15536";"Deckenplatte"
"2106";"Bauplatten";"15537";"Dekopalette"
"2106";"Bauplatten";"15542";"Doppelstegplatte"
"2106";"Bauplatten";"15532";"Gipsfaserplatten"
"2106";"Bauplatten";"15535";"Gipskartonplatten"
"2106";"Bauplatten";"15534";"Hohlkammerplatte"
"2106";"Bauplatten";"15538";"Leichtbeton-Bauplatte"
"2106";"Bauplatten";"15540";"Massivbauplatte"
"2106";"Bauplatten";"15544";"OSB-Verlegeplatte"
"2106";"Bauplatten";"15533";"Poolwandisolierung"
"2106";"Bauplatten";"15541";"Trapezplatte"
"2106";"Bauplatten";"15539";"Trittschalldämmplatte"
"2106";"Bauplatten";"15543";"Wellplatte"
"2107";"Baustangen";"15546";"Flachstange"
"2107";"Baustangen";"15547";"Rundstange"
"2107";"Baustangen";"15545";"Vierkantstange"
"2108";"Bausteine";"15548";"Beckenrandstein"
"2108";"Bausteine";"15558";"Betonschalungsstein"
"2108";"Bausteine";"15553";"Betonsturz"
"2108";"Bausteine";"15560";"Flachsturz"
"2108";"Bausteine";"15552";"Glasbaustein"
"2108";"Bausteine";"15559";"Kalksand-Sturz"
"2108";"Bausteine";"15554";"Kalksandstein"
"2108";"Bausteine";"15549";"Mauerabdeckplatte"
"2108";"Bausteine";"15551";"Mauerstein"
"2108";"Bausteine";"15561";"Mauersystem"
"2108";"Bausteine";"15550";"Porenbeton"
"2108";"Bausteine";"15556";"Porotonstein"
"2108";"Bausteine";"15557";"Ziegelstein"
"2108";"Bausteine";"15555";"Ziegelsturz"
"2109";"Beamer";"15568";"3D-Beamer"
"2109";"Beamer";"15562";"Beamer"
"2109";"Beamer";"15564";"DLP-Beamer"
"2109";"Beamer";"15570";"Kurzdinstanzprojektor"
"2109";"Beamer";"15571";"Laser-TV"
"2109";"Beamer";"15565";"LCD-Beamer"
"2109";"Beamer";"15566";"LED-Beamer"
"2109";"Beamer";"15563";"Mini-Beamer"
"2109";"Beamer";"15569";"Portabler Projektor"
"2109";"Beamer";"15567";"UHD-Beamer"
"2110";"Beckenbodentrainer";"15572";"Beckenbodentrainer"
"2111";"Beeteinfassungen";"15573";"Beetbegrenzung"
"2111";"Beeteinfassungen";"15576";"Beetumrandung"
"2111";"Beeteinfassungen";"15575";"Palisade"
"2111";"Beeteinfassungen";"15574";"Rasenkante"
"2112";"Befestigungen";"15606";"Armaturen-Befestigungselement"
"2112";"Befestigungen";"15614";"Bad-Befestigungsset"
"2112";"Befestigungen";"15594";"Dachsparrenhalter"
"2112";"Befestigungen";"15585";"Dachträgerbefestigung"
"2112";"Befestigungen";"15580";"Deckenhalter"
"2112";"Befestigungen";"15609";"Duschwand-Stabilisationsstange"
"2112";"Befestigungen";"15615";"Fahrradträger-Radstopper"
"2112";"Befestigungen";"15616";"Fahrradträger-Rahmenhalter"
"2112";"Befestigungen";"15590";"Gelenkbolzenschelle"
"2112";"Befestigungen";"15617";"Gewächshausclips"
"2112";"Befestigungen";"15588";"Hochbeet-Verstrebung"
"2112";"Befestigungen";"15586";"Hochsprung-Lattenhalter"
"2112";"Befestigungen";"15587";"Hussenbefestigung"
"2112";"Befestigungen";"15600";"Kabelschelle"
"2112";"Befestigungen";"15584";"Kabelsockel"
"2112";"Befestigungen";"15604";"Kennzeichenhalter"
"2112";"Befestigungen";"15579";"Klemmen"
"2112";"Befestigungen";"15601";"Knicklichthalter"
"2112";"Befestigungen";"15607";"Leisten-Befestigungsclips"
"2112";"Befestigungen";"15589";"Mittelklammer"
"2112";"Befestigungen";"15618";"Nähfußhalter"
"2112";"Befestigungen";"15619";"Nähfußwechsler"
"2112";"Befestigungen";"15603";"Profilrohr-Befestigungswinkel"
"2112";"Befestigungen";"15592";"Rank-Befestigungshaken"
"2112";"Befestigungen";"15596";"Rohrschelle"
"2112";"Befestigungen";"15602";"Rollladenaufhängung"
"2112";"Befestigungen";"15611";"Sattelklemmring"
"2112";"Befestigungen";"15582";"Schaukelhaken"
"2112";"Befestigungen";"15597";"Schlauchschelle"
"2112";"Befestigungen";"15599";"Ski- und Snowboardträger"
"2112";"Befestigungen";"15610";"Stand-WC-Befestigung"
"2112";"Befestigungen";"15613";"Tischtuchklammern"
"2112";"Befestigungen";"15605";"Treppenstangen-Ringöse"
"2112";"Befestigungen";"15595";"Treppenstangen-Winkelöse"
"2112";"Befestigungen";"15581";"Wand-WC-Befestigung"
"2112";"Befestigungen";"15583";"Wandanker"
"2112";"Befestigungen";"15591";"Wandhalter"
"2112";"Befestigungen";"15598";"Waschtisch-Vorwandelement"
"2112";"Befestigungen";"15578";"Waschtischbefestigung"
"2112";"Befestigungen";"15577";"Wassersportträger"
"2112";"Befestigungen";"15612";"WC-Sitz-Befestigung"
"2112";"Befestigungen";"15593";"Zaun-Eckverbinder"
"2112";"Befestigungen";"15608";"Zusatzklemmen"
"2113";"Befestigungsadapter";"15620";"Posenadapter"
"2113";"Befestigungsadapter";"15621";"Tandemstangen-Halterung"
"2114";"Behandlungsliegen";"15622";"Massageliege"
"2115";"Beintrainer";"15623";"Multitrainer"
"2115";"Beintrainer";"15624";"Oberschenkeltrainer"
"2115";"Beintrainer";"15625";"Pedaltrainer"
"2117";"Beißringe";"15632";"Beißring"
"2116";"Beitel";"15626";"Beitelsatz"
"2116";"Beitel";"15628";"Hohlbeitel"
"2116";"Beitel";"15627";"Kantenbeitel"
"2116";"Beitel";"15630";"Lochbeitel"
"2116";"Beitel";"15629";"Stechbeitel"
"2116";"Beitel";"15631";"Ziehklingenstahl"
"2118";"Bekleidungssets";"15633";"Thermounterwäsche-Set"
"2119";"Belagstrukturgeräte";"15634";"Belagstrukturgerät"
"2120";"Belichtungsmesser";"15635";"Belichtungsmesser"
"2121";"Belüftungsausströmer";"15636";"CO2 Diffusor"
"2121";"Belüftungsausströmer";"15637";"O2 Diffusor"
"2122";"Belüftungspumpen";"15639";"Aquarium-Durchlüfterpumpe"
"2122";"Belüftungspumpen";"15638";"Teichbelüfter"
"2123";"Beregnungsanlagen";"15640";"Terrarium-Beregnungsanlage"
"2124";"Besaitungsmaschinen";"15641";"Besaitungsmaschine"
"2125";"Beschläge";"15662";"Einschlagbodenhülse"
"2125";"Beschläge";"15658";"Fensterbeschlag"
"2125";"Beschläge";"15650";"Holzkonstruktionsbeschlag"
"2125";"Beschläge";"15664";"Klobe"
"2125";"Beschläge";"15655";"Kloben"
"2125";"Beschläge";"15652";"Kreuzgehänge"
"2125";"Beschläge";"15651";"Ladenband"
"2125";"Beschläge";"15649";"Lochband"
"2125";"Beschläge";"15666";"Lochbandklemmen"
"2125";"Beschläge";"15642";"Möbelbeschlag"
"2125";"Beschläge";"15648";"Montageband"
"2125";"Beschläge";"15663";"Montagezubehör"
"2125";"Beschläge";"15665";"Montagezubehör Backofen"
"2125";"Beschläge";"15654";"Montagezubehör Dunstabzugshaube"
"2125";"Beschläge";"15653";"Montagezubehör Geschirrspüler"
"2125";"Beschläge";"15645";"Montagezubehör Kühlschrank"
"2125";"Beschläge";"15660";"Pfostenbeschlag"
"2125";"Beschläge";"15659";"Pfostenkappe"
"2125";"Beschläge";"15646";"Profilholzkralle"
"2125";"Beschläge";"15661";"Torbeschlag"
"2125";"Beschläge";"15656";"Türbeschlag"
"2125";"Beschläge";"15657";"WC-Deckel-Scharnier"
"2125";"Beschläge";"15647";"Werfgehänge"
"2125";"Beschläge";"15644";"Winkelband"
"2125";"Beschläge";"15643";"Winkelbeschlag"
"2126";"Beschriftungsbänder";"15667";"Beschriftungsband"
"2127";"Beschriftungsgeräte";"15668";"Beschriftungsgerät"
"2128";"Beschwerungsgewichte";"15676";"Arbeitsgerüst-Ballastgewichte"
"2128";"Beschwerungsgewichte";"15672";"Beschwerungsband"
"2128";"Beschwerungsgewichte";"15669";"Beschwerungsgewicht"
"2128";"Beschwerungsgewichte";"15675";"Bleiband"
"2128";"Beschwerungsgewichte";"15673";"Bleistäbchen"
"2128";"Beschwerungsgewichte";"15679";"Käse-Pressgewicht"
"2128";"Beschwerungsgewichte";"15670";"Pavillon-Sandsäcke"
"2128";"Beschwerungsgewichte";"15677";"Poolleiter-Beschwerungsgewicht"
"2128";"Beschwerungsgewichte";"15678";"Schallplattengewicht"
"2128";"Beschwerungsgewichte";"15671";"Schirmständer-Platte"
"2128";"Beschwerungsgewichte";"15674";"Schutzhüllen-Sandsäcke"
"2129";"Bespannungshärtemessgeräte";"15680";"Stringmeter"
"2130";"Bestattungsbehälter";"15681";"Tiersarg"
"2130";"Bestattungsbehälter";"15682";"Tierurne"
"2130";"Bestattungsbehälter";"15683";"Urne"
"2131";"Besteckkörbe";"15684";"Besteckhalter"
"2131";"Besteckkörbe";"15686";"Besteckkorb"
"2131";"Besteckkörbe";"15685";"Besteckträger"
"2145";"Betätigungsplatten";"15796";"Betätigungsplatte"
"2145";"Betätigungsplatten";"15795";"Betätigungsplatten"
"2132";"Betonglätter";"15687";"Flügelglätter"
"2133";"Betonmischer";"15688";"Betonmischer"
"2134";"Betonverdichter";"15690";"Akku-Betonverdichter"
"2134";"Betonverdichter";"15689";"Betonverdichter"
"2134";"Betonverdichter";"15691";"Innenrüttler"
"2135";"Bettbezüge";"15694";"Babybettbezug"
"2135";"Bettbezüge";"15693";"Bettbezug"
"2135";"Bettbezüge";"15692";"Wendebettbezug"
"2136";"Bettdecken";"15708";"4-Jahreszeitenbett"
"2136";"Bettdecken";"15704";"Abschirmdecke"
"2136";"Bettdecken";"15710";"Babybettdecke"
"2136";"Bettdecken";"15706";"Baumwollbettdecke"
"2136";"Bettdecken";"15696";"Daunenbettdecke"
"2136";"Bettdecken";"15707";"Einziehdecke"
"2136";"Bettdecken";"15705";"Federbettdecke"
"2136";"Bettdecken";"15709";"Gänsedaunenbettdecke"
"2136";"Bettdecken";"15702";"Gänsefederbettdecke"
"2136";"Bettdecken";"15697";"Gewichtsdecke"
"2136";"Bettdecken";"15703";"Kinderbettdecke"
"2136";"Bettdecken";"15698";"Kunstfaserbettdecke"
"2136";"Bettdecken";"15700";"Microfaserbettdecke"
"2136";"Bettdecken";"15695";"Naturfaserbettdecke"
"2136";"Bettdecken";"15701";"Naturhaarbettdecke"
"2136";"Bettdecken";"15699";"Sommerbettdecke"
"2137";"Betten";"15711";"Autobett"
"2137";"Betten";"15733";"Bett"
"2137";"Betten";"15726";"Bettgestell"
"2137";"Betten";"15713";"Einzelbett"
"2137";"Betten";"15734";"Feuerwehrbett"
"2137";"Betten";"15712";"Futonbett"
"2137";"Betten";"15714";"Gamerbett"
"2137";"Betten";"15729";"Hausbett"
"2137";"Betten";"15715";"Himmelbett"
"2137";"Betten";"15721";"Holzbett"
"2137";"Betten";"15735";"Jugendbett"
"2137";"Betten";"15724";"Kinderbett"
"2137";"Betten";"15727";"Kunstlederbett"
"2137";"Betten";"15719";"Lederbett"
"2137";"Betten";"15730";"Massivholzbett"
"2137";"Betten";"15718";"Metallbett"
"2137";"Betten";"15723";"Multimediabett"
"2137";"Betten";"15722";"Palettenbett"
"2137";"Betten";"15717";"Piratenbett"
"2137";"Betten";"15720";"Polsterbett"
"2137";"Betten";"15731";"Prinzessinbett"
"2137";"Betten";"15716";"Rennwagenbett"
"2137";"Betten";"15725";"Rundbett"
"2137";"Betten";"15732";"Spielbett"
"2137";"Betten";"15728";"Stauraumbett"
"2138";"Betthimmel";"15736";"Betthimmel"
"2139";"Bettlaken";"15738";"Bettlaken"
"2139";"Bettlaken";"15739";"Betttuch"
"2139";"Bettlaken";"15740";"Massageliegenbezug"
"2139";"Bettlaken";"15737";"Spannbettlaken"
"2140";"Bettnestchen";"15741";"Bettnestchen"
"2140";"Bettnestchen";"15745";"Bettrückwand"
"2140";"Bettnestchen";"15743";"Kuschelnest"
"2140";"Bettnestchen";"15744";"Laufgittereinlage"
"2140";"Bettnestchen";"15742";"Nestchenschlange"
"2141";"Bettumrandungen";"15747";"Bettumrandung"
"2141";"Bettumrandungen";"15746";"Hochflor-Bettumrandung"
"2141";"Bettumrandungen";"15748";"Kurzflor-Bettumrandung"
"2142";"Bettwaren-Sets";"15785";"4-Jahreszeitenbett + Kopfkissen"
"2142";"Bettwaren-Sets";"15776";"4-Jahreszeitenbett + Kunstfaserkissen"
"2142";"Bettwaren-Sets";"15787";"4-Jahreszeitenbett + Microfaserkissen"
"2142";"Bettwaren-Sets";"15772";"Ballonbett + Federkissen"
"2142";"Bettwaren-Sets";"15752";"Ballonbett + Kopfkissen"
"2142";"Bettwaren-Sets";"15782";"Baumwollbettdecke + Kopfkissen"
"2142";"Bettwaren-Sets";"15750";"Baumwollbettdecke + Kunstfaserkissen"
"2142";"Bettwaren-Sets";"15778";"Bett-Set"
"2142";"Bettwaren-Sets";"15762";"Bettdecke + Kopfkissen"
"2142";"Bettwaren-Sets";"15765";"Bettdecke + Topper"
"2142";"Bettwaren-Sets";"15766";"Bettdecke, Kopfkissen + Topper"
"2142";"Bettwaren-Sets";"15779";"Daunen-Leichtdecke + Kopfkissen"
"2142";"Bettwaren-Sets";"15761";"Daunenbettdecke + 3-Kammer-Kopfkissen"
"2142";"Bettwaren-Sets";"15759";"Daunenbettdecke + Daunenkissen"
"2142";"Bettwaren-Sets";"15755";"Daunenbettdecke + Federkissen"
"2142";"Bettwaren-Sets";"15749";"Daunenbettdecke + Kopfkissen"
"2142";"Bettwaren-Sets";"15751";"Duo-Steppbettdecke + Kopfkissen"
"2142";"Bettwaren-Sets";"15758";"Duo-Steppbettdecke + Microfaserkopfkissen"
"2142";"Bettwaren-Sets";"15780";"Einziehdecke + Federkissen"
"2142";"Bettwaren-Sets";"15767";"Einziehdecke + Kopfkissen"
"2142";"Bettwaren-Sets";"15760";"Einziehdecke + Kunstfaserkissen"
"2142";"Bettwaren-Sets";"15754";"Feder-/Daunenbettdecke + Kopfkissen"
"2142";"Bettwaren-Sets";"15771";"Federbettdecke + Federkissen"
"2142";"Bettwaren-Sets";"15784";"Federbettdecke + Kopfkissen"
"2142";"Bettwaren-Sets";"15775";"Gänsedaunenbettdecke + Kopfkissen"
"2142";"Bettwaren-Sets";"15769";"Ganzjahresbettdecke + Kopfkissen"
"2142";"Bettwaren-Sets";"15756";"Kassettenbett + Kopfkissen"
"2142";"Bettwaren-Sets";"15753";"Kinderbettdecke + Kopfkissen"
"2142";"Bettwaren-Sets";"15786";"Kinderbettdecke + Microfaserkissen"
"2142";"Bettwaren-Sets";"15770";"Kindersteppbett + Kopfkissen"
"2142";"Bettwaren-Sets";"15777";"Kopfkissen + Topper"
"2142";"Bettwaren-Sets";"15773";"Kunstfaserbettdecke + Kopfkissen"
"2142";"Bettwaren-Sets";"15757";"Matratze, Decken, Spannbetttuch"
"2142";"Bettwaren-Sets";"15774";"Microfaserbettdecke + Kopfkissen"
"2142";"Bettwaren-Sets";"15781";"Microfaserbettdecke + Kunstfaserkissen"
"2142";"Bettwaren-Sets";"15783";"Microfaserbettdecke + Microfaserkissen"
"2142";"Bettwaren-Sets";"15763";"Naturfaserbettdecke + Kopfkissen"
"2142";"Bettwaren-Sets";"15768";"Naturhaarbettdecke + Kopfkissen"
"2142";"Bettwaren-Sets";"15764";"Steppbett + Kopfkissen"
"2143";"Bettwarenzubehör";"15788";"Bettrolle"
"2144";"Bettwäsche";"15793";"Babybettwäsche"
"2144";"Bettwäsche";"15792";"Bettwäsche"
"2144";"Bettwäsche";"15789";"Jugendbettwäsche"
"2144";"Bettwäsche";"15791";"Kinderbettwäsche"
"2144";"Bettwäsche";"15794";"Partnerbettwäsche"
"2144";"Bettwäsche";"15790";"Wendebettwäsche"
"2146";"Bewässerungs-Sets";"15798";"Bewässerungssystem"
"2146";"Bewässerungs-Sets";"15801";"Dichtmanschette"
"2146";"Bewässerungs-Sets";"15800";"Sprühmanschette"
"2146";"Bewässerungs-Sets";"15797";"Tropfer"
"2146";"Bewässerungs-Sets";"15799";"Tropfmanschette"
"2147";"Bewässerungscomputer";"15806";"Bewässerungscomputer"
"2147";"Bewässerungscomputer";"15804";"Bewässerungssteuerung"
"2147";"Bewässerungscomputer";"15805";"Bewässerungsuhr"
"2147";"Bewässerungscomputer";"15803";"Bodenfeuchtesensor"
"2147";"Bewässerungscomputer";"15802";"Wasserzähler"
"2148";"Bewässerungskugeln";"15807";"Bewässerungskugel"
"2148";"Bewässerungskugeln";"15808";"Gießautomat"
"2051";"BH-Bügel";"15149";"BH-Ersatzbügel"
"2052";"BH-Einlagen";"15151";"BH-Einlagen"
"2052";"BH-Einlagen";"15150";"BH-Push-up-Einlagen"
"2053";"BH-Sets";"15155";"Set: Achselhemd"
"2053";"BH-Sets";"15165";"Set: Achselshirt"
"2053";"BH-Sets";"15163";"Set: Achseltop"
"2053";"BH-Sets";"15180";"Set: Bralette-BH"
"2053";"BH-Sets";"15161";"Set: Bügel-BH"
"2053";"BH-Sets";"15184";"Set: Bügelloser BH"
"2053";"BH-Sets";"15152";"Set: Bustier"
"2053";"BH-Sets";"15162";"Set: Corsage"
"2053";"BH-Sets";"15157";"Set: Dekolleté-BH"
"2053";"BH-Sets";"15177";"Set: Dirndl-BH"
"2053";"BH-Sets";"15172";"Set: Entlastungs-BH"
"2053";"BH-Sets";"15183";"Set: Fullcup-BH"
"2053";"BH-Sets";"15167";"Set: Gemoldeter BH"
"2053";"BH-Sets";"15158";"Set: Halbschalen-BH"
"2053";"BH-Sets";"15187";"Set: High-Apex-BH"
"2053";"BH-Sets";"15185";"Set: Klebe-BH"
"2053";"BH-Sets";"15168";"Set: Lang-BH"
"2053";"BH-Sets";"15179";"Set: Longline-BH"
"2053";"BH-Sets";"15160";"Set: Minimizer-BH"
"2053";"BH-Sets";"15176";"Set: Multiway-BH"
"2053";"BH-Sets";"15175";"Set: Neckholder-BH"
"2053";"BH-Sets";"15166";"Set: Ouvert-BH"
"2053";"BH-Sets";"15153";"Set: Push-up-BH"
"2053";"BH-Sets";"15164";"Set: Rückenfreier BH"
"2053";"BH-Sets";"15154";"Set: Schalen-BH"
"2053";"BH-Sets";"15156";"Set: Schlaf-BH"
"2053";"BH-Sets";"15178";"Set: Schwangerschafts-BH"
"2053";"BH-Sets";"15182";"Set: Soft-BH"
"2053";"BH-Sets";"15174";"Set: Sport-BH"
"2053";"BH-Sets";"15186";"Set: Sport-Bustier"
"2053";"BH-Sets";"15181";"Set: Stick-on-BH"
"2053";"BH-Sets";"15170";"Set: Still-BH"
"2053";"BH-Sets";"15173";"Set: T-Shirt-BH"
"2053";"BH-Sets";"15188";"Set: Tanktop"
"2053";"BH-Sets";"15159";"Set: Teenie-BH"
"2053";"BH-Sets";"15171";"Set: Triangel-BH"
"2053";"BH-Sets";"15169";"Set: Unterhemd"
"2054";"BH-Träger";"15190";"BH-Nackenträger"
"2054";"BH-Träger";"15189";"BH-Träger"
"2055";"BH-Trägerclips";"15192";"BH-Träger-Clips"
"2055";"BH-Trägerclips";"15191";"BH-Träger-Halter"
"2056";"BH-Trägerkissen";"15193";"BH-Trägerpolster"
"2057";"BH-Verlängerungen";"15194";"BH-Verlängerung"
"2057";"BH-Verlängerungen";"15195";"BH-Verlängerung für tiefen Rücken"
"2058";"BHs";"15201";"Außenträger-BH"
"2058";"BHs";"15235";"Balconette-BH"
"2058";"BHs";"15227";"Bandeau-BH"
"2058";"BHs";"15232";"BH-Hemd"
"2058";"BHs";"15217";"Bralette"
"2058";"BHs";"15212";"Bralette-BH"
"2058";"BHs";"15223";"Bügel-BH"
"2058";"BHs";"15205";"Bügelloser BH"
"2058";"BHs";"15218";"Büstenhebe"
"2058";"BHs";"15216";"Bustier"
"2058";"BHs";"15213";"Dekolleté-BH"
"2058";"BHs";"15208";"Dirndl-BH"
"2058";"BHs";"15231";"Entlastungs-BH"
"2058";"BHs";"15224";"Fullcup-BH"
"2058";"BHs";"15203";"Gemoldeter BH"
"2058";"BHs";"15200";"Halbschalen-BH"
"2058";"BHs";"15196";"High-Apex-BH"
"2058";"BHs";"15229";"Klebe-BH"
"2058";"BHs";"15207";"Lang-BH"
"2058";"BHs";"15197";"Longline-BH"
"2058";"BHs";"15204";"Mieder-BH"
"2058";"BHs";"15211";"Minimizer-BH"
"2058";"BHs";"15214";"Multiway-BH"
"2058";"BHs";"15215";"Neckholder-BH"
"2058";"BHs";"15202";"Ouvert-BH"
"2058";"BHs";"15206";"Push-up-BH"
"2058";"BHs";"15228";"Rückenfreier BH"
"2058";"BHs";"15209";"Schalen-BH"
"2058";"BHs";"15233";"Schalen-BH-Hemd"
"2058";"BHs";"15226";"Schlaf-BH"
"2058";"BHs";"15220";"Schwangerschafts-BH"
"2058";"BHs";"15222";"Soft-BH"
"2058";"BHs";"15219";"Sport-BH"
"2058";"BHs";"15230";"Sport-Bustier"
"2058";"BHs";"15199";"Sport-Push-up-BH"
"2058";"BHs";"15210";"Stick-on-BH"
"2058";"BHs";"15234";"Still-BH"
"2058";"BHs";"15198";"T-Shirt-BH"
"2058";"BHs";"15221";"Teenie-BH"
"2058";"BHs";"15225";"Triangel-BH"
"2149";"Bidet-Einsätze";"15809";"Bidet-Einsatz"
"2150";"Bidets";"15810";"Bidet"
"2151";"Biegewellen";"15811";"Biegewelle"
"2152";"Bienenkästen";"15814";"Bienenbeute"
"2152";"Bienenkästen";"15813";"Bienenkiste"
"2152";"Bienenkästen";"15812";"Einraumbeute"
"2152";"Bienenkästen";"15815";"Schaubeute"
"2153";"Bikini-Oberteile";"15822";"Bade-Shirt"
"2153";"Bikini-Oberteile";"15827";"Balconette-Bikini-Top"
"2153";"Bikini-Oberteile";"15817";"Bandeau-Bikini-Top"
"2153";"Bikini-Oberteile";"15819";"Bügel-Bandeau-Bikini-Top"
"2153";"Bikini-Oberteile";"15824";"Bügel-Bandeau-Tankini-Top"
"2153";"Bikini-Oberteile";"15816";"Bügel-Bikini-Top"
"2153";"Bikini-Oberteile";"15823";"Bügel-Tankini-Top"
"2153";"Bikini-Oberteile";"15828";"Bustier-Bikini-Top"
"2153";"Bikini-Oberteile";"15829";"Crop-Bikini-Top"
"2153";"Bikini-Oberteile";"15820";"Oversize-Tankini-Top"
"2153";"Bikini-Oberteile";"15825";"Push-Up-Bikini-Top"
"2153";"Bikini-Oberteile";"15821";"Tankini-Top"
"2153";"Bikini-Oberteile";"15818";"Triangel-Bikini-Top"
"2153";"Bikini-Oberteile";"15826";"Umstandstankini"
"2154";"Bikini-Sets";"15831";"Balconette-Bikini"
"2154";"Bikini-Sets";"15839";"Bandeau-Bikini"
"2154";"Bikini-Sets";"15830";"Bügel-Bandeau-Bikini"
"2154";"Bikini-Sets";"15836";"Bügel-Bandeau-Tankini"
"2154";"Bikini-Sets";"15832";"Bügel-Bikini"
"2154";"Bikini-Sets";"15837";"Bügel-Tankini"
"2154";"Bikini-Sets";"15841";"Bustier-Bikini"
"2154";"Bikini-Sets";"15833";"Oversize-Tankini"
"2154";"Bikini-Sets";"15835";"Push-Up-Bikini"
"2154";"Bikini-Sets";"15838";"Tankini"
"2154";"Bikini-Sets";"15834";"Triangel-Bikini"
"2154";"Bikini-Sets";"15840";"Umstands-Tankini"
"2155";"Bilder";"15865";"Acrylglasbild"
"2155";"Bilder";"15854";"Alu-Dibond-Druck"
"2155";"Bilder";"15859";"Bild"
"2155";"Bilder";"15843";"Bild mit Rahmen"
"2155";"Bilder";"15849";"Bild mit Uhr"
"2155";"Bilder";"15845";"Bilder-Collage"
"2155";"Bilder";"15860";"Deco-Panel"
"2155";"Bilder";"15852";"Eckleinwandbild"
"2155";"Bilder";"15848";"Eckwandbild"
"2155";"Bilder";"15855";"Forex-Bild"
"2155";"Bilder";"15856";"Gemälde"
"2155";"Bilder";"15863";"Glasbild"
"2155";"Bilder";"15857";"Holzbild"
"2155";"Bilder";"15862";"Kunstdruck"
"2155";"Bilder";"15853";"LED-Bild"
"2155";"Bilder";"15861";"Leinwandbild"
"2155";"Bilder";"15846";"Mehrteilige Bilder"
"2155";"Bilder";"15866";"Metallbild"
"2155";"Bilder";"15847";"Ölbild"
"2155";"Bilder";"15844";"Ölgemälde"
"2155";"Bilder";"15858";"Poster"
"2155";"Bilder";"15842";"Tafelfolie"
"2155";"Bilder";"15864";"Wandbild"
"2155";"Bilder";"15851";"Wandfolie"
"2155";"Bilder";"15850";"XXL-Wandbild"
"2156";"Bilderrahmen";"15874";"Bilderleiste"
"2156";"Bilderrahmen";"15871";"Bilderrahmen"
"2156";"Bilderrahmen";"15867";"Bilderrahmen Collage"
"2156";"Bilderrahmen";"15877";"Bilderrahmen zum Basteln"
"2156";"Bilderrahmen";"15875";"Bilderrahmen-Set"
"2156";"Bilderrahmen";"15868";"Collagerahmen"
"2156";"Bilderrahmen";"15872";"Einzelrahmen"
"2156";"Bilderrahmen";"15870";"Fotohalter"
"2156";"Bilderrahmen";"15873";"Galerierahmen"
"2156";"Bilderrahmen";"15878";"LED-Bilderrahmen"
"2156";"Bilderrahmen";"15880";"Portraitrahmen"
"2156";"Bilderrahmen";"15876";"Rahmen"
"2156";"Bilderrahmen";"15869";"Staffelbilderrahmen"
"2156";"Bilderrahmen";"15879";"Wochenplan"
"2157";"Bindegeräte";"15882";"Angelhakenbinder"
"2157";"Bindegeräte";"15885";"Bindegerät"
"2157";"Bindegeräte";"15881";"Drahtbindegerät"
"2157";"Bindegeräte";"15886";"Drillapparat"
"2157";"Bindegeräte";"15884";"Plastikbindegerät"
"2157";"Bindegeräte";"15883";"Thermobindegerät"
"2158";"Bindemappen";"15888";"Buchbindemappe"
"2158";"Bindemappen";"15887";"Thermo-Bindemappe"
"2159";"Bissanzeiger";"15895";"Aalglocke"
"2159";"Bissanzeiger";"15890";"Affenkletterer"
"2159";"Bissanzeiger";"15897";"Bissanzeiger"
"2159";"Bissanzeiger";"15893";"Bissanzeiger Knicklicht"
"2159";"Bissanzeiger";"15896";"Bissanzeiger Ring"
"2159";"Bissanzeiger";"15891";"Bissanzeiger Rutenclip"
"2159";"Bissanzeiger";"15892";"elektronischer Bissanzeiger"
"2159";"Bissanzeiger";"15898";"Hängebissanzeiger"
"2159";"Bissanzeiger";"15899";"Rutenspitzenlicht"
"2159";"Bissanzeiger";"15894";"Schwingspitze"
"2159";"Bissanzeiger";"15889";"Swinger Bissanzeiger"
"2160";"Bithalter";"15901";"Bithalter"
"2160";"Bithalter";"15902";"Schraubvorsatz"
"2160";"Bithalter";"15900";"Winkelschraubvorsatz"
"2161";"Bits";"15908";"Bit- und Steckschlüsselset"
"2161";"Bits";"15905";"Bit-Set"
"2161";"Bits";"15909";"Bohrer- und Bitset"
"2161";"Bits";"15904";"Kreuzschlitz-Bit"
"2161";"Bits";"15906";"Schlitz-Bit"
"2161";"Bits";"15903";"Sechskant-Bit"
"2161";"Bits";"15907";"Torx-Bit"
"2162";"Blasinstrumente";"15929";"Alphorn"
"2162";"Blasinstrumente";"15927";"Blockflöte"
"2162";"Blasinstrumente";"15921";"Didgeridoo"
"2162";"Blasinstrumente";"15918";"Doppelhorn"
"2162";"Blasinstrumente";"15917";"Euphonium"
"2162";"Blasinstrumente";"15914";"Fagotte"
"2162";"Blasinstrumente";"15913";"Flügelhorn"
"2162";"Blasinstrumente";"15919";"Horn"
"2162";"Blasinstrumente";"15930";"Klarinette"
"2162";"Blasinstrumente";"15933";"Kornette"
"2162";"Blasinstrumente";"15926";"Melodica"
"2162";"Blasinstrumente";"15925";"Mundharmonika"
"2162";"Blasinstrumente";"15915";"Oboe"
"2162";"Blasinstrumente";"15911";"Ocarina"
"2162";"Blasinstrumente";"15920";"Panflöte"
"2162";"Blasinstrumente";"15931";"Piccolo-Trompete"
"2162";"Blasinstrumente";"15924";"Piccoloflöte"
"2162";"Blasinstrumente";"15932";"Posaune"
"2162";"Blasinstrumente";"15922";"Querflöte"
"2162";"Blasinstrumente";"15928";"Saxonett"
"2162";"Blasinstrumente";"15923";"Saxophon"
"2162";"Blasinstrumente";"15934";"Signaltrompete"
"2162";"Blasinstrumente";"15910";"Sousaphon"
"2162";"Blasinstrumente";"15916";"Trompete"
"2162";"Blasinstrumente";"15912";"Tuba"
"2163";"Blattabschneider";"15936";"Blattabschneider"
"2163";"Blattabschneider";"15935";"Blattabschneider Klarinette"
"2163";"Blattabschneider";"15937";"Blattabschneider Saxophon"
"2164";"Blattschrauben";"15938";"Klarinetten-Blattschraube"
"2164";"Blattschrauben";"15939";"Saxophon-Blattschraube"
"2165";"Blazer";"15946";"Blusenblazer"
"2165";"Blazer";"15947";"Boleroblazer"
"2165";"Blazer";"15950";"Cargoblazer"
"2165";"Blazer";"15943";"Jackenblazer"
"2165";"Blazer";"15952";"Jeansblazer"
"2165";"Blazer";"15944";"Jerseyblazer"
"2165";"Blazer";"15940";"Kurzblazer"
"2165";"Blazer";"15951";"Lederblazer"
"2165";"Blazer";"15945";"Lederimitat-Blazer"
"2165";"Blazer";"15942";"Longblazer"
"2165";"Blazer";"15941";"Military-Blazer"
"2165";"Blazer";"15949";"Sweatblazer"
"2165";"Blazer";"15948";"Trachtenblazer"
"2166";"Blitzgeräte";"15956";"Aufsteckblitz"
"2166";"Blitzgeräte";"15957";"Blitzgerät"
"2166";"Blitzgeräte";"15960";"Kabel-Fernauslöser"
"2166";"Blitzgeräte";"15958";"Makroblitz"
"2166";"Blitzgeräte";"15955";"Ringblitz"
"2166";"Blitzgeräte";"15953";"Studio-Blitzgerät"
"2166";"Blitzgeräte";"15954";"Studio-Stativ-Blitz"
"2166";"Blitzgeräte";"15959";"Systemblitz"
"2167";"Bluetooth-Dongles";"15961";"Bluetooth®-Sender"
"2168";"Blusen";"15964";"Blusenkimono"
"2168";"Blusen";"15962";"Blusenponcho"
"2168";"Blusen";"15970";"Blusentop"
"2168";"Blusen";"15966";"Carmenbluse"
"2168";"Blusen";"15986";"Chiffonbluse"
"2168";"Blusen";"15967";"Crepebluse"
"2168";"Blusen";"15979";"Crinklebluse"
"2168";"Blusen";"15973";"Dirndlbluse"
"2168";"Blusen";"15976";"Druckbluse"
"2168";"Blusen";"15989";"Flanellbluse"
"2168";"Blusen";"15991";"Funktionsbluse"
"2168";"Blusen";"15978";"Georgettebluse"
"2168";"Blusen";"15974";"Hemdbluse"
"2168";"Blusen";"15969";"Jeansbluse"
"2168";"Blusen";"15992";"Kaftan"
"2168";"Blusen";"15987";"Karobluse"
"2168";"Blusen";"15963";"Klassische Bluse"
"2168";"Blusen";"15983";"Kurzarmbluse"
"2168";"Blusen";"15975";"Langarmbluse"
"2168";"Blusen";"15968";"Longbluse"
"2168";"Blusen";"15965";"Outdoorbluse"
"2168";"Blusen";"15993";"Plisseebluse"
"2168";"Blusen";"15988";"Rüschenbluse"
"2168";"Blusen";"15984";"Satinbluse"
"2168";"Blusen";"15985";"Schlupfbluse"
"2168";"Blusen";"15972";"Schluppenbluse"
"2168";"Blusen";"15971";"Seidenbluse"
"2168";"Blusen";"15982";"Shirtbluse"
"2168";"Blusen";"15980";"Spitzenbluse"
"2168";"Blusen";"15977";"Trachtenbluse"
"2168";"Blusen";"15981";"Umstandsbluse"
"2168";"Blusen";"15990";"Wickelbluse"
"2169";"Blutdruckmanschetten";"15995";"Beinblutdruckmanschette"
"2169";"Blutdruckmanschetten";"15994";"Beinmanschette"
"2169";"Blutdruckmanschetten";"15998";"Blutdruckmanschette"
"2169";"Blutdruckmanschetten";"15996";"EMS-Manschette"
"2169";"Blutdruckmanschetten";"15997";"Schlauchblutdruckmanschette"
"2170";"Blutdruckmessgeräte";"16003";"Blutdruckmessgerät"
"2170";"Blutdruckmessgeräte";"16002";"Handgelenk-Blutdruckmessgerät"
"2170";"Blutdruckmessgeräte";"16001";"Oberarm-Blutdruckmessgerät"
"2170";"Blutdruckmessgeräte";"16000";"Pulsgurt"
"2170";"Blutdruckmessgeräte";"15999";"Pulsoximeter"
"2171";"Blutzuckermessgeräte";"16004";"Blutzuckermessgerät"
"2171";"Blutzuckermessgeräte";"16006";"Cholesterin Messgerät"
"2171";"Blutzuckermessgeräte";"16005";"Harnsäure-Messgerät"
"2215";"Böcke";"16272";"Klappbock"
"2215";"Böcke";"16274";"Rollenbock"
"2215";"Böcke";"16273";"Sägebock"
"2215";"Böcke";"16271";"Unterstellbock"
"2172";"Bodenanker";"16013";"Aufschraubhülse"
"2172";"Bodenanker";"16019";"Bodenanker"
"2172";"Bodenanker";"16014";"Bodenhülse"
"2172";"Bodenanker";"16016";"Einschlag-Bodenhülse"
"2172";"Bodenanker";"16017";"Einschraub-Bodenhülse"
"2172";"Bodenanker";"16020";"H-Pfostenanker"
"2172";"Bodenanker";"16015";"HB-Pfostenträger"
"2172";"Bodenanker";"16009";"L-Pfostenträger"
"2172";"Bodenanker";"16011";"Leiternspitzen"
"2172";"Bodenanker";"16007";"Pfostenfuß"
"2172";"Bodenanker";"16018";"Pfostenschuh"
"2172";"Bodenanker";"16008";"Pfostenträger"
"2172";"Bodenanker";"16012";"Schaukelanker"
"2172";"Bodenanker";"16010";"U-Pfostenträger"
"2173";"Bodenmarkierungen";"16024";"Absprungbalken"
"2173";"Bodenmarkierungen";"16023";"Abstoßbalken"
"2173";"Bodenmarkierungen";"16025";"Markierungsecke"
"2173";"Bodenmarkierungen";"16021";"Markierungskreis"
"2173";"Bodenmarkierungen";"16026";"Markierungslinie"
"2173";"Bodenmarkierungen";"16022";"Zielmarkierung"
"2174";"Bodenschutzplatten";"16032";"Antirutschmatte"
"2174";"Bodenschutzplatten";"16034";"Bodenschutzmatte"
"2174";"Bodenschutzplatten";"16028";"Bodenschutzplatte"
"2174";"Bodenschutzplatten";"16035";"Feuerschalen-Bodenplatte"
"2174";"Bodenschutzplatten";"16027";"Gummimatte"
"2174";"Bodenschutzplatten";"16033";"Kofferschutzmatte"
"2174";"Bodenschutzplatten";"16029";"Napfunterlage"
"2174";"Bodenschutzplatten";"16030";"Outdoor-Bodenplatte"
"2174";"Bodenschutzplatten";"16031";"Pool-Bodenschutzfliese"
"2175";"Bodenstaubsauger";"16040";"Bodenstaubsauger"
"2175";"Bodenstaubsauger";"16036";"Bürstsauger"
"2175";"Bodenstaubsauger";"16037";"Hand-und Stielstaubsauger"
"2175";"Bodenstaubsauger";"16038";"Handstaubsauger"
"2175";"Bodenstaubsauger";"16041";"Stielstaubsauger"
"2175";"Bodenstaubsauger";"16039";"Wasserfiltersauger"
"2176";"Bodensubstrate";"16050";"Anzucht- und Kräutererde"
"2176";"Bodensubstrate";"16057";"Aquarien-Substrat"
"2176";"Bodensubstrate";"16049";"Bio-Erde"
"2176";"Bodensubstrate";"16048";"Blähton"
"2176";"Bodensubstrate";"16043";"Blumenerde"
"2176";"Bodensubstrate";"16055";"Gartenbau-Perlite"
"2176";"Bodensubstrate";"16056";"Gartenbau-Substrat"
"2176";"Bodensubstrate";"16052";"Gartenbau-Vermiculite"
"2176";"Bodensubstrate";"16044";"Geranienerde"
"2176";"Bodensubstrate";"16045";"Graberde"
"2176";"Bodensubstrate";"16059";"Hydroperlen"
"2176";"Bodensubstrate";"16058";"Kompostbeschleuniger"
"2176";"Bodensubstrate";"16042";"Pflanzerde"
"2176";"Bodensubstrate";"16051";"Pflanzgranulat"
"2176";"Bodensubstrate";"16047";"Spezialerde"
"2176";"Bodensubstrate";"16054";"Terrarien-Substrat"
"2176";"Bodensubstrate";"16046";"Tongranulat"
"2176";"Bodensubstrate";"16053";"Tonmehl"
"2177";"Bodys";"16075";"Blusenbody"
"2177";"Bodys";"16064";"Body"
"2177";"Bodys";"16065";"Body-Ouvert"
"2177";"Bodys";"16066";"Hemdbody"
"2177";"Bodys";"16062";"Kurzarmbody"
"2177";"Bodys";"16061";"Kurzarmwickelbody"
"2177";"Bodys";"16076";"Langarmbody"
"2177";"Bodys";"16069";"Langarmwickelbody"
"2177";"Bodys";"16060";"Miederbody"
"2177";"Bodys";"16074";"Neckholder-Body"
"2177";"Bodys";"16071";"Pflegebody"
"2177";"Bodys";"16067";"Push-up-Body"
"2177";"Bodys";"16070";"Shaping-Body"
"2177";"Bodys";"16072";"Shirtbody"
"2177";"Bodys";"16063";"Stringbody"
"2177";"Bodys";"16068";"T-Shirt-Body"
"2177";"Bodys";"16073";"Wickelbody"
"2178";"Bogenetuis";"16077";"Bogenetui"
"2179";"Bohrer";"16090";"Absaugbohrer"
"2179";"Bohrer";"16097";"Betonbohrer"
"2179";"Bohrer";"16099";"Bohr-Meißel-Set"
"2179";"Bohrer";"16101";"Bohrer- und Bit-Set"
"2179";"Bohrer";"16081";"Bohrer- und Meißelsatz"
"2179";"Bohrer";"16104";"Bohrersatz"
"2179";"Bohrer";"16086";"Bohrfutteradapter"
"2179";"Bohrer";"16102";"Fliesenbohrer"
"2179";"Bohrer";"16106";"Forstnerbohrer"
"2179";"Bohrer";"16080";"Fräsbohrer"
"2179";"Bohrer";"16096";"Glasbohrer"
"2179";"Bohrer";"16103";"Hammerbohrer"
"2179";"Bohrer";"16095";"Hohlprofilbohrer"
"2179";"Bohrer";"16098";"Holzbohrer"
"2179";"Bohrer";"16087";"Kegelsenker"
"2179";"Bohrer";"16108";"Köderbohrer"
"2179";"Bohrer";"16079";"Kurzstufenbohrer"
"2179";"Bohrer";"16088";"Mehrzweckbohrer"
"2179";"Bohrer";"16100";"Metallbohrer"
"2179";"Bohrer";"16082";"Querlochsenker"
"2179";"Bohrer";"16085";"Schälbohrer"
"2179";"Bohrer";"16078";"Schalungsbohrer"
"2179";"Bohrer";"16107";"Scheibenschneider"
"2179";"Bohrer";"16105";"Schlangenbohrer"
"2179";"Bohrer";"16094";"Schweißpunktbohrer"
"2179";"Bohrer";"16093";"Senkbohrer"
"2179";"Bohrer";"16084";"Spiralbohrer"
"2179";"Bohrer";"16091";"Steinbohrer"
"2179";"Bohrer";"16092";"Stufenbohrer"
"2179";"Bohrer";"16083";"Universalbohrer"
"2179";"Bohrer";"16089";"Zentrierbohrer"
"2180";"Bohrfutter";"16110";"Bohrfutter"
"2180";"Bohrfutter";"16111";"Schnellspannbohrfutter"
"2180";"Bohrfutter";"16109";"Zahnkranzbohrfutter"
"2181";"Bohrmaschinen";"16124";"Akku-Bohrhammer"
"2181";"Bohrmaschinen";"16116";"Akku-Bohrmaschine"
"2181";"Bohrmaschinen";"16120";"Akku-Bohrschrauber"
"2181";"Bohrmaschinen";"16126";"Akku-Kombibohrhammer"
"2181";"Bohrmaschinen";"16127";"Akku-Schlagbohrmaschine"
"2181";"Bohrmaschinen";"16121";"Akku-Schlagbohrschrauber"
"2181";"Bohrmaschinen";"16129";"Akku-Winkelbohrmaschine"
"2181";"Bohrmaschinen";"16122";"Bohrhammer"
"2181";"Bohrmaschinen";"16118";"Bohrmaschine"
"2181";"Bohrmaschinen";"16113";"Bohrschrauber"
"2181";"Bohrmaschinen";"16119";"Kernbohrmaschine"
"2181";"Bohrmaschinen";"16125";"Kombihammer"
"2181";"Bohrmaschinen";"16112";"Multihammer"
"2181";"Bohrmaschinen";"16128";"Säulenbohrmaschine"
"2181";"Bohrmaschinen";"16123";"Schlagbohrmaschine"
"2181";"Bohrmaschinen";"16117";"Ständerbohrmaschine"
"2181";"Bohrmaschinen";"16114";"Tischbohrmaschine"
"2181";"Bohrmaschinen";"16115";"Winkelbohrmaschine"
"2182";"Bojen";"16130";"Boje"
"2183";"Bollerwagen";"16131";"Bollerwagen"
"2184";"Bordwandaufsätze";"16132";"Bordwandaufsatz"
"2184";"Bordwandaufsätze";"16133";"Gitteraufsatz"
"2185";"Bottleneck";"16134";"Gitarren-Slider"
"2185";"Bottleneck";"16135";"Slide-Ring"
"2186";"Bowdenzug-Feineinstellhilfen";"16136";"Bowdenzug-Feineinstellhilfe"
"2190";"Bowdenzüge";"16141";"Bowdenzug"
"2190";"Bowdenzüge";"16140";"Bremszug"
"2187";"Bowdenzugendhülsen";"16137";"Bowdenzughülse"
"2188";"Bowdenzughüllen";"16138";"Bowdenzughülle"
"2189";"Bowdenzugseelen";"16139";"Bowdenzugseele"
"2191";"Bowle-Sets";"16142";"Bowle-Set"
"2192";"Boxhandschuhe";"16144";"Boxbandagen"
"2192";"Boxhandschuhe";"16146";"Boxhandschuhe"
"2192";"Boxhandschuhe";"16145";"Kickboxhandschuhe"
"2192";"Boxhandschuhe";"16143";"Kinderboxhandschuhe"
"2192";"Boxhandschuhe";"16148";"MMA-Handschuhe"
"2192";"Boxhandschuhe";"16149";"Punch-Handschuhe"
"2192";"Boxhandschuhe";"16147";"Sandsackhandschuhe"
"2193";"Boxsäcke";"16150";"Boxbirne"
"2193";"Boxsäcke";"16152";"Boxdummy"
"2193";"Boxsäcke";"16153";"Boxsack"
"2193";"Boxsäcke";"16154";"Boxstation"
"2193";"Boxsäcke";"16158";"Boxzylinder"
"2193";"Boxsäcke";"16157";"Doppelendball"
"2193";"Boxsäcke";"16156";"Punchingball"
"2193";"Boxsäcke";"16151";"Standboxball"
"2193";"Boxsäcke";"16155";"Standboxsack"
"2194";"Brandschutzeinheiten";"16159";"Brandschutzeinheit"
"2195";"Brausegarnituren";"16161";"Brausegarnitur"
"2195";"Brausegarnituren";"16163";"Duschsäule"
"2195";"Brausegarnituren";"16162";"Duschsystem"
"2195";"Brausegarnituren";"16160";"Stangenbrause-Set"
"2196";"Brecheisen";"16164";"Brecheisen"
"2196";"Brecheisen";"16167";"Brechstange"
"2196";"Brecheisen";"16165";"Hebeeisen"
"2196";"Brecheisen";"16166";"Nageleisen"
"2197";"Bremsbeläge";"16169";"Bremsbelag"
"2197";"Bremsbeläge";"16170";"Bremsgummi"
"2197";"Bremsbeläge";"16168";"Bremsschuh"
"2198";"Bremsgriffe";"16171";"Bremsgriff"
"2199";"Bremsscheiben";"16172";"Bremsscheibe"
"2200";"Brennstoffe";"16185";"Bioethanol"
"2200";"Brennstoffe";"16183";"Brennpaste"
"2200";"Brennstoffe";"16187";"Brennspiritus"
"2200";"Brennstoffe";"16174";"Flüssig-Grillanzünder"
"2200";"Brennstoffe";"16180";"Grillanzünder"
"2200";"Brennstoffe";"16178";"Grillbriketts"
"2200";"Brennstoffe";"16179";"Grillkohle"
"2200";"Brennstoffe";"16184";"Holzbriketts"
"2200";"Brennstoffe";"16181";"Holzkohle"
"2200";"Brennstoffe";"16177";"Holzpellets"
"2200";"Brennstoffe";"16182";"Kaminholz"
"2200";"Brennstoffe";"16173";"Lampenöl"
"2200";"Brennstoffe";"16188";"Petroleum"
"2200";"Brennstoffe";"16175";"Räucherspäne"
"2200";"Brennstoffe";"16186";"Shisha-Kohle"
"2200";"Brennstoffe";"16176";"Sicherheitsbrennstoff"
"2201";"Briefablagen";"16189";"Briefablage"
"2202";"Briefkästen";"16190";"Amerikanischer Briefkasten"
"2202";"Briefkästen";"16198";"Briefkasten"
"2202";"Briefkästen";"16196";"Briefkastenanlage"
"2202";"Briefkästen";"16197";"Durchwurfbriefkasten"
"2202";"Briefkästen";"16192";"Kinderbriefkasten"
"2202";"Briefkästen";"16194";"Paketbox"
"2202";"Briefkästen";"16199";"Paketbriefkasten"
"2202";"Briefkästen";"16191";"Standbriefkasten"
"2202";"Briefkästen";"16193";"Wandbriefkasten"
"2202";"Briefkästen";"16195";"Zeitungsrolle"
"2204";"Brieföffner";"16201";"Brieföffner"
"2203";"Briefumschläge";"16200";"Briefumschlag"
"2205";"Brillenetuis";"16202";"Brillenetui"
"2206";"Brillenfassungen";"16203";"Brillengestell"
"2207";"Broschen";"16211";"Ansteckblüte"
"2207";"Broschen";"16206";"Anstecknadel"
"2207";"Broschen";"16205";"Anstecknadel Set"
"2207";"Broschen";"16209";"Brosche"
"2207";"Broschen";"16212";"Broschen Set"
"2207";"Broschen";"16207";"Button"
"2207";"Broschen";"16204";"Button Set"
"2207";"Broschen";"16208";"Pins"
"2207";"Broschen";"16210";"Tuchring"
"2208";"Brotbackautomaten";"16214";"Brotbackautomat"
"2208";"Brotbackautomaten";"16213";"Kuchenbackautomat"
"2209";"Brustwarzenabdeckungen";"16215";"Brustwarzenabdeckung"
"2209";"Brustwarzenabdeckungen";"16216";"Silberhütchen"
"2209";"Brustwarzenabdeckungen";"16217";"Stillhütchen"
"2216";"Bücher";"16278";"Belletristik"
"2216";"Bücher";"16276";"Cartoon"
"2216";"Bücher";"16279";"Comic"
"2216";"Bücher";"16277";"DIY-Buch"
"2216";"Bücher";"16280";"Fachbuch"
"2216";"Bücher";"16281";"Jugendbuch"
"2216";"Bücher";"16282";"Kinderbuch"
"2216";"Bücher";"16275";"Kochbuch"
"2216";"Bücher";"16283";"Lexikon"
"2216";"Bücher";"16285";"Ratgeber"
"2216";"Bücher";"16288";"Rätsel"
"2216";"Bücher";"16284";"Reiseführer"
"2216";"Bücher";"16286";"Sachbuch"
"2216";"Bücher";"16287";"Schulbuch"
"2216";"Bücher";"16289";"Wörterbuch"
"2210";"Buchstützen";"16219";"Buchstütze"
"2210";"Buchstützen";"16220";"Dokumentenhalter"
"2210";"Buchstützen";"16218";"Kochbuchhalter"
"2217";"Bügelbrettbezüge";"16290";"Bügelbrettbezug"
"2217";"Bügelbrettbezüge";"16291";"Ersatz-Bügelbrettbezug"
"2217";"Bügelbrettbezüge";"16292";"Walzenbezug"
"2218";"Bügelbretter";"16293";"Aktivbügeltisch"
"2218";"Bügelbretter";"16294";"Ärmelbrett"
"2218";"Bügelbretter";"16295";"Bügelbrett"
"2218";"Bügelbretter";"16296";"Tischbügelbrett"
"2219";"Bügeleisen";"16301";"Dampfbügeleisen"
"2219";"Bügeleisen";"16297";"Dampfbürste"
"2219";"Bügeleisen";"16302";"Dampfglätter"
"2219";"Bügeleisen";"16298";"Reise-Dampfbügeleisen"
"2219";"Bügeleisen";"16300";"Reisebügeleisen"
"2219";"Bügeleisen";"16299";"Trockenbügeleisen"
"2220";"Bügelhilfemittel";"16306";"Bügelspray"
"2220";"Bügelhilfemittel";"16305";"Bügelwasser"
"2220";"Bügelhilfemittel";"16307";"Destilliertes Wasser"
"2220";"Bügelhilfemittel";"16308";"Flüssigstärke"
"2220";"Bügelhilfemittel";"16303";"Sprühstärke"
"2220";"Bügelhilfemittel";"16304";"Wäschesteife"
"2221";"Bügelmaschinen";"16309";"Bügelmaschine"
"2221";"Bügelmaschinen";"16314";"Dampfbügelpresse"
"2221";"Bügelmaschinen";"16311";"Dampfschrank"
"2221";"Bügelmaschinen";"16312";"Hemdenbügler"
"2221";"Bügelmaschinen";"16310";"Hosenbügler-Aufsatz"
"2221";"Bügelmaschinen";"16313";"Stand-Dampfglätter"
"2222";"Bügelsohlen";"16315";"Bügelsohle"
"2223";"Bügelsysteme";"16316";"Bügelsystem"
"2224";"Bügeltücher";"16317";"Bügeltuch"
"2211";"Buggyboards";"16221";"Buggyboard"
"2212";"Bunddehner";"16222";"Bunddehner"
"2225";"Büroklammern";"16318";"Büroklammer"
"2227";"Camcorder";"16325";"360°-Kamera"
"2227";"Camcorder";"16329";"Action Cam"
"2227";"Camcorder";"16330";"Actioncam Zubehör"
"2227";"Camcorder";"16336";"Angel-Unterwasserkamera"
"2227";"Camcorder";"16322";"APS-Kamera"
"2227";"Camcorder";"16327";"Camcorder"
"2227";"Camcorder";"16331";"Dashcam"
"2227";"Camcorder";"16332";"Full HD-Webcam"
"2227";"Camcorder";"16335";"HD-Kamera"
"2227";"Camcorder";"16333";"Inspektionskamera"
"2227";"Camcorder";"16328";"Rückfahrkamera"
"2227";"Camcorder";"16334";"Securitycam"
"2227";"Camcorder";"16324";"Unterwasser-Camcorder"
"2227";"Camcorder";"16323";"Videokamera"
"2227";"Camcorder";"16326";"Webcam"
"2228";"Campingtoiletten";"16337";"Campingtoilette"
"2229";"Caps";"16345";"Army Cap"
"2229";"Caps";"16338";"Baseball Cap"
"2229";"Caps";"16343";"Fitted Cap"
"2229";"Caps";"16344";"Flat Cap"
"2229";"Caps";"16339";"Flex Cap"
"2229";"Caps";"16341";"Snapback Cap"
"2229";"Caps";"16340";"Trucker Cap"
"2229";"Caps";"16342";"Visor"
"2230";"Carports";"16347";"Anlehncarport"
"2230";"Carports";"16346";"Doppelcarport"
"2230";"Carports";"16348";"Einzelcarport"
"2230";"Carports";"16349";"Reihencarport"
"2231";"Charms";"16368";"Bead"
"2231";"Charms";"16359";"Charm Anker"
"2231";"Charms";"16352";"Charm Blume"
"2231";"Charms";"16354";"Charm Buchstabe"
"2231";"Charms";"16356";"Charm Engel"
"2231";"Charms";"16361";"Charm Flügel"
"2231";"Charms";"16351";"Charm Herz"
"2231";"Charms";"16369";"Charm Kreuz"
"2231";"Charms";"16357";"Charm Kristall"
"2231";"Charms";"16353";"Charm Kugel"
"2231";"Charms";"16366";"Charm Medaillon"
"2231";"Charms";"16362";"Charm Perle"
"2231";"Charms";"16365";"Charm Puzzle"
"2231";"Charms";"16360";"Charm Schlüssel"
"2231";"Charms";"16358";"Charm Schmetterling"
"2231";"Charms";"16363";"Charm Sonne"
"2231";"Charms";"16364";"Charm Stern"
"2231";"Charms";"16355";"Charm Sternzeichen"
"2231";"Charms";"16367";"Charm-Einhänger"
"2231";"Charms";"16350";"Charm-Einhänger Set"
"2232";"Chipkartenleser";"16375";"digitale Geldbörse"
"2232";"Chipkartenleser";"16372";"HBCI-Chipkartenleser"
"2232";"Chipkartenleser";"16376";"Krypto Hardware-Wallet"
"2232";"Chipkartenleser";"16373";"Personalausweisleser"
"2232";"Chipkartenleser";"16374";"RFID-Kartenleser"
"2232";"Chipkartenleser";"16371";"Speicherkartenleser"
"2232";"Chipkartenleser";"16370";"TAN-Chipkartenleser"
"2233";"Chlordosierer";"16377";"Chlordosierer"
"2233";"Chlordosierer";"16378";"Chlordosierschwimmer"
"2233";"Chlordosierer";"16379";"Chlorgenerator"
"2226";"CI-Module";"16321";"CI-Modul"
"2226";"CI-Module";"16320";"CI+-Modul"
"2226";"CI-Module";"16319";"HD+-Modul"
"2234";"Cocktail-Sets";"16380";"Cocktail-Set"
"2235";"Colorationen";"16387";"Aufheller"
"2235";"Colorationen";"16392";"Augenbrauenfarbe"
"2235";"Colorationen";"16386";"Bartfarbe"
"2235";"Colorationen";"16383";"Blondierpulver"
"2235";"Colorationen";"16395";"Coloration"
"2235";"Colorationen";"16396";"Dauerwelle"
"2235";"Colorationen";"16382";"Entwickler"
"2235";"Colorationen";"16391";"Haar-Mascara"
"2235";"Colorationen";"16385";"Haaransatz-Farbpuder"
"2235";"Colorationen";"16394";"Haaransatz-Spray"
"2235";"Colorationen";"16388";"Haarfarbe"
"2235";"Colorationen";"16384";"Haarfarben-Entferner"
"2235";"Colorationen";"16381";"Haarfärbestift"
"2235";"Colorationen";"16393";"Haarkreide"
"2235";"Colorationen";"16390";"Haartönung"
"2235";"Colorationen";"16389";"Wimpernfarbe"
"2236";"Computer Komplettsysteme";"16397";"Business-PC-Komplettsystem"
"2236";"Computer Komplettsysteme";"16398";"Gaming-PC-Komplettsystem"
"2236";"Computer Komplettsysteme";"16399";"PC-Komplettsystem"
"2237";"Computer-Kühler";"16400";"Computer-Kühler"
"2237";"Computer-Kühler";"16403";"Computer-Kühlmittel"
"2237";"Computer-Kühler";"16404";"CPU Kühler"
"2237";"Computer-Kühler";"16405";"Gehäuselüfter"
"2237";"Computer-Kühler";"16402";"Notebook-Kühler"
"2237";"Computer-Kühler";"16401";"Wasserkühlung"
"2238";"Computer-Mäuse";"16408";"ergonomische Maus"
"2238";"Computer-Mäuse";"16409";"Funk-Trackball"
"2238";"Computer-Mäuse";"16407";"Gaming-Maus"
"2238";"Computer-Mäuse";"16406";"Maus"
"2238";"Computer-Mäuse";"16411";"Mäuse"
"2238";"Computer-Mäuse";"16410";"Mauskabelhalter"
"2239";"Computergehäuse";"16413";"Festplatten-Gehäuse"
"2239";"Computergehäuse";"16412";"Gaming-Gehäuse"
"2239";"Computergehäuse";"16416";"Grafikkarten-Gehäuse"
"2239";"Computergehäuse";"16414";"Montagerückgehäuse"
"2239";"Computergehäuse";"16415";"PC-Gehäuse"
"2240";"Crepesmaker";"16417";"2-in-1-Crêpesmaker"
"2240";"Crepesmaker";"16419";"3-in-1-Crêpesmaker"
"2240";"Crepesmaker";"16420";"Crêpesmaker"
"2240";"Crepesmaker";"16418";"Poffertjes-Maker"
"2241";"Crosstrainer";"16421";"Crosstrainer"
"2241";"Crosstrainer";"16422";"Crosstrainer-Ergometer"
"2241";"Crosstrainer";"16423";"Ellipsentrainer"
"2241";"Crosstrainer";"16424";"Ellipsentrainer-Ergometer"
"2243";"Dachdurchführungen";"16426";"Dachdurchführung"
"2244";"Dachfensteröffner";"16428";"Fensteröffner"
"2244";"Dachfensteröffner";"16427";"Frühbeet-Fensteröffner"
"2244";"Dachfensteröffner";"16429";"Gewächshaus-Fensteröffner"
"2245";"Dachpappen";"16431";"Dachbahn"
"2245";"Dachpappen";"16430";"Dachpappe"
"2245";"Dachpappen";"16432";"Dachschindeln"
"2245";"Dachpappen";"16433";"Spielbett-Dachelement"
"2308";"Dämmmaterialien";"16766";"Akustikplatte"
"2308";"Dämmmaterialien";"16764";"Dämmfilz"
"2308";"Dämmmaterialien";"16767";"Dämmplatte"
"2308";"Dämmmaterialien";"16760";"Dämmunterlage"
"2308";"Dämmmaterialien";"16768";"Duschwannen-Schallschutz"
"2308";"Dämmmaterialien";"16762";"Glaswolle"
"2308";"Dämmmaterialien";"16769";"Hanfdämmung"
"2308";"Dämmmaterialien";"16763";"Korkrolle"
"2308";"Dämmmaterialien";"16765";"Rollladenkastendämmung"
"2308";"Dämmmaterialien";"16761";"Steinwolle"
"2308";"Dämmmaterialien";"16759";"Styroporplatte"
"2308";"Dämmmaterialien";"16758";"Trennwandplatten"
"2246";"Dampf-Tapetenablöser";"16434";"Dampftapetenablöser"
"2247";"Dampfbügelstationen";"16435";"Dampfbügelstation"
"2309";"Dämpfer";"16770";"Dämpfer"
"2248";"Dampfgarer";"16440";"2-in-1-Dampfgarer"
"2248";"Dampfgarer";"16439";"4-in-1-Dampfgarer"
"2248";"Dampfgarer";"16438";"Dampfdruck-Kocher"
"2248";"Dampfgarer";"16436";"Dampfgarer"
"2248";"Dampfgarer";"16437";"Einbau-Dampfgarer"
"2249";"Dartautomaten";"16441";"Dartautomat"
"2250";"Daybetten";"16444";"Ausziehbett"
"2250";"Daybetten";"16445";"Daybed"
"2250";"Daybetten";"16447";"Daybett"
"2250";"Daybetten";"16442";"Funktionsbett"
"2250";"Daybetten";"16446";"Stapelbett"
"2250";"Daybetten";"16443";"Stapelliege"
"2251";"Deckel";"16451";"Brathaube"
"2251";"Deckel";"16454";"Deckel"
"2251";"Deckel";"16458";"Fermentationsdeckel"
"2251";"Deckel";"16461";"Feuerschalen-Deckel"
"2251";"Deckel";"16456";"Frischhaltedeckel"
"2251";"Deckel";"16452";"Pfannendeckel"
"2251";"Deckel";"16459";"Regentonnendeckel"
"2251";"Deckel";"16457";"Schnellkochtopfdeckel"
"2251";"Deckel";"16453";"Snack-Deckel"
"2251";"Deckel";"16448";"Spritzschutzdeckel"
"2251";"Deckel";"16460";"Spritzschutzdeckel mit Öffnung"
"2251";"Deckel";"16462";"Staubbehälterdeckel"
"2251";"Deckel";"16450";"Topfdeckel"
"2251";"Deckel";"16455";"Überkochschutz"
"2251";"Deckel";"16449";"Universaldeckel"
"2252";"Defibrillatoren";"16464";"Defibrillator"
"2252";"Defibrillatoren";"16463";"Reanimationshilfe"
"2253";"Dekobecher";"16465";"Deko-Glas"
"2253";"Dekobecher";"16467";"Dekobecher"
"2253";"Dekobecher";"16468";"Zierbecher"
"2253";"Dekobecher";"16466";"Zinnbecher"
"2254";"Dekofiguren";"16502";"Afrikafigur"
"2254";"Dekofiguren";"16498";"Buddhafigur"
"2254";"Dekofiguren";"16485";"Comicfigur"
"2254";"Dekofiguren";"16477";"Deko-Buchstaben"
"2254";"Dekofiguren";"16478";"Deko-Schriftzug"
"2254";"Dekofiguren";"16495";"Deko-Windrad"
"2254";"Dekofiguren";"16472";"Dekobaum"
"2254";"Dekofiguren";"16486";"Dekofigur"
"2254";"Dekofiguren";"16479";"Dekokugel"
"2254";"Dekofiguren";"16490";"Dekoleiter"
"2254";"Dekofiguren";"16483";"Dekoobjekt"
"2254";"Dekofiguren";"16499";"Dekosäule"
"2254";"Dekofiguren";"16492";"Engelfigur"
"2254";"Dekofiguren";"16494";"Fantasy-Figur"
"2254";"Dekofiguren";"16474";"Glasblume"
"2254";"Dekofiguren";"16489";"Kantenhocker"
"2254";"Dekofiguren";"16496";"Krippen-Zubehör"
"2254";"Dekofiguren";"16493";"Krippenfigur"
"2254";"Dekofiguren";"16497";"LED-Dekofigur"
"2254";"Dekofiguren";"16503";"Nikolausstiefel"
"2254";"Dekofiguren";"16482";"Ornament"
"2254";"Dekofiguren";"16469";"Osterei"
"2254";"Dekofiguren";"16491";"Osterfigur"
"2254";"Dekofiguren";"16481";"Osterhase"
"2254";"Dekofiguren";"16480";"Sammelfigur"
"2254";"Dekofiguren";"16500";"Schneekugel"
"2254";"Dekofiguren";"16487";"Schneemann"
"2254";"Dekofiguren";"16484";"Skulptur"
"2254";"Dekofiguren";"16470";"Teelichthalter mit Tablett"
"2254";"Dekofiguren";"16473";"Tierfigur"
"2254";"Dekofiguren";"16501";"Weihnachtsfigur"
"2254";"Dekofiguren";"16475";"Weihnachtsmann"
"2254";"Dekofiguren";"16476";"Wichtel"
"2254";"Dekofiguren";"16504";"Wichteltür"
"2254";"Dekofiguren";"16488";"Windrad"
"2254";"Dekofiguren";"16471";"Winkekatze"
"2255";"Dekogeweihe";"16505";"Dekogeweih"
"2256";"Dekohänger";"16510";"Baumbehang"
"2256";"Dekohänger";"16507";"Blumenampel"
"2256";"Dekohänger";"16509";"Dekohänger"
"2256";"Dekohänger";"16508";"Hänge-Weihnachtsbaum"
"2256";"Dekohänger";"16506";"Hängedekoration"
"2256";"Dekohänger";"16511";"Traumfänger"
"2257";"Dekokamine";"16512";"Dekokamin"
"2257";"Dekokamine";"16514";"Echtfeuer-Dekokamin"
"2257";"Dekokamine";"16513";"Tischfeuer"
"2258";"Dekokränze";"16516";"Adventskranz"
"2258";"Dekokränze";"16518";"Bastelkranz"
"2258";"Dekokränze";"16515";"Dekokranz"
"2258";"Dekokränze";"16517";"Osterkranz"
"2258";"Dekokränze";"16519";"Tischkranz"
"2259";"Dekorationsfolien";"16521";"Dekorationsfolie"
"2259";"Dekorationsfolien";"16520";"Magnetfolie"
"2259";"Dekorationsfolien";"16522";"Möbelfolie"
"2259";"Dekorationsfolien";"16523";"Plotterfolie"
"2260";"Dekorierstifte";"16524";"Dekorierstift"
"2261";"Dekoschalen";"16529";"Dekoetagere"
"2261";"Dekoschalen";"16526";"Dekoschale"
"2261";"Dekoschalen";"16528";"Dekoschüssel"
"2261";"Dekoschalen";"16527";"Dekotablett"
"2261";"Dekoschalen";"16525";"Dekoteller"
"2262";"Dekosterne";"16530";"Dekostern"
"2263";"Deodorante";"16533";"Bodyspray"
"2263";"Deodorante";"16539";"Deo-Creme"
"2263";"Deodorante";"16534";"Deo-Körperpuder"
"2263";"Deodorante";"16540";"Deo-Kristall"
"2263";"Deodorante";"16538";"Deo-Pumpspray"
"2263";"Deodorante";"16537";"Deo-Roller"
"2263";"Deodorante";"16531";"Deo-Set"
"2263";"Deodorante";"16536";"Deo-Spray"
"2263";"Deodorante";"16532";"Deo-Stift"
"2263";"Deodorante";"16535";"Deo-Zerstäuber"
"2264";"Dermaroller";"16541";"Dermaroller"
"2264";"Dermaroller";"16542";"Micro-Needling"
"2264";"Dermaroller";"16543";"Microderm Tool"
"2265";"Desktop-PCs";"16550";"All-in-One PC"
"2265";"Desktop-PCs";"16553";"All-in-One workstation"
"2265";"Desktop-PCs";"16554";"Barebone-PC"
"2265";"Desktop-PCs";"16557";"Business-PC"
"2265";"Desktop-PCs";"16547";"Gaming-PC"
"2265";"Desktop-PCs";"16549";"iMac"
"2265";"Desktop-PCs";"16544";"iMac Pro"
"2265";"Desktop-PCs";"16556";"Mac Mini"
"2265";"Desktop-PCs";"16548";"Mac Pro"
"2265";"Desktop-PCs";"16546";"Mac Studio"
"2265";"Desktop-PCs";"16545";"Mini-PC"
"2265";"Desktop-PCs";"16552";"Mini-PC Barebone"
"2265";"Desktop-PCs";"16555";"PC"
"2265";"Desktop-PCs";"16551";"PC-Set"
"2266";"Diabetrachter";"16558";"Diabetrachter"
"2267";"Diaprojektoren";"16559";"Diaprojektor"
"2268";"Diarahmen";"16560";"Diarahmen"
"2269";"Dichtlippen";"16565";"Backofendichtung"
"2269";"Dichtlippen";"16563";"Dichtlippe"
"2269";"Dichtlippen";"16561";"Duschdichtung"
"2269";"Dichtlippen";"16566";"Kühlschrankdichtung"
"2269";"Dichtlippen";"16564";"Magnetdichtlippe"
"2269";"Dichtlippen";"16562";"Türbodendichtung"
"2270";"Dichtmassen";"16576";"Dichtstoff"
"2270";"Dichtmassen";"16568";"Dichtungskitt"
"2270";"Dichtmassen";"16572";"Fertigspachtel"
"2270";"Dichtmassen";"16571";"Fugenfarbe"
"2270";"Dichtmassen";"16569";"Fugenfueller"
"2270";"Dichtmassen";"16567";"Fugenversiegler"
"2270";"Dichtmassen";"16575";"Maleracryl"
"2270";"Dichtmassen";"16573";"Reparaturmasse"
"2270";"Dichtmassen";"16570";"Silikon"
"2270";"Dichtmassen";"16574";"Spachtelpulver"
"2271";"Dichtungsbänder";"16577";"Anschlussdichtungsband"
"2271";"Dichtungsbänder";"16582";"Dichtungsband"
"2271";"Dichtungsbänder";"16578";"Fugendichtband"
"2271";"Dichtungsbänder";"16584";"Gewindedichtband"
"2271";"Dichtungsbänder";"16580";"Luftdichtungsmanschette"
"2271";"Dichtungsbänder";"16579";"Nageldichtband"
"2271";"Dichtungsbänder";"16585";"Profildichtungsband"
"2271";"Dichtungsbänder";"16581";"Türdichtband"
"2271";"Dichtungsbänder";"16583";"Wannenabdichtband"
"2272";"Dichtungsringe";"16586";"Dichtungsring"
"2272";"Dichtungsringe";"16587";"Schnellkochtopf-Dichtungsring"
"2273";"Dichtungsschellen";"16588";"Dichtbandschelle"
"2273";"Dichtungsschellen";"16589";"Dichtschelle"
"2274";"Digital-Bilderrahmen";"16590";"Digitaler Bilderrahmen"
"2274";"Digital-Bilderrahmen";"16591";"Digitaler Schlüsselanhänger"
"2275";"Disketten";"16594";"Datenband"
"2275";"Disketten";"16592";"Datenkassette"
"2275";"Disketten";"16593";"Diskette"
"2276";"Displayfolien";"16596";"Displayschutzfolie"
"2276";"Displayfolien";"16595";"Displayschutzglas"
"2276";"Displayfolien";"16598";"Flüssiger Displayschutz"
"2276";"Displayfolien";"16597";"Kameraschutzglas"
"2242";"DJ-Controller";"16425";"DJ Controller"
"2277";"Dockingstationen";"16604";"Festplatten-Dockingstation"
"2277";"Dockingstationen";"16601";"Handy-Dockingstation"
"2277";"Dockingstationen";"16600";"Konsolen-Dockingstation"
"2277";"Dockingstationen";"16602";"Laptop-Dockingstation"
"2277";"Dockingstationen";"16603";"Smartphone-Dockingstation"
"2277";"Dockingstationen";"16599";"Tablet-Dockingstation"
"2278";"Dokumentenmappen";"16610";"Bewerbungsmappe"
"2278";"Dokumentenmappen";"16609";"Fächermappe"
"2278";"Dokumentenmappen";"16612";"Klemmtafel"
"2278";"Dokumentenmappen";"16607";"Konferenzmappe"
"2278";"Dokumentenmappen";"16611";"Konzepthalter"
"2278";"Dokumentenmappen";"16608";"Organisationsmappe"
"2278";"Dokumentenmappen";"16605";"Ringbuchmappe"
"2278";"Dokumentenmappen";"16606";"Schreibmappe"
"2310";"Dörrautomaten";"16772";"Dehydrator"
"2310";"Dörrautomaten";"16771";"Dörrautomat"
"2279";"Dosenöffner";"16615";"Dosenöffner"
"2279";"Dosenöffner";"16613";"Elektrischer Dosenöffner"
"2279";"Dosenöffner";"16614";"Multiöffner"
"2280";"Dosierspender";"16621";"Desinfektionsmittelspender"
"2280";"Dosierspender";"16624";"Ersatz-Pumpkopf"
"2280";"Dosierspender";"16625";"Geleespender"
"2280";"Dosierspender";"16618";"Hygienebeutelspender"
"2280";"Dosierspender";"16623";"Papiertuchspender"
"2280";"Dosierspender";"16616";"Pflasterspender"
"2280";"Dosierspender";"16619";"Seifenspender"
"2280";"Dosierspender";"16620";"Spülmittelspender"
"2280";"Dosierspender";"16627";"Tampon- und Bindenspender"
"2280";"Dosierspender";"16628";"Tamponspender"
"2280";"Dosierspender";"16622";"Wattepadspender"
"2280";"Dosierspender";"16617";"Wattestäbchenspender"
"2280";"Dosierspender";"16626";"Zahnstocherspender"
"2295";"Drähte";"16694";"Bindedraht"
"2295";"Drähte";"16689";"Draht"
"2295";"Drähte";"16690";"NATO-Draht"
"2295";"Drähte";"16688";"Schneidedraht"
"2295";"Drähte";"16691";"Schweißdraht"
"2295";"Drähte";"16692";"Spanndraht"
"2295";"Drähte";"16693";"Stabelektroden"
"2295";"Drähte";"16695";"Stacheldraht"
"2295";"Drähte";"16687";"Wickeldraht"
"2281";"Drahtseilklemmen";"16630";"Drahtseilklemme"
"2281";"Drahtseilklemmen";"16629";"Quetschhülse"
"2282";"Drechselbänke";"16631";"Drechselbank"
"2283";"Drehmaschinen";"16633";"Drehmaschine"
"2283";"Drehmaschinen";"16636";"Feindrehmaschine"
"2283";"Drehmaschinen";"16632";"Minidrehmaschine"
"2283";"Drehmaschinen";"16635";"Präzionsdrehmaschine"
"2283";"Drehmaschinen";"16634";"Tischdrehmaschine"
"2284";"Drehstähle";"16637";"Drehstahl"
"2285";"Dreiräder";"16638";"Dreirad"
"2286";"Drohnen";"16645";"Drohne"
"2286";"Drohnen";"16643";"Hexacopter"
"2286";"Drohnen";"16647";"Multicopter"
"2286";"Drohnen";"16646";"Octocopter"
"2286";"Drohnen";"16642";"Quadrocopter"
"2286";"Drohnen";"16644";"Spielzeug-Drohne"
"2286";"Drohnen";"16639";"Tricopter"
"2286";"Drohnen";"16641";"Unterwasser-Drohne"
"2286";"Drohnen";"16640";"Zubehör Drohne"
"2287";"Drohnen-Rettungssysteme";"16648";"Drohnen-Rettungssystem"
"2288";"Druckbehälter";"16649";"Druckbehälter"
"2288";"Druckbehälter";"16650";"Druckluftbehälter"
"2288";"Druckbehälter";"16651";"Membran-Druckbehälter"
"2289";"Drucker";"16660";"3D-Scanner"
"2289";"Drucker";"16656";"Bondrucker"
"2289";"Drucker";"16669";"Buchscanner"
"2289";"Drucker";"16678";"Dia/Negativ -Scanner"
"2289";"Drucker";"16663";"Diascanner"
"2289";"Drucker";"16670";"Dokumentenscanner"
"2289";"Drucker";"16673";"Druckertrommel"
"2289";"Drucker";"16652";"Einzugsscanner"
"2289";"Drucker";"16658";"Etikettendrucker"
"2289";"Drucker";"16668";"Farblaserdrucker"
"2289";"Drucker";"16666";"Faxgerät"
"2289";"Drucker";"16653";"Flachbettscanner"
"2289";"Drucker";"16675";"Fotodrucker"
"2289";"Drucker";"16664";"Großformatdrucker"
"2289";"Drucker";"16661";"Handscanner"
"2289";"Drucker";"16667";"Laserdrucker"
"2289";"Drucker";"16677";"Mini-Drucker"
"2289";"Drucker";"16659";"mobiler Drucker"
"2289";"Drucker";"16671";"mobiler Scanner"
"2289";"Drucker";"16662";"Multifunktionsdrucker"
"2289";"Drucker";"16676";"Multifunktionsscanner"
"2289";"Drucker";"16672";"Nadeldrucker"
"2289";"Drucker";"16657";"Scanner"
"2289";"Drucker";"16655";"Schwarz-Weiß Laserdrucker"
"2289";"Drucker";"16674";"Stiftscanner"
"2289";"Drucker";"16654";"Tintenstrahldrucker"
"2289";"Drucker";"16665";"WLAN-Drucker"
"2290";"Druckerbänder";"16679";"Druckerband"
"2291";"Druckertinte";"16680";"Nachfülltinte"
"2292";"Druckluftschläuche";"16681";"Druckluftschlauch"
"2293";"Drucksprühgeräte";"16684";"Akku-Drucksprühgerät"
"2293";"Drucksprühgeräte";"16682";"Drucksprühgerät"
"2293";"Drucksprühgeräte";"16683";"Sprühflasche"
"2294";"Druckspüler";"16685";"Urinal-Druckspüler"
"2294";"Druckspüler";"16686";"WC-Druckspüler"
"2311";"Dübel";"16781";"Befestigungsanker"
"2311";"Dübel";"16774";"Betondübel"
"2311";"Dübel";"16793";"Blitzdübel"
"2311";"Dübel";"16778";"Bolzenanker"
"2311";"Dübel";"16780";"Dämmstoffdübel"
"2311";"Dübel";"16790";"Dübel-Set"
"2311";"Dübel";"16779";"Federklappdübel"
"2311";"Dübel";"16782";"Gasbetondübel"
"2311";"Dübel";"16773";"Gerüstdübel"
"2311";"Dübel";"16783";"Gewindestangendübel"
"2311";"Dübel";"16789";"Gipskartondübel"
"2311";"Dübel";"16800";"Hohlraumdübel"
"2311";"Dübel";"16775";"Isolierdübel"
"2311";"Dübel";"16792";"Kippdübel"
"2311";"Dübel";"16788";"Klappstecker"
"2311";"Dübel";"16797";"Langschaftdübel"
"2311";"Dübel";"16776";"Messing-Spreizdübel"
"2311";"Dübel";"16785";"Metall-Hohlraumdübel"
"2311";"Dübel";"16795";"Metall-Krallendübel"
"2311";"Dübel";"16798";"Metall-Rahmendübel"
"2311";"Dübel";"16794";"Multizweckdübel"
"2311";"Dübel";"16796";"Nageldübel"
"2311";"Dübel";"16786";"Porenbetondübel"
"2311";"Dübel";"16784";"Rahmendübel"
"2311";"Dübel";"16777";"Schwerlastanker"
"2311";"Dübel";"16799";"Spannstift"
"2311";"Dübel";"16787";"Spreizdübel"
"2311";"Dübel";"16791";"Universaldübel"
"2296";"Duftlampen";"16696";"Duftlampe"
"2312";"Düngemittel";"16805";"Beerendünger"
"2312";"Düngemittel";"16814";"Blaudünger"
"2312";"Düngemittel";"16807";"Blumendünger"
"2312";"Düngemittel";"16810";"Bodenverbesserer"
"2312";"Düngemittel";"16806";"Eisendünger"
"2312";"Düngemittel";"16818";"Gartendünger"
"2312";"Düngemittel";"16808";"Gemüsedünger"
"2312";"Düngemittel";"16803";"Kräuterdünger"
"2312";"Düngemittel";"16815";"Langzeitdünger"
"2312";"Düngemittel";"16801";"Obstdünger"
"2312";"Düngemittel";"16809";"Pflanzendünger"
"2312";"Düngemittel";"16817";"Pflanzenstärkungsmittel"
"2312";"Düngemittel";"16802";"Rasen-Langzeitdünger"
"2312";"Düngemittel";"16804";"Rasendünger"
"2312";"Düngemittel";"16816";"Rasenkalk"
"2312";"Düngemittel";"16813";"Spezialdünger"
"2312";"Düngemittel";"16812";"Tomatendünger"
"2312";"Düngemittel";"16811";"Universaldünger"
"2297";"Dunstabzugshauben";"16705";"Deckenhaube"
"2297";"Dunstabzugshauben";"16699";"Flachschirmhaube"
"2297";"Dunstabzugshauben";"16701";"Inselhaube"
"2297";"Dunstabzugshauben";"16698";"Kaminhaube"
"2297";"Dunstabzugshauben";"16697";"Kopffreihaube"
"2297";"Dunstabzugshauben";"16703";"Lüfterbaustein"
"2297";"Dunstabzugshauben";"16700";"Unterbauhaube"
"2297";"Dunstabzugshauben";"16702";"Wandhaube"
"2297";"Dunstabzugshauben";"16704";"Zwischenbauhaube"
"2298";"Durchlauferhitzer";"16708";"Durchlauferhitzer"
"2298";"Durchlauferhitzer";"16706";"Klein-Durchlauferhitzer"
"2298";"Durchlauferhitzer";"16709";"Kochendwassergerät"
"2298";"Durchlauferhitzer";"16710";"Komfort-Durchlauferhitzer"
"2298";"Durchlauferhitzer";"16707";"Kompakt-Durchlauferhitzer"
"2299";"Duschhocker";"16713";"Badewannenhocker"
"2299";"Duschhocker";"16711";"Dusch- und Badhocker"
"2299";"Duschhocker";"16714";"Duschhocker"
"2299";"Duschhocker";"16715";"Duschklappsitz"
"2299";"Duschhocker";"16712";"Hygienehocker"
"2300";"Duschkabinen";"16720";"Dampfdusche"
"2300";"Duschkabinen";"16718";"Eckdusche"
"2300";"Duschkabinen";"16717";"Fünfeckdusche"
"2300";"Duschkabinen";"16716";"Grossraumdusche"
"2300";"Duschkabinen";"16721";"Komplettdusche"
"2300";"Duschkabinen";"16719";"Runddusche"
"2302";"Duschköpfe";"16726";"Duschbrause"
"2302";"Duschköpfe";"16727";"Handbrause"
"2302";"Duschköpfe";"16732";"Hunde-Handbrause"
"2302";"Duschköpfe";"16730";"Kopfbrause"
"2302";"Duschköpfe";"16731";"Regenduschkopf"
"2302";"Duschköpfe";"16729";"Seitenbrause"
"2302";"Duschköpfe";"16728";"Waschbeckendusche"
"2301";"Duschkopfhalterungen";"16724";"Brausehalter"
"2301";"Duschkopfhalterungen";"16725";"Drucktastenschieber"
"2301";"Duschkopfhalterungen";"16722";"Duschstange"
"2301";"Duschkopfhalterungen";"16723";"Steigrohr"
"2303";"Duschstühle";"16733";"Badewannenstuhl"
"2303";"Duschstühle";"16735";"Duschrollstuhl"
"2303";"Duschstühle";"16734";"Duschstuhl"
"2304";"Duschtüren";"16745";"Dusch-Doppelflügeltür"
"2304";"Duschtüren";"16736";"Dusch-Doppelschiebetür"
"2304";"Duschtüren";"16744";"Dusch-Drehtür"
"2304";"Duschtüren";"16742";"Dusch-Einflügeltür"
"2304";"Duschtüren";"16738";"Dusch-Einzelschiebetür"
"2304";"Duschtüren";"16743";"Dusch-Falttür"
"2304";"Duschtüren";"16741";"Dusch-Pendeltür"
"2304";"Duschtüren";"16740";"Dusch-Schiebetür"
"2304";"Duschtüren";"16739";"Dusch-Schwingtür"
"2304";"Duschtüren";"16737";"geteilte Dusch-Flügeltür"
"2305";"Duschvorhänge";"16749";"Duschrollo"
"2305";"Duschvorhänge";"16746";"Duschschirm"
"2305";"Duschvorhänge";"16747";"Duschvorhang"
"2305";"Duschvorhänge";"16748";"Eck-Duschrollo"
"2307";"Duschwände";"16756";"Badewannenaufsatz"
"2307";"Duschwände";"16757";"Badewannenfaltwand"
"2307";"Duschwände";"16755";"Duschwand"
"2307";"Duschwände";"16754";"Walk-in-Dusche"
"2306";"Duschwannen";"16751";"Duschwanne"
"2306";"Duschwannen";"16752";"Eckduschwanne"
"2306";"Duschwannen";"16753";"Rechteckduschwanne"
"2306";"Duschwannen";"16750";"Rundduschwanne"
"2313";"Düsen";"16823";"Abstrahldüse"
"2313";"Düsen";"16829";"Breitstrahldüse"
"2313";"Düsen";"16820";"Flachstrahldüse"
"2313";"Düsen";"16819";"Gasdüse"
"2313";"Düsen";"16830";"Langdüse"
"2313";"Düsen";"16825";"Massagedüse"
"2313";"Düsen";"16827";"Nebeldüse"
"2313";"Düsen";"16831";"Pool-Einlaufdüse"
"2313";"Düsen";"16822";"Reduzierdüse"
"2313";"Düsen";"16824";"Reflektordüse"
"2313";"Düsen";"16832";"Sprühdüse"
"2313";"Düsen";"16821";"Sprühkegel"
"2313";"Düsen";"16826";"Stromdüse"
"2313";"Düsen";"16828";"WC-Duschdüse"
"2314";"E-Bike Umbausätze";"16834";"E-Bike Umbausatz Hinterrad"
"2314";"E-Bike Umbausätze";"16833";"E-Bike Umbausatz Vorderrad"
"2315";"Echolote";"16835";"Fischfinder"
"2315";"Echolote";"16836";"GPS-Echolot"
"2316";"Edelsteine";"16838";"Edelstein"
"2316";"Edelsteine";"16837";"Mineralstein"
"2317";"Eierbecher";"16839";"Eierbecher"
"2318";"Eierkocher";"16840";"Eierkocher"
"2318";"Eierkocher";"16841";"Mikrowellen-Eierkocher"
"2319";"Eimer";"16848";"Balleimer"
"2319";"Eimer";"16852";"Baueimer"
"2319";"Eimer";"16845";"Falteimer"
"2319";"Eimer";"16847";"Farbmischeimer"
"2319";"Eimer";"16846";"Farbwanne"
"2319";"Eimer";"16850";"Köderfischeimer"
"2319";"Eimer";"16844";"Mörtelkasten"
"2319";"Eimer";"16843";"Mörtelkübel"
"2319";"Eimer";"16849";"Putzeimer"
"2319";"Eimer";"16842";"Spachtelbecher"
"2319";"Eimer";"16853";"Toilettenstuhl-Eimer"
"2319";"Eimer";"16851";"Wischtuchpresse"
"2320";"Einachser";"16856";"Balkenmäher"
"2320";"Einachser";"16861";"Baumstumpffräse"
"2320";"Einachser";"16860";"Benzin-Kehrmaschine"
"2320";"Einachser";"16857";"Einachsschlepper"
"2320";"Einachser";"16858";"Fadenmäher"
"2320";"Einachser";"16855";"Kehrmaschine"
"2320";"Einachser";"16859";"Motor-Wildkrautbürste"
"2320";"Einachser";"16854";"Motoreinachser"
"2321";"Einbaurahmen";"16863";"Absenkrahmen"
"2321";"Einbaurahmen";"16864";"Abwurfring"
"2321";"Einbaurahmen";"16862";"Einbaurahmen"
"2321";"Einbaurahmen";"16865";"Inlayrahmen"
"2321";"Einbaurahmen";"16866";"Montagehilfe für Lüfterbaustein"
"2322";"Eindeckrahmen";"16867";"Aufkeilrahmen"
"2322";"Eindeckrahmen";"16868";"Eindeckrahmen"
"2323";"Einfädelhilfen";"16869";"Angelschnur-Einfädelhilfe"
"2323";"Einfädelhilfen";"16870";"Nadeleinfädler"
"2324";"Eingabegeräte-Sets";"16874";"Eingabegeräte-Set"
"2324";"Eingabegeräte-Sets";"16872";"Maus- und Mauspad-Set"
"2324";"Eingabegeräte-Sets";"16871";"Tastatur- und Headset-Set"
"2324";"Eingabegeräte-Sets";"16873";"Tastatur- und Maus-Set"
"2324";"Eingabegeräte-Sets";"16875";"Tastatur-, Maus- und Mauspad-Set"
"2325";"Eingabestifte";"16877";"Eingabestift"
"2325";"Eingabestifte";"16876";"Eingabestift-Adapter"
"2326";"Einkaufskörbe";"16879";"Einkaufsbeutel"
"2326";"Einkaufskörbe";"16883";"Einkaufskorb"
"2326";"Einkaufskörbe";"16878";"Einkaufsshopper"
"2326";"Einkaufskörbe";"16885";"Einkaufstrolley"
"2326";"Einkaufskörbe";"16882";"Flaschenkorb"
"2326";"Einkaufskörbe";"16881";"Klappbox"
"2326";"Einkaufskörbe";"16884";"Transporttrolley"
"2326";"Einkaufskörbe";"16880";"Trolleygestell"
"2327";"Einkochautomaten";"16889";"3-in-1-Kombi-Einkochautomat"
"2327";"Einkochautomaten";"16888";"Einkoch- und Glühweinautomat"
"2327";"Einkochautomaten";"16890";"Einkoch- und Heißgetränkeautomat"
"2327";"Einkochautomaten";"16886";"Einkochautomat"
"2327";"Einkochautomaten";"16887";"Heißgetränke- und Glühweinautomat"
"2328";"Einlegeböden";"16893";"Einlegeboden"
"2328";"Einlegeböden";"16892";"Hochbeet-Zwischenboden"
"2328";"Einlegeböden";"16891";"Regaleinsatz"
"2328";"Einlegeböden";"16894";"Schrankeinsatz"
"2329";"Einlegesohlen";"16907";"Aktivsohlen"
"2329";"Einlegesohlen";"16901";"Barfußsohlen"
"2329";"Einlegesohlen";"16900";"Einlegesohlen"
"2329";"Einlegesohlen";"16909";"Fersenkissen"
"2329";"Einlegesohlen";"16919";"Fersenpolster"
"2329";"Einlegesohlen";"16917";"Fersenschutz"
"2329";"Einlegesohlen";"16905";"Fersenspornhilfe"
"2329";"Einlegesohlen";"16912";"Filzsohlen"
"2329";"Einlegesohlen";"16898";"Frischesohlen"
"2329";"Einlegesohlen";"16915";"Fuß- und Gelenkdämpfer"
"2329";"Einlegesohlen";"16903";"Fußbetteinlage"
"2329";"Einlegesohlen";"16908";"Gelpolster"
"2329";"Einlegesohlen";"16911";"Gelsohlen"
"2329";"Einlegesohlen";"16902";"Halbsohlen"
"2329";"Einlegesohlen";"16918";"Korksohlen"
"2329";"Einlegesohlen";"16899";"Lammfellsohlen"
"2329";"Einlegesohlen";"16895";"Ledersohlen"
"2329";"Einlegesohlen";"16913";"Luftkissen-Schuheinlage"
"2329";"Einlegesohlen";"16910";"orthopädische Schuheinlagen"
"2329";"Einlegesohlen";"16906";"Pelotte"
"2329";"Einlegesohlen";"16904";"Schuhfüller"
"2329";"Einlegesohlen";"16897";"Schuhpolster"
"2329";"Einlegesohlen";"16914";"Senkfußkeil"
"2329";"Einlegesohlen";"16916";"Spreizfußpolster"
"2329";"Einlegesohlen";"16896";"Thermosohlen"
"2330";"Eisenbahn-Schienensets";"16920";"Gleise-Set"
"2330";"Eisenbahn-Schienensets";"16921";"Kinderfahrzeug-Schienen"
"2331";"Eisfreihalter";"16922";"Eisfreihalter"
"2332";"Eiskübel";"16923";"Eiseimer"
"2332";"Eiskübel";"16926";"Elektrischer Weinkühler"
"2332";"Eiskübel";"16928";"Outdoor-Flaschenkühler"
"2332";"Eiskübel";"16927";"Sektkühler"
"2332";"Eiskübel";"16925";"Wein- und Sektkühler"
"2332";"Eiskübel";"16924";"Weinkühler"
"2333";"Eismaschinen";"16929";"Eismaschine"
"2333";"Eismaschinen";"16930";"Slush-Eismaschine"
"2334";"Eispickel";"16931";"Eispickel"
"2335";"Eiswürfelbereiter";"16934";"Eiscrusher"
"2335";"Eiswürfelbereiter";"16933";"Eisflockenbereiter"
"2335";"Eiswürfelbereiter";"16935";"Eiswürfelmaschine"
"2335";"Eiswürfelbereiter";"16932";"Elektrischer Eiswürfelbereiter"
"2336";"Elastikbodenbeläge";"16936";"Vinylboden"
"2336";"Elastikbodenbeläge";"16937";"Vinylfliesen"
"2337";"Elektro-Kinderfahrzeuge";"16942";"Elektro-Kinderauto"
"2337";"Elektro-Kinderfahrzeuge";"16945";"Elektro-Kinderbagger"
"2337";"Elektro-Kinderfahrzeuge";"16946";"Elektro-Kinderdreirad"
"2337";"Elektro-Kinderfahrzeuge";"16943";"Elektro-Kindermotorrad"
"2337";"Elektro-Kinderfahrzeuge";"16941";"Elektro-Kinderquad"
"2337";"Elektro-Kinderfahrzeuge";"16938";"Elektro-Kinderroller"
"2337";"Elektro-Kinderfahrzeuge";"16944";"Elektro-Kindertraktor"
"2337";"Elektro-Kinderfahrzeuge";"16940";"Elektro-Kindertrike"
"2337";"Elektro-Kinderfahrzeuge";"16939";"Elektro-Kinderzug"
"2338";"Elektro-Muskel-Stimulationsgeräte";"16956";"Beckenboden-Elektrostimulationsgerät"
"2338";"Elektro-Muskel-Stimulationsgeräte";"16955";"Elektro-Akupunkturgerät"
"2338";"Elektro-Muskel-Stimulationsgeräte";"16952";"EMS-Arm-Trainer"
"2338";"Elektro-Muskel-Stimulationsgeräte";"16948";"EMS-Bauchmuskeltrainer"
"2338";"Elektro-Muskel-Stimulationsgeräte";"16953";"EMS-Fußmassage-Gerät"
"2338";"Elektro-Muskel-Stimulationsgeräte";"16950";"EMS-Gerät"
"2338";"Elektro-Muskel-Stimulationsgeräte";"16954";"EMS-Po-Trainer"
"2338";"Elektro-Muskel-Stimulationsgeräte";"16958";"Impulsstift"
"2338";"Elektro-Muskel-Stimulationsgeräte";"16949";"Menstruations-Pad"
"2338";"Elektro-Muskel-Stimulationsgeräte";"16947";"Rückengürtel"
"2338";"Elektro-Muskel-Stimulationsgeräte";"16957";"TENS-EMS-Gerät"
"2338";"Elektro-Muskel-Stimulationsgeräte";"16951";"TENS-Gerät"
"2339";"Elektroauto-Ladestationen";"16959";"Elektroauto-Ladestation"
"2340";"Elektroden";"16960";"Elektrodenpad"
"2340";"Elektroden";"16961";"Elektrodenpads"
"2341";"Elektrofahrräder";"16962";"E-Bike"
"2341";"Elektrofahrräder";"16963";"S-Pedelec"
"2342";"Elektrofußwärmer";"16964";"Elektrofußwärmer"
"2343";"Elektrohaarbürsten";"16967";"Elektrohaarbürste"
"2343";"Elektrohaarbürsten";"16969";"Elektrohaarentwirrbürste"
"2343";"Elektrohaarbürsten";"16968";"Elektroläusekamm"
"2343";"Elektrohaarbürsten";"16966";"Haarglättbürste"
"2343";"Elektrohaarbürsten";"16965";"Ionen-Haarbürste"
"2344";"Elektrohautpflegebürsten";"16970";"Elektrische Gesichtsreinigungsbürste"
"2344";"Elektrohautpflegebürsten";"16971";"Elektrische Hautpflegebürste"
"2345";"Elektrohornhautentferner";"16972";"Elektrischer Hornhautentferner"
"2346";"Elektrokaminöfen";"16973";"Elektrokamin"
"2347";"Elektrokardiogramm-Geräte";"16974";"EKG-Gerät"
"2348";"Elektromobile";"16975";"Elektromobil"
"2349";"Elektromotorroller";"16977";"E-Mofaroller"
"2349";"Elektromotorroller";"16978";"E-Motorrad"
"2349";"Elektromotorroller";"16976";"E-Motorroller"
"2350";"Elektropfannen";"16982";"Elektrische Grillpfanne"
"2350";"Elektropfannen";"16983";"Elektrische Multipfanne"
"2350";"Elektropfannen";"16980";"Elektrische Paellapfanne"
"2350";"Elektropfannen";"16979";"Elektrische Partypfanne"
"2350";"Elektropfannen";"16984";"Elektrische Pfanne"
"2350";"Elektropfannen";"16986";"Elektrische Pizzapfanne"
"2350";"Elektropfannen";"16985";"Elektrische Wokpfanne"
"2350";"Elektropfannen";"16981";"Schongarer"
"2351";"Elektrorasierer";"16991";"Elektrogesichtshaarentferner"
"2351";"Elektrorasierer";"16987";"Elektrokörperrasierer"
"2351";"Elektrorasierer";"16988";"Elektrorasierer"
"2351";"Elektrorasierer";"16989";"Gesichtshaarrasierer"
"2351";"Elektrorasierer";"16990";"Haarentferner-Set"
"2352";"Elektroreinigungsbürsten";"16995";"Akku-Fugenbürste"
"2352";"Elektroreinigungsbürsten";"16992";"Akku-Oberflächenbürste"
"2352";"Elektroreinigungsbürsten";"16993";"Elektro-Fugenbürste"
"2352";"Elektroreinigungsbürsten";"16994";"Elektro-Oberflächenbürste"
"2353";"Elektrowerkzeug-Funktionsaufsätze";"16996";"Entfernungsmesser-Adapter"
"2354";"Elektrowerkzeug-Ständer";"16999";"Bohrständer"
"2354";"Elektrowerkzeug-Ständer";"17001";"Kappsägen-Untergestell"
"2354";"Elektrowerkzeug-Ständer";"17000";"Oberfräsenvorsatz"
"2354";"Elektrowerkzeug-Ständer";"16998";"Oberfrästisch"
"2354";"Elektrowerkzeug-Ständer";"16997";"Trennständer"
"2355";"Elektrozahnbürsten";"17007";"Elektrische Kinderzahnbürste"
"2355";"Elektrozahnbürsten";"17006";"Elektrische Zahnbürste"
"2355";"Elektrozahnbürsten";"17004";"Schall-Zahnreinigungsgerät"
"2355";"Elektrozahnbürsten";"17005";"Schallzahnbürste"
"2355";"Elektrozahnbürsten";"17002";"Ultraschallzahnbürste"
"2355";"Elektrozahnbürsten";"17003";"Zwischenraumreiniger"
"2356";"Entkerner";"17008";"Entkerner"
"2356";"Entkerner";"17009";"Entsteiner"
"2357";"Entsafter";"17013";"2in1 Entsafter"
"2357";"Entsafter";"17014";"2in1 Zitruspresse"
"2357";"Entsafter";"17011";"Entsafter"
"2357";"Entsafter";"17012";"Slow Juicer"
"2357";"Entsafter";"17015";"Zentrifugenentsafter"
"2357";"Entsafter";"17010";"Zitruspresse"
"2358";"Epilierer";"17018";"Epilierer"
"2358";"Epilierer";"17019";"Gesichtsepilierer"
"2358";"Epilierer";"17016";"Intimepilierer"
"2358";"Epilierer";"17017";"Präzisionsepilierer"
"2359";"Equalizer";"17020";"Equalizer"
"2360";"Erdbohrer";"17021";"Erdbohrer"
"2360";"Erdbohrer";"17022";"Handerdbohrer"
"2361";"Ersatzbrenner";"17023";"Ersatzbrenner"
"2361";"Ersatzbrenner";"17024";"Gasgrill-Brenner"
"2361";"Ersatzbrenner";"17026";"Schrumpfbrenner"
"2361";"Ersatzbrenner";"17025";"Spitzbrenner"
"2361";"Ersatzbrenner";"17027";"Weichlötbrenner"
"2361";"Ersatzbrenner";"17028";"Zyklonbrenner"
"2362";"Erste-Hilfe-Sets";"17029";"Erste-Hilfe-Koffer"
"2362";"Erste-Hilfe-Sets";"17031";"Erste-Hilfe-Set"
"2362";"Erste-Hilfe-Sets";"17030";"KFZ-Verbandkasten"
"2362";"Erste-Hilfe-Sets";"17032";"KFZ-Verbandtasche"
"2363";"Essbesteck-Sets";"17033";"Besteck-Set"
"2363";"Essbesteck-Sets";"17038";"Besteckkoffer"
"2363";"Essbesteck-Sets";"17039";"Einwegbesteck-Set"
"2363";"Essbesteck-Sets";"17036";"Fischbesteck"
"2363";"Essbesteck-Sets";"17035";"Kinderbesteck"
"2363";"Essbesteck-Sets";"17037";"Spaghettibesteck"
"2363";"Essbesteck-Sets";"17034";"Steakbesteck"
"2364";"Essgabeln";"17045";"Austerngabel"
"2364";"Essgabeln";"17042";"Brotzeitgabel"
"2364";"Essgabeln";"17041";"Einweggabel"
"2364";"Essgabeln";"17044";"Fischgabel"
"2364";"Essgabeln";"17049";"Fonduegabel"
"2364";"Essgabeln";"17040";"Hummergabel"
"2364";"Essgabeln";"17048";"Kuchengabel"
"2364";"Essgabeln";"17046";"Serviergabel"
"2364";"Essgabeln";"17047";"Spaghettigabel"
"2364";"Essgabeln";"17043";"Tafelgabel"
"2365";"Esslöffel";"17069";"Bestecklöffel"
"2365";"Esslöffel";"17054";"Campinglöffel"
"2365";"Esslöffel";"17070";"Dessertlöffel"
"2365";"Esslöffel";"17063";"Eierlöffel"
"2365";"Esslöffel";"17060";"Einweglöffel"
"2365";"Esslöffel";"17062";"Eislöffel"
"2365";"Esslöffel";"17059";"Espressolöffel"
"2365";"Esslöffel";"17057";"Esslernlöffel"
"2365";"Esslöffel";"17052";"Esslöffel"
"2365";"Esslöffel";"17053";"Fingerfood-Löffel"
"2365";"Esslöffel";"17056";"Kaffeelöffel"
"2365";"Esslöffel";"17050";"Kinderlöffel"
"2365";"Esslöffel";"17068";"Kunststofflöffel"
"2365";"Esslöffel";"17061";"Latte-Macchiato-Löffel"
"2365";"Esslöffel";"17064";"Longdrinklöffel"
"2365";"Esslöffel";"17058";"Marmeladenlöffel"
"2365";"Esslöffel";"17067";"Reiselöffel"
"2365";"Esslöffel";"17065";"Silberlöffel"
"2365";"Esslöffel";"17055";"Suppenlöffel"
"2365";"Esslöffel";"17051";"Teelöffel"
"2365";"Esslöffel";"17066";"Zuckerlöffel"
"2366";"Essmesser";"17078";"Brotzeitmesser"
"2366";"Essmesser";"17075";"Buttermesser"
"2366";"Essmesser";"17073";"Dessertmesser"
"2366";"Essmesser";"17076";"Einwegmesser"
"2366";"Essmesser";"17074";"Fischmesser"
"2366";"Essmesser";"17071";"Pizzamesser"
"2366";"Essmesser";"17077";"Steakmesser"
"2366";"Essmesser";"17072";"Tafelmesser"
"2367";"Essstäbchen";"17079";"Essstäbchen"
"2368";"Etagenbetten";"17080";"Etagenbett"
"2369";"Etiketten";"17084";"Etikett"
"2369";"Etiketten";"17082";"Etiketten"
"2369";"Etiketten";"17081";"Etikettenrolle"
"2369";"Etiketten";"17083";"Thermorolle"
"2370";"Experimentierkästen";"17085";"Experimentierkasten"
"2502";"Fächer";"17833";"Handfächer"
"2502";"Fächer";"17834";"Wandfächer"
"2371";"Fahnen";"17093";"Begrenzungsstangen-Fahne"
"2371";"Fahnen";"17086";"Eckfahne"
"2371";"Fahnen";"17094";"Fahne"
"2371";"Fahnen";"17095";"Fahrradwimpel"
"2371";"Fahnen";"17091";"Flagge"
"2371";"Fahnen";"17092";"Golffahne"
"2371";"Fahnen";"17090";"Kampfrichterfahne"
"2371";"Fahnen";"17089";"Linienrichter-Fahne"
"2371";"Fahnen";"17088";"Sicherheitsfahne"
"2371";"Fahnen";"17087";"Slalomstangen-Fahne"
"2372";"Fahrradanhänger";"17097";"Fahrradhundeanhänger"
"2372";"Fahrradanhänger";"17098";"Fahrradkinderanhänger"
"2372";"Fahrradanhänger";"17099";"Fahrradlastenanhänger"
"2372";"Fahrradanhänger";"17096";"Fahrradnachläufer"
"2373";"Fahrradbremsen";"17101";"Bandbremse"
"2373";"Fahrradbremsen";"17105";"Cantilever-Bremse"
"2373";"Fahrradbremsen";"17104";"Felgenbremse"
"2373";"Fahrradbremsen";"17103";"Klotzbremse"
"2373";"Fahrradbremsen";"17108";"Mini-V-Brake"
"2373";"Fahrradbremsen";"17109";"Rekuperationsbremse"
"2373";"Fahrradbremsen";"17107";"Rollenbremse"
"2373";"Fahrradbremsen";"17102";"Roller-cam-Bremse"
"2373";"Fahrradbremsen";"17112";"Rücktrittbremse"
"2373";"Fahrradbremsen";"17111";"Scheibenbremse"
"2373";"Fahrradbremsen";"17110";"Trommelbremse"
"2373";"Fahrradbremsen";"17100";"U-Brake"
"2373";"Fahrradbremsen";"17106";"V-Brake"
"2374";"Fahrradcomputer";"17113";"Fahrradcomputer"
"2374";"Fahrradcomputer";"17115";"Motorradcomputer"
"2374";"Fahrradcomputer";"17114";"Speedbike-Trainingscomputer"
"2392";"Fahrräder";"17176";"ATB"
"2392";"Fahrräder";"17164";"BMX-Rad"
"2392";"Fahrräder";"17170";"Cargorad"
"2392";"Fahrräder";"17163";"Cityrad"
"2392";"Fahrräder";"17168";"Crossrad"
"2392";"Fahrräder";"17181";"Cruiser"
"2392";"Fahrräder";"17166";"Cyclocross-Rad"
"2392";"Fahrräder";"17171";"Dirt-Bike"
"2392";"Fahrräder";"17177";"Einrad"
"2392";"Fahrräder";"17183";"Erwachsenendreirad"
"2392";"Fahrräder";"17179";"Faltrad"
"2392";"Fahrräder";"17186";"Fatbike"
"2392";"Fahrräder";"17173";"Fitnessbike"
"2392";"Fahrräder";"17162";"Gravelbike"
"2392";"Fahrräder";"17160";"Hollandrad"
"2392";"Fahrräder";"17182";"Jugendfahrrad"
"2392";"Fahrräder";"17178";"Kinderfahrrad"
"2392";"Fahrräder";"17184";"Klapprad"
"2392";"Fahrräder";"17161";"Mountainbike"
"2392";"Fahrräder";"17175";"Nostalgierad"
"2392";"Fahrräder";"17180";"Rennrad"
"2392";"Fahrräder";"17185";"Singlespeed"
"2392";"Fahrräder";"17169";"Tandem"
"2392";"Fahrräder";"17172";"Tourenrad"
"2392";"Fahrräder";"17174";"Trekkingrad"
"2392";"Fahrräder";"17165";"Triathlonrad"
"2392";"Fahrräder";"17167";"Urbanbike"
"2375";"Fahrradgabeln";"17116";"Federgabel"
"2375";"Fahrradgabeln";"17117";"Starrgabel"
"2376";"Fahrradhalterungen";"17121";"Fahrraddeckenhalterung"
"2376";"Fahrradhalterungen";"17118";"Fahrradhalter"
"2376";"Fahrradhalterungen";"17119";"Fahrradlift"
"2376";"Fahrradhalterungen";"17120";"Fahrradwandhalterung"
"2377";"Fahrradketten";"17122";"Fahrradkette"
"2377";"Fahrradketten";"17123";"Fahrradketten"
"2377";"Fahrradketten";"17124";"Motorradkette"
"2378";"Fahrradklingeln";"17125";"Fahrradklingel"
"2379";"Fahrradkurbeln";"17126";"Fahrradkurbel"
"2380";"Fahrradlampen";"17127";"Fahrrad-Frontlicht"
"2380";"Fahrradlampen";"17129";"Fahrrad-Rücklicht"
"2380";"Fahrradlampen";"17128";"Fahrradbeleuchtung"
"2381";"Fahrradlenker";"17130";"Fahrradlenker"
"2382";"Fahrradnaben";"17131";"Hinterradnabe"
"2382";"Fahrradnaben";"17132";"Vorderradnabe"
"2383";"Fahrradparksysteme";"17133";"Fahrradständer"
"2384";"Fahrradpedale";"17135";"Blockpedale"
"2384";"Fahrradpedale";"17141";"Fahrradpedale"
"2384";"Fahrradpedale";"17142";"Großflächenpedale"
"2384";"Fahrradpedale";"17140";"Hakenpedale"
"2384";"Fahrradpedale";"17144";"Klapppedale"
"2384";"Fahrradpedale";"17136";"Klickpedale"
"2384";"Fahrradpedale";"17134";"Kombipedale"
"2384";"Fahrradpedale";"17145";"Krallenpedale"
"2384";"Fahrradpedale";"17137";"Magnetpedale"
"2384";"Fahrradpedale";"17138";"Plattformpedale"
"2384";"Fahrradpedale";"17143";"Steckpedale"
"2384";"Fahrradpedale";"17139";"Universalpedale"
"2385";"Fahrradrahmen";"17146";"Fahrradrahmen"
"2386";"Fahrradreifen";"17147";"Fahrradreifen"
"2390";"Fahrradsättel";"17154";"Einradsattel"
"2390";"Fahrradsättel";"17153";"Fahrradsattel"
"2387";"Fahrradschaltungen";"17149";"Kettenschaltung"
"2387";"Fahrradschaltungen";"17150";"Nabenschaltung"
"2387";"Fahrradschaltungen";"17148";"Schaltung"
"2388";"Fahrradschaltzüge";"17151";"Schaltzug"
"2389";"Fahrradschläuche";"17152";"Fahrradschlauch"
"2391";"Fahrradträger";"17156";"Dachfahrradträger"
"2391";"Fahrradträger";"17159";"Fahrrad-Deichselträger"
"2391";"Fahrradträger";"17157";"Fahrradträger-Erweiterung"
"2391";"Fahrradträger";"17158";"Heckfahrradträger"
"2391";"Fahrradträger";"17155";"Kupplungsfahrradträger"
"2393";"Fahrzeug-Schubstangen";"17187";"Fahrzeug-Schubstange"
"2394";"Fahrzeug-Spielwelten";"17197";"Pylonen"
"2394";"Fahrzeug-Spielwelten";"17194";"Spiel-Ampelanlage"
"2394";"Fahrzeug-Spielwelten";"17191";"Spiel-Feuerwehrwache"
"2394";"Fahrzeug-Spielwelten";"17188";"Spiel-Gebäude"
"2394";"Fahrzeug-Spielwelten";"17189";"Spiel-Parkgarage"
"2394";"Fahrzeug-Spielwelten";"17190";"Spiel-Parkhaus"
"2394";"Fahrzeug-Spielwelten";"17195";"Spiel-Parkplatz"
"2394";"Fahrzeug-Spielwelten";"17193";"Spiel-Polizeistation"
"2394";"Fahrzeug-Spielwelten";"17196";"Spiel-Verkehrsschranke"
"2394";"Fahrzeug-Spielwelten";"17192";"Spiel-Verkehrszeichen"
"2395";"Fahrzeugheber";"17201";"Getriebeheber"
"2395";"Fahrzeugheber";"17199";"Motorradheber"
"2395";"Fahrzeugheber";"17198";"Rangierwagenheber"
"2395";"Fahrzeugheber";"17200";"Wagenheber"
"2396";"Fahrzeugspiegel";"17203";"Autospiegel"
"2396";"Fahrzeugspiegel";"17205";"Fahrradspiegel"
"2396";"Fahrzeugspiegel";"17204";"Motorradspiegel"
"2396";"Fahrzeugspiegel";"17202";"Rollerspiegel"
"2397";"Fahrzeugstoßstangen";"17207";"Frontstoßstange"
"2397";"Fahrzeugstoßstangen";"17206";"Heckstoßstange"
"2398";"Faltbetten";"17213";"Angelliege"
"2398";"Faltbetten";"17212";"Campingliege"
"2398";"Faltbetten";"17208";"Faltbett"
"2398";"Faltbetten";"17210";"Feldbett"
"2398";"Faltbetten";"17209";"Gästebett"
"2398";"Faltbetten";"17211";"Karpfenliege"
"2398";"Faltbetten";"17215";"Reisebett"
"2398";"Faltbetten";"17214";"Schlafhocker"
"2399";"Faltenbälge";"17216";"Faltenbalg"
"2400";"Falttür-Lamellen";"17217";"Falttür-Lamelle"
"2401";"Falzmaschinen";"17218";"Falzmaschine"
"2402";"Fanghandschuhe";"17220";"Baseballhandschuh"
"2402";"Fanghandschuhe";"17219";"Eishockey-Torwarthandschuh"
"2403";"Farben";"17244";"Abtönkonzentrat"
"2403";"Farben";"17296";"Acryl-Buntlack"
"2403";"Farben";"17286";"Acryl-Flüssigkunststoff"
"2403";"Farben";"17256";"Acrylfarbe"
"2403";"Farben";"17271";"Aquarellfarbe"
"2403";"Farben";"17266";"Bastelfarbe"
"2403";"Farben";"17264";"Bodenversiegelung"
"2403";"Farben";"17287";"Dach- und Sockelfarbe"
"2403";"Farben";"17268";"Dachfarbe"
"2403";"Farben";"17265";"Dickschichtlasur"
"2403";"Farben";"17270";"Effekt-Zusatz"
"2403";"Farben";"17276";"Eierfarbe"
"2403";"Farben";"17259";"Farbkasten"
"2403";"Farben";"17228";"Fassadenfarbe"
"2403";"Farben";"17263";"Feuchtraumfarbe"
"2403";"Farben";"17261";"Fingerfarbe"
"2403";"Farben";"17257";"Firnis"
"2403";"Farben";"17239";"Fliesenlack"
"2403";"Farben";"17262";"Grundierfarbe"
"2403";"Farben";"17226";"Hartholzöl"
"2403";"Farben";"17288";"Hartwachsöl"
"2403";"Farben";"17223";"Harzfarbe"
"2403";"Farben";"17292";"Heizkörperlack"
"2403";"Farben";"17274";"Heizungskellerfarbe"
"2403";"Farben";"17241";"Holzbeize"
"2403";"Farben";"17255";"Holzlack"
"2403";"Farben";"17275";"Holzöl"
"2403";"Farben";"17291";"Holzschutzlasur"
"2403";"Farben";"17269";"Holzwurm-Ex"
"2403";"Farben";"17294";"Impact Spray"
"2403";"Farben";"17282";"Kerzenmalfarbe"
"2403";"Farben";"17245";"Kinderfarbe"
"2403";"Farben";"17248";"Klarlack"
"2403";"Farben";"17272";"Kreidefarbe"
"2403";"Farben";"17222";"Kreidespray"
"2403";"Farben";"17290";"Kunstharzlack"
"2403";"Farben";"17279";"Lack"
"2403";"Farben";"17252";"Lasur"
"2403";"Farben";"17281";"Latexfarbe"
"2403";"Farben";"17224";"Leinölfirnis"
"2403";"Farben";"17233";"Linoldruckfarbe"
"2403";"Farben";"17260";"Magnetfarbe"
"2403";"Farben";"17247";"Malpaste"
"2403";"Farben";"17242";"Metallglanzfarbe"
"2403";"Farben";"17258";"Metallschutzlack"
"2403";"Farben";"17236";"Nikotinsperre"
"2403";"Farben";"17297";"Ölfarbe"
"2403";"Farben";"17238";"Pastellkreide"
"2403";"Farben";"17250";"Plakatfarbe"
"2403";"Farben";"17230";"Porzellanfarbe"
"2403";"Farben";"17234";"Pulverbeize"
"2403";"Farben";"17225";"Rostblocker"
"2403";"Farben";"17285";"Schablonierfarbe"
"2403";"Farben";"17221";"Sockelfarbe"
"2403";"Farben";"17243";"Spachtelmasse"
"2403";"Farben";"17229";"Sprühfarbe"
"2403";"Farben";"17235";"Sprühlack"
"2403";"Farben";"17240";"Steinmalfarbe"
"2403";"Farben";"17254";"Strukturpaste"
"2403";"Farben";"17249";"Tafelfarbe"
"2403";"Farben";"17278";"Tapetenschutz"
"2403";"Farben";"17283";"Teakholzöl"
"2403";"Farben";"17251";"Temperafarbe"
"2403";"Farben";"17280";"Treppen- und Parkettlack"
"2403";"Farben";"17267";"Tür- und Fensterlack"
"2403";"Farben";"17253";"Tusche"
"2403";"Farben";"17232";"Vollton- und Abtönfarbe"
"2403";"Farben";"17246";"Wachsmalfarbe"
"2403";"Farben";"17284";"Wand- und Deckenfarbe"
"2403";"Farben";"17273";"Wandfarbe"
"2403";"Farben";"17237";"Wasserfarbe"
"2403";"Farben";"17295";"Weißlack"
"2403";"Farben";"17289";"Wetterschutzfarbe"
"2403";"Farben";"17293";"Wohnraumlasur"
"2403";"Farben";"17227";"Zeichenfarbe"
"2403";"Farben";"17231";"Zeichentusche"
"2403";"Farben";"17277";"Zementfarbe"
"2404";"Farbmittel";"17299";"Farbpigment"
"2404";"Farbmittel";"17298";"Lebensmittelfarbstoff"
"2404";"Farbmittel";"17300";"Stoffmalfarbe"
"2404";"Farbmittel";"17301";"Textilfarbe"
"2405";"Farbroller";"17307";"Farbroller"
"2405";"Farbroller";"17303";"Farbwalze"
"2405";"Farbroller";"17302";"Fassadenwalze"
"2405";"Farbroller";"17306";"Kleisterroller"
"2405";"Farbroller";"17304";"Lackroller"
"2405";"Farbroller";"17305";"Strukturroller"
"2406";"Farbsprühgeräte";"17309";"Airbrush-Kompressor"
"2406";"Farbsprühgeräte";"17308";"Farbsprühgerät"
"2407";"Faszien-Boards";"17310";"Faszien-Board"
"2408";"Feilen";"17311";"Feile"
"2408";"Feilen";"17315";"Fliesenfeile"
"2408";"Feilen";"17313";"Raspel"
"2408";"Feilen";"17312";"Schlüsselfeile"
"2408";"Feilen";"17314";"Werkstattfeile"
"2409";"Felgenbäume";"17316";"Felgenbaum"
"2410";"Fellkämme";"17324";"Entfilzungsharke"
"2410";"Fellkämme";"17321";"Fellbürste"
"2410";"Fellkämme";"17326";"Fellentwirrer"
"2410";"Fellkämme";"17325";"Fellkamm"
"2410";"Fellkämme";"17323";"Fellpflegehandschuh"
"2410";"Fellkämme";"17327";"Flohkamm"
"2410";"Fellkämme";"17317";"Kardätsche"
"2410";"Fellkämme";"17320";"Mähnenbürste"
"2410";"Fellkämme";"17328";"Pferdebürste"
"2410";"Fellkämme";"17331";"Putzzeug-Set"
"2410";"Fellkämme";"17322";"Striegel"
"2410";"Fellkämme";"17319";"Unterwollharke"
"2410";"Fellkämme";"17330";"Unterwollrechen"
"2410";"Fellkämme";"17329";"Wurzelbürste"
"2410";"Fellkämme";"17318";"Zupfbürste"
"2411";"Fellpflegemittel";"17332";"Ekzemerpflege"
"2411";"Fellpflegemittel";"17335";"Fellpflege"
"2411";"Fellpflegemittel";"17336";"Hufpflegemittel"
"2411";"Fellpflegemittel";"17333";"Pfotenpflege"
"2411";"Fellpflegemittel";"17337";"Tier-Hautpflegemittel"
"2411";"Fellpflegemittel";"17334";"Tiershampoo"
"2412";"Fenster";"17338";"Balkontür"
"2412";"Fenster";"17342";"Dachfenster"
"2412";"Fenster";"17343";"Fenster"
"2412";"Fenster";"17340";"Kellerfenster"
"2412";"Fenster";"17341";"Kunststofffenster"
"2412";"Fenster";"17339";"Saunafenster"
"2414";"Fensterbänke";"17347";"Fensterbank"
"2413";"Fensterbilder";"17344";"Beleuchtetes Fensterbild"
"2413";"Fensterbilder";"17345";"Fensterbild"
"2413";"Fensterbilder";"17346";"Fensterdekoration"
"2415";"Fensterfolien";"17348";"Fensterfolie"
"2415";"Fensterfolien";"17349";"Fenstersticker"
"2415";"Fensterfolien";"17350";"Sonnenschutz"
"2415";"Fensterfolien";"17351";"Sonnenschutz-Fensterfolie"
"2416";"Fenstergriffe";"17352";"Alarmfenstergriff"
"2416";"Fenstergriffe";"17353";"Fenstergriff"
"2417";"Fensterläden";"17354";"Fensterladen"
"2418";"Fensterreiniger";"17358";"Akku-Fensterreiniger"
"2418";"Fensterreiniger";"17357";"Akku-Fenstersauger"
"2418";"Fensterreiniger";"17359";"Fensterputzroboter"
"2418";"Fensterreiniger";"17356";"Fensterreiniger"
"2418";"Fensterreiniger";"17355";"Fenstersauger"
"2419";"Fensterstopper";"17360";"Fensterstopper"
"2420";"Fernbedienungen";"17362";"Fernbedienung"
"2420";"Fernbedienungen";"17365";"HUB"
"2420";"Fernbedienungen";"17364";"Medienfernbedienung"
"2420";"Fernbedienungen";"17367";"Presenter"
"2420";"Fernbedienungen";"17361";"Smart-Home-Fernbedienung"
"2420";"Fernbedienungen";"17366";"Smarte Fernbedienung"
"2420";"Fernbedienungen";"17363";"Universal-Fernbedienung"
"2420";"Fernbedienungen";"17368";"Universal-Smart-TV-Fernbedienung"
"2421";"Ferngläser";"17376";"Binocular"
"2421";"Ferngläser";"17371";"Fernglas"
"2421";"Ferngläser";"17374";"Fernrohr"
"2421";"Ferngläser";"17372";"Kinderfernglas"
"2421";"Ferngläser";"17370";"Kinderfernrohr"
"2421";"Ferngläser";"17373";"Monokular"
"2421";"Ferngläser";"17377";"Opernglas"
"2421";"Ferngläser";"17369";"Spektiv"
"2421";"Ferngläser";"17375";"Zielfernrohr"
"2422";"Fernlenkfahrzeuge";"17397";"RC-Auto"
"2422";"Fernlenkfahrzeuge";"17398";"RC-Bagger"
"2422";"Fernlenkfahrzeuge";"17395";"RC-Boot"
"2422";"Fernlenkfahrzeuge";"17394";"RC-Buggy"
"2422";"Fernlenkfahrzeuge";"17386";"RC-Bus"
"2422";"Fernlenkfahrzeuge";"17396";"RC-Figur"
"2422";"Fernlenkfahrzeuge";"17382";"RC-Flugzeug"
"2422";"Fernlenkfahrzeuge";"17380";"RC-Gabelstapler"
"2422";"Fernlenkfahrzeuge";"17391";"RC-Helikopter"
"2422";"Fernlenkfahrzeuge";"17390";"RC-Kran"
"2422";"Fernlenkfahrzeuge";"17387";"RC-LKW"
"2422";"Fernlenkfahrzeuge";"17383";"RC-Lok"
"2422";"Fernlenkfahrzeuge";"17384";"RC-Monstertruck"
"2422";"Fernlenkfahrzeuge";"17379";"RC-Motorrad"
"2422";"Fernlenkfahrzeuge";"17392";"RC-Quad"
"2422";"Fernlenkfahrzeuge";"17389";"RC-Quadrocopter"
"2422";"Fernlenkfahrzeuge";"17381";"RC-Roboter"
"2422";"Fernlenkfahrzeuge";"17393";"RC-Tier"
"2422";"Fernlenkfahrzeuge";"17388";"RC-Traktor"
"2422";"Fernlenkfahrzeuge";"17378";"RC-Truck"
"2422";"Fernlenkfahrzeuge";"17385";"RC-Walze"
"2423";"Fernseher";"17399";"Curved-LED-Fernseher"
"2423";"Fernseher";"17406";"Curved-OLED-Fernseher"
"2423";"Fernseher";"17407";"Curved-QLED-Fernseher"
"2423";"Fernseher";"17411";"DLED-Fernseher"
"2423";"Fernseher";"17400";"Laser Fernseher"
"2423";"Fernseher";"17405";"LCD-LED Fernseher"
"2423";"Fernseher";"17401";"LED Lifestyle Fernseher"
"2423";"Fernseher";"17402";"LED-Fernseher"
"2423";"Fernseher";"17409";"Mini-LED-Fernseher"
"2423";"Fernseher";"17404";"OLED-Fernseher"
"2423";"Fernseher";"17408";"QLED Mini LED-Fernseher"
"2423";"Fernseher";"17403";"QLED-Fernseher"
"2423";"Fernseher";"17410";"QNED-Fernseher"
"2424";"Festplatten";"17426";"externe Gaming-Festplatte"
"2424";"Festplatten";"17418";"externe Gaming-SSD"
"2424";"Festplatten";"17422";"externe HDD-Festplatte"
"2424";"Festplatten";"17412";"externe SSD"
"2424";"Festplatten";"17419";"Gaming-Festplatte"
"2424";"Festplatten";"17420";"Gaming-SSD"
"2424";"Festplatten";"17417";"HDD-Festplatte"
"2424";"Festplatten";"17424";"HDD-NAS-Festplatte"
"2424";"Festplatten";"17416";"HDD-Server-Festplatte"
"2424";"Festplatten";"17425";"interne Gaming-SSD"
"2424";"Festplatten";"17423";"interne HDD-Festplatte"
"2424";"Festplatten";"17415";"interne HDD-Server-Festplatte"
"2424";"Festplatten";"17421";"interne SSD"
"2424";"Festplatten";"17427";"interne SSHD-Hybrid-Festplatte"
"2424";"Festplatten";"17414";"interne-HDD-NAS-Festplatte"
"2424";"Festplatten";"17428";"SSD-Festplatte"
"2424";"Festplatten";"17413";"SSHD-Hybrid-Festplatte"
"2425";"Festplatten-Einbaurahmen";"17429";"Festplatten-Einbaurahmen"
"2425";"Festplatten-Einbaurahmen";"17430";"Festplatten-Wechselrahmen"
"2426";"Feuchtigkeitsmessgeräte";"17431";"Feuchtigkeitsmesser"
"2426";"Feuchtigkeitsmessgeräte";"17432";"Hygrometer"
"2426";"Feuchtigkeitsmessgeräte";"17433";"Klimamesser"
"2427";"Feuerkörbe";"17436";"Feuerkorb"
"2427";"Feuerkörbe";"17434";"Feuerschale"
"2427";"Feuerkörbe";"17435";"Feuerstelle"
"2427";"Feuerkörbe";"17437";"Feuertisch"
"2427";"Feuerkörbe";"17439";"Feuertonne"
"2427";"Feuerkörbe";"17438";"Gartenkamin"
"2428";"Feuerlöscher";"17444";"Aerosol-Feuerlöscher"
"2428";"Feuerlöscher";"17440";"CO2-Feuerlöscher"
"2428";"Feuerlöscher";"17441";"Feuerlöschspray"
"2428";"Feuerlöscher";"17442";"Pulver-Feuerlöscher"
"2428";"Feuerlöscher";"17443";"Schaum-Feuerlöscher"
"2429";"Feuerraumauskleidungen";"17445";"Feuerraumplatten"
"2430";"Feuerroste";"17447";"Feuerrost"
"2430";"Feuerroste";"17446";"Ofenrost"
"2431";"Feuerzeuge";"17448";"Feuerzeug"
"2431";"Feuerzeuge";"17450";"Feuerzeuge"
"2431";"Feuerzeuge";"17449";"Stabanzünder"
"2432";"Fidget-Gadgets";"17451";"Fidget Spinner"
"2432";"Fidget-Gadgets";"17452";"Fidget-Gadget"
"2433";"Filamente";"17453";"Filament"
"2434";"Filme";"17458";"Blu-ray"
"2434";"Filme";"17455";"Blu-ray 3D"
"2434";"Filme";"17454";"Blu-ray 4K Ultra HD"
"2434";"Filme";"17456";"DVD"
"2434";"Filme";"17457";"Trainings-DVD"
"2435";"Filmklappen";"17459";"Filmklappe"
"2435";"Filmklappen";"17460";"Startklappe"
"2436";"Filteranlagen";"17466";"Aquariumfilter"
"2436";"Filteranlagen";"17472";"Filtereinsatz"
"2436";"Filteranlagen";"17465";"Filterpumpen"
"2436";"Filteranlagen";"17464";"Kartuschen-Filterpumpe"
"2436";"Filteranlagen";"17463";"Rückspülfilter"
"2436";"Filteranlagen";"17471";"Sandfilteranlage"
"2436";"Filteranlagen";"17467";"Saugfilter"
"2436";"Filteranlagen";"17461";"Schlammsauger"
"2436";"Filteranlagen";"17470";"Schrägfilter"
"2436";"Filteranlagen";"17462";"Skimmer"
"2436";"Filteranlagen";"17468";"Teichfilter"
"2436";"Filteranlagen";"17469";"Vorfilter"
"2436";"Filteranlagen";"17473";"Wasserhahn-Wasserfilter"
"2437";"Filterkartuschen";"17482";"Abluftfilter"
"2437";"Filterkartuschen";"17489";"Aktivkohlefilter"
"2437";"Filterkartuschen";"17487";"Befeuchtungselement"
"2437";"Filterkartuschen";"17496";"Befeuchtungsfilter"
"2437";"Filterkartuschen";"17486";"CleanAir-Filter"
"2437";"Filterkartuschen";"17488";"Elektret-Abluftfilter"
"2437";"Filterkartuschen";"17493";"EPA-Filter"
"2437";"Filterkartuschen";"17476";"Ersatzfilter"
"2437";"Filterkartuschen";"17495";"Fettfilter"
"2437";"Filterkartuschen";"17479";"Filter-Set"
"2437";"Filterkartuschen";"17481";"Geruchsfilter"
"2437";"Filterkartuschen";"17492";"HEPA-Filter"
"2437";"Filterkartuschen";"17484";"Hygieneabluftfilter"
"2437";"Filterkartuschen";"17485";"Hygienedisk"
"2437";"Filterkartuschen";"17490";"Kalk- und Wasserfilter"
"2437";"Filterkartuschen";"17478";"Kalkfilter"
"2437";"Filterkartuschen";"17500";"Kohlefilter"
"2437";"Filterkartuschen";"17498";"Kombifilter"
"2437";"Filterkartuschen";"17475";"Metallfettfilter"
"2437";"Filterkartuschen";"17499";"Microfilter"
"2437";"Filterkartuschen";"17477";"Motorschutzfilter"
"2437";"Filterkartuschen";"17491";"NanoProtect Filter"
"2437";"Filterkartuschen";"17497";"Pool-Filterkartusche"
"2437";"Filterkartuschen";"17474";"Reinigungskartusche"
"2437";"Filterkartuschen";"17480";"Staubfilter"
"2437";"Filterkartuschen";"17494";"Wasserfilter"
"2437";"Filterkartuschen";"17483";"Wasserhahnfilter"
"2438";"Filterkartuschen-Reinigungsgeräte";"17501";"Filterkartuschen-Reinigungsgerät"
"2439";"Filterköpfe";"17502";"Kraftstoff-Filterkopf"
"2439";"Filterköpfe";"17503";"Küchenarmatur-Filterkopf"
"2440";"Filtermaterialien";"17509";"Filterbälle"
"2440";"Filtermaterialien";"17506";"Filterbeutel"
"2440";"Filtermaterialien";"17508";"Filtermatte"
"2440";"Filtermaterialien";"17505";"Filtersubstrat"
"2440";"Filtermaterialien";"17510";"Flachfaltenfilter"
"2440";"Filtermaterialien";"17511";"Lackfilter"
"2440";"Filtermaterialien";"17504";"Patronenfilter"
"2440";"Filtermaterialien";"17507";"Spritzschutz-Ersatzfilter"
"2441";"Fingerringe";"17526";"Anti-Schnarchring"
"2441";"Fingerringe";"17519";"Diamantring"
"2441";"Fingerringe";"17525";"Fingerring"
"2441";"Fingerringe";"17521";"Goldring"
"2441";"Fingerringe";"17520";"Memoirering"
"2441";"Fingerringe";"17528";"Partnerring"
"2441";"Fingerringe";"17512";"Partnerring mit Gravur"
"2441";"Fingerringe";"17518";"Perlenring"
"2441";"Fingerringe";"17522";"Ring mit Gravur"
"2441";"Fingerringe";"17529";"Ring-Set"
"2441";"Fingerringe";"17516";"Ringmaß"
"2441";"Fingerringe";"17513";"Siegelring"
"2441";"Fingerringe";"17523";"Silberring"
"2441";"Fingerringe";"17530";"Smart Ring"
"2441";"Fingerringe";"17517";"Solitärring"
"2441";"Fingerringe";"17515";"Spannring"
"2441";"Fingerringe";"17514";"Trauring"
"2441";"Fingerringe";"17524";"Trauring mit Gravur"
"2441";"Fingerringe";"17527";"Verlobungsring"
"2442";"Finnen";"17532";"Kiteboard Finne"
"2442";"Finnen";"17534";"SUP-Finne"
"2442";"Finnen";"17533";"Surfboard Finne"
"2442";"Finnen";"17531";"Windsurf Finne"
"2443";"Finnen-Adapter";"17535";"Finnen-Adapter"
"2444";"Fischtöter";"17536";"Fischtöter"
"2445";"Fitnessgeräte-Computer";"17537";"Trampolincomputer"
"2446";"Fitnessringe";"17541";"Hula-Hoop-Reifen"
"2446";"Fitnessringe";"17540";"Luftring"
"2446";"Fitnessringe";"17543";"Pilates-Ring"
"2446";"Fitnessringe";"17542";"Trainingsring"
"2446";"Fitnessringe";"17538";"Turnring"
"2446";"Fitnessringe";"17539";"Yoga-Rad"
"2446";"Fitnessringe";"17544";"Yoga-Ring"
"2447";"Fitnessrollen";"17546";"Fitnessrolle"
"2447";"Fitnessrollen";"17547";"Massagerolle"
"2447";"Fitnessrollen";"17545";"Pilatesrolle"
"2447";"Fitnessrollen";"17548";"Rückenstrecker"
"2448";"Fitnessstäbe";"17550";"Gymnastikstäbe"
"2448";"Fitnessstäbe";"17549";"Swingstick"
"2449";"Fitnesstracker";"17552";"Activity Tracker"
"2449";"Fitnesstracker";"17557";"Brustgurt"
"2449";"Fitnesstracker";"17556";"Fitness-Tracker"
"2449";"Fitnesstracker";"17553";"Herzfrequenzsensor"
"2449";"Fitnesstracker";"17554";"Laufsensor"
"2449";"Fitnesstracker";"17555";"Pulsuhr"
"2449";"Fitnesstracker";"17558";"Schrittzähler"
"2449";"Fitnesstracker";"17551";"Trittfrequenzsensor"
"2450";"Flachverbinder";"17562";"Balkenschuh"
"2450";"Flachverbinder";"17560";"Flachverbinder"
"2450";"Flachverbinder";"17564";"Lochplatte"
"2450";"Flachverbinder";"17559";"Nagelverbinder"
"2450";"Flachverbinder";"17563";"Sparrenpfettenanker"
"2450";"Flachverbinder";"17561";"Strebenverbinder"
"2450";"Flachverbinder";"17565";"Winkelverbinder"
"2451";"Flambierbrenner";"17566";"Flambierbrenner"
"2452";"Flaschenhalter";"17568";"Bar-Butler"
"2452";"Flaschenhalter";"17567";"Becherhalter"
"2452";"Flaschenhalter";"17575";"Bierflaschenhalter"
"2452";"Flaschenhalter";"17573";"Fahrrad-Flaschenhalter"
"2452";"Flaschenhalter";"17570";"Flaschenhalter"
"2452";"Flaschenhalter";"17569";"Grill-Flaschenhalter"
"2452";"Flaschenhalter";"17574";"Strandkorb-Flaschenhalter"
"2452";"Flaschenhalter";"17572";"Weinflaschenhalter"
"2452";"Flaschenhalter";"17571";"Zahnputzbecherhalter"
"2456";"Flaschenöffner";"17580";"Flaschenöffner"
"2456";"Flaschenöffner";"17581";"Weinflaschenöffner"
"2453";"Flaschensauger";"17577";"Flaschensauger"
"2453";"Flaschensauger";"17576";"Trinksauger"
"2454";"Flaschenträger";"17578";"Flaschenträger"
"2455";"Flaschenverschlüsse";"17579";"Flaschenverschluss"
"2457";"Fleischgabeln";"17583";"Fleischgabel"
"2457";"Fleischgabeln";"17582";"Tranchiergabel"
"2458";"Fleischklopfer";"17584";"Fleischhammer"
"2458";"Fleischklopfer";"17585";"Fleischklopfer"
"2458";"Fleischklopfer";"17586";"Fleischplattierer"
"2459";"Fliegen";"17587";"Fliege"
"2459";"Fliegen";"17588";"Kinderfliege"
"2460";"Fliesen";"17592";"Bodenfliese"
"2460";"Fliesen";"17593";"Fliesen-Bordüre"
"2460";"Fliesen";"17590";"Mosaikfliesen"
"2460";"Fliesen";"17589";"Sockelfliese"
"2460";"Fliesen";"17594";"Stufenfliese"
"2460";"Fliesen";"17595";"Terrassenplatte"
"2460";"Fliesen";"17591";"Wandfliese"
"2461";"Fliesenaufkleber";"17596";"Fliesenaufkleber"
"2462";"Fliesenschneider";"17597";"Fliesenkreisschneider"
"2462";"Fliesenschneider";"17598";"Fliesenschneider"
"2462";"Fliesenschneider";"17599";"manueller Fliesenschneider"
"2463";"Flipchartblöcke";"17600";"Flipchartblock"
"2464";"Flossen";"17602";"Flosse"
"2464";"Flossen";"17601";"Monoflosse"
"2465";"Flug-Drachen";"17604";"Flug-Drache"
"2465";"Flug-Drachen";"17603";"Kite"
"2466";"Flüssigkeitsbehälter";"17618";"Benzinkanister"
"2466";"Flüssigkeitsbehälter";"17616";"Farbmischbehälter"
"2466";"Flüssigkeitsbehälter";"17614";"Kanister"
"2466";"Flüssigkeitsbehälter";"17608";"Leerdose"
"2466";"Flüssigkeitsbehälter";"17606";"Leerglas"
"2466";"Flüssigkeitsbehälter";"17611";"Mobiles Bidet"
"2466";"Flüssigkeitsbehälter";"17615";"Parfümzerstäuber"
"2466";"Flüssigkeitsbehälter";"17613";"Pipettenflasche"
"2466";"Flüssigkeitsbehälter";"17612";"Reinigungsmitteltank"
"2466";"Flüssigkeitsbehälter";"17617";"Reisebehälter"
"2466";"Flüssigkeitsbehälter";"17607";"Urin-Flasche"
"2466";"Flüssigkeitsbehälter";"17619";"Urinbeutel"
"2466";"Flüssigkeitsbehälter";"17610";"Wassertank"
"2466";"Flüssigkeitsbehälter";"17605";"Whisky-Pipette"
"2466";"Flüssigkeitsbehälter";"17609";"Zerstäuberflasche"
"2467";"Folien";"17620";"Alufolie"
"2467";"Folien";"17621";"Frischhaltefolie"
"2467";"Folien";"17622";"Strähnchenfolie"
"2468";"Folienbeutel";"17627";"Folienbeutel"
"2468";"Folienbeutel";"17624";"Folienrollen"
"2468";"Folienbeutel";"17623";"Frischhaltebeutel"
"2468";"Folienbeutel";"17628";"Gassibeutel"
"2468";"Folienbeutel";"17625";"Gefrierbeutel"
"2468";"Folienbeutel";"17632";"Hundekotbeutel"
"2468";"Folienbeutel";"17629";"Müllbeutel"
"2468";"Folienbeutel";"17633";"Müllsack"
"2468";"Folienbeutel";"17631";"Muttermilchbeutel"
"2468";"Folienbeutel";"17634";"PVA-Beutel"
"2468";"Folienbeutel";"17635";"Spuckbeutel"
"2468";"Folienbeutel";"17630";"Vakuumier-Folienrollen"
"2468";"Folienbeutel";"17626";"Vakuumierbeutel"
"2469";"Fondues";"17637";"Elektro-Fondue"
"2469";"Fondues";"17636";"Fondue"
"2470";"Forken";"17638";"Blumengabel"
"2470";"Forken";"17639";"Laubgabel"
"2470";"Forken";"17640";"Spatengabel"
"2471";"Formtrennmittel";"17644";"Formen-Trennspray"
"2471";"Formtrennmittel";"17643";"Formtrennmittel"
"2471";"Formtrennmittel";"17642";"Trennvaseline"
"2471";"Formtrennmittel";"17641";"Trennwachs"
"2472";"Formularblöcke";"17645";"Formularblock"
"2472";"Formularblöcke";"17646";"KFZ-Serviceheft"
"2473";"Foto-Filme";"17649";"Farbdiafilm"
"2473";"Foto-Filme";"17648";"Farbnegativfilm"
"2473";"Foto-Filme";"17650";"Infrarotfilm"
"2473";"Foto-Filme";"17647";"Schwarzweißfilm"
"2473";"Foto-Filme";"17651";"Sofortbildfilm"
"2474";"Fotoalben";"17653";"Einsteck-Fotoalbum"
"2474";"Fotoalben";"17652";"Fotoalbum"
"2474";"Fotoalben";"17654";"Sammelalbum"
"2475";"Fotohintergründe";"17656";"Falthintergrund"
"2475";"Fotohintergründe";"17658";"Fotohintergrund"
"2475";"Fotohintergründe";"17655";"Hintergrundtuch"
"2475";"Fotohintergründe";"17657";"PVC-Auflage"
"2476";"Fotokameras";"17673";"3D-Kamera"
"2476";"Fotokameras";"17671";"Bridge-Kamera"
"2476";"Fotokameras";"17659";"Einwegkamera"
"2476";"Fotokameras";"17674";"Handy-Ersatz Frontkamera"
"2476";"Fotokameras";"17676";"Handy-Ersatz Hauptkamera"
"2476";"Fotokameras";"17675";"Handy-Ersatz Top-Einheit"
"2476";"Fotokameras";"17677";"Handy-Ersatz Ultraweitwinkel-Kamera"
"2476";"Fotokameras";"17666";"Handykamera"
"2476";"Fotokameras";"17661";"Kinderkamera"
"2476";"Fotokameras";"17663";"Kompaktkamera"
"2476";"Fotokameras";"17660";"Objektivkamera"
"2476";"Fotokameras";"17664";"Outdoor-Kamera"
"2476";"Fotokameras";"17672";"Panoramakamera"
"2476";"Fotokameras";"17668";"Sofortbildkamera"
"2476";"Fotokameras";"17662";"Spiegelreflexkamera"
"2476";"Fotokameras";"17667";"Superzoom-Kamera"
"2476";"Fotokameras";"17669";"Systemkamera"
"2476";"Fotokameras";"17665";"Systemkamera-Body"
"2476";"Fotokameras";"17670";"Vollformat-Digitalkamera"
"2480";"Fräsköpfe";"17703";"Abrundfräser"
"2480";"Fräsköpfe";"17696";"Ausstech- und Kopierfräser"
"2480";"Fräsköpfe";"17702";"Bündigfräser"
"2480";"Fräsköpfe";"17701";"Doppelradienfräser"
"2480";"Fräsköpfe";"17698";"Einzahnfräser"
"2480";"Fräsköpfe";"17706";"Falzfräser"
"2480";"Fräsköpfe";"17693";"Federfräser"
"2480";"Fräsköpfe";"17699";"Fräser-Set"
"2480";"Fräsköpfe";"17700";"Frässtift"
"2480";"Fräsköpfe";"17697";"Hohlkehlfräser"
"2480";"Fräsköpfe";"17714";"Holz-Nutfräser"
"2480";"Fräsköpfe";"17694";"Kantenfräser"
"2480";"Fräsköpfe";"17704";"Langlochfräser"
"2480";"Fräsköpfe";"17709";"Nutfräser"
"2480";"Fräsköpfe";"17710";"Radiusfräser"
"2480";"Fräsköpfe";"17713";"Schaftfräser"
"2480";"Fräsköpfe";"17705";"T-Nutfräser"
"2480";"Fräsköpfe";"17695";"V-Nutfräser"
"2480";"Fräsköpfe";"17707";"Vollradiusfräser"
"2480";"Fräsköpfe";"17711";"Walzenstirnfräser"
"2480";"Fräsköpfe";"17708";"Wendeplattenfräser"
"2480";"Fräsköpfe";"17712";"Winkelfräser"
"2481";"Fräsmaschinen";"17726";"Akku-Fräse"
"2481";"Fräsmaschinen";"17723";"Akku-Multifunktionsfräse"
"2481";"Fräsmaschinen";"17719";"Bohr- und Fräseinrichtung"
"2481";"Fräsmaschinen";"17720";"Feinfräse"
"2481";"Fräsmaschinen";"17718";"Flachdübelfräse"
"2481";"Fräsmaschinen";"17717";"Fräse"
"2481";"Fräsmaschinen";"17722";"Fräsmotor"
"2481";"Fräsmaschinen";"17730";"Holzverbindungsfräse"
"2481";"Fräsmaschinen";"17728";"Mauernutfräse"
"2481";"Fräsmaschinen";"17721";"Microfräse"
"2481";"Fräsmaschinen";"17725";"Nut-Fräser"
"2481";"Fräsmaschinen";"17715";"Nutfräse"
"2481";"Fräsmaschinen";"17716";"Oberfräse"
"2481";"Fräsmaschinen";"17729";"Profiliergerät"
"2481";"Fräsmaschinen";"17724";"Tischfräse"
"2481";"Fräsmaschinen";"17727";"Vertikalfräse"
"2477";"Frisierköpfe";"17678";"Frisier- & Schminkkopf"
"2477";"Frisierköpfe";"17680";"Frisierkopf"
"2477";"Frisierköpfe";"17679";"Schminkkopf"
"2478";"Fritteusen";"17681";"3-in-1 Kombifritteuse"
"2478";"Fritteusen";"17683";"Fritteuse"
"2478";"Fritteusen";"17682";"Heißluftfritteuse"
"2478";"Fritteusen";"17685";"Kaltzonenfritteuse"
"2478";"Fritteusen";"17684";"Minifritteuse"
"2478";"Fritteusen";"17687";"Rotofritteuse"
"2478";"Fritteusen";"17686";"Snackfritteuse"
"2479";"Frostschutzmittel";"17688";"Kühlerfrostschutz"
"2479";"Frostschutzmittel";"17689";"Kühlerschutzmittel"
"2479";"Frostschutzmittel";"17690";"Scheibenfrostschutz"
"2479";"Frostschutzmittel";"17692";"Solarflüssigkeit"
"2479";"Frostschutzmittel";"17691";"Trinkwasser-Frostschutz"
"2482";"Frühstücks-Sets";"17731";"Frühstücks-Set"
"2483";"Fugenkratzer";"17732";"Fugenkratzer"
"2484";"Fugenmörtel";"17734";"Fliesenkleber"
"2484";"Fugenmörtel";"17733";"Fugenmörtel"
"2485";"Fummelspielzeuge";"17735";"Fummelbrett"
"2485";"Fummelspielzeuge";"17742";"Futterbaum"
"2485";"Fummelspielzeuge";"17744";"Futterlabyrinth"
"2485";"Fummelspielzeuge";"17736";"Katzenspielrad"
"2485";"Fummelspielzeuge";"17737";"Schnüffelteppich"
"2485";"Fummelspielzeuge";"17739";"Snackboard"
"2485";"Fummelspielzeuge";"17741";"Spielschiene"
"2485";"Fummelspielzeuge";"17740";"Tier-Aktivitätsspiel"
"2485";"Fummelspielzeuge";"17743";"Tier-Beschäftigungsspielzeug"
"2485";"Fummelspielzeuge";"17738";"Tier-Kugelbahn"
"2486";"Funkgeräte";"17747";"Funkfernsteuerung"
"2486";"Funkgeräte";"17746";"Funkgerät"
"2486";"Funkgeräte";"17745";"Walkie Talkie"
"2487";"Funksteuerungsmodule";"17755";"Bluetooth-Modul"
"2487";"Funksteuerungsmodule";"17754";"Funk-Empfangsmodul"
"2487";"Funksteuerungsmodule";"17750";"Garagentor-Empfänger"
"2487";"Funksteuerungsmodule";"17753";"Garagentor-Funkempfänger"
"2487";"Funksteuerungsmodule";"17748";"Licht-Funksteuerung"
"2487";"Funksteuerungsmodule";"17751";"Rollladen-Funksteuerung"
"2487";"Funksteuerungsmodule";"17752";"Tor-Funksteuerung"
"2487";"Funksteuerungsmodule";"17756";"Türschloss-Funksteuerung"
"2487";"Funksteuerungsmodule";"17749";"WLAN-Steuerungsmodul"
"2488";"Funktionskissen";"17790";"Autoreifenkissen"
"2488";"Funktionskissen";"17794";"Baby-Kopfschutz-Rucksack"
"2488";"Funktionskissen";"17793";"Badewannenkissen"
"2488";"Funktionskissen";"17758";"Beinruhekissen"
"2488";"Funktionskissen";"17767";"Buchkissen"
"2488";"Funktionskissen";"17783";"Drehkissen"
"2488";"Funktionskissen";"17779";"Duftbeutel"
"2488";"Funktionskissen";"17773";"Einlegeplatte"
"2488";"Funktionskissen";"17771";"Gelkissen"
"2488";"Funktionskissen";"17760";"Halbrolle"
"2488";"Funktionskissen";"17770";"Haltungskissen"
"2488";"Funktionskissen";"17757";"Heublumenkissen"
"2488";"Funktionskissen";"17786";"Hirsekissen"
"2488";"Funktionskissen";"17766";"Keilkissen"
"2488";"Funktionskissen";"17787";"Kirschkernkissen"
"2488";"Funktionskissen";"17765";"Kopfstützkissen"
"2488";"Funktionskissen";"17759";"Kräuterkissen"
"2488";"Funktionskissen";"17762";"Lavendelkissen"
"2488";"Funktionskissen";"17785";"Lendenkissen"
"2488";"Funktionskissen";"17780";"Luftkissen"
"2488";"Funktionskissen";"17761";"Multi-Stützkissen"
"2488";"Funktionskissen";"17788";"Nackenhörnchen"
"2488";"Funktionskissen";"17763";"Nackenkissen"
"2488";"Funktionskissen";"17792";"Nackenrolle"
"2488";"Funktionskissen";"17789";"Nackenrollen"
"2488";"Funktionskissen";"17784";"Reisekissen"
"2488";"Funktionskissen";"17791";"Ringkissen"
"2488";"Funktionskissen";"17774";"Rückenkissen"
"2488";"Funktionskissen";"17775";"Seitenschläferkissen"
"2488";"Funktionskissen";"17781";"Steißbeinkissen"
"2488";"Funktionskissen";"17764";"Stillkissen"
"2488";"Funktionskissen";"17776";"Stützkissen"
"2488";"Funktionskissen";"17782";"Therapiekissen"
"2488";"Funktionskissen";"17777";"Thermositzkissen"
"2488";"Funktionskissen";"17769";"Venenkissen"
"2488";"Funktionskissen";"17772";"Wasserkissen"
"2488";"Funktionskissen";"17778";"Zirbenkissen"
"2488";"Funktionskissen";"17768";"Zugluftstopper"
"2489";"Funkübertragungsgeräte";"17795";"RC-Empfänger"
"2495";"Fußbäder";"17819";"Fußbad"
"2490";"Fusselrasierer";"17796";"Ersatz-Fusselrolle"
"2490";"Fusselrasierer";"17799";"Fusselbürste"
"2490";"Fusselrasierer";"17798";"Fusselrasierer"
"2490";"Fusselrasierer";"17797";"Fusselroller"
"2496";"Fußketten";"17821";"Fußkette"
"2496";"Fußketten";"17823";"Fußkette mit Anhänger"
"2496";"Fußketten";"17822";"Fußkette mit Gravur"
"2496";"Fußketten";"17820";"Fußketten Set"
"2499";"Fußsäcke";"17826";"Fußsack"
"2497";"Fußschlaufen";"17824";"Windsurf Fußschlaufe"
"2498";"Fußstützen";"17825";"Fußstütze"
"2500";"Fußtrainer";"17829";"Fußkreisel"
"2500";"Fußtrainer";"17827";"Fußtrainer"
"2500";"Fußtrainer";"17828";"Fußwalzen"
"2500";"Fußtrainer";"17830";"Fußwippen"
"2501";"Fußtritte";"17832";"Bad-Stufe"
"2501";"Fußtritte";"17831";"Siegerpodest"
"2491";"Futter-Wurfhilfen";"17800";"Boilie-Wurfrohr"
"2491";"Futter-Wurfhilfen";"17801";"Futterschleuder"
"2491";"Futter-Wurfhilfen";"17802";"Köder-Wurfschaufel"
"2492";"Futterautomaten";"17813";"Fisch-Futterautomat"
"2492";"Futterautomaten";"17810";"Fisch-Futterspender"
"2492";"Futterautomaten";"17814";"Futter- und Wasserspender"
"2492";"Futterautomaten";"17804";"Futterautomat"
"2492";"Futterautomaten";"17812";"Futterhaus"
"2492";"Futterautomaten";"17808";"Futterspender"
"2492";"Futterautomaten";"17807";"Heunetz"
"2492";"Futterautomaten";"17805";"Hunde-Futterautomat"
"2492";"Futterautomaten";"17811";"Hunde-Futterspender"
"2492";"Futterautomaten";"17806";"Katzen-Futterautomat"
"2492";"Futterautomaten";"17809";"Katzen-Futterspender"
"2492";"Futterautomaten";"17803";"Nager-Futterhaus"
"2492";"Futterautomaten";"17815";"Tier-Wasserspender"
"2493";"Futterbälle";"17816";"Futterball"
"2494";"Futterkörbe";"17818";"Feederkorb"
"2494";"Futterkörbe";"17817";"Futterrakete"
"2504";"Gabelbaumköpfe";"17844";"Gabelbaumkopf"
"2505";"Garagen";"17845";"Garage"
"2506";"Garderobenhalter";"17847";"Garderobenhaken"
"2506";"Garderobenhalter";"17848";"Garderobenhalter"
"2506";"Garderobenhalter";"17846";"Garderobenleiste"
"2507";"Garderobenpaneele";"17850";"Garderobe"
"2507";"Garderobenpaneele";"17849";"Garderobenpaneel"
"2507";"Garderobenpaneele";"17851";"Wandgarderobe"
"2508";"Garderobenständer";"17854";"Garderobenständer"
"2508";"Garderobenständer";"17852";"Garderobenstange"
"2508";"Garderobenständer";"17853";"Kleiderständer"
"2509";"Gardinen";"17881";"Bettvorhang"
"2509";"Gardinen";"17855";"Bindegardine"
"2509";"Gardinen";"17875";"Bogenstore"
"2509";"Gardinen";"17868";"Bogenstore nach Maß"
"2509";"Gardinen";"17879";"Fadenvorhang"
"2509";"Gardinen";"17872";"Fadenvorhang nach Maß"
"2509";"Gardinen";"17864";"Freihanddeko"
"2509";"Gardinen";"17877";"Gardine"
"2509";"Gardinen";"17866";"Gardine nach Maß"
"2509";"Gardinen";"17882";"Kleinfenstermittelbogen"
"2509";"Gardinen";"17871";"Kleinfenstermittelbogen nach Maß"
"2509";"Gardinen";"17870";"Kuvertstore"
"2509";"Gardinen";"17876";"Kuvertstore nach Maß"
"2509";"Gardinen";"17880";"Meterware"
"2509";"Gardinen";"17857";"Mittelbogen"
"2509";"Gardinen";"17865";"Mittelbogen nach Maß"
"2509";"Gardinen";"17884";"Outdoorgardine"
"2509";"Gardinen";"17885";"Outdoorvorhang"
"2509";"Gardinen";"17878";"Panneaux"
"2509";"Gardinen";"17869";"Perlenvorhang"
"2509";"Gardinen";"17883";"Perlenvorhang nach Maß"
"2509";"Gardinen";"17863";"Querbehang"
"2509";"Gardinen";"17856";"Querbehang nach Maß"
"2509";"Gardinen";"17874";"Scheibengardine"
"2509";"Gardinen";"17862";"Scheibengardine nach Maß"
"2509";"Gardinen";"17859";"Schiebegardine"
"2509";"Gardinen";"17867";"Schiebegardine nach Maß"
"2509";"Gardinen";"17860";"Türvorhang"
"2509";"Gardinen";"17873";"Verdunkelungsvorhang"
"2509";"Gardinen";"17861";"Vorhang"
"2509";"Gardinen";"17858";"Vorhang nach Maß"
"2510";"Gardinenbefestigungen";"17923";"Deko-Ringe"
"2510";"Gardinenbefestigungen";"17893";"Dekobügel"
"2510";"Gardinenbefestigungen";"17901";"Dekokette"
"2510";"Gardinenbefestigungen";"17898";"Dekoklammer"
"2510";"Gardinenbefestigungen";"17905";"Dekomagnet"
"2510";"Gardinenbefestigungen";"17904";"Duschvorhangklammer"
"2510";"Gardinenbefestigungen";"17886";"Duschvorhangringe"
"2510";"Gardinenbefestigungen";"17927";"Faltenband"
"2510";"Gardinenbefestigungen";"17894";"Faltenclip"
"2510";"Gardinenbefestigungen";"17912";"Faltenrolle"
"2510";"Gardinenbefestigungen";"17899";"Feststeller"
"2510";"Gardinenbefestigungen";"17920";"Flachring"
"2510";"Gardinenbefestigungen";"17888";"Flauschband"
"2510";"Gardinenbefestigungen";"17896";"Gardinenbefestigungen Ersatzteile"
"2510";"Gardinenbefestigungen";"17910";"Gardinengleiter"
"2510";"Gardinenbefestigungen";"17903";"Gardinenhaken"
"2510";"Gardinenbefestigungen";"17919";"Gardinenring"
"2510";"Gardinenbefestigungen";"17908";"Gardinenröllchen"
"2510";"Gardinenbefestigungen";"17906";"Innenlaufröllchen"
"2510";"Gardinenbefestigungen";"17897";"Klammerrolle"
"2510";"Gardinenbefestigungen";"17917";"Klettband"
"2510";"Gardinenbefestigungen";"17907";"Klick-Gleiter"
"2510";"Gardinenbefestigungen";"17921";"Kräuselband"
"2510";"Gardinenbefestigungen";"17891";"Magnetgriff"
"2510";"Gardinenbefestigungen";"17909";"Magnethalter für Gardinen"
"2510";"Gardinenbefestigungen";"17895";"Naht-/Verstärkungsband"
"2510";"Gardinenbefestigungen";"17926";"Ösengleiter"
"2510";"Gardinenbefestigungen";"17925";"Paneelwagen"
"2510";"Gardinenbefestigungen";"17889";"Raffrollo-Aufzugsband"
"2510";"Gardinenbefestigungen";"17914";"Raffrollo-Technik"
"2510";"Gardinenbefestigungen";"17892";"Raffvorhang-Technik"
"2510";"Gardinenbefestigungen";"17902";"Ringklammer"
"2510";"Gardinenbefestigungen";"17922";"Schienenverbinder"
"2510";"Gardinenbefestigungen";"17924";"Schlaufengleiter"
"2510";"Gardinenbefestigungen";"17918";"Schleuderwagen"
"2510";"Gardinenbefestigungen";"17916";"Seilklammern"
"2510";"Gardinenbefestigungen";"17887";"Seilspanngarnitur"
"2510";"Gardinenbefestigungen";"17900";"Smokband"
"2510";"Gardinenbefestigungen";"17911";"Stoffklammern"
"2510";"Gardinenbefestigungen";"17890";"Stoffösen"
"2510";"Gardinenbefestigungen";"17913";"T-Gleiter"
"2510";"Gardinenbefestigungen";"17915";"Versteifungsband"
"2511";"Gardinenstangen";"17956";"Bilderschienenset"
"2511";"Gardinenstangen";"17928";"Bogenstange"
"2511";"Gardinenstangen";"17943";"Caféhausstange"
"2511";"Gardinenstangen";"17930";"Duschvorhang-Seilsystem"
"2511";"Gardinenstangen";"17950";"Duschvorhangspinne"
"2511";"Gardinenstangen";"17954";"Duschvorhangstange"
"2511";"Gardinenstangen";"17940";"Erker-Außenbogen"
"2511";"Gardinenstangen";"17946";"Erker-Innenbogen"
"2511";"Gardinenstangen";"17947";"Federstange"
"2511";"Gardinenstangen";"17939";"Gardinenschiene"
"2511";"Gardinenstangen";"17934";"Gardinenstange"
"2511";"Gardinenstangen";"17936";"Himmelstange"
"2511";"Gardinenstangen";"17929";"Innenlaufschiene"
"2511";"Gardinenstangen";"17935";"Klemmstange"
"2511";"Gardinenstangen";"17938";"Klemmvitrage"
"2511";"Gardinenstangen";"17953";"Kombi-Vorhangstange"
"2511";"Gardinenstangen";"17931";"Rundbogen"
"2511";"Gardinenstangen";"17941";"Rundbogen/Retoure"
"2511";"Gardinenstangen";"17951";"Scheibenstange"
"2511";"Gardinenstangen";"17944";"Schienensystem"
"2511";"Gardinenstangen";"17948";"Schwenkstange"
"2511";"Gardinenstangen";"17952";"Spannstange"
"2511";"Gardinenstangen";"17937";"Spannvitrage"
"2511";"Gardinenstangen";"17955";"U-Schiene"
"2511";"Gardinenstangen";"17942";"Vitragenstange"
"2511";"Gardinenstangen";"17945";"Vitragestange"
"2511";"Gardinenstangen";"17932";"Vorhangschiene"
"2511";"Gardinenstangen";"17949";"Vorhangstange"
"2511";"Gardinenstangen";"17933";"Winkelstange"
"2512";"Gardinenstangenendstücke";"17957";"Gardinenstangen-Endstück"
"2513";"Gardinenstangenhalterungen";"17981";"Auflageträger"
"2513";"Gardinenstangenhalterungen";"17961";"Aufputzschiene"
"2513";"Gardinenstangenhalterungen";"17974";"Deckenträger für Gardinenstangen"
"2513";"Gardinenstangenhalterungen";"17958";"Deckenträgerverlängerung"
"2513";"Gardinenstangenhalterungen";"17970";"Dichtungsklemmhalter"
"2513";"Gardinenstangenhalterungen";"17969";"Doppelträger"
"2513";"Gardinenstangenhalterungen";"17964";"Duschstangen-Deckenhalter"
"2513";"Gardinenstangenhalterungen";"17980";"Gardinenrohr"
"2513";"Gardinenstangenhalterungen";"17966";"Gardinenstangenhalter"
"2513";"Gardinenstangenhalterungen";"17971";"Gardinenstangenhalterungen Ersatzhalter"
"2513";"Gardinenstangenhalterungen";"17975";"Halter"
"2513";"Gardinenstangenhalterungen";"17976";"Innenlaufprofil"
"2513";"Gardinenstangenhalterungen";"17959";"Klemmhalter für Gardinenstangen"
"2513";"Gardinenstangenhalterungen";"17968";"Kombiträger"
"2513";"Gardinenstangenhalterungen";"17978";"Mehrfachverlängerung"
"2513";"Gardinenstangenhalterungen";"17979";"Schienenhalter"
"2513";"Gardinenstangenhalterungen";"17960";"Schraubenhaken"
"2513";"Gardinenstangenhalterungen";"17963";"Stangenauflage"
"2513";"Gardinenstangenhalterungen";"17977";"Träger"
"2513";"Gardinenstangenhalterungen";"17967";"Trägerverlängerung"
"2513";"Gardinenstangenhalterungen";"17982";"Verbinder"
"2513";"Gardinenstangenhalterungen";"17972";"Wandbefestigung"
"2513";"Gardinenstangenhalterungen";"17983";"Wandhalter-Set"
"2513";"Gardinenstangenhalterungen";"17973";"Wandmontage-Set"
"2513";"Gardinenstangenhalterungen";"17965";"Wandträger"
"2513";"Gardinenstangenhalterungen";"17962";"Wandwinkel"
"2514";"Garne";"17989";"Bastelgarn"
"2514";"Garne";"17992";"Effektgarn"
"2514";"Garne";"17984";"Häkelwolle"
"2514";"Garne";"17990";"Kettgarn"
"2514";"Garne";"17987";"Knopflochgarn"
"2514";"Garne";"17986";"Küchengarn"
"2514";"Garne";"17993";"Nähgarn"
"2514";"Garne";"17988";"Overlockgarn"
"2514";"Garne";"17985";"Stickgarn"
"2514";"Garne";"17991";"Zwirn"
"2515";"Garten-Multifunktionsgeräte";"17994";"Garten-Multifunktionsgerät"
"2516";"Gartenbrausen";"18006";"Bewässerungsbrause"
"2516";"Gartenbrausen";"17996";"Flächenregner"
"2516";"Gartenbrausen";"18001";"Gartenspritze"
"2516";"Gartenbrausen";"17995";"Gießstab"
"2516";"Gartenbrausen";"18004";"Kreisregner"
"2516";"Gartenbrausen";"18002";"Multifunktionsbrause"
"2516";"Gartenbrausen";"17999";"Regner"
"2516";"Gartenbrausen";"18000";"Sprühregner"
"2516";"Gartenbrausen";"17997";"Turbinenregner"
"2516";"Gartenbrausen";"18003";"Versenkregner"
"2516";"Gartenbrausen";"17998";"Vielflächenregner"
"2516";"Gartenbrausen";"18005";"Viereckregner"
"2517";"Gartenfiguren";"18010";"Gartenfigur"
"2517";"Gartenfiguren";"18007";"Gartenzwerg"
"2517";"Gartenfiguren";"18009";"Wetterfahne"
"2517";"Gartenfiguren";"18011";"Zierbrücke"
"2517";"Gartenfiguren";"18008";"Zierbrunnen"
"2518";"Gartengeräte-Deflektoren";"18012";"Rasenmäher-Deflektor"
"2518";"Gartengeräte-Deflektoren";"18013";"Rasentraktor-Deflektor"
"2518";"Gartengeräte-Deflektoren";"18014";"Rasentrimmer-Deflektor"
"2519";"Gartenhaus-Anbaudächer";"18016";"Gartenhaus-Anbaudach"
"2519";"Gartenhaus-Anbaudächer";"18017";"Gerätehaus-Anbaudach"
"2519";"Gartenhaus-Anbaudächer";"18015";"Schleppdach"
"2520";"Gartenhaus-Fundamente";"18019";"Fundamentrahmen"
"2520";"Gartenhaus-Fundamente";"18018";"Gartenhaus-Fundamentrahmen"
"2520";"Gartenhaus-Fundamente";"18020";"Gerätehaus-Fundamentrahmen"
"2521";"Gartenhaus-Fußböden";"18022";"Gartenhaus-Fußboden"
"2521";"Gartenhaus-Fußböden";"18023";"Gerätehaus-Fußboden"
"2521";"Gartenhaus-Fußböden";"18024";"Hundezwinger-Fußboden"
"2521";"Gartenhaus-Fußböden";"18021";"Pavillon-Fußboden"
"2522";"Gartenhaus-Seitenwände";"18032";"Carport-Rückwand"
"2522";"Gartenhaus-Seitenwände";"18031";"Carport-Seitenwand"
"2522";"Gartenhaus-Seitenwände";"18030";"Gartenhaus-Innenwand"
"2522";"Gartenhaus-Seitenwände";"18026";"Gartenhaus-Rückwand"
"2522";"Gartenhaus-Seitenwände";"18029";"Gartenhaus-Seitenwand"
"2522";"Gartenhaus-Seitenwände";"18027";"Gerätehaus-Innenwand"
"2522";"Gartenhaus-Seitenwände";"18028";"Gerätehaus-Rückwand"
"2522";"Gartenhaus-Seitenwände";"18025";"Gerätehaus-Seitenwand"
"2523";"Gartenhaus-Terrassen";"18033";"Terrasse"
"2524";"Gartenhäuser";"18035";"Gartenhaus"
"2524";"Gartenhäuser";"18034";"Grillkota"
"2525";"Gartenliegen";"18037";"Doppelliege"
"2525";"Gartenliegen";"18038";"Gartenliege"
"2525";"Gartenliegen";"18039";"Multifunktionsliege"
"2525";"Gartenliegen";"18040";"Rollliege"
"2525";"Gartenliegen";"18036";"Wellnessliege"
"2526";"Gartenpflege-Sets";"18041";"Gartenpflege-Set"
"2527";"Gartenscheren-Maschinen";"18045";"Akku-Astschere"
"2527";"Gartenscheren-Maschinen";"18050";"Akku-Gras- und Strauchscherenset"
"2527";"Gartenscheren-Maschinen";"18053";"Akku-Grasschere"
"2527";"Gartenscheren-Maschinen";"18051";"Akku-Heckenschere"
"2527";"Gartenscheren-Maschinen";"18052";"Akku-Hochentaster"
"2527";"Gartenscheren-Maschinen";"18044";"Akku-Strauchschere"
"2527";"Gartenscheren-Maschinen";"18043";"Baum- und Strauchschneider"
"2527";"Gartenscheren-Maschinen";"18047";"Benzin-Heckenschere"
"2527";"Gartenscheren-Maschinen";"18049";"Elektro-Heckenschere"
"2527";"Gartenscheren-Maschinen";"18046";"Hochentaster"
"2527";"Gartenscheren-Maschinen";"18048";"Kombi-Heckenschere"
"2527";"Gartenscheren-Maschinen";"18042";"Teleskop-Heckenschere"
"2528";"Gartenstecker";"18054";"Gartenstecker"
"2529";"Gartenstege";"18056";"Gartensteg"
"2529";"Gartenstege";"18055";"Rasengitter"
"2529";"Gartenstege";"18057";"Trittsteine"
"2530";"Gasdruckregler";"18058";"Druckminderer"
"2530";"Gasdruckregler";"18060";"Druckregler"
"2530";"Gasdruckregler";"18059";"Flaschendruckminderer"
"2530";"Gasdruckregler";"18061";"Gasdruckregler"
"2531";"Gase";"18063";"Camping-Gas"
"2531";"Gase";"18062";"Gas"
"2531";"Gase";"18065";"Helium"
"2531";"Gase";"18064";"Winter-Gas"
"2532";"Gaskartuschen";"18066";"CO₂-Kapsel"
"2532";"Gaskartuschen";"18068";"CO₂-Zylinder"
"2532";"Gaskartuschen";"18067";"Gaskartusche"
"2533";"Gaskocher";"18069";"Gaskocher"
"2533";"Gaskocher";"18070";"Taschenkocher"
"2534";"Gebäckpressen";"18071";"Biskuitpresse"
"2534";"Gebäckpressen";"18072";"Gebäckpresse"
"2535";"Gefahrenmelder";"18085";"Alarmanlage"
"2535";"Gefahrenmelder";"18086";"Alarmsirene"
"2535";"Gefahrenmelder";"18090";"Alarmsirenen-Attrappe"
"2535";"Gefahrenmelder";"18091";"Auto-Baby-Alarm"
"2535";"Gefahrenmelder";"18077";"CO-Melder"
"2535";"Gefahrenmelder";"18092";"Diebstahlalarm"
"2535";"Gefahrenmelder";"18088";"Einbruchmelder"
"2535";"Gefahrenmelder";"18089";"Fahrrad-Alarmanlage"
"2535";"Gefahrenmelder";"18074";"Fensteröffnungsmelder"
"2535";"Gefahrenmelder";"18080";"Feuermelder"
"2535";"Gefahrenmelder";"18078";"Gasmelder"
"2535";"Gefahrenmelder";"18082";"Gefahrenmeldeanlage"
"2535";"Gefahrenmelder";"18087";"Glasbruchmelder"
"2535";"Gefahrenmelder";"18073";"Hitzemelder"
"2535";"Gefahrenmelder";"18094";"Notrufarmband"
"2535";"Gefahrenmelder";"18093";"Notrufknopf"
"2535";"Gefahrenmelder";"18083";"Rauch- und Hitzewarnmelder"
"2535";"Gefahrenmelder";"18081";"Rauchmelder"
"2535";"Gefahrenmelder";"18075";"Türöffnungsmelder"
"2535";"Gefahrenmelder";"18079";"Überfallmelder"
"2535";"Gefahrenmelder";"18084";"Verkehrsalarm"
"2535";"Gefahrenmelder";"18076";"Wassermelder"
"2536";"Gefrierschränke";"18096";"Einbaugefrierschrank"
"2536";"Gefrierschränke";"18095";"Gefrierschrank"
"2537";"Gefriertruhen";"18097";"Gefriertruhe"
"2538";"Gegensprechanlagen";"18098";"Gegensprechanlage"
"2539";"Gegenstromanlagen";"18099";"Gegenstromanlage"
"2541";"Gehörschutzstöpsel";"18104";"Bügelgehörschutz"
"2541";"Gehörschutzstöpsel";"18106";"Cerumenfilter"
"2541";"Gehörschutzstöpsel";"18103";"Gehörschutzstöpsel"
"2541";"Gehörschutzstöpsel";"18105";"Schwimm-Ohrstöpsel"
"2540";"Gehstöcke";"18101";"Frackstock"
"2540";"Gehstöcke";"18102";"Gehstock"
"2540";"Gehstöcke";"18100";"Unterarmkrücke"
"2545";"Geländer";"18117";"Brüstungsgeländer"
"2545";"Geländer";"18116";"Treppengeländer"
"2542";"Geldscheinklammern";"18107";"Geldscheinklammer"
"2542";"Geldscheinklammern";"18108";"Geldscheinklammer mit Gravur"
"2542";"Geldscheinklammern";"18109";"Geldscheinklammer Set"
"2543";"Geldscheinprüfgeräte";"18110";"Geldscheinprüfgerät"
"2544";"Gelenkköpfe";"18113";"Gelenkkopf"
"2544";"Gelenkköpfe";"18115";"Gelenklager"
"2544";"Gelenkköpfe";"18114";"Kugelgelenk"
"2544";"Gelenkköpfe";"18111";"Kugelzapfen"
"2544";"Gelenkköpfe";"18112";"Winkelgelenk"
"2546";"Gepäckträger";"18120";"Dachträger"
"2546";"Gepäckträger";"18119";"Fahrrad-Gepäckträger"
"2546";"Gepäckträger";"18118";"Relingträger"
"2546";"Gepäckträger";"18121";"Roller-Gepäckträger"
"2548";"Gerätehalterungen";"18171";"Action Cam-Halterung"
"2548";"Gerätehalterungen";"18178";"Auslegearm"
"2548";"Gerätehalterungen";"18237";"Balance Board Ständer"
"2548";"Gerätehalterungen";"18222";"Ball-Clip"
"2548";"Gerätehalterungen";"18239";"Bankstick"
"2548";"Gerätehalterungen";"18142";"Beamer-Deckenhalterung"
"2548";"Gerätehalterungen";"18240";"Beamer-Standfuß"
"2548";"Gerätehalterungen";"18212";"Beamer-Wandhalterung"
"2548";"Gerätehalterungen";"18230";"Blitz-Halterung"
"2548";"Gerätehalterungen";"18141";"Boxsackhalterung"
"2548";"Gerätehalterungen";"18158";"Briefkastenhalterung"
"2548";"Gerätehalterungen";"18204";"Briefkastenständer"
"2548";"Gerätehalterungen";"18152";"Controller-Halterung"
"2548";"Gerätehalterungen";"18161";"Dachbox-Halterung"
"2548";"Gerätehalterungen";"18177";"Desinfektionsmittelspender-Ständer"
"2548";"Gerätehalterungen";"18205";"Diskusständer"
"2548";"Gerätehalterungen";"18183";"Duschkopfhalter"
"2548";"Gerätehalterungen";"18143";"E-Reader-Halterung"
"2548";"Gerätehalterungen";"18176";"Elektroauto-Ladestation-Halterung"
"2548";"Gerätehalterungen";"18234";"Fahrrad-Kartenhalter"
"2548";"Gerätehalterungen";"18151";"Fahrradantenne"
"2548";"Gerätehalterungen";"18167";"Fahrradleinen-Halterung"
"2548";"Gerätehalterungen";"18219";"Fernbedienungshalter"
"2548";"Gerätehalterungen";"18242";"Feuerschalen-Mast"
"2548";"Gerätehalterungen";"18163";"Fingerhalter"
"2548";"Gerätehalterungen";"18162";"Gartengerätehalter"
"2548";"Gerätehalterungen";"18185";"Gaskartuschenhalter"
"2548";"Gerätehalterungen";"18206";"Gepäck-Halterung"
"2548";"Gerätehalterungen";"18150";"Glätteisenhalter"
"2548";"Gerätehalterungen";"18188";"Golf-Scorekartenhalter"
"2548";"Gerätehalterungen";"18225";"Grafikkartenhalterung"
"2548";"Gerätehalterungen";"18180";"Grilltopfhalter"
"2548";"Gerätehalterungen";"18211";"Haartrocknerhalter"
"2548";"Gerätehalterungen";"18215";"Haartrocknerhalter und Glätteisenhalter"
"2548";"Gerätehalterungen";"18202";"Halterung"
"2548";"Gerätehalterungen";"18184";"Halterungszubehör"
"2548";"Gerätehalterungen";"18207";"Handy-Halterung"
"2548";"Gerätehalterungen";"18166";"Headset-Halterung"
"2548";"Gerätehalterungen";"18197";"Heizkörperkonsole"
"2548";"Gerätehalterungen";"18192";"Hundeleinen-Führungsstange"
"2548";"Gerätehalterungen";"18165";"Kabelzubehör"
"2548";"Gerätehalterungen";"18146";"Kamerahalterung"
"2548";"Gerätehalterungen";"18203";"Konsolen-Halterung"
"2548";"Gerätehalterungen";"18156";"Konsolen-Ladeaufsteller"
"2548";"Gerätehalterungen";"18193";"Konsolen-Standfuß"
"2548";"Gerätehalterungen";"18246";"Kopfhalterung"
"2548";"Gerätehalterungen";"18247";"Kopfhörer-Halterung"
"2548";"Gerätehalterungen";"18235";"Kopfhörerständer"
"2548";"Gerätehalterungen";"18243";"Krückenständer"
"2548";"Gerätehalterungen";"18170";"Kugelkopfgelenk"
"2548";"Gerätehalterungen";"18154";"Kurzwaffenhalterung"
"2548";"Gerätehalterungen";"18149";"Ladestecker-Halterung"
"2548";"Gerätehalterungen";"18174";"Laptop-Ständer"
"2548";"Gerätehalterungen";"18147";"Lautsprecher-Deckenhalterung"
"2548";"Gerätehalterungen";"18229";"Lautsprecher-Wandhalterung"
"2548";"Gerätehalterungen";"18233";"Lautsprecherständer"
"2548";"Gerätehalterungen";"18226";"Lenkeradapter"
"2548";"Gerätehalterungen";"18210";"Mauskabel-Halterung"
"2548";"Gerätehalterungen";"18144";"Mikrofon-Halterung"
"2548";"Gerätehalterungen";"18224";"Mikrowellen-Wandhalterung"
"2548";"Gerätehalterungen";"18175";"Monitor-Halterung"
"2548";"Gerätehalterungen";"18194";"Monitorständer"
"2548";"Gerätehalterungen";"18236";"Montagedose"
"2548";"Gerätehalterungen";"18189";"Nagellackhalter"
"2548";"Gerätehalterungen";"18209";"Navigationsgeräte-Halterung"
"2548";"Gerätehalterungen";"18200";"Ofen-Wandhalterung"
"2548";"Gerätehalterungen";"18199";"Playstation-Halterung"
"2548";"Gerätehalterungen";"18227";"Popsockets"
"2548";"Gerätehalterungen";"18181";"Putterröhre"
"2548";"Gerätehalterungen";"18159";"Regenschirmhalter"
"2548";"Gerätehalterungen";"18160";"Reifen-Wandhalterung"
"2548";"Gerätehalterungen";"18208";"Rutenhalter"
"2548";"Gerätehalterungen";"18148";"Rutenständer"
"2548";"Gerätehalterungen";"18198";"SAT-Halterung"
"2548";"Gerätehalterungen";"18168";"Sattelhalter"
"2548";"Gerätehalterungen";"18218";"Schlauchhalterung"
"2548";"Gerätehalterungen";"18155";"Schwanenhals"
"2548";"Gerätehalterungen";"18238";"Schweißbrennerhalter"
"2548";"Gerätehalterungen";"18214";"Schwenkarm"
"2548";"Gerätehalterungen";"18245";"Sensorhalter"
"2548";"Gerätehalterungen";"18182";"Smartphone-Halterung"
"2548";"Gerätehalterungen";"18196";"Smartphone-Tragegurt"
"2548";"Gerätehalterungen";"18228";"Smartwatch-Halterung"
"2548";"Gerätehalterungen";"18201";"Solarmodul-Halterung"
"2548";"Gerätehalterungen";"18157";"Soundbar-Halterung"
"2548";"Gerätehalterungen";"18169";"Soundbar-Standfuß"
"2548";"Gerätehalterungen";"18213";"Speerständer"
"2548";"Gerätehalterungen";"18217";"Standhalterung"
"2548";"Gerätehalterungen";"18187";"Stoßkugelständer"
"2548";"Gerätehalterungen";"18172";"Streaming Box-Halterung"
"2548";"Gerätehalterungen";"18153";"Studiozubehör-Wandhalterung"
"2548";"Gerätehalterungen";"18231";"Tablet-Halterung"
"2548";"Gerätehalterungen";"18179";"Tablet-Ständer"
"2548";"Gerätehalterungen";"18190";"Taschen-Halterung"
"2548";"Gerätehalterungen";"18241";"Tastaturhalterung"
"2548";"Gerätehalterungen";"18191";"Trageriemen"
"2548";"Gerätehalterungen";"18164";"TV-Deckenhalterung"
"2548";"Gerätehalterungen";"18173";"TV-Ständer"
"2548";"Gerätehalterungen";"18216";"TV-Standfuß"
"2548";"Gerätehalterungen";"18232";"TV-Wandhalterung"
"2548";"Gerätehalterungen";"18223";"Überwachungskamera-Halterung"
"2548";"Gerätehalterungen";"18145";"Uhr-Halterung"
"2548";"Gerätehalterungen";"18244";"VR Brillen-Halterung"
"2548";"Gerätehalterungen";"18220";"Wandarm"
"2548";"Gerätehalterungen";"18195";"Wandhalterung"
"2548";"Gerätehalterungen";"18221";"Wasserzähler-Anschlussbügel"
"2548";"Gerätehalterungen";"18186";"Xbox-Standfuß"
"2549";"Gerätehäuser";"18249";"Carport-Geräteraum"
"2549";"Gerätehäuser";"18248";"Foliengerätehaus"
"2549";"Gerätehäuser";"18251";"Garten-Geräteschrank"
"2549";"Gerätehäuser";"18250";"Gerätehaus"
"2550";"Geräteprotektoren";"18258";"Bumperleiste"
"2550";"Geräteprotektoren";"18254";"Gabelbaumprotektor"
"2550";"Geräteprotektoren";"18256";"Geräteprotektor"
"2550";"Geräteprotektoren";"18255";"Mastfußprotektor"
"2550";"Geräteprotektoren";"18259";"Propellerschutz"
"2550";"Geräteprotektoren";"18257";"Rahmenschutzband"
"2550";"Geräteprotektoren";"18252";"Schlägersicherung"
"2550";"Geräteprotektoren";"18253";"Schonbacken"
"2547";"Geruchsverbesserer";"18125";"Anti-Geruchs-Säckchen"
"2547";"Geruchsverbesserer";"18124";"Duftöl"
"2547";"Geruchsverbesserer";"18133";"Duftstäbchen"
"2547";"Geruchsverbesserer";"18126";"Duftwachs"
"2547";"Geruchsverbesserer";"18123";"Geruchsentferner"
"2547";"Geruchsverbesserer";"18134";"Katzen-Spielspray"
"2547";"Geruchsverbesserer";"18132";"Lederdeo"
"2547";"Geruchsverbesserer";"18138";"Räucherkegel"
"2547";"Geruchsverbesserer";"18139";"Räucherstäbchen"
"2547";"Geruchsverbesserer";"18127";"Raumduft"
"2547";"Geruchsverbesserer";"18130";"Raumduft-Nachfüllflasche"
"2547";"Geruchsverbesserer";"18129";"Schuhdeo"
"2547";"Geruchsverbesserer";"18122";"Seifenduftöl"
"2547";"Geruchsverbesserer";"18135";"Silberionen-Stick"
"2547";"Geruchsverbesserer";"18137";"Textilerfrischer"
"2547";"Geruchsverbesserer";"18140";"Tier-Beruhigungspheromone"
"2547";"Geruchsverbesserer";"18128";"Toiletten-Spray"
"2547";"Geruchsverbesserer";"18136";"Wäscheparfüm"
"2547";"Geruchsverbesserer";"18131";"WC-Duftspüler"
"2551";"Gerüste";"18260";"Arbeitsgerüst"
"2551";"Gerüste";"18262";"Fahrgerüst"
"2551";"Gerüste";"18261";"Gerüst"
"2551";"Gerüste";"18263";"Klappgerüst"
"2552";"Gerüststege";"18267";"Gerüstbohle"
"2552";"Gerüststege";"18264";"Gerüststeg"
"2552";"Gerüststege";"18265";"Teleskop-Bohle"
"2552";"Gerüststege";"18266";"Telesteg"
"2553";"Geschenkpapier";"18271";"Geschenk-Tragetasche"
"2553";"Geschenkpapier";"18270";"Geschenkfolie"
"2553";"Geschenkpapier";"18269";"Geschenkpapier"
"2553";"Geschenkpapier";"18272";"Geschenktüten"
"2553";"Geschenkpapier";"18273";"Jutesäckchen"
"2553";"Geschenkpapier";"18274";"Organzasäckchen"
"2553";"Geschenkpapier";"18268";"Packpapier"
"2554";"Geschirr-Sets";"18282";"Einweggeschirr-Set"
"2554";"Geschirr-Sets";"18280";"Frühstücks-Geschirrset"
"2554";"Geschirr-Sets";"18277";"Geschirr-Set"
"2554";"Geschirr-Sets";"18276";"Kaffeeservice"
"2554";"Geschirr-Sets";"18278";"Kindergeschirr-Set"
"2554";"Geschirr-Sets";"18283";"Kombiservice"
"2554";"Geschirr-Sets";"18285";"Milch- und Zuckerset"
"2554";"Geschirr-Sets";"18279";"Single Geschirr-Set"
"2554";"Geschirr-Sets";"18275";"Tafelservice"
"2554";"Geschirr-Sets";"18284";"Teeservice"
"2554";"Geschirr-Sets";"18281";"Teller-Set"
"2555";"Geschirrspüler";"18288";"Standgeschirrspüler"
"2555";"Geschirrspüler";"18286";"teilintegrierbarer Geschirrspüler"
"2555";"Geschirrspüler";"18289";"Tischgeschirrspüler"
"2555";"Geschirrspüler";"18287";"Unterbaugeschirrspüler"
"2555";"Geschirrspüler";"18290";"vollintegrierbarer Geschirrspüler"
"2556";"Geschirrspülmaschineneinsätze";"18296";"Besteckschublade"
"2556";"Geschirrspülmaschineneinsätze";"18291";"Geschirrspüleinsatz"
"2556";"Geschirrspülmaschineneinsätze";"18295";"Gläserbügel"
"2556";"Geschirrspülmaschineneinsätze";"18292";"Gläsereinsatz für Unterkorb"
"2556";"Geschirrspülmaschineneinsätze";"18293";"Korbeinsatz für Langstielgläser"
"2556";"Geschirrspülmaschineneinsätze";"18294";"Silberglanzkassette"
"2557";"Geschirrständer";"18299";"Abtropfmatte"
"2557";"Geschirrständer";"18303";"Abtropfwanne"
"2557";"Geschirrständer";"18304";"Barmatte"
"2557";"Geschirrständer";"18301";"Geräteständer"
"2557";"Geschirrständer";"18297";"Geschirrständer"
"2557";"Geschirrständer";"18302";"Grillplattenhalter"
"2557";"Geschirrständer";"18305";"Grillrosthalter"
"2557";"Geschirrständer";"18300";"Trockenständer"
"2557";"Geschirrständer";"18298";"Zubehöraufbewahrungsständer"
"2558";"Geschirrtücher";"18307";"Geschirrtuch"
"2558";"Geschirrtücher";"18306";"Spültuch"
"2559";"Geschirrwärmer";"18308";"Einbau-Wärmeschublade"
"2559";"Geschirrwärmer";"18310";"Tassenwärmer"
"2559";"Geschirrwärmer";"18309";"Tellerwärmer"
"2560";"Gesichtssolarien";"18311";"Gesichtssolarium"
"2560";"Gesichtssolarien";"18312";"Oberkörpersolarium"
"2564";"Gewächshäuser";"18324";"Anlehngewächshaus"
"2564";"Gewächshäuser";"18326";"Foliengewächshaus"
"2564";"Gewächshäuser";"18325";"Frühbeetaufsatz"
"2564";"Gewächshäuser";"18329";"Gewächshaus"
"2564";"Gewächshäuser";"18327";"Pflanzenschutzdach"
"2564";"Gewächshäuser";"18323";"Pflanztunnel"
"2564";"Gewächshäuser";"18328";"Tomatengewächshaus"
"2561";"Gewichte";"18315";"Gewichtshandschuhe"
"2561";"Gewichte";"18316";"Gewichtsscheibe"
"2561";"Gewichte";"18314";"Gewichtsweste"
"2561";"Gewichte";"18313";"Stativgewicht"
"2562";"Gewindeschneider";"18320";"Gewindebohrer"
"2562";"Gewindeschneider";"18317";"Gewindeformer"
"2562";"Gewindeschneider";"18319";"Gewindeschneideisen"
"2562";"Gewindeschneider";"18318";"Gewindeschneider"
"2563";"Gewindestangen";"18322";"Gewindebolzen"
"2563";"Gewindestangen";"18321";"Gewindestange"
"2565";"Gewürzstreuer";"18333";"Gewürzkarussell"
"2565";"Gewürzstreuer";"18331";"Gewürzständer"
"2565";"Gewürzstreuer";"18332";"Gewürzstreuer"
"2565";"Gewürzstreuer";"18335";"Pfefferstreuer"
"2565";"Gewürzstreuer";"18330";"Salz- / Pfefferstreuer"
"2565";"Gewürzstreuer";"18334";"Salzstreuer"
"2566";"Gießkannen";"18336";"Gießkanne"
"2567";"Gimbals";"18338";"Gimbal"
"2567";"Gimbals";"18337";"Kamera-Gimbal"
"2567";"Gimbals";"18339";"Selfiestick"
"2568";"Gipsabdruck-Set";"18340";"Handabdruck-Set"
"2569";"Glasfasermatten";"18341";"Glasfasermatte"
"2569";"Glasfasermatten";"18342";"Glasgewebematte"
"2572";"Glätteisen";"18352";"Dampf-Haarglätter"
"2572";"Glätteisen";"18349";"Glätteisen"
"2572";"Glätteisen";"18353";"Heißluft-Haarglätter"
"2572";"Glätteisen";"18354";"Luftstrom-Haarglätter"
"2572";"Glätteisen";"18350";"Mini-Reiseglätteisen"
"2572";"Glätteisen";"18351";"Welleneisen"
"2570";"Gleitgele";"18344";"Analgleitgel"
"2570";"Gleitgele";"18346";"Gleit- & Massageöl"
"2570";"Gleitgele";"18345";"Gleit- und Massagegel"
"2570";"Gleitgele";"18347";"Gleitgel"
"2570";"Gleitgele";"18343";"Stimulationsgel"
"2571";"Globen";"18348";"Globus"
"2573";"Golf-Sets";"18356";"Golfschläger + Golfbag"
"2573";"Golf-Sets";"18355";"Golftrolley + Golfbag"
"2574";"Golfschläger";"18361";"Chipper"
"2574";"Golfschläger";"18360";"Driver"
"2574";"Golfschläger";"18362";"Eisenschläger"
"2574";"Golfschläger";"18364";"Fairwayholz"
"2574";"Golfschläger";"18359";"Hybrid"
"2574";"Golfschläger";"18363";"Minigolfschläger"
"2574";"Golfschläger";"18358";"Putter"
"2574";"Golfschläger";"18357";"Schwungtrainer"
"2574";"Golfschläger";"18365";"Wedge"
"2503";"GPS-Geräte";"17842";"Bluetooth-Tracker"
"2503";"GPS-Geräte";"17838";"Golf-GPS-Gerät"
"2503";"GPS-Geräte";"17837";"Golf-GPS-Uhr"
"2503";"GPS-Geräte";"17841";"GPS-Empfänger"
"2503";"GPS-Geräte";"17839";"GPS-Hundetracker"
"2503";"GPS-Geräte";"17840";"GPS-Ortungsgerät"
"2503";"GPS-Geräte";"17835";"GPS-System"
"2503";"GPS-Geräte";"17836";"GPS-Tracker"
"2503";"GPS-Geräte";"17843";"RTL-Referenzstation"
"2575";"Grafikkarten";"18366";"Grafikkarte"
"2576";"Grasimplantate";"18367";"Grasimplantat"
"2577";"Graukarten";"18368";"Graukarte"
"2578";"Greifspielzeug";"18372";"Greifling"
"2578";"Greifspielzeug";"18371";"Greifspielzeug"
"2578";"Greifspielzeug";"18370";"Kinderwagenanhänger"
"2578";"Greifspielzeug";"18369";"Kinderwagenkette"
"2578";"Greifspielzeug";"18373";"Rassel"
"2579";"Griffe";"18383";"Bügelgriff"
"2579";"Griffe";"18381";"Deckelgriff"
"2579";"Griffe";"18385";"Einhandgriff"
"2579";"Griffe";"18376";"Griff"
"2579";"Griffe";"18378";"Klettergriff"
"2579";"Griffe";"18377";"Möbelgriff"
"2579";"Griffe";"18379";"Möbelknopf"
"2579";"Griffe";"18380";"Muschelgriff"
"2579";"Griffe";"18375";"Pfannengriff"
"2579";"Griffe";"18384";"Rudergriff"
"2579";"Griffe";"18382";"Stangengriff"
"2579";"Griffe";"18386";"SZ-Griff"
"2579";"Griffe";"18388";"Tragegriff"
"2579";"Griffe";"18374";"Trimmhilfe"
"2579";"Griffe";"18387";"V-Griff"
"2580";"Griffschalen";"18389";"Griffschale"
"2581";"Grillbesteck-Sets";"18390";"Grillbesteck-Set"
"2581";"Grillbesteck-Sets";"18391";"Grillhaken"
"2582";"Grillroste";"18398";"Airfryer-Grillrost"
"2582";"Grillroste";"18397";"Grill-Salzstein"
"2582";"Grillroste";"18396";"Grillerweiterung"
"2582";"Grillroste";"18393";"Grillplatte"
"2582";"Grillroste";"18392";"Grillrost"
"2582";"Grillroste";"18394";"Sparerib-Halter"
"2582";"Grillroste";"18395";"Warmhalte-Grillrost"
"2583";"Grills";"18407";"Camping-Gasgrill"
"2583";"Grills";"18400";"Gas-Pizzaofen"
"2583";"Grills";"18406";"Gas-Räucherofen"
"2583";"Grills";"18405";"Gasgrill"
"2583";"Grills";"18401";"Grillkamin"
"2583";"Grills";"18404";"Holzkohlegrill"
"2583";"Grills";"18399";"Keramikgrill"
"2583";"Grills";"18402";"Kombigrill"
"2583";"Grills";"18409";"Schwenkgrill"
"2583";"Grills";"18408";"Smoker"
"2583";"Grills";"18403";"Spanferkelgrill"
"2584";"Gripmittel";"18410";"Grip-Pulver"
"2584";"Gripmittel";"18411";"Grip-Spray"
"2585";"Grundierungen";"18427";"Acryl-Vorstrichgrund"
"2585";"Grundierungen";"18413";"Fassadengrundierung"
"2585";"Grundierungen";"18414";"Fliesengrundierung"
"2585";"Grundierungen";"18416";"Haftgrund"
"2585";"Grundierungen";"18423";"Holzgrundierung"
"2585";"Grundierungen";"18424";"Isoliergrundierung"
"2585";"Grundierungen";"18412";"Kunststoffgrundierung"
"2585";"Grundierungen";"18425";"Putzgrundierung"
"2585";"Grundierungen";"18419";"Rostschutzgrundierung"
"2585";"Grundierungen";"18415";"Silikatgrundierung"
"2585";"Grundierungen";"18422";"Sprühlack-Grundierung"
"2585";"Grundierungen";"18426";"Tapetengrund"
"2585";"Grundierungen";"18421";"Teichgrundierung"
"2585";"Grundierungen";"18417";"Tiefengrund"
"2585";"Grundierungen";"18420";"Universalgrundierung"
"2585";"Grundierungen";"18418";"Wandgrundierung"
"2586";"Gummibänder";"18430";"Einkochring"
"2586";"Gummibänder";"18429";"Gummiband"
"2586";"Gummibänder";"18428";"Gummibänder"
"2587";"Gummibärchenmaschinen";"18431";"Gummibärchenmaschine"
"2592";"Gürtel";"18460";"Dip-Gürtel"
"2592";"Gürtel";"18453";"Flechtgürtel"
"2592";"Gürtel";"18454";"Gürtelriemen"
"2592";"Gürtel";"18447";"Gürtelschnalle"
"2592";"Gürtel";"18450";"Hüftgürtel"
"2592";"Gürtel";"18455";"Kettengürtel"
"2592";"Gürtel";"18456";"Koppelgürtel"
"2592";"Gürtel";"18451";"Laufgürtel"
"2592";"Gürtel";"18445";"Ledergürtel"
"2592";"Gürtel";"18452";"Nietengürtel"
"2592";"Gürtel";"18443";"Schwangerschaftsgürtel"
"2592";"Gürtel";"18449";"Stoffgürtel"
"2592";"Gürtel";"18448";"Stretchgürtel"
"2592";"Gürtel";"18458";"Synthetikgürtel"
"2592";"Gürtel";"18444";"Taillengürtel"
"2592";"Gürtel";"18457";"Tresorgürtel"
"2592";"Gürtel";"18446";"Watgürtel"
"2592";"Gürtel";"18459";"Wendegürtel"
"2593";"Gürtelhalter";"18461";"Gürtelhalter"
"2588";"Gurtpolster";"18432";"Gurtpolster"
"2589";"Gurtverlängerungen";"18433";"Gürtelerweiterung"
"2590";"Gurtwickler";"18437";"Aufputz-Gurtwickler"
"2590";"Gurtwickler";"18434";"Einlass-Gurtwickler"
"2590";"Gurtwickler";"18436";"Halbeinlass-Gurtwickler"
"2590";"Gurtwickler";"18439";"Rollladen-Schnurwickler"
"2590";"Gurtwickler";"18435";"Rollladengurt-Antrieb"
"2590";"Gurtwickler";"18438";"Smart-Home-Gurtwickler"
"2591";"Gutscheine";"18440";"Erlebnisgutschein"
"2591";"Gutscheine";"18441";"Guthaben"
"2591";"Gutscheine";"18442";"Wertgutschein"
"2594";"Haarbürsten";"18471";"Bartbürste"
"2594";"Haarbürsten";"18466";"Flachbürste"
"2594";"Haarbürsten";"18469";"Haarbürste"
"2594";"Haarbürsten";"18465";"Haarbürsten-Set"
"2594";"Haarbürsten";"18472";"Haarentwirrbürste"
"2594";"Haarbürsten";"18467";"Keramikbürste"
"2594";"Haarbürsten";"18462";"Paddelbürste"
"2594";"Haarbürsten";"18468";"Rundbürste"
"2594";"Haarbürsten";"18470";"Skelettbürste"
"2594";"Haarbürsten";"18464";"Stylingbürste"
"2594";"Haarbürsten";"18463";"Toupierbürste"
"2595";"Haarentfernungsmittel";"18473";"Enthaarungscreme"
"2595";"Haarentfernungsmittel";"18477";"Enthaarungsschaum"
"2595";"Haarentfernungsmittel";"18476";"Enthaarungswachs"
"2595";"Haarentfernungsmittel";"18475";"Kaltwachsstreifen"
"2595";"Haarentfernungsmittel";"18478";"Wachspatrone"
"2595";"Haarentfernungsmittel";"18474";"Zuckerpaste"
"2596";"Haarfixierungen";"18494";"Haarband"
"2596";"Haarfixierungen";"18490";"Haarclip"
"2596";"Haarfixierungen";"18481";"Haargummi"
"2596";"Haarfixierungen";"18483";"Haarkissen"
"2596";"Haarfixierungen";"18489";"Haarklammer"
"2596";"Haarfixierungen";"18482";"Haarklemme"
"2596";"Haarfixierungen";"18491";"Haarnadel"
"2596";"Haarfixierungen";"18488";"Haarnadeln"
"2596";"Haarfixierungen";"18486";"Haarnetz"
"2596";"Haarfixierungen";"18493";"Haarpin"
"2596";"Haarfixierungen";"18485";"Haarreif"
"2596";"Haarfixierungen";"18479";"Haarspange"
"2596";"Haarfixierungen";"18484";"Haarstyling-Set"
"2596";"Haarfixierungen";"18487";"Spiral-Haargummi"
"2596";"Haarfixierungen";"18480";"Zopfband"
"2596";"Haarfixierungen";"18492";"Zopfhalter"
"2597";"Haarkämme";"18495";"Bartkamm"
"2597";"Haarkämme";"18500";"Griffkamm"
"2597";"Haarkämme";"18504";"Haarkamm"
"2597";"Haarkämme";"18501";"Lockenkamm"
"2597";"Haarkämme";"18498";"Nissenkamm"
"2597";"Haarkämme";"18497";"Schneidekamm"
"2597";"Haarkämme";"18496";"Stielkamm"
"2597";"Haarkämme";"18502";"Strähnenkamm"
"2597";"Haarkämme";"18499";"Taschen-Kamm"
"2597";"Haarkämme";"18503";"Toupierkamm"
"2597";"Haarkämme";"18505";"Wimpernkamm"
"2598";"Haarpflegemittel";"18532";"Feste Haarspülung"
"2598";"Haarpflegemittel";"18530";"Festes Haarshampoo"
"2598";"Haarpflegemittel";"18508";"Gelshampoo"
"2598";"Haarpflegemittel";"18516";"Haarbalsam"
"2598";"Haarpflegemittel";"18512";"Haarbutter"
"2598";"Haarpflegemittel";"18525";"Haarcreme"
"2598";"Haarpflegemittel";"18509";"Haarelexier"
"2598";"Haarpflegemittel";"18517";"Haarfluid"
"2598";"Haarpflegemittel";"18533";"Haarkur"
"2598";"Haarpflegemittel";"18507";"Haarmaske"
"2598";"Haarpflegemittel";"18514";"Haaröl"
"2598";"Haarpflegemittel";"18524";"Haarpflege-Set"
"2598";"Haarpflegemittel";"18515";"Haarpflege-Spray"
"2598";"Haarpflegemittel";"18510";"Haarseife"
"2598";"Haarpflegemittel";"18522";"Haarserum"
"2598";"Haarpflegemittel";"18518";"Haarshampoo"
"2598";"Haarpflegemittel";"18506";"Haarspülung"
"2598";"Haarpflegemittel";"18520";"Haartonikum"
"2598";"Haarpflegemittel";"18527";"Haarwasser"
"2598";"Haarpflegemittel";"18526";"Kopfhaut-Pflegekur"
"2598";"Haarpflegemittel";"18519";"Kopfhaut-Pflegelotion"
"2598";"Haarpflegemittel";"18511";"Kopfhaut-Pflegeöl"
"2598";"Haarpflegemittel";"18529";"Kopfhaut-Pflegeserum"
"2598";"Haarpflegemittel";"18513";"Kopfhaut-Pflegeshampoo"
"2598";"Haarpflegemittel";"18521";"Kopfhautpeeling"
"2598";"Haarpflegemittel";"18523";"Leave-in Pflege"
"2598";"Haarpflegemittel";"18528";"Silbershampoo"
"2598";"Haarpflegemittel";"18531";"Trockenshampoo"
"2599";"Haarschmuck";"18535";"Diadem"
"2599";"Haarschmuck";"18534";"Schleier"
"2600";"Haarschneider";"18539";"Augenbrauentrimmer"
"2600";"Haarschneider";"18536";"Bartschneider"
"2600";"Haarschneider";"18545";"Beauty-Trimmer"
"2600";"Haarschneider";"18546";"Bikinitrimmer"
"2600";"Haarschneider";"18543";"Glatzen-Rasierer"
"2600";"Haarschneider";"18540";"Haar- und Bartschneider"
"2600";"Haarschneider";"18541";"Haarschneider"
"2600";"Haarschneider";"18538";"Hundeschermaschine"
"2600";"Haarschneider";"18548";"Körper- und Bikinitrimmer"
"2600";"Haarschneider";"18547";"Multifunktionstrimmer"
"2600";"Haarschneider";"18544";"Nasen- und Ohrhaartrimmer"
"2600";"Haarschneider";"18542";"Nasenhaartrimmer"
"2600";"Haarschneider";"18537";"Pferdeschermaschine"
"2601";"Haarstylingmittel";"18565";"Föhnlotion"
"2601";"Haarstylingmittel";"18560";"Glanzspray"
"2601";"Haarstylingmittel";"18566";"Glättungsbalsam"
"2601";"Haarstylingmittel";"18557";"Glättungsspray"
"2601";"Haarstylingmittel";"18568";"Haarfestiger"
"2601";"Haarstylingmittel";"18563";"Haargel"
"2601";"Haarstylingmittel";"18561";"Haarmilch"
"2601";"Haarstylingmittel";"18562";"Haarmousse"
"2601";"Haarstylingmittel";"18564";"Haarpomade"
"2601";"Haarstylingmittel";"18550";"Haarpuder"
"2601";"Haarstylingmittel";"18554";"Haarschaum"
"2601";"Haarstylingmittel";"18552";"Haarspray"
"2601";"Haarstylingmittel";"18567";"Haarstyling-Liquid"
"2601";"Haarstylingmittel";"18558";"Haarwachs"
"2601";"Haarstylingmittel";"18551";"Hitzeschutzspray"
"2601";"Haarstylingmittel";"18555";"Lockenspray"
"2601";"Haarstylingmittel";"18553";"Modelliercreme"
"2601";"Haarstylingmittel";"18559";"Styling-Creme"
"2601";"Haarstylingmittel";"18569";"Texturspray"
"2601";"Haarstylingmittel";"18549";"Volumenpuder"
"2601";"Haarstylingmittel";"18556";"Volumenspray"
"2602";"Haartrockner";"18570";"Haartrockenhaube"
"2602";"Haartrockner";"18572";"Haartrockner"
"2602";"Haartrockner";"18574";"Ionic-Haartrockner"
"2602";"Haartrockner";"18571";"Reisehaartrockner"
"2602";"Haartrockner";"18573";"Wandhaartrockner"
"2603";"Hacken";"18577";"Blumenkralle"
"2603";"Hacken";"18581";"Bügelzughacke"
"2603";"Hacken";"18586";"Doppelhacke"
"2603";"Hacken";"18575";"Gartenhacke"
"2603";"Hacken";"18582";"Grubber"
"2603";"Hacken";"18578";"Häufelpflug"
"2603";"Hacken";"18579";"Kleinfeger"
"2603";"Hacken";"18576";"Kleingrubber"
"2603";"Hacken";"18580";"Kleinhacke"
"2603";"Hacken";"18585";"Kultivator"
"2603";"Hacken";"18587";"Rübenhacke"
"2603";"Hacken";"18583";"Unkrauthacke"
"2603";"Hacken";"18584";"Wegeschuffel"
"2689";"Häcksler";"19534";"Häcksler"
"2689";"Häcksler";"19536";"Leisehäcksler"
"2689";"Häcksler";"19535";"Messerhäcksler"
"2604";"Haken";"18594";"Deckenhaken"
"2604";"Haken";"18602";"Dekohaken"
"2604";"Haken";"18598";"Doppelhaken"
"2604";"Haken";"18588";"Drapierhaken"
"2604";"Haken";"18589";"Faltenhaken"
"2604";"Haken";"18590";"Faltenlegehaken"
"2604";"Haken";"18592";"Fensterhaken"
"2604";"Haken";"18606";"Grillbesteckhaken"
"2604";"Haken";"18596";"Handtuchhaken"
"2604";"Haken";"18605";"Klapphaken"
"2604";"Haken";"18603";"Klebehaken"
"2604";"Haken";"18600";"Kleiderhaken"
"2604";"Haken";"18591";"S-Haken"
"2604";"Haken";"18593";"Seilhaken"
"2604";"Haken";"18595";"Trimmhaken"
"2604";"Haken";"18601";"Türgarderobe"
"2604";"Haken";"18599";"Türhaken"
"2604";"Haken";"18597";"Wandhaken"
"2604";"Haken";"18604";"Zierhaken"
"2605";"Hakenleisten";"18609";"Hakenleiste"
"2605";"Hakenleisten";"18610";"Schlüsselbrett"
"2605";"Hakenleisten";"18608";"Schlüsselleiste"
"2605";"Hakenleisten";"18607";"Trensenhalter"
"2606";"Halsketten";"18613";"Bead-Ketten-Set"
"2606";"Halsketten";"18629";"Charm-Kette"
"2606";"Halsketten";"18646";"Charm-Ketten-Set"
"2606";"Halsketten";"18642";"Choker"
"2606";"Halsketten";"18650";"Choker-Set"
"2606";"Halsketten";"18625";"Collier"
"2606";"Halsketten";"18639";"Collier-Set"
"2606";"Halsketten";"18635";"Collierkettchen"
"2606";"Halsketten";"18634";"Collierkettchen-Set"
"2606";"Halsketten";"18638";"Edelstahlkette"
"2606";"Halsketten";"18627";"Edelstahlketten-Set"
"2606";"Halsketten";"18612";"Freundschaftskette"
"2606";"Halsketten";"18611";"Gliederkette"
"2606";"Halsketten";"18620";"Gliederketten-Set"
"2606";"Halsketten";"18647";"Goldkette"
"2606";"Halsketten";"18619";"Goldketten-Set"
"2606";"Halsketten";"18614";"Halsreif"
"2606";"Halsketten";"18633";"Herzkette"
"2606";"Halsketten";"18643";"Kette mit Anhänger"
"2606";"Halsketten";"18641";"Kette mit Anhänger mit Gravur"
"2606";"Halsketten";"18618";"Kette mit Einhänger"
"2606";"Halsketten";"18637";"Kette mit Gravur"
"2606";"Halsketten";"18651";"Kette mit Taufring"
"2606";"Halsketten";"18649";"Kette ohne Anhänger"
"2606";"Halsketten";"18644";"Ketten-Set"
"2606";"Halsketten";"18624";"Königskette"
"2606";"Halsketten";"18645";"Königsketten-Set"
"2606";"Halsketten";"18640";"Kreuzkette"
"2606";"Halsketten";"18616";"Lange Kette"
"2606";"Halsketten";"18636";"Lederband"
"2606";"Halsketten";"18628";"Namenskette"
"2606";"Halsketten";"18626";"Panzerkette"
"2606";"Halsketten";"18632";"Panzerketten-Set"
"2606";"Halsketten";"18630";"Partnerkette"
"2606";"Halsketten";"18631";"Perlenkette"
"2606";"Halsketten";"18621";"Perlenketten-Set"
"2606";"Halsketten";"18623";"Schlangenkette"
"2606";"Halsketten";"18622";"Silberkette"
"2606";"Halsketten";"18615";"Statementkette"
"2606";"Halsketten";"18648";"Textilband"
"2606";"Halsketten";"18617";"Y-Kette"
"2607";"Haltegriffe";"18661";"Badewannen-Einstiegshilfe"
"2607";"Haltegriffe";"18657";"Badewannengriff"
"2607";"Haltegriffe";"18652";"Balance Scooter Haltestange"
"2607";"Haltegriffe";"18662";"Bett - Aufstehhilfe"
"2607";"Haltegriffe";"18660";"Board-Griff"
"2607";"Haltegriffe";"18653";"Haltegriff"
"2607";"Haltegriffe";"18665";"Pool-Haltegriff"
"2607";"Haltegriffe";"18658";"Seitenwandgriff"
"2607";"Haltegriffe";"18654";"Stützklappgriff"
"2607";"Haltegriffe";"18663";"Teleskopgriff"
"2607";"Haltegriffe";"18656";"Trampolin-Haltestange"
"2607";"Haltegriffe";"18664";"Wandgriff"
"2607";"Haltegriffe";"18659";"WC-Aufstehhilfe"
"2607";"Haltegriffe";"18655";"Winkel-Haltegriff"
"2608";"Halteklammern";"18668";"Doppelrohrklemme"
"2608";"Halteklammern";"18670";"Hintergrundklammer"
"2608";"Halteklammern";"18667";"Möbelklammer"
"2608";"Halteklammern";"18673";"Rohrklemme"
"2608";"Halteklammern";"18672";"Rutenclip"
"2608";"Halteklammern";"18674";"Stoffklammer"
"2608";"Halteklammern";"18671";"Studioklammer"
"2608";"Halteklammern";"18669";"Sturmwäscheklammern"
"2608";"Halteklammern";"18666";"Wäscheklammern"
"2690";"Hämmer";"19543";"Ausbeul-Riffelhammer"
"2690";"Hämmer";"19545";"Campinghammer"
"2690";"Hämmer";"19537";"Gummihammer"
"2690";"Hämmer";"19541";"Hammer"
"2690";"Hämmer";"19540";"Holzhammer"
"2690";"Hämmer";"19539";"Klauenhammer"
"2690";"Hämmer";"19544";"Latthammer"
"2690";"Hämmer";"19538";"Plattenverlegehammer"
"2690";"Hämmer";"19542";"Vorschlaghammer"
"2609";"Handarbeitsnadeln";"18681";"Big-Eye-Nadeln"
"2609";"Handarbeitsnadeln";"18689";"Bodkin-Nadeln"
"2609";"Handarbeitsnadeln";"18695";"Filznadeln"
"2609";"Handarbeitsnadeln";"18690";"Häkelnadeln"
"2609";"Handarbeitsnadeln";"18676";"Jackenstricknadeln"
"2609";"Handarbeitsnadeln";"18693";"Knooking-Nadel"
"2609";"Handarbeitsnadeln";"18688";"Knüpfnadel"
"2609";"Handarbeitsnadeln";"18697";"Ködernadel"
"2609";"Handarbeitsnadeln";"18677";"Nähmaschinennadeln"
"2609";"Handarbeitsnadeln";"18682";"Nähnadeln"
"2609";"Handarbeitsnadeln";"18686";"Perlnadeln"
"2609";"Handarbeitsnadeln";"18679";"Punch-Needle-Nadeln"
"2609";"Handarbeitsnadeln";"18691";"Quiltnadeln"
"2609";"Handarbeitsnadeln";"18694";"Rundstricknadeln"
"2609";"Handarbeitsnadeln";"18692";"Sicherheitsnadeln"
"2609";"Handarbeitsnadeln";"18696";"Stecknadeln"
"2609";"Handarbeitsnadeln";"18685";"Sticknadeln"
"2609";"Handarbeitsnadeln";"18687";"Sticktwist-Nadeln"
"2609";"Handarbeitsnadeln";"18675";"Stopfnadel"
"2609";"Handarbeitsnadeln";"18683";"Strickliesel"
"2609";"Handarbeitsnadeln";"18684";"Stricknadeln"
"2609";"Handarbeitsnadeln";"18678";"Strumpfstricknadeln"
"2609";"Handarbeitsnadeln";"18680";"Zopfmusternadeln"
"2610";"Handballenauflagen";"18699";"Handballenauflage"
"2610";"Handballenauflagen";"18698";"Tastatur-Handballenauflage"
"2691";"Händetrockner";"19546";"Händetrockner"
"2611";"Handhobel";"18715";"Blockhobel"
"2611";"Handhobel";"18706";"Doppelhobel"
"2611";"Handhobel";"18704";"Einhandhobel"
"2611";"Handhobel";"18714";"Fasenhobel"
"2611";"Handhobel";"18703";"Grundhobel"
"2611";"Handhobel";"18700";"Haushaltshobel"
"2611";"Handhobel";"18710";"Kantenhobel"
"2611";"Handhobel";"18707";"Kombihobel"
"2611";"Handhobel";"18708";"Nuthobel"
"2611";"Handhobel";"18712";"Putzhobel"
"2611";"Handhobel";"18705";"Raubankhobel"
"2611";"Handhobel";"18717";"Schabhobel"
"2611";"Handhobel";"18716";"Schichthobel"
"2611";"Handhobel";"18711";"Schiffhobel"
"2611";"Handhobel";"18702";"Schrupphobel"
"2611";"Handhobel";"18713";"Simshobel"
"2611";"Handhobel";"18701";"Universalhobel"
"2611";"Handhobel";"18709";"Wangenhobel"
"2612";"Handläufe";"18718";"Handlauf"
"2613";"Handmuffe";"18719";"Handmuffe"
"2614";"Handmuskeltrainer";"18720";"Handmuskeltrainer"
"2614";"Handmuskeltrainer";"18721";"Rehabilitationshandschuh"
"2618";"Handsägen";"18784";"Bügelsäge"
"2618";"Handsägen";"18780";"Furniersäge"
"2618";"Handsägen";"18781";"Gartensäge"
"2618";"Handsägen";"18782";"Gasbetonsäge"
"2618";"Handsägen";"18786";"Handsäge"
"2618";"Handsägen";"18783";"Japansäge"
"2618";"Handsägen";"18785";"Klappsäge"
"2615";"Handschlaufen";"18722";"Handschlaufe"
"2616";"Handschuhe";"18750";"Abendhandschuhe"
"2616";"Handschuhe";"18748";"Angelhandschuhe"
"2616";"Handschuhe";"18724";"Arbeitshandschuh-Set"
"2616";"Handschuhe";"18770";"Arbeitshandschuhe"
"2616";"Handschuhe";"18730";"Baumwollhandschuhe"
"2616";"Handschuhe";"18775";"Beheizbare Handschuhe"
"2616";"Handschuhe";"18772";"Bogenhandschuh"
"2616";"Handschuhe";"18773";"Bowling-Handschuhe"
"2616";"Handschuhe";"18740";"Bräunungshandschuh"
"2616";"Handschuhe";"18769";"Chemikalien-Schutzhandschuhe"
"2616";"Handschuhe";"18733";"Einweghandschuhe"
"2616";"Handschuhe";"18764";"Eishockeyhandschuhe"
"2616";"Handschuhe";"18771";"Elektriker-Handschuhe"
"2616";"Handschuhe";"18742";"Fahrradhandschuhe"
"2616";"Handschuhe";"18735";"Fäustlinge"
"2616";"Handschuhe";"18734";"Feldhockey Torwarthandschuh"
"2616";"Handschuhe";"18745";"Feldhockeyhandschuh"
"2616";"Handschuhe";"18755";"Feldspielerhandschuhe"
"2616";"Handschuhe";"18766";"Fleecehandschuhe"
"2616";"Handschuhe";"18732";"Frackhandschuhe"
"2616";"Handschuhe";"18743";"Gartenhandschuhe"
"2616";"Handschuhe";"18776";"Gleitschirm-Handschuhe"
"2616";"Handschuhe";"18759";"Golfhandschuh"
"2616";"Handschuhe";"18737";"Golfhandschuhe"
"2616";"Handschuhe";"18761";"Hallenhockeyhandschuh"
"2616";"Handschuhe";"18738";"Hitzeschutzhandschuhe"
"2616";"Handschuhe";"18741";"Karthandschuhe"
"2616";"Handschuhe";"18777";"Kletterhandschuhe"
"2616";"Handschuhe";"18762";"Langlaufhandschuhe"
"2616";"Handschuhe";"18760";"Latexhandschuhe"
"2616";"Handschuhe";"18749";"Laufhandschuhe"
"2616";"Handschuhe";"18754";"Leder-Arbeitshandschuhe"
"2616";"Handschuhe";"18747";"Lederhandschuhe"
"2616";"Handschuhe";"18727";"Mechaniker-Handschuhe"
"2616";"Handschuhe";"18753";"Montage-Handschuhe"
"2616";"Handschuhe";"18757";"Motorradhandschuhe"
"2616";"Handschuhe";"18729";"Multisporthandschuhe"
"2616";"Handschuhe";"18728";"Neoprenhandschuhe"
"2616";"Handschuhe";"18726";"Nitril-Handschuhe"
"2616";"Handschuhe";"18725";"Partnerhandschuhe"
"2616";"Handschuhe";"18768";"PU-Handschuhe"
"2616";"Handschuhe";"18751";"Putzhandschuh"
"2616";"Handschuhe";"18746";"Reinigungshandschuh"
"2616";"Handschuhe";"18752";"Reithandschuhe"
"2616";"Handschuhe";"18778";"Rollstuhlhandschuhe"
"2616";"Handschuhe";"18744";"Schnittschutzhandschuhe"
"2616";"Handschuhe";"18765";"Schweißerhandschuhe"
"2616";"Handschuhe";"18723";"Skihandschuhe"
"2616";"Handschuhe";"18756";"Snowboardhandschuhe"
"2616";"Handschuhe";"18763";"Strickhandschuhe"
"2616";"Handschuhe";"18774";"Thermohandschuhe"
"2616";"Handschuhe";"18739";"Torwarthandschuhe"
"2616";"Handschuhe";"18736";"Trainingshandschuhe"
"2616";"Handschuhe";"18731";"Trikot-Handschuhe"
"2616";"Handschuhe";"18758";"Unterziehhandschuhe"
"2616";"Handschuhe";"18767";"Winter-Arbeitshandschuhe"
"2617";"Handstreuer";"18779";"Handstreuer"
"2620";"Handtücher";"18800";"Badetuch"
"2620";"Handtücher";"18807";"Badetücher"
"2620";"Handtücher";"18806";"Duschtuch"
"2620";"Handtücher";"18799";"Duschtücher"
"2620";"Handtücher";"18808";"Gästehandtuch"
"2620";"Handtücher";"18804";"Gästehandtücher"
"2620";"Handtücher";"18805";"Hamamtuch"
"2620";"Handtücher";"18811";"Hamamtücher"
"2620";"Handtücher";"18813";"Handtuch"
"2620";"Handtücher";"18820";"Handtuch Set"
"2620";"Handtücher";"18809";"Handtücher"
"2620";"Handtücher";"18798";"Hundehandtuch"
"2620";"Handtücher";"18801";"Kapuzenhandtuch"
"2620";"Handtücher";"18815";"Reisehandtuch"
"2620";"Handtücher";"18821";"Saunakilt"
"2620";"Handtücher";"18802";"Saunatuch"
"2620";"Handtücher";"18816";"Seiftuch"
"2620";"Handtücher";"18814";"Sporthandtuch"
"2620";"Handtücher";"18812";"Strandtuch"
"2620";"Handtücher";"18810";"Strandtücher"
"2620";"Handtücher";"18803";"Turban-Handtuch"
"2620";"Handtücher";"18817";"Waschgurt"
"2620";"Handtücher";"18818";"Waschhandschuh"
"2620";"Handtücher";"18819";"Waschlappen"
"2619";"Handtuchhalter";"18790";"Doppelhandtuchhalter"
"2619";"Handtuchhalter";"18796";"Handtuchhalter"
"2619";"Handtuchhalter";"18795";"Handtuchklemme"
"2619";"Handtuchhalter";"18791";"Handtuchleiter"
"2619";"Handtuchhalter";"18792";"Handtuchregal"
"2619";"Handtuchhalter";"18789";"Handtuchring"
"2619";"Handtuchhalter";"18788";"Handtuchständer"
"2619";"Handtuchhalter";"18797";"Handtuchstange"
"2619";"Handtuchhalter";"18787";"Pferdedeckenhalter"
"2619";"Handtuchhalter";"18794";"Spültuchhalter"
"2619";"Handtuchhalter";"18793";"Teleskop-Handtuchhalter"
"2621";"Handwalzen";"18825";"Andruckwalze"
"2621";"Handwalzen";"18826";"Bodenbelag-Andrückwalze"
"2621";"Handwalzen";"18823";"Rasentraktor-Gartenwalze"
"2621";"Handwalzen";"18824";"Rasenwalze"
"2621";"Handwalzen";"18822";"Tennislinien-Walze"
"2692";"Hängematten";"19550";"Hängehöhle"
"2692";"Hängematten";"19548";"Hängematte"
"2692";"Hängematten";"19547";"Hängestuhl"
"2692";"Hängematten";"19549";"Stabhängematte"
"2693";"Hängemattengestelle";"19551";"Hängemattengestell"
"2694";"Hängeregistraturkörbe";"19552";"Hängeregistraturkorb"
"2622";"Hanteln";"18832";"Aqua Tube"
"2622";"Hanteln";"18833";"Clubbell"
"2622";"Hanteln";"18831";"Dumbbell"
"2622";"Hanteln";"18838";"Gewichtsmanschette"
"2622";"Hanteln";"18828";"Gewichtssack"
"2622";"Hanteln";"18835";"Gymnastikhantel"
"2622";"Hanteln";"18829";"Hantel"
"2622";"Hanteln";"18837";"Hantel-Set"
"2622";"Hanteln";"18836";"Kettlebell"
"2622";"Hanteln";"18834";"Kompakthantel"
"2622";"Hanteln";"18827";"Kurzhantel"
"2622";"Hanteln";"18830";"Langhantel"
"2623";"Hantelscheiben";"18841";"Gewichteplatten"
"2623";"Hantelscheiben";"18839";"Hantelscheibe"
"2623";"Hantelscheiben";"18840";"Hantelscheiben"
"2623";"Hantelscheiben";"18842";"Zusatzgewichte"
"2624";"Hantelstangen";"18844";"Curlstange"
"2624";"Hantelstangen";"18846";"Kurzhantelstange"
"2624";"Hantelstangen";"18843";"Langhantelstange"
"2624";"Hantelstangen";"18849";"Olympiastange"
"2624";"Hantelstangen";"18847";"SZ-Curlstange"
"2624";"Hantelstangen";"18848";"SZ-Stange"
"2624";"Hantelstangen";"18845";"Trizepsstange"
"2625";"Hantelstangenverschlüsse";"18853";"Federverschluss"
"2625";"Hantelstangenverschlüsse";"18852";"Feststellring"
"2625";"Hantelstangenverschlüsse";"18851";"Hantelstangenverschluss"
"2625";"Hantelstangenverschlüsse";"18850";"Sternverschluss"
"2626";"Hantelstationen";"18856";"Hantel-Wandhalterung"
"2626";"Hantelstationen";"18857";"Hantelscheibenständer"
"2626";"Hantelstationen";"18855";"Kurzhantelständer"
"2626";"Hantelstationen";"18854";"Langhantelständer"
"2627";"Hardware-Anschlussbuchsen";"18860";"Handy-Ersatz USB-C Port"
"2627";"Hardware-Anschlussbuchsen";"18862";"HDMI-Port"
"2627";"Hardware-Anschlussbuchsen";"18861";"Mini USB-Port"
"2627";"Hardware-Anschlussbuchsen";"18859";"Netzwerk-Port"
"2627";"Hardware-Anschlussbuchsen";"18858";"USB-Port"
"2628";"Hartbodenbeläge";"18864";"Designboden"
"2628";"Hartbodenbeläge";"18866";"Holzfliesen"
"2628";"Hartbodenbeläge";"18870";"Klickfliese"
"2628";"Hartbodenbeläge";"18863";"Klickfliesen"
"2628";"Hartbodenbeläge";"18876";"Klickfliesen-Abschlussleiste"
"2628";"Hartbodenbeläge";"18872";"Klickfliesen-Eckleiste"
"2628";"Hartbodenbeläge";"18871";"Klickfliesen-Kantenleiste"
"2628";"Hartbodenbeläge";"18873";"Korkfliesen"
"2628";"Hartbodenbeläge";"18869";"Korklaminat"
"2628";"Hartbodenbeläge";"18865";"Kunststoff-Fliesen"
"2628";"Hartbodenbeläge";"18867";"Laminat"
"2628";"Hartbodenbeläge";"18878";"Parkett"
"2628";"Hartbodenbeläge";"18868";"Podeststufen"
"2628";"Hartbodenbeläge";"18874";"Treppenstufen-Set"
"2628";"Hartbodenbeläge";"18875";"Vinyllaminat"
"2628";"Hartbodenbeläge";"18877";"WPC-Fliesen"
"2629";"Haushaltsgeräteadapter";"18880";"Kartuschen-Adapter"
"2629";"Haushaltsgeräteadapter";"18881";"Kochfeld-Adapter"
"2629";"Haushaltsgeräteadapter";"18879";"Küchenmaschinen-Adapter"
"2629";"Haushaltsgeräteadapter";"18883";"Milchschlauch-Adapter"
"2629";"Haushaltsgeräteadapter";"18882";"Staubsaugerrohr-Adapter"
"2629";"Haushaltsgeräteadapter";"18884";"Universaladapter für Staubsaugerrohre"
"2629";"Haushaltsgeräteadapter";"18885";"Vakuumierbeutel-Adapter"
"2630";"Haushaltsgeräteschläuche";"18887";"Ablauf-Schlauchverlängerung"
"2630";"Haushaltsgeräteschläuche";"18888";"Ablaufschlauch"
"2630";"Haushaltsgeräteschläuche";"18893";"flexibler Schlauch"
"2630";"Haushaltsgeräteschläuche";"18892";"Klimaanlagenschlauch"
"2630";"Haushaltsgeräteschläuche";"18897";"Milchschlauch"
"2630";"Haushaltsgeräteschläuche";"18886";"Schlauch"
"2630";"Haushaltsgeräteschläuche";"18889";"Staubsaugerschlauch"
"2630";"Haushaltsgeräteschläuche";"18890";"Verlängerung"
"2630";"Haushaltsgeräteschläuche";"18891";"Waschmaschinenschlauch"
"2630";"Haushaltsgeräteschläuche";"18895";"Zu- und Ablauf-Schlauchverlängerung"
"2630";"Haushaltsgeräteschläuche";"18896";"Zulauf-Schlauchverlängerung"
"2630";"Haushaltsgeräteschläuche";"18894";"Zulaufschlauch"
"2631";"Hausmäntel";"18908";"Babybademantel"
"2631";"Hausmäntel";"18907";"Bademantel"
"2631";"Hausmäntel";"18904";"Badeponcho"
"2631";"Hausmäntel";"18899";"Damenbademantel"
"2631";"Hausmäntel";"18905";"Herrenbademantel"
"2631";"Hausmäntel";"18901";"Kilt"
"2631";"Hausmäntel";"18898";"Kimono"
"2631";"Hausmäntel";"18900";"Kinderbademantel"
"2631";"Hausmäntel";"18903";"Morgenmantel"
"2631";"Hausmäntel";"18902";"Sarong"
"2631";"Hausmäntel";"18906";"Unisex-Bademantel"
"2632";"Hausmüllpressen";"18909";"Hausmüllpresse"
"2633";"Haustiertränken";"18914";"Geflügeltränke"
"2633";"Haustiertränken";"18910";"Trinkautomat"
"2633";"Haustiertränken";"18913";"Trinkbrunnen"
"2633";"Haustiertränken";"18912";"Vogeltränke"
"2633";"Haustiertränken";"18911";"Wasserspender"
"2634";"Hautpflegebürsten";"18920";"Badebürste"
"2634";"Hautpflegebürsten";"18916";"Fußbürste"
"2634";"Hautpflegebürsten";"18915";"Gesichtsreinigungsbürste"
"2634";"Hautpflegebürsten";"18917";"Körperbürste"
"2634";"Hautpflegebürsten";"18919";"Massagebürste"
"2634";"Hautpflegebürsten";"18918";"Nagelbürste"
"2634";"Hautpflegebürsten";"18921";"Saunabürste"
"2634";"Hautpflegebürsten";"18922";"Wellness-Pflegeset"
"2635";"Hautpflegebürstenaufsätze";"18924";"Gesichtsbürstenaufsatz"
"2635";"Hautpflegebürstenaufsätze";"18925";"Körperbürstenaufsatz"
"2635";"Hautpflegebürstenaufsätze";"18923";"Peelingbürstenaufsatz"
"2636";"Hautpflegemittel";"19010";"After Shave Lotion"
"2636";"Hautpflegemittel";"18986";"After Sun"
"2636";"Hautpflegemittel";"18979";"After Sun-Balsam"
"2636";"Hautpflegemittel";"18957";"After Sun-Gel"
"2636";"Hautpflegemittel";"18999";"After Sun-Lotion"
"2636";"Hautpflegemittel";"18966";"After Sun-Maske"
"2636";"Hautpflegemittel";"19033";"After Sun-Milch"
"2636";"Hautpflegemittel";"19011";"After Sun-Öl"
"2636";"Hautpflegemittel";"18939";"After Sun-Spray"
"2636";"Hautpflegemittel";"18962";"After-Shave"
"2636";"Hautpflegemittel";"18936";"After-Shave Balsam"
"2636";"Hautpflegemittel";"19030";"Anti-Aging-Creme"
"2636";"Hautpflegemittel";"19027";"Anti-Falten-Serum"
"2636";"Hautpflegemittel";"19040";"Anti-Hornhautcreme"
"2636";"Hautpflegemittel";"18934";"Anti-Hühneraugenstift"
"2636";"Hautpflegemittel";"18990";"Badeöl"
"2636";"Hautpflegemittel";"18973";"Barfußspray"
"2636";"Hautpflegemittel";"19021";"Bauchmaske"
"2636";"Hautpflegemittel";"18949";"BB-Creme"
"2636";"Hautpflegemittel";"19031";"Bodylotion"
"2636";"Hautpflegemittel";"18942";"Brustmaske"
"2636";"Hautpflegemittel";"19035";"CC-Creme"
"2636";"Hautpflegemittel";"19005";"Cremeschaum"
"2636";"Hautpflegemittel";"18988";"Damenbart-Blocker"
"2636";"Hautpflegemittel";"18956";"Dekolletee-Creme-Fluid"
"2636";"Hautpflegemittel";"19001";"Dekolletee-Gel-Creme"
"2636";"Hautpflegemittel";"18953";"Dekolletee-Lotion"
"2636";"Hautpflegemittel";"18944";"Dekolletee-Maske"
"2636";"Hautpflegemittel";"18959";"Dekolletee-Serum"
"2636";"Hautpflegemittel";"18955";"Feuchtigkeitscreme"
"2636";"Hautpflegemittel";"18952";"Feuchtigkeitsgel"
"2636";"Hautpflegemittel";"19029";"Feuchtigkeitspflege-Set"
"2636";"Hautpflegemittel";"19017";"Fußbädersalz"
"2636";"Hautpflegemittel";"19041";"Fußbalsamstick"
"2636";"Hautpflegemittel";"18928";"Fußbutter"
"2636";"Hautpflegemittel";"18941";"Fußcreme"
"2636";"Hautpflegemittel";"19000";"Fußgel"
"2636";"Hautpflegemittel";"18972";"Fußlotion"
"2636";"Hautpflegemittel";"18982";"Fußmaske"
"2636";"Hautpflegemittel";"18946";"Fußöl"
"2636";"Hautpflegemittel";"18985";"Fußpflegecreme"
"2636";"Hautpflegemittel";"19015";"Fußpflegespray"
"2636";"Hautpflegemittel";"19014";"Fußpuder"
"2636";"Hautpflegemittel";"18995";"Fußschaum"
"2636";"Hautpflegemittel";"18970";"Fußspray"
"2636";"Hautpflegemittel";"18971";"Gesichts- und Körperspray"
"2636";"Hautpflegemittel";"18954";"Gesichtsemulsion"
"2636";"Hautpflegemittel";"19019";"Gesichtsfluid"
"2636";"Hautpflegemittel";"18980";"Gesichtsgel"
"2636";"Hautpflegemittel";"19012";"Gesichtskur"
"2636";"Hautpflegemittel";"18932";"Gesichtslotion"
"2636";"Hautpflegemittel";"19020";"Gesichtsmaske"
"2636";"Hautpflegemittel";"18969";"Gesichtsmasken-Set"
"2636";"Hautpflegemittel";"18931";"Gesichtsöl"
"2636";"Hautpflegemittel";"19009";"Gesichtspflege"
"2636";"Hautpflegemittel";"18961";"Gesichtspflege-Set"
"2636";"Hautpflegemittel";"18948";"Gesichtsserum"
"2636";"Hautpflegemittel";"19007";"Gesichtsspray"
"2636";"Hautpflegemittel";"19022";"Getönte Gesichtscreme"
"2636";"Hautpflegemittel";"19013";"Glatzencreme"
"2636";"Hautpflegemittel";"18983";"Hals- und Dekolletee-Creme"
"2636";"Hautpflegemittel";"18945";"Halsmaske"
"2636";"Hautpflegemittel";"18930";"Hand-Feuchtigkeitsfluid"
"2636";"Hautpflegemittel";"18989";"Handbalsam"
"2636";"Hautpflegemittel";"18933";"Handbutter"
"2636";"Hautpflegemittel";"18967";"Handcreme"
"2636";"Hautpflegemittel";"18950";"Handgel"
"2636";"Hautpflegemittel";"18974";"Handlotion"
"2636";"Hautpflegemittel";"18991";"Handmaske"
"2636";"Hautpflegemittel";"19003";"Handmousse"
"2636";"Hautpflegemittel";"19025";"Handpflege-Set"
"2636";"Hautpflegemittel";"19006";"Handschuhmaske"
"2636";"Hautpflegemittel";"18938";"Handserum"
"2636";"Hautpflegemittel";"18993";"Hautcreme"
"2636";"Hautpflegemittel";"19023";"Hautpflege-Set"
"2636";"Hautpflegemittel";"19034";"Hautpflegegel"
"2636";"Hautpflegemittel";"19042";"Hautpilz-Creme"
"2636";"Hautpflegemittel";"19043";"Hautpilz-Gel"
"2636";"Hautpflegemittel";"19018";"Hornhautbalsam"
"2636";"Hautpflegemittel";"18996";"Hyaluron Serum"
"2636";"Hautpflegemittel";"18965";"Inhalations-Zusatz"
"2636";"Hautpflegemittel";"19038";"Insektenschutz-Creme"
"2636";"Hautpflegemittel";"19039";"Insektenschutz-Lotion"
"2636";"Hautpflegemittel";"19036";"Insektenschutz-Spray"
"2636";"Hautpflegemittel";"19037";"Insektenstich-Gel"
"2636";"Hautpflegemittel";"19008";"Intimcreme"
"2636";"Hautpflegemittel";"18943";"Intimpflege"
"2636";"Hautpflegemittel";"18935";"Körperbalsam"
"2636";"Hautpflegemittel";"18976";"Körperbutter"
"2636";"Hautpflegemittel";"19028";"Körpercreme"
"2636";"Hautpflegemittel";"19002";"Körpergel"
"2636";"Hautpflegemittel";"19032";"Körperlotion"
"2636";"Hautpflegemittel";"18998";"Körpermilch"
"2636";"Hautpflegemittel";"18977";"Körperöl"
"2636";"Hautpflegemittel";"18964";"Körperpflegemittel"
"2636";"Hautpflegemittel";"19004";"Körperschaum"
"2636";"Hautpflegemittel";"18978";"Massagekerze"
"2636";"Hautpflegemittel";"18984";"Massageöl"
"2636";"Hautpflegemittel";"18929";"Nachtcreme"
"2636";"Hautpflegemittel";"18997";"Nachtserum"
"2636";"Hautpflegemittel";"18958";"Paraffinwachs"
"2636";"Hautpflegemittel";"18968";"Pflege-Geschenkbox"
"2636";"Hautpflegemittel";"18927";"Pflege-Geschenkset"
"2636";"Hautpflegemittel";"18975";"Pflege-Geschenktasche"
"2636";"Hautpflegemittel";"18963";"Pflege-Set"
"2636";"Hautpflegemittel";"18937";"Pflegestift"
"2636";"Hautpflegemittel";"18951";"Pomaske"
"2636";"Hautpflegemittel";"19024";"Salzpeeling"
"2636";"Hautpflegemittel";"19016";"Sockemaske"
"2636";"Hautpflegemittel";"19026";"Stimulationsöl"
"2636";"Hautpflegemittel";"18987";"Stimulationssalbe"
"2636";"Hautpflegemittel";"18926";"Stimulationstropfen"
"2636";"Hautpflegemittel";"18960";"Straffungspflege"
"2636";"Hautpflegemittel";"18981";"Tagescreme"
"2636";"Hautpflegemittel";"18947";"Toner"
"2636";"Hautpflegemittel";"18994";"Tuchmaske"
"2636";"Hautpflegemittel";"18992";"Warzen-Behandlungsstift"
"2636";"Hautpflegemittel";"18940";"Zungenspray"
"2637";"Hautreinigungsmittel";"19053";"2-in-1 Gesichtswasser und Peeling"
"2637";"Hautreinigungsmittel";"19082";"Augen-Make-up-Entferner"
"2637";"Hautreinigungsmittel";"19078";"Augen-Make-Up-Korrekturstift"
"2637";"Hautreinigungsmittel";"19060";"Badefarben"
"2637";"Hautreinigungsmittel";"19093";"Badegranulat"
"2637";"Hautreinigungsmittel";"19056";"Badekonfetti"
"2637";"Hautreinigungsmittel";"19086";"Badekristalle"
"2637";"Hautreinigungsmittel";"19048";"Badekugel"
"2637";"Hautreinigungsmittel";"19087";"Bademilch"
"2637";"Hautreinigungsmittel";"19050";"Badeperlen"
"2637";"Hautreinigungsmittel";"19062";"Badepuder"
"2637";"Hautreinigungsmittel";"19047";"Badesalz"
"2637";"Hautreinigungsmittel";"19072";"Badeschaum"
"2637";"Hautreinigungsmittel";"19096";"Badetablette"
"2637";"Hautreinigungsmittel";"19083";"Badetabletten"
"2637";"Hautreinigungsmittel";"19059";"Badezusatz"
"2637";"Hautreinigungsmittel";"19054";"Cremebad"
"2637";"Hautreinigungsmittel";"19080";"Duschbad"
"2637";"Hautreinigungsmittel";"19049";"Duschcreme"
"2637";"Hautreinigungsmittel";"19070";"Duschgel"
"2637";"Hautreinigungsmittel";"19067";"Duschmousse"
"2637";"Hautreinigungsmittel";"19051";"Duschpflege"
"2637";"Hautreinigungsmittel";"19055";"Duschschaum"
"2637";"Hautreinigungsmittel";"19046";"Duschschwamm"
"2637";"Hautreinigungsmittel";"19101";"Feste Duschseife"
"2637";"Hautreinigungsmittel";"19045";"feuchtes Toilettenpapier"
"2637";"Hautreinigungsmittel";"19068";"Flüssigseife"
"2637";"Hautreinigungsmittel";"19071";"Fußbad-Zusatz"
"2637";"Hautreinigungsmittel";"19100";"Fußpeeling"
"2637";"Hautreinigungsmittel";"19066";"Gesichtreinigungs-Set"
"2637";"Hautreinigungsmittel";"19069";"Gesichts-Reinigungscreme"
"2637";"Hautreinigungsmittel";"19064";"Gesichts-Reinigungsfluid"
"2637";"Hautreinigungsmittel";"19095";"Gesichts-Reinigungslotion"
"2637";"Hautreinigungsmittel";"19052";"Gesichts-Reinigungsmaske"
"2637";"Hautreinigungsmittel";"19077";"Gesichts-Reinigungsmilch"
"2637";"Hautreinigungsmittel";"19084";"Gesichts-Reinigungsmousse"
"2637";"Hautreinigungsmittel";"19044";"Gesichts-Reinigungsöl"
"2637";"Hautreinigungsmittel";"19081";"Gesichts-Reinigungsschaum"
"2637";"Hautreinigungsmittel";"19079";"Gesichts-Reinigungsspray"
"2637";"Hautreinigungsmittel";"19076";"Gesichts-Reinigungsstick"
"2637";"Hautreinigungsmittel";"19061";"Gesichtsdampfbad-Zusatz"
"2637";"Hautreinigungsmittel";"19094";"Gesichtspeeling"
"2637";"Hautreinigungsmittel";"19099";"Gesichtsreinigungsgel"
"2637";"Hautreinigungsmittel";"19074";"Gesichtsreinigungstuch"
"2637";"Hautreinigungsmittel";"19057";"Gesichtsreinigungstücher"
"2637";"Hautreinigungsmittel";"19085";"Gesichtsseife"
"2637";"Hautreinigungsmittel";"19065";"Gesichtswasser"
"2637";"Hautreinigungsmittel";"19063";"Handpeeling"
"2637";"Hautreinigungsmittel";"19092";"Handseife"
"2637";"Hautreinigungsmittel";"19075";"Handwaschpaste"
"2637";"Hautreinigungsmittel";"19058";"Hautreinigungs-Set"
"2637";"Hautreinigungsmittel";"19088";"Intimreinigungsmittel"
"2637";"Hautreinigungsmittel";"19073";"Körperpeeling"
"2637";"Hautreinigungsmittel";"19098";"Lippenpeeling"
"2637";"Hautreinigungsmittel";"19091";"Make-up-Entferner"
"2637";"Hautreinigungsmittel";"19089";"Pickel-Tupfer"
"2637";"Hautreinigungsmittel";"19097";"Rohseife"
"2637";"Hautreinigungsmittel";"19090";"Seifen-Set"
"2638";"Hebewerkzeuge";"19107";"Blocksteinheber"
"2638";"Hebewerkzeuge";"19104";"Doppelsaugheber"
"2638";"Hebewerkzeuge";"19110";"Fällheber"
"2638";"Hebewerkzeuge";"19105";"Handpackzange"
"2638";"Hebewerkzeuge";"19108";"Packhaken"
"2638";"Hebewerkzeuge";"19106";"Plattenheber"
"2638";"Hebewerkzeuge";"19111";"Sappie"
"2638";"Hebewerkzeuge";"19112";"Saugheber"
"2638";"Hebewerkzeuge";"19103";"Stammheber"
"2638";"Hebewerkzeuge";"19109";"Verladezange"
"2638";"Hebewerkzeuge";"19102";"Wendehaken"
"2639";"Hefter";"19113";"Hefter"
"2640";"Heftklammern";"19114";"Heftklammer"
"2640";"Heftklammern";"19115";"Tackerklammer"
"2641";"Heimkinosysteme";"19117";"Audio-System"
"2641";"Heimkinosysteme";"19116";"Heimkinosystem"
"2642";"Heimtrainer";"19122";"Air Bike"
"2642";"Heimtrainer";"19119";"Ergometer"
"2642";"Heimtrainer";"19120";"Heimtrainer"
"2642";"Heimtrainer";"19123";"Liege-Ergometer"
"2642";"Heimtrainer";"19125";"Liege-Heimtrainer"
"2642";"Heimtrainer";"19124";"Mini-Heimtrainer"
"2642";"Heimtrainer";"19118";"Rollentrainer"
"2642";"Heimtrainer";"19121";"Speedbike"
"2652";"Heißklebepistolen";"19174";"Heißklebepistole"
"2652";"Heißklebepistolen";"19175";"Heißklebestift"
"2653";"Heißluftgeräte";"19178";"Akku-Heißluftgebläse"
"2653";"Heißluftgeräte";"19176";"Elektro-Grillanzünder"
"2653";"Heißluftgeräte";"19177";"Heißluftgebläse"
"2643";"Heizdecken";"19128";"Doppel-Wärmebett"
"2643";"Heizdecken";"19127";"Heizdecke"
"2643";"Heizdecken";"19126";"Heizmatten"
"2643";"Heizdecken";"19129";"Wärmeunterbett"
"2644";"Heizkissen";"19141";"Beheizbare Sitzauflage"
"2644";"Heizkissen";"19135";"Beheizter Schlauchschal"
"2644";"Heizkissen";"19140";"Elektrische Wärmflasche"
"2644";"Heizkissen";"19136";"Heizkissen"
"2644";"Heizkissen";"19132";"Heizpad"
"2644";"Heizkissen";"19137";"Rückenheizkissen"
"2644";"Heizkissen";"19139";"Schulter-/Nacken-Heizkissen"
"2644";"Heizkissen";"19131";"Sitzheizkissen"
"2644";"Heizkissen";"19134";"Sofaheizkissen"
"2644";"Heizkissen";"19138";"Thermotherapiegerät"
"2644";"Heizkissen";"19130";"Wärmecape"
"2644";"Heizkissen";"19133";"Wärmegürtel"
"2645";"Heizkörper";"19145";"Badheizkörper"
"2645";"Heizkörper";"19147";"Badschnellheizer"
"2645";"Heizkörper";"19144";"Designheizkörper"
"2645";"Heizkörper";"19143";"Elektrischer Badheizkörper"
"2645";"Heizkörper";"19149";"Elektro-Heizkörper"
"2645";"Heizkörper";"19148";"Heizkörper"
"2645";"Heizkörper";"19146";"Infrarotheizung"
"2645";"Heizkörper";"19142";"Paneelheizkörper"
"2646";"Heizkörperthermostate";"19150";"Heizkörperthermostat"
"2647";"Heizmatten";"19154";"Fußbodenheizung"
"2647";"Heizmatten";"19151";"Fußbodenheizung-Matte"
"2647";"Heizmatten";"19153";"Infrarotheizteppich"
"2647";"Heizmatten";"19152";"Warmwasserfußbodenheizungen"
"2649";"Heizstäbe";"19169";"Heizstab"
"2648";"Heizstrahler";"19168";"Carbonheizlüfter"
"2648";"Heizstrahler";"19158";"Heizgerät"
"2648";"Heizstrahler";"19166";"Heizlüfter"
"2648";"Heizstrahler";"19161";"Heizstrahler"
"2648";"Heizstrahler";"19167";"Infrarotstrahler"
"2648";"Heizstrahler";"19159";"Keramikheizlüfter"
"2648";"Heizstrahler";"19163";"Konvektor"
"2648";"Heizstrahler";"19165";"Ölradiator"
"2648";"Heizstrahler";"19164";"Petroleumheizung"
"2648";"Heizstrahler";"19160";"Schnellheizlüfter"
"2648";"Heizstrahler";"19156";"Schuhtrockner"
"2648";"Heizstrahler";"19155";"Terrassenstrahler"
"2648";"Heizstrahler";"19162";"Wärmewelle"
"2648";"Heizstrahler";"19157";"Wickeltisch-Heizstrahler"
"2650";"Heizungsspeicher";"19170";"Brauchwasserspeicher"
"2650";"Heizungsspeicher";"19171";"Wärme-Kombispeicher"
"2650";"Heizungsspeicher";"19172";"Wärme-Pufferspeicher"
"2651";"Heizwickler";"19173";"Heizwickler"
"2654";"Helme";"19179";"Allroundhelm"
"2654";"Helme";"19186";"Baseballhelm"
"2654";"Helme";"19203";"Bike Cross Helm"
"2654";"Helme";"19199";"BMX-Helm"
"2654";"Helme";"19198";"Eishockeyhelm"
"2654";"Helme";"19193";"Fahrradhelm"
"2654";"Helme";"19197";"Feldhockey Torwarthelm"
"2654";"Helme";"19194";"Feuerwehrhelm"
"2654";"Helme";"19184";"Footballhelm"
"2654";"Helme";"19183";"Forsthelm"
"2654";"Helme";"19201";"Kinderfahrradhelm"
"2654";"Helme";"19185";"Kinderhelm"
"2654";"Helme";"19196";"Kletterhelm"
"2654";"Helme";"19195";"Motocrosshelm"
"2654";"Helme";"19181";"Motorradhelm"
"2654";"Helme";"19190";"Mountainbikehelm"
"2654";"Helme";"19188";"Reithelm"
"2654";"Helme";"19202";"Rennradhelm"
"2654";"Helme";"19189";"Schutzhelm"
"2654";"Helme";"19200";"Schweißhelm"
"2654";"Helme";"19187";"Sicherheitshelm"
"2654";"Helme";"19192";"Skatehelm"
"2654";"Helme";"19182";"Skihelm"
"2654";"Helme";"19191";"Snowboardhelm"
"2654";"Helme";"19204";"Taucherhelm"
"2654";"Helme";"19180";"Wassersporthelm"
"2655";"Hemden";"19222";"Businesshemd"
"2655";"Hemden";"19216";"Flanellhemd"
"2655";"Hemden";"19207";"Fleecehemd"
"2655";"Hemden";"19206";"Frackhemd"
"2655";"Hemden";"19220";"Funktionshemd"
"2655";"Hemden";"19210";"Hawaiihemd"
"2655";"Hemden";"19215";"Jeanshemd"
"2655";"Hemden";"19211";"Kapuzenhemd"
"2655";"Hemden";"19214";"Karohemd"
"2655";"Hemden";"19213";"Kurzarmhemd"
"2655";"Hemden";"19221";"Langarmhemd"
"2655";"Hemden";"19217";"Leinenhemd"
"2655";"Hemden";"19219";"Outdoorhemd"
"2655";"Hemden";"19212";"Pilotenhemd"
"2655";"Hemden";"19208";"Smokinghemd"
"2655";"Hemden";"19209";"Streifenhemd"
"2655";"Hemden";"19205";"Thermohemd"
"2655";"Hemden";"19218";"Trachtenhemd"
"2656";"Herdabdeckplatten";"19225";"Herd-Abdeckplatte"
"2656";"Herdabdeckplatten";"19223";"Herdblende-/Abdeckplatte"
"2656";"Herdabdeckplatten";"19224";"Schneide- und Abdeckplatte"
"2657";"Herdsets";"19226";"Backofen-Set"
"2657";"Herdsets";"19234";"Elektro-Herd-Set"
"2657";"Herdsets";"19228";"Elektro-Standherd"
"2657";"Herdsets";"19233";"Flex-Induktions-Herd-Set"
"2657";"Herdsets";"19231";"Gas-Standherd"
"2657";"Herdsets";"19232";"Gasherd-Set"
"2657";"Herdsets";"19230";"Induktions Herd-Set"
"2657";"Herdsets";"19229";"Induktions-Standherd"
"2657";"Herdsets";"19227";"Platten-Standherd"
"2658";"Herrendiener";"19235";"Herrendiener"
"2659";"Himmelbettgarnituren";"19236";"Himmelbettgarnitur"
"2660";"Hindernismarker";"19237";"Hindernismarker"
"2661";"Hintergrundsysteme";"19239";"Aufhängesystem"
"2661";"Hintergrundsysteme";"19238";"Hintergrundsystem"
"2662";"Hobelmaschinen";"19241";"Abricht- und Dickenhobelmaschine"
"2662";"Hobelmaschinen";"19248";"Abrichtdickhobel"
"2662";"Hobelmaschinen";"19245";"Abrichthobel"
"2662";"Hobelmaschinen";"19242";"Akku-Elektrohobel"
"2662";"Hobelmaschinen";"19243";"Akku-Falzhobel"
"2662";"Hobelmaschinen";"19247";"Dickenhobel"
"2662";"Hobelmaschinen";"19246";"Dickhobelmaschine"
"2662";"Hobelmaschinen";"19244";"Elektro-Falzhobel"
"2662";"Hobelmaschinen";"19240";"Elektrohobel"
"2663";"Hochbetten";"19249";"Hochbett"
"2664";"Hochdruckreiniger";"19253";"Akku-Druckreiniger"
"2664";"Hochdruckreiniger";"19255";"Akku-Hochdruckreiniger"
"2664";"Hochdruckreiniger";"19252";"Akku-Mitteldruckreiniger"
"2664";"Hochdruckreiniger";"19254";"Akku-Niederdruckreiniger"
"2664";"Hochdruckreiniger";"19250";"Hochdruckreiniger"
"2664";"Hochdruckreiniger";"19251";"Niederdruckreiniger"
"2665";"Hochdruckreiniger-Düsen";"19259";"Dreckfräse"
"2665";"Hochdruckreiniger-Düsen";"19257";"Flächenreiniger"
"2665";"Hochdruckreiniger-Düsen";"19258";"Hochdruck-Schaumdüse"
"2665";"Hochdruckreiniger-Düsen";"19256";"Hochdrucklanze"
"2665";"Hochdruckreiniger-Düsen";"19261";"Hochdruckpistole"
"2665";"Hochdruckreiniger-Düsen";"19260";"Hochdruckreiniger-Düse"
"2666";"Hochstuhlaufsätze";"19262";"Hochstuhlaufsatz"
"2667";"Hochteiche";"19263";"Hochteich"
"2668";"Hocker";"19266";"Angelhocker"
"2668";"Hocker";"19281";"Arbeitshocker"
"2668";"Hocker";"19273";"Badhocker"
"2668";"Hocker";"19284";"Barhocker"
"2668";"Hocker";"19272";"Blumenhocker"
"2668";"Hocker";"19278";"Campinghocker"
"2668";"Hocker";"19268";"Drehhocker"
"2668";"Hocker";"19276";"Fußhocker"
"2668";"Hocker";"19282";"Gartenlounge-Hocker"
"2668";"Hocker";"19275";"Hocker"
"2668";"Hocker";"19269";"Hockerbank"
"2668";"Hocker";"19285";"Kinderhocker"
"2668";"Hocker";"19277";"Kopfstandhocker"
"2668";"Hocker";"19274";"Meditationshocker"
"2668";"Hocker";"19279";"Montagehocker"
"2668";"Hocker";"19264";"Polsterhocker"
"2668";"Hocker";"19283";"Rollsitz"
"2668";"Hocker";"19265";"Schlagzeughocker"
"2668";"Hocker";"19271";"Sitzhocker"
"2668";"Hocker";"19280";"Sitzwürfel"
"2668";"Hocker";"19270";"Stauraumhocker"
"2668";"Hocker";"19267";"Tritthocker"
"2669";"Hockeyschläger";"19292";"Beachhockeyschläger"
"2669";"Hockeyschläger";"19291";"Eishockey Torwartschläger"
"2669";"Hockeyschläger";"19286";"Eishockeyschläger"
"2669";"Hockeyschläger";"19290";"Feldhockey Torwartschläger"
"2669";"Hockeyschläger";"19289";"Feldhockeyschläger"
"2669";"Hockeyschläger";"19288";"Floorballschläger"
"2669";"Hockeyschläger";"19287";"Hallenhockeyschläger"
"2670";"Hohlnadeladapter";"19293";"Hohlnadeladapter"
"2671";"Hollywoodschaukeln";"19294";"Hollywoodschaukel"
"2672";"Holzdübel";"19296";"Flachdübel"
"2672";"Holzdübel";"19295";"Holzdübel"
"2672";"Holzdübel";"19297";"Quelldübel"
"2673";"Holzspaltmaschinen";"19298";"Benzinholzspalter"
"2673";"Holzspaltmaschinen";"19300";"Elektroholzspalter"
"2673";"Holzspaltmaschinen";"19299";"Holzspalter"
"2674";"Homewear-Sets";"19304";"Capri-Pyjama"
"2674";"Homewear-Sets";"19302";"Hausanzug"
"2674";"Homewear-Sets";"19303";"Loungeanzug"
"2674";"Homewear-Sets";"19307";"Pyjama"
"2674";"Homewear-Sets";"19301";"Relaxanzug"
"2674";"Homewear-Sets";"19308";"Schlafanzug"
"2674";"Homewear-Sets";"19306";"Shorty"
"2674";"Homewear-Sets";"19305";"Umstandspyjama"
"2695";"Hörgeräte";"19556";"digitales Stethoskop"
"2695";"Hörgeräte";"19555";"Hinter-dem-Ohr-Hörgerät"
"2695";"Hörgeräte";"19553";"Hörverstärker"
"2695";"Hörgeräte";"19554";"Im-Ohr-Hörgerät"
"2695";"Hörgeräte";"19557";"Stethoskop"
"2675";"Hornhautentferneraufsätze";"19310";"Ersatzschleifkörper"
"2675";"Hornhautentferneraufsätze";"19313";"Hornhautentferner Ersatzrolle"
"2675";"Hornhautentferneraufsätze";"19314";"Hornhautentferner Ersatzschleifscheiben"
"2675";"Hornhautentferneraufsätze";"19309";"Hornhautentferner Schleifkappen"
"2675";"Hornhautentferneraufsätze";"19311";"Pediküreaufsatz"
"2675";"Hornhautentferneraufsätze";"19312";"Peeling-Aufsatz"
"2676";"Hornhautfeilen";"19316";"Bimsstein"
"2676";"Hornhautfeilen";"19315";"Fußraspel"
"2676";"Hornhautfeilen";"19317";"Hornhautfeile"
"2696";"Hörspiele";"19562";"Audiochip"
"2696";"Hörspiele";"19563";"Hörbuch"
"2696";"Hörspiele";"19561";"Hörspiel"
"2696";"Hörspiele";"19560";"Hörspiel-CD"
"2696";"Hörspiele";"19559";"Hörspielfigur"
"2696";"Hörspiele";"19558";"Hörspielkassette"
"2696";"Hörspiele";"19564";"Musik-CD"
"2696";"Hörspiele";"19565";"Schallplatte"
"2677";"Hosen";"19459";"2-in-1-Hose"
"2677";"Hosen";"19423";"2-in-1-Shorts"
"2677";"Hosen";"19456";"3/4-Hose"
"2677";"Hosen";"19481";"3/4-Leggings"
"2677";"Hosen";"19342";"3/4-Sweathose"
"2677";"Hosen";"19439";"5-Pocket-Hose"
"2677";"Hosen";"19484";"5/6-Hose"
"2677";"Hosen";"19378";"7/8-Caprijeans"
"2677";"Hosen";"19341";"7/8-Hose"
"2677";"Hosen";"19346";"7/8-Jeggings"
"2677";"Hosen";"19386";"7/8-Leggings"
"2677";"Hosen";"19397";"7/8-Strandhose"
"2677";"Hosen";"19393";"Anzughose"
"2677";"Hosen";"19442";"Arbeitsbundhose"
"2677";"Hosen";"19327";"Arbeitshose"
"2677";"Hosen";"19373";"Arbeitslatzhose"
"2677";"Hosen";"19329";"Arbeitsshorts"
"2677";"Hosen";"19472";"Bauchweg-Leggings"
"2677";"Hosen";"19381";"Baukastenhose"
"2677";"Hosen";"19399";"Bermudas"
"2677";"Hosen";"19407";"Bikerhose"
"2677";"Hosen";"19364";"Boardshorts"
"2677";"Hosen";"19318";"Bootcuthose"
"2677";"Hosen";"19449";"Boyfriend-Hose"
"2677";"Hosen";"19338";"Bügelfaltenhose"
"2677";"Hosen";"19401";"Bundfaltenhose"
"2677";"Hosen";"19403";"Caprihose"
"2677";"Hosen";"19359";"Caprileggings"
"2677";"Hosen";"19421";"Cargobermudas"
"2677";"Hosen";"19409";"Cargohose"
"2677";"Hosen";"19351";"Cargoshorts"
"2677";"Hosen";"19428";"Chinohose"
"2677";"Hosen";"19336";"Chinos"
"2677";"Hosen";"19426";"Chinoshorts"
"2677";"Hosen";"19411";"Cordhose"
"2677";"Hosen";"19345";"Cordschlupfhose"
"2677";"Hosen";"19376";"Culotte"
"2677";"Hosen";"19332";"Dancehose"
"2677";"Hosen";"19474";"Dehnbund-Hose"
"2677";"Hosen";"19328";"Eishockey Torwarthose"
"2677";"Hosen";"19451";"Fahrradhose"
"2677";"Hosen";"19467";"Feldhockey Torwarthose"
"2677";"Hosen";"19475";"Fleecehose"
"2677";"Hosen";"19387";"Frackhose"
"2677";"Hosen";"19356";"Funktionshose"
"2677";"Hosen";"19447";"Funktionsleggings"
"2677";"Hosen";"19422";"Funktionsshorts"
"2677";"Hosen";"19353";"Funktionstights"
"2677";"Hosen";"19355";"Fußball Torwarthose"
"2677";"Hosen";"19445";"Golfhose"
"2677";"Hosen";"19363";"Golfshorts"
"2677";"Hosen";"19390";"Handball Torwarthose"
"2677";"Hosen";"19404";"Haremshose"
"2677";"Hosen";"19464";"Haremshose/Jodhpur-Hose"
"2677";"Hosen";"19369";"Highwaist Leggings"
"2677";"Hosen";"19470";"Homewearhose"
"2677";"Hosen";"19320";"Homewearpants"
"2677";"Hosen";"19330";"Hotpants"
"2677";"Hosen";"19432";"Jazzpants"
"2677";"Hosen";"19452";"Jeggings"
"2677";"Hosen";"19384";"Jerseyhose"
"2677";"Hosen";"19446";"Jodhpur-Reithose"
"2677";"Hosen";"19406";"Jogg-Bermudas"
"2677";"Hosen";"19489";"Jogger Pants"
"2677";"Hosen";"19368";"Jogginghose"
"2677";"Hosen";"19471";"Latzhose"
"2677";"Hosen";"19476";"Laufhose"
"2677";"Hosen";"19357";"Laufshorts"
"2677";"Hosen";"19429";"Lauftights"
"2677";"Hosen";"19352";"Lederhose"
"2677";"Hosen";"19450";"Lederimitathose"
"2677";"Hosen";"19322";"Leggings"
"2677";"Hosen";"19483";"Leichtathletik-Hose"
"2677";"Hosen";"19367";"Leinenhose"
"2677";"Hosen";"19424";"Longbermudas"
"2677";"Hosen";"19435";"Loungehose"
"2677";"Hosen";"19487";"Loungepants"
"2677";"Hosen";"19412";"Marlene-Hose"
"2677";"Hosen";"19334";"Motorradhose"
"2677";"Hosen";"19347";"Nickihose"
"2677";"Hosen";"19458";"Outdoorhose"
"2677";"Hosen";"19420";"Palazzohose"
"2677";"Hosen";"19362";"Paperbag-Hose"
"2677";"Hosen";"19360";"Plüschhose"
"2677";"Hosen";"19415";"Pumphose"
"2677";"Hosen";"19486";"Pyjamahose"
"2677";"Hosen";"19427";"Pyjamashorts"
"2677";"Hosen";"19383";"Radhose"
"2677";"Hosen";"19408";"Radlerhose"
"2677";"Hosen";"19455";"Regen- und Matschhose"
"2677";"Hosen";"19453";"Regen- und Matschlatzhose"
"2677";"Hosen";"19389";"Regenhose"
"2677";"Hosen";"19339";"Regenlatzhose"
"2677";"Hosen";"19462";"Reiterhose"
"2677";"Hosen";"19400";"Reithose"
"2677";"Hosen";"19374";"Reitleggings"
"2677";"Hosen";"19392";"Relax-Caprihose"
"2677";"Hosen";"19402";"Relaxhose"
"2677";"Hosen";"19425";"Relaxshorts"
"2677";"Hosen";"19391";"Rockleggings"
"2677";"Hosen";"19382";"Rocktights"
"2677";"Hosen";"19385";"Röhrenhose"
"2677";"Hosen";"19437";"Samthose"
"2677";"Hosen";"19331";"Schlafhose"
"2677";"Hosen";"19454";"Schlafshorts"
"2677";"Hosen";"19348";"Schlaghose"
"2677";"Hosen";"19417";"Schlupfchinohose"
"2677";"Hosen";"19479";"Schlupfhose"
"2677";"Hosen";"19438";"Schneehose"
"2677";"Hosen";"19431";"Schneelatzhose"
"2677";"Hosen";"19365";"Schnittschutz-Beinlinge"
"2677";"Hosen";"19410";"Seamless Caprileggings"
"2677";"Hosen";"19477";"Seamless Capritights"
"2677";"Hosen";"19468";"Seamless Leggings"
"2677";"Hosen";"19335";"Seamless Shorts"
"2677";"Hosen";"19370";"Seamless Tights"
"2677";"Hosen";"19418";"Shapingleggings"
"2677";"Hosen";"19388";"Shorts"
"2677";"Hosen";"19443";"Skaterbermudas"
"2677";"Hosen";"19413";"Skihose"
"2677";"Hosen";"19485";"Smokinghose"
"2677";"Hosen";"19333";"Snowboardhose"
"2677";"Hosen";"19371";"Softshellhose"
"2677";"Hosen";"19321";"Softshellreithose"
"2677";"Hosen";"19430";"Sporthose"
"2677";"Hosen";"19326";"Steghose"
"2677";"Hosen";"19380";"Stoffhose"
"2677";"Hosen";"19460";"Strandcapri"
"2677";"Hosen";"19395";"Strandhose"
"2677";"Hosen";"19343";"Strandshorts"
"2677";"Hosen";"19469";"Stretch-Hose"
"2677";"Hosen";"19405";"Stretch-Umstandshose"
"2677";"Hosen";"19457";"Strickhose"
"2677";"Hosen";"19488";"Strickleggings"
"2677";"Hosen";"19319";"Sweatbermudas"
"2677";"Hosen";"19440";"Sweathose"
"2677";"Hosen";"19433";"Sweatleggings"
"2677";"Hosen";"19436";"Sweatpants"
"2677";"Hosen";"19461";"Sweatshorts"
"2677";"Hosen";"19366";"Taillenhose"
"2677";"Hosen";"19473";"Tennisshort"
"2677";"Hosen";"19358";"Thermohose"
"2677";"Hosen";"19375";"Thermoleggings"
"2677";"Hosen";"19350";"Thermoreithose"
"2677";"Hosen";"19434";"Torwarthose"
"2677";"Hosen";"19354";"Trachtenbermudas"
"2677";"Hosen";"19480";"Trachtenhose"
"2677";"Hosen";"19344";"Trachtenlederhose"
"2677";"Hosen";"19448";"Trainingshose"
"2677";"Hosen";"19379";"Trainingsshorts"
"2677";"Hosen";"19325";"Trainingstights"
"2677";"Hosen";"19416";"Treggings"
"2677";"Hosen";"19377";"Trekkinghose"
"2677";"Hosen";"19361";"Trekkingshorts"
"2677";"Hosen";"19323";"Umstandsbermudas"
"2677";"Hosen";"19414";"Umstandscargohose"
"2677";"Hosen";"19465";"Umstandsharemshose"
"2677";"Hosen";"19478";"Umstandshose"
"2677";"Hosen";"19324";"Umstandsleggings"
"2677";"Hosen";"19441";"Umstandsshorts"
"2677";"Hosen";"19444";"Umstandssweathose"
"2677";"Hosen";"19349";"Wathose"
"2677";"Hosen";"19340";"Webhose"
"2677";"Hosen";"19394";"Webshorts"
"2677";"Hosen";"19337";"Wellnesshose"
"2677";"Hosen";"19398";"Wirkhose"
"2677";"Hosen";"19463";"Yogahose"
"2677";"Hosen";"19372";"Yogaleggings"
"2677";"Hosen";"19466";"Yogashorts"
"2677";"Hosen";"19482";"Yogatights"
"2677";"Hosen";"19419";"Zip-away-Hose"
"2677";"Hosen";"19396";"Zip-off-Hose"
"2678";"Hosenhalter";"19490";"Hosenhalter"
"2679";"Hosenketten";"19491";"Hosenkette"
"2680";"Hosenträger";"19492";"Hosenträger"
"2681";"Hot-Dog-Maker";"19493";"Hotdog-Maker"
"2682";"Hubwagen";"19498";"Gabelhubwagen"
"2682";"Hubwagen";"19497";"Hochhubwagen"
"2682";"Hubwagen";"19496";"Hubwagen"
"2682";"Hubwagen";"19495";"Hydraulikheber"
"2682";"Hubwagen";"19494";"Materialheber"
"2682";"Hubwagen";"19499";"Scherenhubtischwagen"
"2683";"Hufstäbchen";"19501";"Hufstäbchen"
"2683";"Hufstäbchen";"19502";"Nagelhautschieber"
"2683";"Hufstäbchen";"19503";"Nagelhautstäbchen"
"2683";"Hufstäbchen";"19500";"Nagelreiniger"
"2697";"Hüllen";"19613";"Abdeckhaube"
"2697";"Hüllen";"19566";"Akku-Schutzhülle"
"2697";"Hüllen";"19600";"Backcover"
"2697";"Hüllen";"19575";"Balance Scooter Schutzhülle"
"2697";"Hüllen";"19634";"Bildschirmhülle"
"2697";"Hüllen";"19623";"Bogenhülle"
"2697";"Hüllen";"19633";"Buch-Hülle"
"2697";"Hüllen";"19588";"Bumper"
"2697";"Hüllen";"19586";"Case zum Umhängen"
"2697";"Hüllen";"19591";"CD-Hülle"
"2697";"Hüllen";"19602";"Controller Caps"
"2697";"Hüllen";"19624";"Controller-Präzisionsring"
"2697";"Hüllen";"19569";"Controller-Schutzhülle"
"2697";"Hüllen";"19590";"Controller-Schutzkappe"
"2697";"Hüllen";"19570";"Druckerstaubschutzhülle"
"2697";"Hüllen";"19607";"DVD-Hülle"
"2697";"Hüllen";"19584";"E-Reader-Hülle"
"2697";"Hüllen";"19615";"E-Reader-Mappe"
"2697";"Hüllen";"19596";"Etui"
"2697";"Hüllen";"19617";"Fahrradhelmüberzug"
"2697";"Hüllen";"19628";"Fahrzeugscheinhülle"
"2697";"Hüllen";"19616";"Faltbett-Schutzhülle"
"2697";"Hüllen";"19578";"Festplattenhülle"
"2697";"Hüllen";"19587";"Flip Case"
"2697";"Hüllen";"19580";"Foto-Hülle"
"2697";"Hüllen";"19599";"Gasflaschen-Schutzhülle"
"2697";"Hüllen";"19629";"Geräte-Schutzhülle"
"2697";"Hüllen";"19626";"Gips-und Verbandschutz"
"2697";"Hüllen";"19568";"Golfschlägerhaube"
"2697";"Hüllen";"19611";"Grillabdeckhaube"
"2697";"Hüllen";"19625";"Handy-Ersatz Rückabdeckung"
"2697";"Hüllen";"19573";"Handyhülle"
"2697";"Hüllen";"19593";"Handykette"
"2697";"Hüllen";"19582";"Kamera-Hülle"
"2697";"Hüllen";"19614";"Kamera-Rainsleeve"
"2697";"Hüllen";"19631";"Kamera-Schwimmgehäuse"
"2697";"Hüllen";"19605";"Koffer-Hülle"
"2697";"Hüllen";"19571";"Kofferhülle"
"2697";"Hüllen";"19610";"Konsolen-Cover"
"2697";"Hüllen";"19589";"Konsolen-Tasche"
"2697";"Hüllen";"19603";"Kopfhörer-Schutzhülle"
"2697";"Hüllen";"19598";"Laptop-Hülle"
"2697";"Hüllen";"19595";"Lautsprecher-Hülle"
"2697";"Hüllen";"19576";"Lenker-Schutzhülle"
"2697";"Hüllen";"19581";"LP-Schutzhülle"
"2697";"Hüllen";"19627";"Mikrofon-Windschutz"
"2697";"Hüllen";"19572";"Motor-Schutzhülle"
"2697";"Hüllen";"19594";"MP3-Player-Schutzhülle"
"2697";"Hüllen";"19606";"Mutterpass-Hülle"
"2697";"Hüllen";"19622";"Nintendo-Schutzhülle"
"2697";"Hüllen";"19597";"Plattenspieler-Schutzhülle"
"2697";"Hüllen";"19632";"Powerbank-Hülle"
"2697";"Hüllen";"19604";"Rasierer-Etui"
"2697";"Hüllen";"19619";"Schlägerhülle"
"2697";"Hüllen";"19609";"Schuhbeutel"
"2697";"Hüllen";"19585";"Schutz-Set"
"2697";"Hüllen";"19620";"Sleeve"
"2697";"Hüllen";"19592";"Slide Sleeve"
"2697";"Hüllen";"19574";"Smartphone-Hülle"
"2697";"Hüllen";"19608";"Smartphone-Mappe"
"2697";"Hüllen";"19601";"Smartwatch-Hülle"
"2697";"Hüllen";"19579";"Stifthülle"
"2697";"Hüllen";"19567";"Tablet-Hülle"
"2697";"Hüllen";"19577";"Tablet-Mappe"
"2697";"Hüllen";"19612";"Trafoabdeckung"
"2697";"Hüllen";"19635";"TV-Abdeckung"
"2697";"Hüllen";"19618";"View Cover"
"2697";"Hüllen";"19621";"VR Brillen Hülle"
"2697";"Hüllen";"19583";"Wäschespinne-Schutzhülle"
"2697";"Hüllen";"19630";"Whirlpool-Abdeckung"
"2684";"Humidore";"19504";"Humidor"
"2698";"Hüpfburgen";"19636";"Hüpfburg"
"2699";"Hüpfspielzeug";"19639";"Hüpfball"
"2699";"Hüpfspielzeug";"19640";"Hüpfspielzeug"
"2699";"Hüpfspielzeug";"19637";"Hüpftier"
"2699";"Hüpfspielzeug";"19638";"Türhopser"
"2700";"Hürden";"19642";"Hochsprunglatte"
"2700";"Hürden";"19641";"Hürde"
"2685";"Hussen";"19513";"Betthusse"
"2685";"Hussen";"19518";"Bierbankhusse"
"2685";"Hussen";"19519";"Biertischhusse"
"2685";"Hussen";"19520";"Bierzeltgarnitur-Hussen"
"2685";"Hussen";"19510";"Bürostuhlhusse"
"2685";"Hussen";"19511";"Ecksofahusse"
"2685";"Hussen";"19514";"Hussen-Set"
"2685";"Hussen";"19505";"Relaxsesselhusse"
"2685";"Hussen";"19508";"Sesselhusse"
"2685";"Hussen";"19509";"Sitzflächenhusse"
"2685";"Hussen";"19515";"Sofabezug"
"2685";"Hussen";"19506";"Sofahusse"
"2685";"Hussen";"19512";"Stehtischhusse"
"2685";"Hussen";"19516";"Stuhlbezug"
"2685";"Hussen";"19507";"Stuhlhusse"
"2685";"Hussen";"19517";"Waschmaschinenbezug"
"2686";"Hutablagen";"19521";"Hutablage"
"2701";"Hüte";"19656";"Cowboyhut"
"2701";"Hüte";"19644";"Fedora"
"2701";"Hüte";"19646";"Filzhut"
"2701";"Hüte";"19647";"Fischerhut"
"2701";"Hüte";"19652";"Melonenhut"
"2701";"Hüte";"19653";"Outdoorhut"
"2701";"Hüte";"19651";"Regenhut"
"2701";"Hüte";"19657";"Rollhut"
"2701";"Hüte";"19649";"Schlapphut"
"2701";"Hüte";"19648";"Sonnenhut"
"2701";"Hüte";"19650";"Strohhut"
"2701";"Hüte";"19645";"Trachtenhut"
"2701";"Hüte";"19655";"Trilby"
"2701";"Hüte";"19643";"Wendehut"
"2701";"Hüte";"19654";"Zylinder"
"2687";"Hydraulikleitungen";"19523";"Bremsleitung"
"2687";"Hydraulikleitungen";"19522";"Hydraulikleitung"
"2688";"Hygieneartikel";"19530";"Achselpads"
"2688";"Hygieneartikel";"19531";"BH-Stilleinlagen"
"2688";"Hygieneartikel";"19524";"Binden"
"2688";"Hygieneartikel";"19525";"Inkontinenz-Einlage"
"2688";"Hygieneartikel";"19529";"Inkontinenz-Pants"
"2688";"Hygieneartikel";"19526";"Menstruationsschwamm"
"2688";"Hygieneartikel";"19528";"Menstruationstasse"
"2688";"Hygieneartikel";"19532";"Slip-Einlage"
"2688";"Hygieneartikel";"19527";"Tampons"
"2688";"Hygieneartikel";"19533";"Wattestäbchen"
"2704";"Induktionsheizgeräte";"19662";"Induktionsheizgerät"
"2705";"Inhalationsaufsätze";"19663";"Inhalationsgerät Zubehör"
"2706";"Inhalationsgeräte";"19664";"Inhalationsgerät"
"2707";"Inhalatoren";"19667";"Atemtrainer"
"2707";"Inhalatoren";"19666";"Inhalator"
"2707";"Inhalatoren";"19665";"Mini-Inhalator"
"2708";"Injektionsnadeln";"19668";"Braunüle"
"2708";"Injektionsnadeln";"19669";"Dosiernadel"
"2708";"Injektionsnadeln";"19670";"Injektionsnadel"
"2709";"Inlineskates/Rollschuhe";"19673";"Gleitschuh"
"2709";"Inlineskates/Rollschuhe";"19671";"Inlineskates"
"2709";"Inlineskates/Rollschuhe";"19672";"Rollschuhe"
"2709";"Inlineskates/Rollschuhe";"19674";"Schlittschuhe"
"2710";"Insektenhotels";"19675";"Insektenhotel"
"2711";"Insektenschutzgitter";"19681";"Fliegengitter-Gewebe"
"2711";"Insektenschutzgitter";"19679";"Insektenschutz-Fensterrahmen"
"2711";"Insektenschutzgitter";"19676";"Insektenschutz-Schiebetür"
"2711";"Insektenschutzgitter";"19683";"Insektenschutz-Tür"
"2711";"Insektenschutzgitter";"19682";"Insektenschutz-Vorhang"
"2711";"Insektenschutzgitter";"19680";"Lichtschachtabdeckung"
"2711";"Insektenschutzgitter";"19678";"Nagerschutz-Fenster"
"2711";"Insektenschutzgitter";"19677";"Pollenschutzgitter"
"2702";"IPL-Haarentferner";"19659";"Haarentfernungsgerät"
"2702";"IPL-Haarentferner";"19658";"HPL-Haarentferner"
"2702";"IPL-Haarentferner";"19660";"IPL-Haarentferner"
"2703";"IPL-Lampeneinsätze";"19661";"IPL Ersatz-Lampeneinsatz"
"2712";"Isomatten";"19686";"Isomatte"
"2712";"Isomatten";"19684";"Thermomatte"
"2712";"Isomatten";"19685";"Trekkingmatte"
"2713";"Jacken";"19763";"3-in-1-Funktionsjacke"
"2713";"Jacken";"19746";"3-in-1-Funktionsparka"
"2713";"Jacken";"19765";"Allwetterjacke"
"2713";"Jacken";"19756";"Anorak"
"2713";"Jacken";"19739";"Arbeitsjacke"
"2713";"Jacken";"19691";"Bikerjacke"
"2713";"Jacken";"19698";"Blouson"
"2713";"Jacken";"19706";"Blusenjacke"
"2713";"Jacken";"19744";"Bolerojacke"
"2713";"Jacken";"19719";"Bomberjacke"
"2713";"Jacken";"19722";"Bouclèjacke"
"2713";"Jacken";"19734";"Cabanjacke"
"2713";"Jacken";"19741";"Canvasjacke"
"2713";"Jacken";"19689";"Cape"
"2713";"Jacken";"19752";"Cargojacke"
"2713";"Jacken";"19727";"Collegejacke"
"2713";"Jacken";"19762";"Cordjacke"
"2713";"Jacken";"19740";"Daunenjacke"
"2713";"Jacken";"19707";"Doppeljacke"
"2713";"Jacken";"19699";"Fahrradjacke"
"2713";"Jacken";"19690";"Fellimitatjacke"
"2713";"Jacken";"19757";"Fieldjacket"
"2713";"Jacken";"19745";"Fleecejacke"
"2713";"Jacken";"19761";"Fleeceponcho"
"2713";"Jacken";"19728";"Funktionsjacke"
"2713";"Jacken";"19704";"Funktionsparka"
"2713";"Jacken";"19687";"Hardshelljacke"
"2713";"Jacken";"19692";"Hemdjacke"
"2713";"Jacken";"19729";"Hybridjacke"
"2713";"Jacken";"19724";"Jeansjacke"
"2713";"Jacken";"19747";"Kapuzenfleecejacke"
"2713";"Jacken";"19705";"Kapuzennickijacke"
"2713";"Jacken";"19725";"Kapuzenplüschjacke"
"2713";"Jacken";"19720";"Kochjacke"
"2713";"Jacken";"19697";"Kurzjacke"
"2713";"Jacken";"19701";"Langjacke"
"2713";"Jacken";"19714";"Laufjacke"
"2713";"Jacken";"19732";"Lederimitatjacke"
"2713";"Jacken";"19723";"Lederjacke"
"2713";"Jacken";"19754";"Leichtdaunenjacke"
"2713";"Jacken";"19753";"Military-Jacke"
"2713";"Jacken";"19726";"Military-Jacket"
"2713";"Jacken";"19688";"Motorradjacke"
"2713";"Jacken";"19759";"Neoprenjacke"
"2713";"Jacken";"19695";"Nickijacke"
"2713";"Jacken";"19735";"Outdoorjacke"
"2713";"Jacken";"19710";"Parka"
"2713";"Jacken";"19738";"Pilotenjacke"
"2713";"Jacken";"19713";"Plüschjacke"
"2713";"Jacken";"19743";"Poncho"
"2713";"Jacken";"19755";"Regen- und Matschjacke"
"2713";"Jacken";"19709";"Regenjacke"
"2713";"Jacken";"19712";"Regenponcho"
"2713";"Jacken";"19694";"Reitjacke"
"2713";"Jacken";"19760";"Schneejacke"
"2713";"Jacken";"19730";"Seamless-Jacke"
"2713";"Jacken";"19716";"Segeljacke"
"2713";"Jacken";"19758";"Skijacke"
"2713";"Jacken";"19717";"Snowboardjacke"
"2713";"Jacken";"19736";"Softshelljacke"
"2713";"Jacken";"19764";"Softshellparka"
"2713";"Jacken";"19721";"Sommerjacke"
"2713";"Jacken";"19749";"Stadionjacke"
"2713";"Jacken";"19693";"Steppjacke"
"2713";"Jacken";"19715";"Strickfleecejacke"
"2713";"Jacken";"19751";"Tennisjacke"
"2713";"Jacken";"19748";"Tourenjacke"
"2713";"Jacken";"19750";"Trachtenjacke"
"2713";"Jacken";"19733";"Trachtenjanker"
"2713";"Jacken";"19703";"Trainingsjacke"
"2713";"Jacken";"19700";"Trekkingjacke"
"2713";"Jacken";"19702";"Umstandsfleecejacke"
"2713";"Jacken";"19711";"Umstandsjacke"
"2713";"Jacken";"19737";"Walkjacke"
"2713";"Jacken";"19718";"Watjacke"
"2713";"Jacken";"19708";"Wendejacke"
"2713";"Jacken";"19766";"Windbreaker"
"2713";"Jacken";"19731";"Winterjacke"
"2713";"Jacken";"19742";"Wolljacke"
"2713";"Jacken";"19696";"Yoga-Wickeljacke"
"2714";"Jalousien";"19768";"Jalousie"
"2714";"Jalousien";"19770";"Jalousie nach Maß"
"2714";"Jalousien";"19767";"Lamellenvorhang"
"2714";"Jalousien";"19769";"Lamellenvorhang nach Maß"
"2715";"Jeans";"19797";"3/4-Jeans"
"2715";"Jeans";"19789";"5-Pocket-Jeans"
"2715";"Jeans";"19794";"7/8-Jeans"
"2715";"Jeans";"19773";"Ankle-Jeans"
"2715";"Jeans";"19785";"Bequeme Jeans"
"2715";"Jeans";"19808";"Bikerjeans"
"2715";"Jeans";"19806";"Bootcut-Jeans"
"2715";"Jeans";"19783";"Boyfriend-Jeans"
"2715";"Jeans";"19815";"Caprijeans"
"2715";"Jeans";"19777";"Cargojeans"
"2715";"Jeans";"19803";"Comfort-fit-Jeans"
"2715";"Jeans";"19818";"Dad-Jeans"
"2715";"Jeans";"19800";"Dehnbund-Jeans"
"2715";"Jeans";"19786";"Destroyed-Jeans"
"2715";"Jeans";"19790";"Gerade Jeans"
"2715";"Jeans";"19775";"Girlfriend-Jeans"
"2715";"Jeans";"19809";"Haremsjeans"
"2715";"Jeans";"19781";"High-waist-Jeans"
"2715";"Jeans";"19812";"Jeansbermudas"
"2715";"Jeans";"19772";"Jeanshotpants"
"2715";"Jeans";"19780";"Jeansjeggings"
"2715";"Jeans";"19807";"Jeanslatzhose"
"2715";"Jeans";"19810";"Jeansleggings"
"2715";"Jeans";"19788";"Jeansshorts"
"2715";"Jeans";"19802";"Jogg Pants"
"2715";"Jeans";"19801";"Jogg-Jeansbermudas"
"2715";"Jeans";"19820";"Latzjeans"
"2715";"Jeans";"19816";"Loose-fit-Jeans"
"2715";"Jeans";"19779";"Low-rise-Jeans"
"2715";"Jeans";"19796";"Mom-Jeans"
"2715";"Jeans";"19782";"Push-up-Jeans"
"2715";"Jeans";"19778";"Regular-fit-Jeans"
"2715";"Jeans";"19813";"Relax-fit-Jeans"
"2715";"Jeans";"19811";"Röhrenjeans"
"2715";"Jeans";"19792";"Schlagjeans"
"2715";"Jeans";"19784";"Schlupfjeans"
"2715";"Jeans";"19771";"Skinny-fit-Jeans"
"2715";"Jeans";"19798";"Slim-fit-Jeans"
"2715";"Jeans";"19795";"Slouchy Jeans"
"2715";"Jeans";"19774";"Straight-Jeans"
"2715";"Jeans";"19804";"Stretch-Jeans"
"2715";"Jeans";"19799";"Sweatjeans"
"2715";"Jeans";"19814";"Sweatjeansbermudas"
"2715";"Jeans";"19787";"Taillenjeans"
"2715";"Jeans";"19805";"Tapered-fit-Jeans"
"2715";"Jeans";"19817";"Thermojeans"
"2715";"Jeans";"19793";"Trachtenjeans"
"2715";"Jeans";"19776";"Umstandsjeans"
"2715";"Jeans";"19791";"Weite Jeans"
"2715";"Jeans";"19819";"Workerjeans"
"2716";"Joghurtbereiter";"19821";"Joghurtbereiter"
"2721";"Kabel";"19917";"Audio- & Video-Kabel"
"2721";"Kabel";"19924";"Audio-Kabel"
"2721";"Kabel";"19904";"Autoladekabel"
"2721";"Kabel";"19929";"Batterie-Verbindungskabel"
"2721";"Kabel";"19896";"Batteriekabel"
"2721";"Kabel";"19901";"Begrenzungskabel"
"2721";"Kabel";"19936";"Blitz-Kabel"
"2721";"Kabel";"19903";"Computer-Kabel"
"2721";"Kabel";"19913";"Elektro-Kabel"
"2721";"Kabel";"19927";"Elektroherd-Zuleitung"
"2721";"Kabel";"19944";"Erdkabel"
"2721";"Kabel";"19931";"Fahrzeugleitung"
"2721";"Kabel";"19912";"Fußbodenheizung-Kabel"
"2721";"Kabel";"19910";"Gaming-Controllerkabel"
"2721";"Kabel";"19899";"Glasfaserkabel"
"2721";"Kabel";"19945";"Grafikkarten-Kabel"
"2721";"Kabel";"19925";"HDMI-Kabel"
"2721";"Kabel";"19918";"Installationskabel"
"2721";"Kabel";"19909";"Instrumentenkabel"
"2721";"Kabel";"19938";"Konverterkabel"
"2721";"Kabel";"19919";"Lampen-Verbindungskabel"
"2721";"Kabel";"19935";"LAN-Kabel"
"2721";"Kabel";"19930";"Laptop-Kabel"
"2721";"Kabel";"19922";"Lightningkabel"
"2721";"Kabel";"19911";"magnetisches Ladekabel"
"2721";"Kabel";"19902";"Modulkabel"
"2721";"Kabel";"19934";"Navigations-Kabel"
"2721";"Kabel";"19939";"Netzkabel"
"2721";"Kabel";"19943";"Netzwerkkabel"
"2721";"Kabel";"19906";"Notebook-Kabel"
"2721";"Kabel";"19916";"Optisches-Kabel"
"2721";"Kabel";"19947";"Pflanzenheizung"
"2721";"Kabel";"19932";"Rohrbegleitheizung"
"2721";"Kabel";"19914";"SAT-Kabel"
"2721";"Kabel";"19941";"Silikonkabel"
"2721";"Kabel";"19937";"Smart Home-Verbindungskabel"
"2721";"Kabel";"19940";"Smartphone-Kabel"
"2721";"Kabel";"19946";"Smartwatch-Ladekabel"
"2721";"Kabel";"19942";"Solarkabel"
"2721";"Kabel";"19907";"Spielkonsolenzubehörkabel"
"2721";"Kabel";"19928";"Spiral-Verbindungskabel"
"2721";"Kabel";"19915";"Starkstromkabel"
"2721";"Kabel";"19905";"Starthilfekabel"
"2721";"Kabel";"19908";"Stromkabel"
"2721";"Kabel";"19921";"Synchron-Kabel"
"2721";"Kabel";"19926";"Tablet-Kabel"
"2721";"Kabel";"19900";"Telefonkabel"
"2721";"Kabel";"19898";"Thunderbolt-Kabel"
"2721";"Kabel";"19923";"TV-Kabel"
"2721";"Kabel";"19897";"USB-Kabel"
"2721";"Kabel";"19933";"Verlängerungskabel"
"2721";"Kabel";"19920";"Video-Kabel"
"2722";"Kabelbinder";"19948";"Kabelbinder"
"2723";"Kabelführungen";"19950";"Geflechtschlauch"
"2723";"Kabelführungen";"19951";"Kabelführung"
"2723";"Kabelführungen";"19949";"Kabelkanal"
"2724";"Kabelverbinder";"19952";"Aderendhülsen"
"2724";"Kabelverbinder";"19963";"Flachsteckhülse"
"2724";"Kabelverbinder";"19972";"Flachsteckhülsen"
"2724";"Kabelverbinder";"19954";"Flachsteckzunge"
"2724";"Kabelverbinder";"19955";"Gel-Verbindungsmuffe"
"2724";"Kabelverbinder";"19959";"Kabeldurchfuhr"
"2724";"Kabelverbinder";"19968";"Kabelverbinder-Sortiment"
"2724";"Kabelverbinder";"19964";"Koax-Kabelverbinder"
"2724";"Kabelverbinder";"19973";"Krokodilklemme"
"2724";"Kabelverbinder";"19970";"Leuchtenklemme"
"2724";"Kabelverbinder";"19965";"Linearverbinder"
"2724";"Kabelverbinder";"19969";"Lötkabelschuh"
"2724";"Kabelverbinder";"19962";"Lüsterklemme"
"2724";"Kabelverbinder";"19961";"Ringkabelschuh"
"2724";"Kabelverbinder";"19960";"Rundstecker"
"2724";"Kabelverbinder";"19957";"Rundsteckhülse"
"2724";"Kabelverbinder";"19966";"Stoßverbinder"
"2724";"Kabelverbinder";"19958";"Verbindungsdosenklemme"
"2724";"Kabelverbinder";"19953";"Verbindungsklemme"
"2724";"Kabelverbinder";"19956";"Verbindungsmuffe"
"2724";"Kabelverbinder";"19967";"Wärmeschrumpfflachsteckhülse"
"2724";"Kabelverbinder";"19971";"Wärmeschrumpfschlauch"
"2725";"Kaffeefilter";"19974";"Handfilter"
"2725";"Kaffeefilter";"19979";"Korbfilter"
"2725";"Kaffeefilter";"19977";"Papierfilter"
"2725";"Kaffeefilter";"19975";"Permanentfilter"
"2725";"Kaffeefilter";"19980";"Siebträger"
"2725";"Kaffeefilter";"19978";"Wiederbefüllbare Espresso-Kapsel"
"2725";"Kaffeefilter";"19976";"Wiederbefüllbare Kaffeepads"
"2726";"Kaffeemaschinen";"19986";"Cold Brew Zubereiter"
"2726";"Kaffeemaschinen";"19984";"Druckbrüh-Kaffeemaschine"
"2726";"Kaffeemaschinen";"19992";"Espressokocher"
"2726";"Kaffeemaschinen";"19990";"Espressomaschine"
"2726";"Kaffeemaschinen";"20001";"Filterkaffeemaschine"
"2726";"Kaffeemaschinen";"19983";"French Press Kanne"
"2726";"Kaffeemaschinen";"20000";"Kaffee- /Teestation"
"2726";"Kaffeemaschinen";"19987";"Kaffeebereiter"
"2726";"Kaffeemaschinen";"19998";"Kaffeemaschine mit Mahlwerk"
"2726";"Kaffeemaschinen";"19993";"Kaffeepadmaschine"
"2726";"Kaffeemaschinen";"19985";"Kapsel-/Kaffeepadmaschine"
"2726";"Kaffeemaschinen";"19994";"Kapselmaschine"
"2726";"Kaffeemaschinen";"19999";"Mokkamaschine"
"2726";"Kaffeemaschinen";"19997";"Multigetränkeautomat"
"2726";"Kaffeemaschinen";"19996";"Perkolator"
"2726";"Kaffeemaschinen";"19995";"Reisekaffeemaschine"
"2726";"Kaffeemaschinen";"19991";"Siebträger-/Filterkaffeemaschine"
"2726";"Kaffeemaschinen";"19982";"Siebträgermaschine"
"2726";"Kaffeemaschinen";"19981";"Siphon-Kaffeebrüher"
"2726";"Kaffeemaschinen";"19989";"Soft Brew Zubereiter"
"2726";"Kaffeemaschinen";"19988";"Stempelkanne"
"2727";"Kaffeemühlen";"20002";"Kaffeemühle"
"2728";"Kaffeevollautomaten";"20004";"Einbau-Kaffeevollautomat"
"2728";"Kaffeevollautomaten";"20005";"Kaffeehalbautomat"
"2728";"Kaffeevollautomaten";"20003";"Kaffeevollautomat"
"2729";"Kalender";"20022";"Abreißkalender"
"2729";"Kalender";"20037";"Bastelkalender"
"2729";"Kalender";"20018";"Buchkalender"
"2729";"Kalender";"20009";"Countdown Kalender"
"2729";"Kalender";"20029";"ewige Kalender"
"2729";"Kalender";"20013";"Familienkalender"
"2729";"Kalender";"20036";"Geburtstagskalender"
"2729";"Kalender";"20006";"Jahresplaner"
"2729";"Kalender";"20012";"Kalender zum Selbstbasteln"
"2729";"Kalender";"20033";"Kunstkalender"
"2729";"Kalender";"20021";"Länderkalender"
"2729";"Kalender";"20019";"Landschaftskalender"
"2729";"Kalender";"20007";"Lehrerkalender"
"2729";"Kalender";"20008";"Lesezeichenkalender"
"2729";"Kalender";"20015";"Monatskalender"
"2729";"Kalender";"20025";"Naturkalender"
"2729";"Kalender";"20016";"Panoramakalender"
"2729";"Kalender";"20011";"Partnerkalender"
"2729";"Kalender";"20020";"Plakatkalender"
"2729";"Kalender";"20027";"Posterkalender"
"2729";"Kalender";"20034";"Querkalender"
"2729";"Kalender";"20028";"Ringbuchkalender"
"2729";"Kalender";"20023";"Schreibtischkalender"
"2729";"Kalender";"20010";"Schülerkalender"
"2729";"Kalender";"20026";"Städtekalender"
"2729";"Kalender";"20014";"Taschenkalender"
"2729";"Kalender";"20035";"Terminkalender"
"2729";"Kalender";"20024";"Terminplaner"
"2729";"Kalender";"20017";"Tierkalender"
"2729";"Kalender";"20032";"Tischkalender"
"2729";"Kalender";"20031";"Urlaubsplaner"
"2729";"Kalender";"20030";"Wandkalender"
"2852";"Kältesprays";"20756";"Warzen-Vereisungsspray"
"2852";"Kältesprays";"20757";"Warzen-Vereisungsstift"
"2730";"Kamera-GPS-Empfänger";"20038";"Kamera-GPS-Empfänger"
"2731";"Kamerahalterungs-Sets";"20040";"Kamerazubehör-Set"
"2731";"Kamerahalterungs-Sets";"20039";"Spielekonsolen-Zubehörset"
"2732";"Kaminholzlager";"20041";"Kaminholzregal"
"2732";"Kaminholzlager";"20042";"Kaminholzregal-Erweiterung"
"2735";"Kaminöfen";"20051";"Festbrennstoffherd"
"2735";"Kaminöfen";"20048";"Gussofen"
"2735";"Kaminöfen";"20055";"Kaminbausätze"
"2735";"Kaminöfen";"20052";"Kamineinsätze"
"2735";"Kaminöfen";"20049";"Kaminofen"
"2735";"Kaminöfen";"20047";"Pelletkessel"
"2735";"Kaminöfen";"20046";"Pelletofen"
"2735";"Kaminöfen";"20054";"Speicherofen"
"2735";"Kaminöfen";"20053";"Stubenofen"
"2735";"Kaminöfen";"20050";"Werkstattofen"
"2733";"Kaminofen-Erweiterungssegmente";"20043";"Kaminofen-Erweiterungssegmet"
"2734";"Kaminofen-Steuergeräte";"20045";"Abbrandsteuerung"
"2734";"Kaminofen-Steuergeräte";"20044";"Kaminofen-Differenzregler"
"2736";"Kampfsportgeräte";"20056";"Holzschwert"
"2737";"Kannen";"20068";"Caydanlik-Teekanne"
"2737";"Kannen";"20067";"Isolierkanne"
"2737";"Kannen";"20061";"Kaffeekanne"
"2737";"Kannen";"20063";"Kanne"
"2737";"Kannen";"20065";"Milchkännchen"
"2737";"Kannen";"20059";"Milchkanne"
"2737";"Kannen";"20062";"Ölkanne"
"2737";"Kannen";"20066";"Pump-Isolierkanne"
"2737";"Kannen";"20057";"Sahnekännchen"
"2737";"Kannen";"20064";"Teekanne"
"2737";"Kannen";"20060";"Wasseraufbereiter"
"2737";"Kannen";"20058";"Wasserkanne"
"2738";"Kantenanleimgeräte";"20069";"Kantenanleimgerät"
"2739";"Kantenschleifer";"20070";"Kantenschleifer"
"2740";"Kapselgehörschutz";"20071";"Kapselgehörschutz"
"2741";"Kapselhalter";"20072";"Kapselhalter"
"2741";"Kapselhalter";"20073";"Kapselspender"
"2742";"Karabiner";"20076";"Coast Lock Snap"
"2742";"Karabiner";"20077";"Cross Lock Snap"
"2742";"Karabiner";"20075";"Duo Lock Snap"
"2742";"Karabiner";"20079";"Expresse"
"2742";"Karabiner";"20074";"Karabiner"
"2742";"Karabiner";"20078";"Snagless Snap"
"2743";"Karaffen";"20082";"Dekanter"
"2743";"Karaffen";"20081";"Karaffe"
"2743";"Karaffen";"20080";"Ölkaraffe"
"2743";"Karaffen";"20085";"Wasserkaraffe"
"2743";"Karaffen";"20083";"Wasserkrug"
"2743";"Karaffen";"20084";"Wassersprudler Flasche"
"2744";"Kartenhalter";"20086";"Tischkartenhalter"
"2745";"Kartonagen";"20089";"Karton"
"2745";"Kartonagen";"20088";"Umzugskarton"
"2745";"Kartonagen";"20087";"Versandkarton"
"2746";"Kartuschenpistolen";"20094";"Akku-Fettpresse"
"2746";"Kartuschenpistolen";"20092";"Akku-Kartuschenpistole"
"2746";"Kartuschenpistolen";"20097";"Bolus-Eingeber"
"2746";"Kartuschenpistolen";"20095";"Druckluft-Fettpresse"
"2746";"Kartuschenpistolen";"20091";"Druckluft-Kartuschenpistole"
"2746";"Kartuschenpistolen";"20096";"Handhebel-Fettpresse"
"2746";"Kartuschenpistolen";"20093";"Kartuschenpistole"
"2746";"Kartuschenpistolen";"20090";"Skelettpistole"
"2747";"Kassensysteme";"20098";"Kassensystem"
"2747";"Kassensysteme";"20099";"POS-System"
"2747";"Kassensysteme";"20100";"Registrierkasse"
"2748";"Kastenmöbel-Sets";"20102";"Badezimmer-Set"
"2748";"Kastenmöbel-Sets";"20101";"Badmöbel-Set"
"2748";"Kastenmöbel-Sets";"20105";"Bar-Set"
"2748";"Kastenmöbel-Sets";"20111";"Esszimmer-Set"
"2748";"Kastenmöbel-Sets";"20112";"Garderoben-Set"
"2748";"Kastenmöbel-Sets";"20104";"Mehrzweckschrank-Set"
"2748";"Kastenmöbel-Sets";"20107";"Regal-Set"
"2748";"Kastenmöbel-Sets";"20103";"Schrank-Set"
"2748";"Kastenmöbel-Sets";"20109";"TV-Wand"
"2748";"Kastenmöbel-Sets";"20108";"Waschtisch-Set"
"2748";"Kastenmöbel-Sets";"20106";"Wohnwand"
"2748";"Kastenmöbel-Sets";"20110";"Wohnzimmer-Set"
"2750";"Kaufläden";"20115";"Kaufladen"
"2749";"Kaufladensortimente";"20113";"Kaufladensortiment"
"2749";"Kaufladensortimente";"20114";"Spiellebensmittel"
"2751";"Kauschen";"20116";"Kausche"
"2752";"Kauspielzeuge";"20121";"Kauball"
"2752";"Kauspielzeuge";"20120";"Kauring"
"2752";"Kauspielzeuge";"20117";"Kauspielzeug"
"2752";"Kauspielzeuge";"20119";"Zahnpflege-Spielzeug"
"2752";"Kauspielzeuge";"20118";"Zerrspielzeug"
"2753";"Keder";"20122";"Keder"
"2754";"Kehrgeräte";"20124";"Handkehrmaschine"
"2754";"Kehrgeräte";"20123";"Laubsammler"
"2755";"Keile";"20133";"Drehspaltkeil"
"2755";"Keile";"20130";"Fällkeil"
"2755";"Keile";"20128";"Montagekeil"
"2755";"Keile";"20126";"Nivellierkeil"
"2755";"Keile";"20125";"Parkschwelle"
"2755";"Keile";"20129";"Rastkeil"
"2755";"Keile";"20132";"Schlagkeil"
"2755";"Keile";"20127";"Sicherheitskeil"
"2755";"Keile";"20131";"Verlegekeil"
"2756";"Keilrahmen";"20134";"Keilrahmen"
"2757";"Kerzen";"20136";"Adventskerze"
"2757";"Kerzen";"20149";"Bienenwachskerze"
"2757";"Kerzen";"20150";"Bienenwachsplatten"
"2757";"Kerzen";"20144";"Duftkerze"
"2757";"Kerzen";"20140";"Formkerze"
"2757";"Kerzen";"20138";"Geburtstagskerze"
"2757";"Kerzen";"20147";"Grabkerze"
"2757";"Kerzen";"20137";"Kugelkerze"
"2757";"Kerzen";"20143";"LED-Kerze"
"2757";"Kerzen";"20135";"Outdoorkerze"
"2757";"Kerzen";"20148";"Rustic-Kerze"
"2757";"Kerzen";"20141";"Schwimmkerze"
"2757";"Kerzen";"20146";"Spitzkerze"
"2757";"Kerzen";"20142";"Stumpenkerze"
"2757";"Kerzen";"20145";"Tafelkerze"
"2757";"Kerzen";"20139";"Teelicht"
"2758";"Kerzenhalter";"20163";"Adventsleuchter"
"2758";"Kerzenhalter";"20171";"Bodenwindlicht"
"2758";"Kerzenhalter";"20170";"Fackelständer"
"2758";"Kerzenhalter";"20160";"Flaschenkerzenhalter"
"2758";"Kerzenhalter";"20157";"Hängewindlicht"
"2758";"Kerzenhalter";"20161";"Kandelaber"
"2758";"Kerzenhalter";"20169";"Kerzenhalter"
"2758";"Kerzenhalter";"20156";"Kerzenhalter für Gardinenstangen"
"2758";"Kerzenhalter";"20162";"Kerzenlaterne"
"2758";"Kerzenhalter";"20164";"Kerzenleuchter"
"2758";"Kerzenhalter";"20167";"Kerzenständer"
"2758";"Kerzenhalter";"20152";"Kerzentablett"
"2758";"Kerzenhalter";"20154";"Kerzentülle"
"2758";"Kerzenhalter";"20168";"LED-Leuchte"
"2758";"Kerzenhalter";"20166";"Leuchterleiste"
"2758";"Kerzenhalter";"20153";"Standkerzenhalter"
"2758";"Kerzenhalter";"20165";"Teelichthalter"
"2758";"Kerzenhalter";"20151";"Tischkerzenhalter"
"2758";"Kerzenhalter";"20159";"Wandblaker"
"2758";"Kerzenhalter";"20158";"Wandkerzenhalter"
"2758";"Kerzenhalter";"20155";"Windlicht"
"2759";"Kescher";"20172";"Angelkescher"
"2759";"Kescher";"20173";"Kescher"
"2759";"Kescher";"20174";"Keschernetz"
"2760";"Kettennieter";"20175";"Kettennieter"
"2761";"Kettensägen";"20177";"Akku-Kettensäge"
"2761";"Kettensägen";"20176";"Benzin-Kettensäge"
"2761";"Kettensägen";"20178";"Elektro-Kettensäge"
"2762";"Kettensägen-Ersatzschwerter";"20179";"Führungsschiene"
"2763";"Kettenumwerfer";"20180";"Kettenumwerfer"
"2717";"KFZ-Anhänger";"19825";"Anhänger"
"2717";"KFZ-Anhänger";"19822";"Motorradanhänger"
"2717";"KFZ-Anhänger";"19823";"Pferdeanhänger"
"2717";"KFZ-Anhänger";"19824";"PKW-Anhänger"
"2717";"KFZ-Anhänger";"19826";"Rasentraktoranhänger"
"2717";"KFZ-Anhänger";"19827";"Streuanhänger"
"2718";"KFZ-Diagnosegeräte";"19829";"Kfz-Diagnosegerät"
"2718";"KFZ-Diagnosegeräte";"19828";"OBD2-Diagnosegerät"
"2718";"KFZ-Diagnosegeräte";"19830";"Zündlichtpistole"
"2719";"KFZ-Waagen";"19831";"Fahrzeugwaage"
"2719";"KFZ-Waagen";"19832";"Stützlastwaage"
"2764";"Kickertische";"20184";"Kickertisch"
"2764";"Kickertische";"20181";"Mini-Tischkicker"
"2764";"Kickertische";"20182";"Multifunktionstisch"
"2764";"Kickertische";"20183";"Tischfußballspiel"
"2765";"Kinder-Einkaufswagen";"20185";"Spiel-Einkaufswagen"
"2766";"Kinder-Sicherheitsgurte";"20188";"Beistellbett Befestigung"
"2766";"Kinder-Sicherheitsgurte";"20186";"Hochstuhl-Gurt"
"2766";"Kinder-Sicherheitsgurte";"20187";"Kinder-Sicherheitsgurt"
"2767";"Kinder-Sitzauflagen";"20189";"Kinder-Sitzauflage"
"2767";"Kinder-Sitzauflagen";"20191";"Kinderwagen-Bezug"
"2767";"Kinder-Sitzauflagen";"20190";"Kinderwagen-Sitzauflage"
"2767";"Kinder-Sitzauflagen";"20192";"Sitzverkleinerer"
"2768";"Kindercomputer";"20193";"Kindercomputer"
"2768";"Kindercomputer";"20194";"Lerntablet"
"2769";"Kindersicherungen";"20195";"Kindersicherung"
"2770";"Kindersitz-Befestigungen";"20200";"Adapter für Autositz"
"2770";"Kindersitz-Befestigungen";"20201";"Adapter für Kinder-Hochstuhl"
"2770";"Kindersitz-Befestigungen";"20198";"Adapter für Kinderwagen"
"2770";"Kindersitz-Befestigungen";"20196";"Fahrradkindersitzhalter"
"2770";"Kindersitz-Befestigungen";"20199";"Isofix Basis"
"2770";"Kindersitz-Befestigungen";"20197";"Maxi-Cosi Adapter"
"2771";"Kindersitz-Bezüge";"20202";"Kindersitzbezug"
"2772";"Kindersitze";"20205";"Autokindersitz"
"2772";"Kindersitze";"20203";"Babyschale"
"2772";"Kindersitze";"20204";"Fahrradkindersitz"
"2772";"Kindersitze";"20206";"Kindersitzerhöhung"
"2773";"Kinderwagen";"20210";"Dreirad-Kinderwagen"
"2773";"Kinderwagen";"20207";"Drillingswagen"
"2773";"Kinderwagen";"20211";"Geschwisterwagen"
"2773";"Kinderwagen";"20217";"Hundebuggy"
"2773";"Kinderwagen";"20213";"Jogger-Kinderwagen"
"2773";"Kinderwagen";"20214";"Kinder-Buggy"
"2773";"Kinderwagen";"20212";"Kombi-Kinderwagen"
"2773";"Kinderwagen";"20209";"Sport-Kinderwagen"
"2773";"Kinderwagen";"20215";"Sportbuggy"
"2773";"Kinderwagen";"20218";"Zwillings-Kombikinderwagen"
"2773";"Kinderwagen";"20216";"Zwillingsbuggy"
"2773";"Kinderwagen";"20208";"Zwillingswagen"
"2774";"Kinderwagen-Adapter";"20219";"Kinderwagen-Adapter"
"2775";"Kinderwagen-Aufsätze";"20220";"Babywanne"
"2775";"Kinderwagen-Aufsätze";"20221";"Kinderwagenaufsatz"
"2776";"Kinderwagen-Handwärmer";"20222";"Kinderwagen-Handwärmer"
"2777";"Kissen";"20234";"Anti-Schnarch Kissen"
"2777";"Kissen";"20232";"Augenkissen"
"2777";"Kissen";"20233";"Babykissen"
"2777";"Kissen";"20230";"Balancekissen"
"2777";"Kissen";"20224";"Ballsitzkissen"
"2777";"Kissen";"20242";"Bodenkissen"
"2777";"Kissen";"20245";"Buchstabenkissen"
"2777";"Kissen";"20244";"Dekokissen"
"2777";"Kissen";"20241";"Fellkissen"
"2777";"Kissen";"20229";"Halbmond-Kissen"
"2777";"Kissen";"20237";"Lagerungskissen"
"2777";"Kissen";"20226";"Meditationskissen"
"2777";"Kissen";"20240";"Palettenkissen"
"2777";"Kissen";"20223";"Pranayama-Kissen"
"2777";"Kissen";"20243";"Sitzkissen"
"2777";"Kissen";"20239";"Stuhlkissen"
"2777";"Kissen";"20227";"Yoga Bolster"
"2777";"Kissen";"20235";"Yoga-Sandsack"
"2777";"Kissen";"20225";"Yogakissen"
"2777";"Kissen";"20238";"Yogapolster"
"2777";"Kissen";"20228";"Yogarolle"
"2777";"Kissen";"20231";"Zen-Kissen"
"2777";"Kissen";"20236";"Zenrolle"
"2778";"Kissenbezüge";"20254";"Bezug-Toilettensitzerhöhung"
"2778";"Kissenbezüge";"20248";"Kissenbezug"
"2778";"Kissenbezüge";"20247";"Kissenbezüge"
"2778";"Kissenbezüge";"20249";"Kissenhülle"
"2778";"Kissenbezüge";"20250";"Kissenhüllen"
"2778";"Kissenbezüge";"20252";"Nackenrollenbezug"
"2778";"Kissenbezüge";"20246";"Seitenschläferkissenbezug"
"2778";"Kissenbezüge";"20253";"Stillkissenbezug"
"2778";"Kissenbezüge";"20251";"Stillkissenbezüge"
"2779";"Kissenfüllungen";"20256";"EPS-Perlen"
"2779";"Kissenfüllungen";"20255";"Kissenfüllung"
"2780";"Kite-Blasen";"20257";"Kite-Blase"
"2781";"Kite-Releasesysteme";"20258";"Kite-Releasesystem"
"2781";"Kite-Releasesysteme";"20259";"Quick Release"
"2782";"Kitebars";"20260";"Kite-Bar"
"2783";"Klebebänder";"20267";"Abschlussband"
"2783";"Klebebänder";"20279";"Augenlid-Tape"
"2783";"Klebebänder";"20280";"Brust-Tape"
"2783";"Klebebänder";"20263";"Dampfsperrklebeband"
"2783";"Klebebänder";"20265";"Dichtband"
"2783";"Klebebänder";"20270";"Doppelklebeband"
"2783";"Klebebänder";"20281";"Finger-Tape"
"2783";"Klebebänder";"20271";"Fixierpflaster"
"2783";"Klebebänder";"20274";"Griffband"
"2783";"Klebebänder";"20276";"Grip-Tape"
"2783";"Klebebänder";"20261";"Isolierband"
"2783";"Klebebänder";"20273";"Kinesiologie-Tape"
"2783";"Klebebänder";"20268";"Klebeband"
"2783";"Klebebänder";"20266";"Klebepad"
"2783";"Klebebänder";"20275";"Klebestreifen"
"2783";"Klebebänder";"20264";"Klett-Klebeband"
"2783";"Klebebänder";"20262";"Klett-Klebepad"
"2783";"Klebebänder";"20272";"Kreppband"
"2783";"Klebebänder";"20283";"Lenkerband"
"2783";"Klebebänder";"20277";"Paket-Klebeband"
"2783";"Klebebänder";"20282";"Styling-Tape"
"2783";"Klebebänder";"20269";"Verlegeband"
"2783";"Klebebänder";"20278";"Warnklebebänder"
"2784";"Klebstoffe";"20296";"2-Komponentenkleber"
"2784";"Klebstoffe";"20284";"Bastelkleber"
"2784";"Klebstoffe";"20291";"Dispersionskleber"
"2784";"Klebstoffe";"20294";"Folienkleber"
"2784";"Klebstoffe";"20290";"Gewindedichtung"
"2784";"Klebstoffe";"20295";"Klebesticks"
"2784";"Klebstoffe";"20298";"Klebestift"
"2784";"Klebstoffe";"20288";"Klebstoff"
"2784";"Klebstoffe";"20292";"Kleister"
"2784";"Klebstoffe";"20297";"Montagekleber"
"2784";"Klebstoffe";"20299";"Mörtel"
"2784";"Klebstoffe";"20285";"Parkettkleber"
"2784";"Klebstoffe";"20289";"Puzzlekleber"
"2784";"Klebstoffe";"20293";"PVC-Kleber"
"2784";"Klebstoffe";"20287";"Schraubensicherung"
"2784";"Klebstoffe";"20303";"Sekundenkleber"
"2784";"Klebstoffe";"20302";"Sprühkleber"
"2784";"Klebstoffe";"20286";"Tapetenkleber"
"2784";"Klebstoffe";"20301";"Textilkleber"
"2784";"Klebstoffe";"20300";"Wimpernkleber"
"2785";"Kleider";"20311";"2-in-1-Kleid"
"2785";"Kleider";"20369";"A-Linien-Kleid"
"2785";"Kleider";"20333";"Abendkleid"
"2785";"Kleider";"20357";"Babydollkleid"
"2785";"Kleider";"20338";"Ballonkleid"
"2785";"Kleider";"20360";"Bandeaukleid"
"2785";"Kleider";"20335";"Bleistiftkleid"
"2785";"Kleider";"20354";"Blusenkleid"
"2785";"Kleider";"20358";"Bodykleid"
"2785";"Kleider";"20368";"Brautkleid"
"2785";"Kleider";"20320";"Bustierkleid"
"2785";"Kleider";"20316";"Chiffonkleid"
"2785";"Kleider";"20308";"Cocktailkleid"
"2785";"Kleider";"20356";"Cordkleid"
"2785";"Kleider";"20313";"Corsagenkleid"
"2785";"Kleider";"20324";"Dirndl"
"2785";"Kleider";"20355";"Druckkleid"
"2785";"Kleider";"20325";"Etuikleid"
"2785";"Kleider";"20312";"Hemdblusenkleid"
"2785";"Kleider";"20343";"Jeanskleid"
"2785";"Kleider";"20349";"Jerseykleid"
"2785";"Kleider";"20321";"Karokleid"
"2785";"Kleider";"20304";"Latzkleid"
"2785";"Kleider";"20351";"Lederkleid"
"2785";"Kleider";"20310";"Maxikleid"
"2785";"Kleider";"20345";"Meshkleid"
"2785";"Kleider";"20329";"Midikleid"
"2785";"Kleider";"20330";"Minikleid"
"2785";"Kleider";"20334";"Nachthemd"
"2785";"Kleider";"20366";"Neckholderkleid"
"2785";"Kleider";"20367";"Negligé"
"2785";"Kleider";"20331";"Netzkleid"
"2785";"Kleider";"20306";"O-Linien-Kleid"
"2785";"Kleider";"20347";"Off-Shoulder-Kleid"
"2785";"Kleider";"20344";"One-Shoulder-Kleid"
"2785";"Kleider";"20353";"Paillettenkleid"
"2785";"Kleider";"20350";"Partykleid"
"2785";"Kleider";"20363";"Petticoat-Kleid"
"2785";"Kleider";"20337";"Plisseekleid"
"2785";"Kleider";"20336";"Polokleid"
"2785";"Kleider";"20305";"Samtkleid"
"2785";"Kleider";"20362";"Satinkleid"
"2785";"Kleider";"20339";"Scubakleid"
"2785";"Kleider";"20370";"Shaping-Kleid"
"2785";"Kleider";"20348";"Shirtkleid"
"2785";"Kleider";"20315";"Skaterkleid"
"2785";"Kleider";"20323";"Sleepshirt"
"2785";"Kleider";"20341";"Smokkleid"
"2785";"Kleider";"20359";"Sommerkleid"
"2785";"Kleider";"20371";"Spaghettikleid"
"2785";"Kleider";"20346";"Spitzenkleid"
"2785";"Kleider";"20326";"Stillkleid"
"2785";"Kleider";"20340";"Strandkleid"
"2785";"Kleider";"20342";"Strickkleid"
"2785";"Kleider";"20307";"Sweatkleid"
"2785";"Kleider";"20327";"Taufkleid"
"2785";"Kleider";"20352";"Tenniskleid"
"2785";"Kleider";"20332";"Trachtenkleid"
"2785";"Kleider";"20328";"Trägerkleid"
"2785";"Kleider";"20309";"Tüllkleid"
"2785";"Kleider";"20318";"Tunikakleid"
"2785";"Kleider";"20365";"Umstandskleid"
"2785";"Kleider";"20319";"Umstandsnachthemd"
"2785";"Kleider";"20322";"Unterkleid"
"2785";"Kleider";"20317";"Vokuhila-Kleid"
"2785";"Kleider";"20364";"Volantkleid"
"2785";"Kleider";"20314";"Wickelkleid"
"2785";"Kleider";"20361";"Zipfelkleid"
"2786";"Kleiderbügel";"20372";"Autokleiderbügel"
"2786";"Kleiderbügel";"20374";"Gürtelbügel"
"2786";"Kleiderbügel";"20375";"Kleiderbügel"
"2786";"Kleiderbügel";"20376";"Mehrfach-Kleiderbügel"
"2786";"Kleiderbügel";"20373";"Rockbügel"
"2786";"Kleiderbügel";"20377";"Trockentauchanzug-Bügel"
"2788";"Kleidersäcke";"20380";"Kleidersack"
"2788";"Kleidersäcke";"20379";"Kleiderschutzhülle"
"2787";"Kleiderstangen";"20378";"Kleiderstange"
"2789";"Kleinboote";"20387";"Angelboot"
"2789";"Kleinboote";"20391";"Beiboot"
"2789";"Kleinboote";"20388";"Dinghi"
"2789";"Kleinboote";"20395";"Einerkajak"
"2789";"Kleinboote";"20392";"Elektroboot"
"2789";"Kleinboote";"20398";"Faltboot"
"2789";"Kleinboote";"20390";"Jolle"
"2789";"Kleinboote";"20393";"Kanadier"
"2789";"Kleinboote";"20401";"Kanu"
"2789";"Kleinboote";"20389";"Motorboot"
"2789";"Kleinboote";"20397";"Rennkajak"
"2789";"Kleinboote";"20394";"Ruderboot"
"2789";"Kleinboote";"20396";"Schaluppe"
"2789";"Kleinboote";"20381";"Schlauchboot"
"2789";"Kleinboote";"20383";"Seekajak"
"2789";"Kleinboote";"20399";"Segelboot"
"2789";"Kleinboote";"20402";"Sit-on-Top Kajak"
"2789";"Kleinboote";"20386";"Tandemkajak"
"2789";"Kleinboote";"20384";"Tender"
"2789";"Kleinboote";"20400";"Tourenkajak"
"2789";"Kleinboote";"20385";"Tretboot"
"2789";"Kleinboote";"20382";"Wildwasserkajak"
"2789";"Kleinboote";"20403";"Zweierkajak"
"2790";"Kleinlederwaren";"20410";"Brieftasche"
"2790";"Kleinlederwaren";"20407";"Brustbeutel"
"2790";"Kleinlederwaren";"20405";"Bügelbörse"
"2790";"Kleinlederwaren";"20409";"Geldbörse"
"2790";"Kleinlederwaren";"20408";"Kartenetui"
"2790";"Kleinlederwaren";"20411";"Kellnerbörse"
"2790";"Kleinlederwaren";"20406";"Mini Geldbörse"
"2790";"Kleinlederwaren";"20404";"Schlüsseltasche"
"2790";"Kleinlederwaren";"20413";"Smart-Wallet"
"2790";"Kleinlederwaren";"20412";"Tabakbeutel"
"2791";"Kleintierklettergerüste";"20416";"Kleintierhaus"
"2791";"Kleintierklettergerüste";"20414";"Kleintierklettergerüst"
"2791";"Kleintierklettergerüste";"20415";"Vogelspielplatz"
"2792";"Kleistergeräte";"20417";"Kleistergerät"
"2793";"Klettergerüste";"20421";"Klettergerüst"
"2793";"Klettergerüste";"20418";"Kletterwand"
"2793";"Klettergerüste";"20420";"Sprossenwand"
"2793";"Klettergerüste";"20419";"Turnreck"
"2794";"Klicker";"20422";"Klicker"
"2794";"Klicker";"20423";"Target-Stick mit Klicker"
"2795";"Klimageräte";"20428";"3-in-1-Klimagerät"
"2795";"Klimageräte";"20427";"4-in-1-Klimagerät"
"2795";"Klimageräte";"20425";"Klimagerät"
"2795";"Klimageräte";"20424";"Luftkühler"
"2795";"Klimageräte";"20426";"Split-Klimagerät"
"2796";"Klimageräte-Nachfüllpacks";"20432";"Auto-Entfeuchter"
"2796";"Klimageräte-Nachfüllpacks";"20429";"Kältemittel"
"2796";"Klimageräte-Nachfüllpacks";"20430";"Luftentfeuchter-Nachfüllpack"
"2796";"Klimageräte-Nachfüllpacks";"20431";"Raumentfeuchter-Nachfüllpack"
"2796";"Klimageräte-Nachfüllpacks";"20434";"Trockenmittelbeutel"
"2796";"Klimageräte-Nachfüllpacks";"20433";"Trocknungskapseln"
"2797";"Klimmzugstangen";"20436";"Kletter-Trainingsgerät"
"2797";"Klimmzugstangen";"20435";"Klimmzugstange"
"2797";"Klimmzugstangen";"20437";"Türreck"
"2798";"Kneten";"20441";"Intelligente Knete"
"2798";"Kneten";"20438";"Knete"
"2798";"Kneten";"20439";"Knetform-Set"
"2798";"Kneten";"20440";"Knetsand"
"2798";"Kneten";"20443";"Modelliermasse"
"2798";"Kneten";"20442";"Therapieknete"
"2799";"Knicklichter";"20444";"Knicklicht"
"2800";"Kniebänke";"20445";"Kniebank"
"2801";"Kniekissen";"20447";"Garten-Kniekissen"
"2801";"Kniekissen";"20446";"Kniekissen"
"2802";"Knöpfe";"20449";"Druckknopf"
"2802";"Knöpfe";"20448";"Jeansknopf"
"2802";"Knöpfe";"20450";"Knopf"
"2720";"KOB Set-Artikel";"19882";"Bluse & Shorts"
"2720";"KOB Set-Artikel";"19863";"Body & Hose"
"2720";"KOB Set-Artikel";"19858";"Body & Leggings"
"2720";"KOB Set-Artikel";"19854";"Body & Shorts"
"2720";"KOB Set-Artikel";"19885";"Bolero, Kleid & Leggings"
"2720";"KOB Set-Artikel";"19886";"Erstausstattungspaket"
"2720";"KOB Set-Artikel";"19855";"Frühchenpaket"
"2720";"KOB Set-Artikel";"19841";"Hemd & Hose"
"2720";"KOB Set-Artikel";"19859";"Hemd & Shirt"
"2720";"KOB Set-Artikel";"19852";"Hose & Shorts"
"2720";"KOB Set-Artikel";"19851";"Kleid & Haarband"
"2720";"KOB Set-Artikel";"19876";"Kleid & Hose"
"2720";"KOB Set-Artikel";"19865";"Kleid & Leggings"
"2720";"KOB Set-Artikel";"19880";"Kleid & Schal"
"2720";"KOB Set-Artikel";"19877";"Kleid, Hose & Kopftuch"
"2720";"KOB Set-Artikel";"19845";"Kleid, Leggings & Haarband"
"2720";"KOB Set-Artikel";"19840";"Langarmshirt & Hose"
"2720";"KOB Set-Artikel";"19895";"Langarmshirt & Leggings"
"2720";"KOB Set-Artikel";"19850";"Leggings & Radlerhose"
"2720";"KOB Set-Artikel";"19892";"Longshirt & Leggings"
"2720";"KOB Set-Artikel";"19860";"Mütze & Schal"
"2720";"KOB Set-Artikel";"19888";"Neugeborenen-Geschenkset"
"2720";"KOB Set-Artikel";"19879";"Nicki-Set"
"2720";"KOB Set-Artikel";"19843";"Pullover & Shorts"
"2720";"KOB Set-Artikel";"19857";"Rock & Leggings"
"2720";"KOB Set-Artikel";"19862";"Sakko, Hemd & Shorts"
"2720";"KOB Set-Artikel";"19887";"Shirt & Hose"
"2720";"KOB Set-Artikel";"19889";"Shirt & Leggings"
"2720";"KOB Set-Artikel";"19867";"Shirt & Rock"
"2720";"KOB Set-Artikel";"19891";"Shirt & Shorts"
"2720";"KOB Set-Artikel";"19834";"Shirt, Hose & Jäckchen"
"2720";"KOB Set-Artikel";"19861";"Shirt, Hose, Jacke & Mütze"
"2720";"KOB Set-Artikel";"19839";"Shirt, Leggings & Haarband"
"2720";"KOB Set-Artikel";"19873";"Shirt, Leggings, Jäckchen & Mütze"
"2720";"KOB Set-Artikel";"19846";"Shirt, Rock & Haarband"
"2720";"KOB Set-Artikel";"19883";"Shirt, Rock & Leggings"
"2720";"KOB Set-Artikel";"19875";"Shirt, Strampler, Jäckchen, Mütze & Schühchen"
"2720";"KOB Set-Artikel";"19835";"Starterpaket"
"2720";"KOB Set-Artikel";"19868";"Strampler, Jäckchen & Mütze"
"2720";"KOB Set-Artikel";"19890";"T-Shirt & Bermudas"
"2720";"KOB Set-Artikel";"19842";"T-Shirt & Kleid"
"2720";"KOB Set-Artikel";"19836";"T-Shirt & Langarmshirt"
"2720";"KOB Set-Artikel";"19893";"T-Shirt & Shorts"
"2720";"KOB Set-Artikel";"19894";"T-Shirt & Sweatbermudas"
"2720";"KOB Set-Artikel";"19870";"T-Shirt, Langarmshirt, Shorts & Kopftuch"
"2720";"KOB Set-Artikel";"19869";"Top & Bermudas"
"2720";"KOB Set-Artikel";"19848";"Top & Hose"
"2720";"KOB Set-Artikel";"19884";"Top & Langarmshirt"
"2720";"KOB Set-Artikel";"19844";"Top & Leggings"
"2720";"KOB Set-Artikel";"19847";"Top & Rock"
"2720";"KOB Set-Artikel";"19881";"Top & Shorts"
"2720";"KOB Set-Artikel";"19874";"Top & Sweatbermudas"
"2720";"KOB Set-Artikel";"19849";"Tunika & Leggings"
"2720";"KOB Set-Artikel";"19856";"Tunika & Radlerhose"
"2720";"KOB Set-Artikel";"19838";"Umstands-Set"
"2720";"KOB Set-Artikel";"19833";"Umstandstop & Umstandsleggings"
"2720";"KOB Set-Artikel";"19864";"Umstandstop & Umstandsshirtjacke"
"2720";"KOB Set-Artikel";"19866";"Umstandstop, Umstandshose & Umstandsjacke"
"2720";"KOB Set-Artikel";"19837";"Umstandswickeljacke & Umstandshose"
"2720";"KOB Set-Artikel";"19878";"Weste & Hemd"
"2720";"KOB Set-Artikel";"19871";"Weste & Top"
"2720";"KOB Set-Artikel";"19872";"Weste, Hemd & Krawatte/Fliege"
"2720";"KOB Set-Artikel";"19853";"Weste, Hemd & Shorts"
"2803";"Kochbesteck-Sets";"20451";"Kochbesteck-Set"
"2803";"Kochbesteck-Sets";"20452";"Salatbesteck"
"2853";"Köcher";"20760";"Anbauköcher"
"2853";"Köcher";"20759";"Rückenköcher"
"2853";"Köcher";"20758";"Seitenköcher"
"2804";"Kochfelder";"20454";"Elektro-Kochfeld"
"2804";"Kochfelder";"20456";"Flex-Induktions-Kochfeld"
"2804";"Kochfelder";"20458";"Gas-Kochfeld"
"2804";"Kochfelder";"20455";"Induktions-Kochfeld"
"2804";"Kochfelder";"20453";"Kochfeld mit Dunstabzug"
"2804";"Kochfelder";"20457";"Masse-Kochfeld"
"2805";"Kochlöffel";"20460";"Blanchierlöffel"
"2805";"Kochlöffel";"20465";"Eisportionierer"
"2805";"Kochlöffel";"20469";"Frittierlöffel"
"2805";"Kochlöffel";"20468";"Gießlöffel"
"2805";"Kochlöffel";"20471";"Kochlöffel"
"2805";"Kochlöffel";"20463";"Kugelausstecher"
"2805";"Kochlöffel";"20473";"Nudellöffel"
"2805";"Kochlöffel";"20466";"Reislöffel"
"2805";"Kochlöffel";"20467";"Schaumlöffel"
"2805";"Kochlöffel";"20470";"Schöpflöffel"
"2805";"Kochlöffel";"20461";"Seihlöffel"
"2805";"Kochlöffel";"20472";"Servierlöffel"
"2805";"Kochlöffel";"20464";"Soßenlöffel"
"2805";"Kochlöffel";"20462";"Suppenkelle"
"2805";"Kochlöffel";"20459";"Woklöffel"
"2806";"Kochmesser";"20489";"Allzweckmesser"
"2806";"Kochmesser";"20480";"Asiamesser"
"2806";"Kochmesser";"20497";"Ausbeinmesser"
"2806";"Kochmesser";"20500";"Austernmesser"
"2806";"Kochmesser";"20490";"Brötchenmesser"
"2806";"Kochmesser";"20483";"Brotmesser"
"2806";"Kochmesser";"20493";"Damastmesser"
"2806";"Kochmesser";"20496";"Drahtkäseschneider"
"2806";"Kochmesser";"20495";"Filetiermesser"
"2806";"Kochmesser";"20492";"Fischfiliermesser"
"2806";"Kochmesser";"20481";"Fleischmesser"
"2806";"Kochmesser";"20479";"Gemüsemesser"
"2806";"Kochmesser";"20478";"Hackmesser"
"2806";"Kochmesser";"20487";"Käsemesser"
"2806";"Kochmesser";"20494";"Kinderkochmesser"
"2806";"Kochmesser";"20502";"Kochmesser"
"2806";"Kochmesser";"20503";"Kräutermesser"
"2806";"Kochmesser";"20477";"Lachsmesser"
"2806";"Kochmesser";"20474";"Obstmesser"
"2806";"Kochmesser";"20499";"Pizzaschneider"
"2806";"Kochmesser";"20498";"Santokumesser"
"2806";"Kochmesser";"20504";"Schälmesser"
"2806";"Kochmesser";"20482";"Schinkenmesser"
"2806";"Kochmesser";"20491";"Spickmesser"
"2806";"Kochmesser";"20475";"Steakkochmesser"
"2806";"Kochmesser";"20506";"Tomatenmesser"
"2806";"Kochmesser";"20485";"Tortenmesser"
"2806";"Kochmesser";"20486";"Tranchierbesteck"
"2806";"Kochmesser";"20488";"Tranchiermesser"
"2806";"Kochmesser";"20476";"Universalküchenmesser"
"2806";"Kochmesser";"20484";"Vorlegebesteck"
"2806";"Kochmesser";"20505";"Wiegemesser"
"2806";"Kochmesser";"20501";"Zubereitungsmesser"
"2807";"Kochmesser-Sets";"20507";"Messer-Set"
"2808";"Kochplatten";"20512";"Doppel-Induktionskochplatte"
"2808";"Kochplatten";"20508";"Doppelkochplatte"
"2808";"Kochplatten";"20510";"Einzel-Induktionskochplatte"
"2808";"Kochplatten";"20509";"Einzelkochplatte"
"2808";"Kochplatten";"20514";"Mehrfach-Induktionskochplatte"
"2808";"Kochplatten";"20511";"Warmhalteplatte"
"2808";"Kochplatten";"20513";"Warmhalteplatten-Zwischenmodul"
"2809";"Koffer";"20529";"Aktenkoffer"
"2809";"Koffer";"20532";"Banjo-Koffer"
"2809";"Koffer";"20519";"Business-Koffer"
"2809";"Koffer";"20527";"Business-Trolley"
"2809";"Koffer";"20525";"E-Gitarren-Koffer"
"2809";"Koffer";"20522";"Fahrradkoffer"
"2809";"Koffer";"20533";"Handarbeitskoffer"
"2809";"Koffer";"20524";"Handgepäck-Topcase"
"2809";"Koffer";"20515";"Handgepäck-Trolley"
"2809";"Koffer";"20516";"Handgepäckkoffer"
"2809";"Koffer";"20518";"Hartschalen-Trolley"
"2809";"Koffer";"20521";"Kinderkoffer"
"2809";"Koffer";"20523";"Koffer"
"2809";"Koffer";"20517";"Mandolinen-Koffer"
"2809";"Koffer";"20520";"Pilotenkoffer"
"2809";"Koffer";"20528";"Trolley"
"2809";"Koffer";"20530";"Ukulelen-Koffer"
"2809";"Koffer";"20526";"Violinen-Koffer"
"2809";"Koffer";"20531";"Weichgepäck-Trolley"
"2810";"Koffer-Sets";"20535";"Kofferset"
"2810";"Koffer-Sets";"20534";"Trolleyset"
"2811";"Kofferwaagen";"20536";"Fischwaage"
"2811";"Kofferwaagen";"20537";"Kofferwaage"
"2812";"Kompasse";"20541";"Kartenkompass"
"2812";"Kompasse";"20539";"Kompass"
"2812";"Kompasse";"20540";"Peilkompass"
"2812";"Kompasse";"20538";"Tauchkompass"
"2813";"Komplettbetten";"20542";"Boxbett"
"2813";"Komplettbetten";"20544";"Boxspringbett"
"2813";"Komplettbetten";"20543";"Boxspringliege"
"2813";"Komplettbetten";"20545";"Polsterliege"
"2814";"Komplettküchen-Sets";"20551";"Kochinsel"
"2814";"Komplettküchen-Sets";"20546";"Küche"
"2814";"Komplettküchen-Sets";"20549";"Kücheninsel"
"2814";"Komplettküchen-Sets";"20548";"Küchenzeile"
"2814";"Komplettküchen-Sets";"20552";"Outdoor-Küche"
"2814";"Komplettküchen-Sets";"20550";"Pantryküche"
"2814";"Komplettküchen-Sets";"20547";"Winkelküche"
"2815";"Komposter";"20554";"Komposter"
"2815";"Komposter";"20555";"Schnellkomposter"
"2815";"Komposter";"20553";"Thermokomposter"
"2816";"Kompressoren";"20557";"Akku-Handkompressor"
"2816";"Kompressoren";"20559";"Atemluftkompressor"
"2816";"Kompressoren";"20556";"Koffer-Kompressor"
"2816";"Kompressoren";"20558";"Kompressor"
"2817";"Kondensatsammler";"20560";"Kondensatsperre"
"2817";"Kondensatsammler";"20561";"Wäschetrockner-Kondensator"
"2818";"Kondome";"20564";"Einhand-Kondome"
"2818";"Kondome";"20563";"Kondome"
"2818";"Kondome";"20562";"XXL-Kondome"
"2819";"Kontaktgrill/Standgrill/Tischgrill/Teppanyakigrill";"20566";"Dönergrill"
"2819";"Kontaktgrill/Standgrill/Tischgrill/Teppanyakigrill";"20569";"Elektro-Standgrill"
"2819";"Kontaktgrill/Standgrill/Tischgrill/Teppanyakigrill";"20570";"Elektro-Steakgrill"
"2819";"Kontaktgrill/Standgrill/Tischgrill/Teppanyakigrill";"20571";"Elektrogrill"
"2819";"Kontaktgrill/Standgrill/Tischgrill/Teppanyakigrill";"20568";"Hamburger Maker"
"2819";"Kontaktgrill/Standgrill/Tischgrill/Teppanyakigrill";"20573";"Kontaktgrill"
"2819";"Kontaktgrill/Standgrill/Tischgrill/Teppanyakigrill";"20574";"Paninigrill"
"2819";"Kontaktgrill/Standgrill/Tischgrill/Teppanyakigrill";"20567";"Standgrill"
"2819";"Kontaktgrill/Standgrill/Tischgrill/Teppanyakigrill";"20572";"Teppanyakigrill"
"2819";"Kontaktgrill/Standgrill/Tischgrill/Teppanyakigrill";"20565";"Tischgrill"
"2820";"Kontaktlinsen";"20580";"14-Tages-Linsen"
"2820";"Kontaktlinsen";"20579";"Dauerlinsen"
"2820";"Kontaktlinsen";"20575";"Farblinsen"
"2820";"Kontaktlinsen";"20583";"Jahreslinsen"
"2820";"Kontaktlinsen";"20576";"Monatslinsen"
"2820";"Kontaktlinsen";"20577";"Motivlinsen"
"2820";"Kontaktlinsen";"20578";"Tag- und Nachtlinsen"
"2820";"Kontaktlinsen";"20581";"Tageslinsen"
"2820";"Kontaktlinsen";"20582";"Wochenlinsen"
"2821";"Kontaktlinsenbehälter";"20584";"Kontaktlinsenbehälter"
"2822";"Koordinationsleitern";"20585";"Koordinationsleiter"
"2823";"Kopfhörer";"20591";"Bluetooth-Kopfhörer"
"2823";"Kopfhörer";"20601";"Bluetooth-Soundbrille"
"2823";"Kopfhörer";"20602";"DJ-Kopfhörer"
"2823";"Kopfhörer";"20593";"Einschlaf- und Durchschlafhilfe"
"2823";"Kopfhörer";"20595";"Funk-Kopfhörer"
"2823";"Kopfhörer";"20587";"Gaming-Headset"
"2823";"Kopfhörer";"20597";"Gaming-Headset Zubehör"
"2823";"Kopfhörer";"20594";"Headset"
"2823";"Kopfhörer";"20596";"HiFi-Kopfhörer"
"2823";"Kopfhörer";"20609";"High-Resolution Kopfhörer"
"2823";"Kopfhörer";"20606";"In-Ear-Kopfhörer"
"2823";"Kopfhörer";"20588";"Kinder-Kopfhörer"
"2823";"Kopfhörer";"20592";"Kopfhörer"
"2823";"Kopfhörer";"20605";"Ohrpolster"
"2823";"Kopfhörer";"20604";"On-Ear-Kopfhörer"
"2823";"Kopfhörer";"20610";"Open-Ear-Kopfhörer"
"2823";"Kopfhörer";"20590";"Over-Ear-Kopfhörer"
"2823";"Kopfhörer";"20589";"PC-Headset"
"2823";"Kopfhörer";"20599";"Schlaf-Kopfhörer"
"2823";"Kopfhörer";"20608";"Smartphone-Headset"
"2823";"Kopfhörer";"20600";"Sport-Kopfhörer"
"2823";"Kopfhörer";"20598";"Stereo-Headset"
"2823";"Kopfhörer";"20607";"wireless In-Ear-Kopfhörer"
"2823";"Kopfhörer";"20586";"wireless Kopfhörer"
"2823";"Kopfhörer";"20603";"Wireless-Headset"
"2824";"Kopfkissen";"20626";"3-Kammer-Kopfkissen"
"2824";"Kopfkissen";"20611";"Anti-Schnarch-Kissen"
"2824";"Kopfkissen";"20621";"Bauchschläferkissen"
"2824";"Kopfkissen";"20634";"Baumwollkissen"
"2824";"Kopfkissen";"20613";"Daunenkissen"
"2824";"Kopfkissen";"20615";"Dinkelkörnerkissen"
"2824";"Kopfkissen";"20635";"Duftkissen"
"2824";"Kopfkissen";"20618";"Federkissen"
"2824";"Kopfkissen";"20629";"Federkopfkissen"
"2824";"Kopfkissen";"20631";"Gänsedaunenkopfkissen"
"2824";"Kopfkissen";"20628";"Gänsefederkopfkissen"
"2824";"Kopfkissen";"20623";"Gelschaumkopfkissen"
"2824";"Kopfkissen";"20622";"Gesundheitskissen"
"2824";"Kopfkissen";"20627";"Hirsekörnerkissen"
"2824";"Kopfkissen";"20639";"Kinderdaunenkissen"
"2824";"Kopfkissen";"20625";"Kopfkissen"
"2824";"Kopfkissen";"20637";"Kunstfaserkopfkissen"
"2824";"Kopfkissen";"20630";"Lavendelbeutel"
"2824";"Kopfkissen";"20636";"Microfaserkissen"
"2824";"Kopfkissen";"20632";"Nackenstützkissen"
"2824";"Kopfkissen";"20638";"Nackenstützkissen-Set"
"2824";"Kopfkissen";"20616";"Naturfaserkissen"
"2824";"Kopfkissen";"20614";"Naturfaserkopfkissen"
"2824";"Kopfkissen";"20624";"Naturhaarkissen"
"2824";"Kopfkissen";"20633";"Naturkissen"
"2824";"Kopfkissen";"20620";"Schlafkissen"
"2824";"Kopfkissen";"20619";"Schönheitskissen"
"2824";"Kopfkissen";"20612";"Synthetikkopfkissen"
"2824";"Kopfkissen";"20617";"Visko-Kissen"
"2825";"Kopfstützen";"20643";"Autokopfstütze"
"2825";"Kopfstützen";"20641";"Sauna-Venenstütze"
"2825";"Kopfstützen";"20640";"Saunakopfstütze"
"2825";"Kopfstützen";"20642";"Whirlpoolkopfstütze"
"2826";"Korkenzieher";"20644";"Korkenzieher"
"2826";"Korkenzieher";"20645";"Korkenzieher-Aufsatz"
"2826";"Korkenzieher";"20646";"Sommelier-Set"
"2854";"Körperfarben";"20763";"Schminkstift"
"2854";"Körperfarben";"20761";"Theater Schminkpalette"
"2854";"Körperfarben";"20762";"Theaterschminke"
"2855";"Körpertattoos";"20764";"Kindertattoo"
"2855";"Körpertattoos";"20767";"Nagel-Tattoo"
"2855";"Körpertattoos";"20765";"Schmuck-Tattoo"
"2855";"Körpertattoos";"20766";"Strass-Tattoo"
"2827";"Korrektionsbrillen";"20648";"Brille"
"2827";"Korrektionsbrillen";"20649";"Lesebrille"
"2827";"Korrektionsbrillen";"20647";"Lesehilfe"
"2828";"Korsagen";"20651";"Bauchweggürtel"
"2828";"Korsagen";"20650";"Corsage"
"2829";"Kosmetik-Mischpaletten";"20652";"Make-up Palette"
"2830";"Kosmetikaufbewahrungen";"20653";"Make-Up Organizer"
"2831";"Kosmetikpinsel";"20665";"Augenbrauenpinsel"
"2831";"Kosmetikpinsel";"20659";"Bronzerpinsel"
"2831";"Kosmetikpinsel";"20668";"Concealerpinsel"
"2831";"Kosmetikpinsel";"20658";"Eyelinerpinsel"
"2831";"Kosmetikpinsel";"20655";"Foundationpinsel"
"2831";"Kosmetikpinsel";"20669";"Haarfärbepinsel"
"2831";"Kosmetikpinsel";"20654";"Highlighterpinsel"
"2831";"Kosmetikpinsel";"20667";"Kabuki-Pinsel"
"2831";"Kosmetikpinsel";"20657";"Konturpinsel"
"2831";"Kosmetikpinsel";"20661";"Kosmetikpinsel-Set"
"2831";"Kosmetikpinsel";"20656";"Lidschattenpinsel"
"2831";"Kosmetikpinsel";"20660";"Lippenpinsel"
"2831";"Kosmetikpinsel";"20664";"Maskenpinsel"
"2831";"Kosmetikpinsel";"20666";"Nailart-Pinsel"
"2831";"Kosmetikpinsel";"20663";"Puderpinsel"
"2831";"Kosmetikpinsel";"20662";"Rougepinsel"
"2832";"Kosmetikschwämme";"20670";"Abschminkschwamm"
"2832";"Kosmetikschwämme";"20675";"Gesichtsreinigungsschwamm"
"2832";"Kosmetikschwämme";"20678";"Gesichtsschwamm"
"2832";"Kosmetikschwämme";"20679";"Kosmetikquaste"
"2832";"Kosmetikschwämme";"20677";"Make-up Quaste"
"2832";"Kosmetikschwämme";"20680";"Make-up Schwamm"
"2832";"Kosmetikschwämme";"20673";"Massageschwamm"
"2832";"Kosmetikschwämme";"20671";"Puderquaste"
"2832";"Kosmetikschwämme";"20676";"Schminkquaste"
"2832";"Kosmetikschwämme";"20672";"Schminkschwamm"
"2832";"Kosmetikschwämme";"20674";"Schwämmchen"
"2833";"Kostüme";"20681";"Business-Kostüm"
"2834";"Kraftstationen";"20686";"Crossrack"
"2834";"Kraftstationen";"20687";"Half Rack"
"2834";"Kraftstationen";"20682";"Kraftstation"
"2834";"Kraftstationen";"20683";"Multipresse"
"2834";"Kraftstationen";"20685";"Power Rack"
"2834";"Kraftstationen";"20689";"Skitrainer"
"2834";"Kraftstationen";"20688";"Squat Rack"
"2834";"Kraftstationen";"20684";"Trainingsstation"
"2835";"Kragen";"20692";"Einnähkragen"
"2835";"Kragen";"20690";"Einsteckkragen"
"2835";"Kragen";"20691";"Halswärmer"
"2835";"Kragen";"20693";"Kragen"
"2837";"Kratzbäume";"20702";"Ersatz-Kratzbaumstamm"
"2837";"Kratzbäume";"20701";"Katzen-Kletterwand"
"2837";"Kratzbäume";"20700";"Kratzbaum"
"2836";"Kratzbretter";"20694";"Kratzbrett"
"2836";"Kratzbretter";"20699";"Kratzkugel"
"2836";"Kratzbretter";"20696";"Kratzmatte"
"2836";"Kratzbretter";"20698";"Kratzpappe"
"2836";"Kratzbretter";"20695";"Kratzsäule"
"2836";"Kratzbretter";"20697";"Kratztonne"
"2838";"Krawatten";"20703";"Krawatte"
"2839";"Krawattenhalter";"20704";"Krawattenhalter"
"2840";"Krawattennadeln";"20706";"Krawattennadel"
"2840";"Krawattennadeln";"20707";"Krawattennadel mit Gravur"
"2840";"Krawattennadeln";"20705";"Krawattennadel Set"
"2841";"Kreativsets";"20708";"Kreativset"
"2842";"Kreativvorlagen";"20709";"Mandala"
"2843";"Kreisel";"20712";"Brummkreisel"
"2843";"Kreisel";"20711";"Drillschnurkreisel"
"2843";"Kreisel";"20715";"Kreisel"
"2843";"Kreisel";"20710";"Speed-Kreisel"
"2843";"Kreisel";"20714";"Stapelkreisel"
"2843";"Kreisel";"20713";"Tierkreisel"
"2856";"Küchenformen";"20792";"Backform"
"2856";"Küchenformen";"20771";"Brotbackform"
"2856";"Küchenformen";"20797";"Butterform"
"2856";"Küchenformen";"20786";"Cake-Pop-Form"
"2856";"Küchenformen";"20777";"Dampfgarbehälter"
"2856";"Küchenformen";"20785";"Donutform"
"2856";"Küchenformen";"20769";"Eier-Pochierer"
"2856";"Küchenformen";"20781";"Eisform"
"2856";"Küchenformen";"20776";"Eiswürfelform"
"2856";"Küchenformen";"20791";"Futterform"
"2856";"Küchenformen";"20778";"Garantieform"
"2856";"Küchenformen";"20782";"Gärkorb"
"2856";"Küchenformen";"20787";"Gugelhupfform"
"2856";"Küchenformen";"20768";"Hackbällchenform"
"2856";"Küchenformen";"20775";"Herzkuchenform"
"2856";"Küchenformen";"20780";"Kaltspeisenform"
"2856";"Küchenformen";"20783";"Kastenform"
"2856";"Küchenformen";"20793";"Muffinform"
"2856";"Küchenformen";"20772";"Müsliriegelform"
"2856";"Küchenformen";"20779";"Obstkuchenform"
"2856";"Küchenformen";"20789";"Pralinenform"
"2856";"Küchenformen";"20794";"Quicheform"
"2856";"Küchenformen";"20773";"Ravioliform"
"2856";"Küchenformen";"20784";"Rehrückenform"
"2856";"Küchenformen";"20788";"Schokoladenform"
"2856";"Küchenformen";"20795";"Silikonform"
"2856";"Küchenformen";"20774";"Springform"
"2856";"Küchenformen";"20770";"Sushi-Roller"
"2856";"Küchenformen";"20790";"Tarteform"
"2856";"Küchenformen";"20796";"Tortillaform"
"2857";"Küchenhelfer-Sets";"20804";"Back-Set"
"2857";"Küchenhelfer-Sets";"20799";"Blindbackkugeln"
"2857";"Küchenhelfer-Sets";"20806";"Eierpiekser"
"2857";"Küchenhelfer-Sets";"20801";"Eiertrenner"
"2857";"Küchenhelfer-Sets";"20800";"Fischentschupper"
"2857";"Küchenhelfer-Sets";"20802";"Kochbesteckhalter"
"2857";"Küchenhelfer-Sets";"20798";"Kochlöffelhalter"
"2857";"Küchenhelfer-Sets";"20803";"Küchenorganizer-Set"
"2857";"Küchenhelfer-Sets";"20805";"Trinkhalme"
"2858";"Küchenkarussells";"20807";"Küchenkarussell"
"2859";"Küchenmaschinen";"20810";"Babynahrungszubereiter"
"2859";"Küchenmaschinen";"20808";"Kompakt-Küchenmaschine"
"2859";"Küchenmaschinen";"20812";"Küchenmaschine"
"2859";"Küchenmaschinen";"20811";"Küchenmaschine mit Kochfunktion"
"2859";"Küchenmaschinen";"20809";"Multikocher"
"2860";"Küchenmaschinen-Aufsätze";"20851";"Beerenpressenaufsatz"
"2860";"Küchenmaschinen-Aufsätze";"20831";"Brötchen-Röstaufsatz"
"2860";"Küchenmaschinen-Aufsätze";"20817";"Dampfgaraufsatz"
"2860";"Küchenmaschinen-Aufsätze";"20836";"Durchlaufschnitzler"
"2860";"Küchenmaschinen-Aufsätze";"20818";"Eisbereiteraufsatz"
"2860";"Küchenmaschinen-Aufsätze";"20815";"Emulgieraufsatz"
"2860";"Küchenmaschinen-Aufsätze";"20846";"Entsafteraufsatz"
"2860";"Küchenmaschinen-Aufsätze";"20824";"Fleischwolfaufsatz"
"2860";"Küchenmaschinen-Aufsätze";"20841";"Gemüseblattschneidvorsatz"
"2860";"Küchenmaschinen-Aufsätze";"20829";"Gemüseschneidaufsatz"
"2860";"Küchenmaschinen-Aufsätze";"20816";"Getreidemühlenaufsatz"
"2860";"Küchenmaschinen-Aufsätze";"20852";"Gewürzmühlenaufsatz"
"2860";"Küchenmaschinen-Aufsätze";"20848";"Hobelaufsatz"
"2860";"Küchenmaschinen-Aufsätze";"20813";"Küchenmaschinen Zubehör-Set"
"2860";"Küchenmaschinen-Aufsätze";"20823";"Lasagnewalzenvorsatz"
"2860";"Küchenmaschinen-Aufsätze";"20849";"Mixaufsatz"
"2860";"Küchenmaschinen-Aufsätze";"20828";"Nudelpressvorsatz"
"2860";"Küchenmaschinen-Aufsätze";"20820";"Nudelvorsatz"
"2860";"Küchenmaschinen-Aufsätze";"20826";"Nudelwalzenvorsatz"
"2860";"Küchenmaschinen-Aufsätze";"20827";"Pürieraufsatz"
"2860";"Küchenmaschinen-Aufsätze";"20832";"Raspelaufsatz"
"2860";"Küchenmaschinen-Aufsätze";"20850";"Raspelvorsatz"
"2860";"Küchenmaschinen-Aufsätze";"20814";"Raviolivorsatz"
"2860";"Küchenmaschinen-Aufsätze";"20833";"Reibe-Vorsatz"
"2860";"Küchenmaschinen-Aufsätze";"20843";"Reibeaufsatz"
"2860";"Küchenmaschinen-Aufsätze";"20842";"Saftzentrifugenaufsatz"
"2860";"Küchenmaschinen-Aufsätze";"20822";"Schneideaufsatz"
"2860";"Küchenmaschinen-Aufsätze";"20834";"Schnitzelwerk"
"2860";"Küchenmaschinen-Aufsätze";"20830";"Siebaufsatz"
"2860";"Küchenmaschinen-Aufsätze";"20819";"Slow Juicer Aufsatz"
"2860";"Küchenmaschinen-Aufsätze";"20839";"Spaghettiwalzenvorsatz"
"2860";"Küchenmaschinen-Aufsätze";"20837";"Spiralschneideraufsatz"
"2860";"Küchenmaschinen-Aufsätze";"20840";"Spritzgebäckvorsatz"
"2860";"Küchenmaschinen-Aufsätze";"20825";"Tagliatelleschneidvorsatz"
"2860";"Küchenmaschinen-Aufsätze";"20838";"Tagliatellewalzenvorsatz"
"2860";"Küchenmaschinen-Aufsätze";"20847";"Trommelraffel"
"2860";"Küchenmaschinen-Aufsätze";"20844";"Würfelschneideraufsatz"
"2860";"Küchenmaschinen-Aufsätze";"20845";"Wurstfüllaufsatz"
"2860";"Küchenmaschinen-Aufsätze";"20835";"Zerkleinereraufsatz"
"2860";"Küchenmaschinen-Aufsätze";"20821";"Zitruspressenaufsatz"
"2861";"Küchenmaschinen-Einsätze";"20856";"Asia-Gemüse-Scheibe"
"2861";"Küchenmaschinen-Einsätze";"20880";"Backeinsatz"
"2861";"Küchenmaschinen-Einsätze";"20854";"Emulgierscheibe"
"2861";"Küchenmaschinen-Einsätze";"20876";"Flügelmesser"
"2861";"Küchenmaschinen-Einsätze";"20853";"Juliennescheibe"
"2861";"Küchenmaschinen-Einsätze";"20874";"Kartoffelpufferschneidscheibe"
"2861";"Küchenmaschinen-Einsätze";"20857";"Keks-Formscheiben"
"2861";"Küchenmaschinen-Einsätze";"20877";"Knetmesser"
"2861";"Küchenmaschinen-Einsätze";"20863";"Mahlmesser"
"2861";"Küchenmaschinen-Einsätze";"20870";"Multimesser"
"2861";"Küchenmaschinen-Einsätze";"20866";"Pasta Scheiben für Fleischwolf"
"2861";"Küchenmaschinen-Einsätze";"20861";"Pasta-Formscheiben"
"2861";"Küchenmaschinen-Einsätze";"20855";"Pommes-Frites-Scheibe"
"2861";"Küchenmaschinen-Einsätze";"20862";"Raspelwendescheibe"
"2861";"Küchenmaschinen-Einsätze";"20878";"Reibeeinsatz"
"2861";"Küchenmaschinen-Einsätze";"20859";"Reibescheibe"
"2861";"Küchenmaschinen-Einsätze";"20879";"Reibewendescheibe"
"2861";"Küchenmaschinen-Einsätze";"20864";"Schäummesser"
"2861";"Küchenmaschinen-Einsätze";"20860";"Schlagmesser"
"2861";"Küchenmaschinen-Einsätze";"20871";"Schlagscheibe"
"2861";"Küchenmaschinen-Einsätze";"20873";"Schneid-Raspel-Wendescheibe"
"2861";"Küchenmaschinen-Einsätze";"20867";"Schneidmesser"
"2861";"Küchenmaschinen-Einsätze";"20858";"Schneidscheibe"
"2861";"Küchenmaschinen-Einsätze";"20868";"Schneidwendescheibe"
"2861";"Küchenmaschinen-Einsätze";"20875";"Spiralschneider-Einsatz"
"2861";"Küchenmaschinen-Einsätze";"20865";"Teigmesser"
"2861";"Küchenmaschinen-Einsätze";"20869";"Teigwerkzeug"
"2861";"Küchenmaschinen-Einsätze";"20872";"Vielzweckmesser"
"2862";"Küchenmaschinen-Rührelemente";"20882";"Ballonbesen"
"2862";"Küchenmaschinen-Rührelemente";"20886";"Doppelquirl"
"2862";"Küchenmaschinen-Rührelemente";"20893";"Flachrührer"
"2862";"Küchenmaschinen-Rührelemente";"20888";"Flexibler Flachrührer"
"2862";"Küchenmaschinen-Rührelemente";"20890";"Flexibles Rührelement"
"2862";"Küchenmaschinen-Rührelemente";"20885";"K-Haken"
"2862";"Küchenmaschinen-Rührelemente";"20889";"Knethaken"
"2862";"Küchenmaschinen-Rührelemente";"20895";"Mischflügel"
"2862";"Küchenmaschinen-Rührelemente";"20894";"Quirl"
"2862";"Küchenmaschinen-Rührelemente";"20883";"Rührbesen"
"2862";"Küchenmaschinen-Rührelemente";"20896";"Rührelement"
"2862";"Küchenmaschinen-Rührelemente";"20891";"Rührelement-Set"
"2862";"Küchenmaschinen-Rührelemente";"20881";"Rührhaken"
"2862";"Küchenmaschinen-Rührelemente";"20884";"Schlagbesen"
"2862";"Küchenmaschinen-Rührelemente";"20887";"Schneebesen-Rührelement"
"2862";"Küchenmaschinen-Rührelemente";"20892";"Unterheb-Rührelement"
"2863";"Küchenmühlen";"20906";"Chilimühle"
"2863";"Küchenmühlen";"20902";"Getreidemühle"
"2863";"Küchenmühlen";"20905";"Gewürzmühle"
"2863";"Küchenmühlen";"20908";"Grinder"
"2863";"Küchenmühlen";"20903";"Käsemühle"
"2863";"Küchenmühlen";"20904";"Kräutermühle"
"2863";"Küchenmühlen";"20898";"Mandelmühle"
"2863";"Küchenmühlen";"20900";"Muskatmühle"
"2863";"Küchenmühlen";"20897";"Parmesanmühle"
"2863";"Küchenmühlen";"20901";"Pfeffermühle"
"2863";"Küchenmühlen";"20907";"Salz-/Pfeffermühle"
"2863";"Küchenmühlen";"20899";"Salzmühle"
"2864";"Küchenpaletten";"20923";"Backschaufeln"
"2864";"Küchenpaletten";"20929";"Butterkugelformer"
"2864";"Küchenpaletten";"20915";"Crepes Verteiler"
"2864";"Küchenpaletten";"20917";"Grillspachtel"
"2864";"Küchenpaletten";"20924";"Grillwender"
"2864";"Küchenpaletten";"20920";"Kuchenheber"
"2864";"Küchenpaletten";"20911";"Küchenschaufel"
"2864";"Küchenpaletten";"20921";"Küchenspachtel"
"2864";"Küchenpaletten";"20913";"Küchenwender"
"2864";"Küchenpaletten";"20926";"Pfannenschaufel"
"2864";"Küchenpaletten";"20922";"Pfannenwender"
"2864";"Küchenpaletten";"20928";"Pizzaschieber"
"2864";"Küchenpaletten";"20916";"Reisspachtel"
"2864";"Küchenpaletten";"20918";"Sandwichpalette"
"2864";"Küchenpaletten";"20912";"Streichpalette"
"2864";"Küchenpaletten";"20927";"Teigschaber"
"2864";"Küchenpaletten";"20910";"Teigspachtel"
"2864";"Küchenpaletten";"20925";"Tortenbodenheber"
"2864";"Küchenpaletten";"20909";"Tortenheber"
"2864";"Küchenpaletten";"20914";"Winkelpalette"
"2864";"Küchenpaletten";"20919";"Wokwender"
"2865";"Küchenpressen";"20937";"Burgerpresse"
"2865";"Küchenpressen";"20940";"Gemüsepresse"
"2865";"Küchenpressen";"20939";"Kartoffelpresse"
"2865";"Küchenpressen";"20930";"Kartoffelstampfer"
"2865";"Küchenpressen";"20941";"Käsepresse"
"2865";"Küchenpressen";"20931";"Knoblauchpresse"
"2865";"Küchenpressen";"20933";"Knoblauchschneider"
"2865";"Küchenpressen";"20935";"Obstpresse"
"2865";"Küchenpressen";"20932";"Ölpresse"
"2865";"Küchenpressen";"20936";"Passetout"
"2865";"Küchenpressen";"20938";"Spätzlepresse"
"2865";"Küchenpressen";"20934";"Tubenquetscher"
"2866";"Küchenreiben";"20944";"Gemüsehalter"
"2866";"Küchenreiben";"20945";"Gemüsehobel"
"2866";"Küchenreiben";"20952";"Ingwerreibe"
"2866";"Küchenreiben";"20948";"Kartoffelreibe"
"2866";"Küchenreiben";"20951";"Käsehobel"
"2866";"Küchenreiben";"20950";"Käsereibe"
"2866";"Küchenreiben";"20954";"Küchenreibe"
"2866";"Küchenreiben";"20955";"Multireibe"
"2866";"Küchenreiben";"20949";"Muskatreibe"
"2866";"Küchenreiben";"20947";"Spätzlehobel"
"2866";"Küchenreiben";"20942";"Spätzlereibe"
"2866";"Küchenreiben";"20953";"Trommelreibe"
"2866";"Küchenreiben";"20943";"Vierkantreibe"
"2866";"Küchenreiben";"20946";"Zitronenreibe"
"2867";"Küchenrollenhalter";"20956";"Folienspender"
"2867";"Küchenrollenhalter";"20958";"Küchenrollenhalter"
"2867";"Küchenrollenhalter";"20957";"Wandrollenhalter"
"2868";"Küchenroste";"20960";"Abkühlgitter"
"2868";"Küchenroste";"20959";"Dörrgitter"
"2868";"Küchenroste";"20961";"Küchenrost"
"2868";"Küchenroste";"20962";"Reifegitter"
"2869";"Küchenschneider";"20973";"Apfelschäler"
"2869";"Küchenschneider";"20981";"Eierköpfer"
"2869";"Küchenschneider";"20970";"Eierschneider"
"2869";"Küchenschneider";"20968";"Fadenschneider"
"2869";"Küchenschneider";"20982";"Gemüse-Scheibenschneider"
"2869";"Küchenschneider";"20972";"Julienneschneider"
"2869";"Küchenschneider";"20979";"Kartoffelschäler"
"2869";"Küchenschneider";"20971";"Knoblauchschäler"
"2869";"Küchenschneider";"20976";"Mozzarellaschneider"
"2869";"Küchenschneider";"20974";"Obstschneider"
"2869";"Küchenschneider";"20967";"Orangenschäler"
"2869";"Küchenschneider";"20964";"Pommesschneider"
"2869";"Küchenschneider";"20978";"Spargelschäler"
"2869";"Küchenschneider";"20977";"Sparschäler"
"2869";"Küchenschneider";"20969";"Teigschneider"
"2869";"Küchenschneider";"20975";"Wurstschneider"
"2869";"Küchenschneider";"20980";"Zestenreißer"
"2869";"Küchenschneider";"20966";"Ziseliermesser"
"2869";"Küchenschneider";"20963";"Zitronenschaber"
"2869";"Küchenschneider";"20965";"Zitruszester"
"2870";"Küchensiebe";"20990";"Abfluss-Siebkörbchen"
"2870";"Küchensiebe";"20986";"Abflusssieb"
"2870";"Küchensiebe";"20987";"Brühsieb"
"2870";"Küchensiebe";"20989";"Durchwurfsieb"
"2870";"Küchensiebe";"20984";"Frischkäsebereiter"
"2870";"Küchensiebe";"20992";"Gartensieb"
"2870";"Küchensiebe";"20998";"Käseform"
"2870";"Küchensiebe";"20993";"Küchensieb"
"2870";"Küchensiebe";"20988";"Laubsieb"
"2870";"Küchensiebe";"20983";"Nudelsieb"
"2870";"Küchensiebe";"20997";"Nussmilchbeutel"
"2870";"Küchensiebe";"20999";"Passiermühle"
"2870";"Küchensiebe";"20985";"Passiersieb"
"2870";"Küchensiebe";"21000";"Passiertuch"
"2870";"Küchensiebe";"20995";"Rollsieb"
"2870";"Küchensiebe";"20996";"Schmutzsieb"
"2870";"Küchensiebe";"20991";"Seiher"
"2870";"Küchensiebe";"20994";"Teesieb"
"2871";"Küchenspülen";"21002";"Edelstahlspüle"
"2871";"Küchenspülen";"21001";"Einbauspüle"
"2871";"Küchenspülen";"21005";"Granitspüle"
"2871";"Küchenspülen";"21004";"Küchenspüle"
"2871";"Küchenspülen";"21003";"Kunststoffspüle"
"2872";"Küchenwaagen";"21010";"Feinwaage"
"2872";"Küchenwaagen";"21009";"Küchenwaage"
"2872";"Küchenwaagen";"21008";"Löffelwaage"
"2872";"Küchenwaagen";"21011";"Schüsselwaage"
"2872";"Küchenwaagen";"21007";"Taschenwaage"
"2872";"Küchenwaagen";"21006";"Trinkmanager"
"2872";"Küchenwaagen";"21012";"Wand-Küchenwaage"
"2873";"Küchenzangen";"21022";"Feuerzange"
"2873";"Küchenzangen";"21015";"Grätenzange"
"2873";"Küchenzangen";"21021";"Grillzange"
"2873";"Küchenzangen";"21020";"Hummerzange"
"2873";"Küchenzangen";"21016";"Kochpinzette"
"2873";"Küchenzangen";"21013";"Kochzange"
"2873";"Küchenzangen";"21027";"Kohlezange"
"2873";"Küchenzangen";"21025";"Nudelzange"
"2873";"Küchenzangen";"21017";"Patisseriezange"
"2873";"Küchenzangen";"21024";"Pellkartoffelgabel"
"2873";"Küchenzangen";"21026";"Pralinengabel"
"2873";"Küchenzangen";"21028";"Sandwichzange"
"2873";"Küchenzangen";"21018";"Servierzange"
"2873";"Küchenzangen";"21023";"Spaghettizange"
"2873";"Küchenzangen";"21014";"Weißwurstheber"
"2873";"Küchenzangen";"21019";"Zuckerzange"
"2844";"Kugelbahnen";"20717";"Kugelbahn"
"2844";"Kugelbahnen";"20716";"Kugelbahn-Bausatz"
"2874";"Kühlakkus";"21030";"Eiswürfel-Steine"
"2874";"Kühlakkus";"21031";"Kühlakku"
"2874";"Kühlakkus";"21029";"Kühlmanschette"
"2874";"Kühlakkus";"21032";"LED-Eiswürfel"
"2875";"Kühlboxen";"21036";"Absorber-Kühlbox"
"2875";"Kühlboxen";"21034";"Elektrische Kühlbox"
"2875";"Kühlboxen";"21033";"Kühlbox"
"2875";"Kühlboxen";"21037";"Kühltasche"
"2875";"Kühlboxen";"21038";"Reifeschrank"
"2875";"Kühlboxen";"21035";"Trolley-Kühlbox"
"2876";"Kühlgefrier-Sets";"21039";"Einbaukühlgefrier-Set"
"2876";"Kühlgefrier-Sets";"21040";"European Side-by-Side"
"2878";"Kühlschränke";"21049";"Door-in-Door"
"2878";"Kühlschränke";"21051";"Einbaukühlgefrierkombination"
"2878";"Kühlschränke";"21044";"Einbaukühlschrank"
"2878";"Kühlschränke";"21053";"French Door"
"2878";"Kühlschränke";"21045";"Getränkekühlschrank"
"2878";"Kühlschränke";"21054";"Kühl-/Gefrierkombination"
"2878";"Kühlschränke";"21047";"Kühlschrank"
"2878";"Kühlschränke";"21050";"Multi Door"
"2878";"Kühlschränke";"21048";"Side-by-Side"
"2878";"Kühlschränke";"21046";"Table Top Kühlschrank"
"2878";"Kühlschränke";"21052";"Top Freezer"
"2878";"Kühlschränke";"21043";"Vollraumkühlschrank"
"2877";"Kühlschrankeinsätze";"21042";"Flaschenablage"
"2877";"Kühlschrankeinsätze";"21041";"Korbeinsatz"
"2845";"Kunstfingernägel";"20719";"Kunstfingernägel"
"2845";"Kunstfingernägel";"20718";"Nageldesign Zubehör"
"2846";"Kunstharze";"20720";"Epoxidharz"
"2846";"Kunstharze";"20721";"Kunstharz"
"2846";"Kunstharze";"20722";"UV-Epoxidharz"
"2847";"Kunstköder";"20723";"Kunstköder"
"2879";"Künstlerleinwände";"21056";"Leinwand"
"2879";"Künstlerleinwände";"21055";"Maltuch"
"2848";"Kunstpflanzen";"20739";"Gestecke"
"2848";"Kunstpflanzen";"20734";"Kunstbambus"
"2848";"Kunstpflanzen";"20737";"Kunstbaum"
"2848";"Kunstpflanzen";"20730";"Kunstblume"
"2848";"Kunstpflanzen";"20741";"Kunstblumenstrauß"
"2848";"Kunstpflanzen";"20727";"Kunstbonsai"
"2848";"Kunstpflanzen";"20731";"Kunstgirlande"
"2848";"Kunstpflanzen";"20735";"Kunstgras"
"2848";"Kunstpflanzen";"20743";"Kunsthecke"
"2848";"Kunstpflanzen";"20732";"Kunstkaktus"
"2848";"Kunstpflanzen";"20729";"Kunstkranz"
"2848";"Kunstpflanzen";"20725";"Künstliche Zimmerpflanze"
"2848";"Kunstpflanzen";"20733";"Kunstorchidee"
"2848";"Kunstpflanzen";"20726";"Kunstpalme"
"2848";"Kunstpflanzen";"20728";"Kunstpflanze"
"2848";"Kunstpflanzen";"20724";"Kunstranke"
"2848";"Kunstpflanzen";"20740";"Kunsttulpe"
"2848";"Kunstpflanzen";"20736";"Kunstzweig"
"2848";"Kunstpflanzen";"20738";"Trockenblume"
"2848";"Kunstpflanzen";"20742";"Winterliche Kunstpflanze"
"2849";"Kunstriffe";"20746";"Aquariendeko"
"2849";"Kunstriffe";"20744";"Filterabdeckung"
"2849";"Kunstriffe";"20745";"Terrariendeko"
"2850";"Kunstwimpern";"20749";"Bandwimpern"
"2850";"Kunstwimpern";"20747";"Einzelwimpern"
"2850";"Kunstwimpern";"20748";"Magnetwimpern"
"2851";"Kurzzeitmesser";"20751";"Eieruhr"
"2851";"Kurzzeitmesser";"20753";"elektronische Parkscheibe"
"2851";"Kurzzeitmesser";"20755";"Handzähler"
"2851";"Kurzzeitmesser";"20750";"Intervall-Timer"
"2851";"Kurzzeitmesser";"20754";"Parkscheibe"
"2851";"Kurzzeitmesser";"20752";"Stoppuhr"
"2881";"Ladegeräte";"21077";"Akku-Ladestation"
"2881";"Ladegeräte";"21098";"Autobatterie-Ladegerät"
"2881";"Ladegeräte";"21063";"Batterie-Ladegerät"
"2881";"Ladegeräte";"21088";"Bleiakku-Ladegerät"
"2881";"Ladegeräte";"21081";"Bleiakku-Refresher"
"2881";"Ladegeräte";"21069";"Brennstoffzelle"
"2881";"Ladegeräte";"21065";"Controller-Ladestation"
"2881";"Ladegeräte";"21092";"DualSense-Ladestation"
"2881";"Ladegeräte";"21089";"Elektroauto-Ladegerät"
"2881";"Ladegeräte";"21072";"Elektroroller-Ladegerät"
"2881";"Ladegeräte";"21066";"Entladegerät"
"2881";"Ladegeräte";"21080";"Induktions-Ladegerät"
"2881";"Ladegeräte";"21076";"Kamera-Ladegerät"
"2881";"Ladegeräte";"21067";"Konsolen-Ladestation"
"2881";"Ladegeräte";"21086";"Ladeschale"
"2881";"Ladegeräte";"21075";"Ladestation"
"2881";"Ladegeräte";"21068";"Laptop-Ladegerät"
"2881";"Ladegeräte";"21094";"Lautsprecher-Ladegerät"
"2881";"Ladegeräte";"21097";"Lautsprecher-Ladeschale"
"2881";"Ladegeräte";"21085";"Modellbau-Ladegerät"
"2881";"Ladegeräte";"21083";"Modellbau-Ladegerät modellspezifisch"
"2881";"Ladegeräte";"21073";"Navigations-Ladegerät"
"2881";"Ladegeräte";"21084";"Notebook-Ladegerät"
"2881";"Ladegeräte";"21071";"Rasierer-Ladestation"
"2881";"Ladegeräte";"21074";"RC-Ladegerät"
"2881";"Ladegeräte";"21064";"Rundzellen-Lader"
"2881";"Ladegeräte";"21082";"Schnelllade-Gerät"
"2881";"Ladegeräte";"21093";"Smartphone-Ladegerät"
"2881";"Ladegeräte";"21079";"Solarladegerät"
"2881";"Ladegeräte";"21070";"Solaruhr-Schnellladelampe"
"2881";"Ladegeräte";"21078";"thermoelektrische  Generatoren"
"2881";"Ladegeräte";"21087";"Universal-Ladegerät"
"2881";"Ladegeräte";"21090";"USB-Ladegerät"
"2881";"Ladegeräte";"21095";"Werkzeug-Akku-Ladetechnik"
"2881";"Ladegeräte";"21096";"Wireless Charger"
"2881";"Ladegeräte";"21091";"X-Link Lade-und Datenkabel"
"2882";"Laderaumschutzgitter";"21101";"Schutzgitter"
"2882";"Laderaumschutzgitter";"21100";"Tierabsperrgitter"
"2882";"Laderaumschutzgitter";"21103";"Tierabsperrtür"
"2882";"Laderaumschutzgitter";"21104";"Tiersicherheitsnetz"
"2882";"Laderaumschutzgitter";"21099";"Trenngitter"
"2882";"Laderaumschutzgitter";"21102";"Trennnetz"
"2883";"Laminatschneider";"21106";"Laminatschneider"
"2883";"Laminatschneider";"21105";"Vinylschneider"
"2884";"Laminierfolien";"21107";"Laminierfolie"
"2885";"Laminiergeräte";"21108";"Laminiergerät"
"2886";"Lampenfassungen";"21109";"Lampenfassung"
"2887";"Lampenfilter";"21110";"Lampenfilter"
"2888";"Lampenschirme";"21111";"Lampenschirm"
"2889";"Lanzetten";"21112";"Lanzetten"
"2890";"Laptopschlösser";"21113";"Laptopschloss"
"2891";"Lasermessgeräte";"21115";"Entfernungs- und Geschwindigkeitsmesser"
"2891";"Lasermessgeräte";"21117";"Entfernungsmesser"
"2891";"Lasermessgeräte";"21122";"Flächenmesser"
"2891";"Lasermessgeräte";"21114";"Geschwindigkeitsmesser"
"2891";"Lasermessgeräte";"21123";"Kreuzlinienlaser"
"2891";"Lasermessgeräte";"21116";"Laser-Empfänger"
"2891";"Lasermessgeräte";"21118";"Lasermessgerät"
"2891";"Lasermessgeräte";"21121";"Linienlaser"
"2891";"Lasermessgeräte";"21125";"Nivelliergerät"
"2891";"Lasermessgeräte";"21120";"Punkt- und Linienlaser"
"2891";"Lasermessgeräte";"21119";"Punktlaser"
"2891";"Lasermessgeräte";"21124";"Rotationslaser"
"2892";"Laserpointer";"21126";"Laserpointer"
"2892";"Laserpointer";"21127";"Teleskop-Laserpointer"
"2893";"Lasttraversen";"21138";"Balkentraverse"
"2893";"Lasttraversen";"21133";"Containertraverse"
"2893";"Lasttraversen";"21131";"Gitterboxtraverse"
"2893";"Lasttraversen";"21130";"Kreuztraverse"
"2893";"Lasttraversen";"21135";"Lamellenhaken-Traverse"
"2893";"Lasttraversen";"21134";"Quertraverse"
"2893";"Lasttraversen";"21132";"Rahmentraverse"
"2893";"Lasttraversen";"21137";"Spreiztraverse"
"2893";"Lasttraversen";"21128";"Staplertraverse"
"2893";"Lasttraversen";"21136";"Sterntraverse"
"2893";"Lasttraversen";"21129";"Wendetraverse"
"2894";"Lattenroste";"21143";"Lattenrost"
"2894";"Lattenroste";"21141";"Lattenrost mit Motor"
"2894";"Lattenroste";"21140";"Rollrost"
"2894";"Lattenroste";"21144";"Teiltellerlattenrost"
"2894";"Lattenroste";"21139";"Tellerlattenrost"
"2894";"Lattenroste";"21142";"Tellerlattenrost mit Motor"
"2937";"Lätzchen";"21696";"Lätzchen"
"2895";"Laubsauger";"21149";"Akku-Gebläse"
"2895";"Laubsauger";"21146";"Akku-Laubbläser"
"2895";"Laubsauger";"21152";"Akku-Laubsauger"
"2895";"Laubsauger";"21148";"Benzin-Laubbläser"
"2895";"Laubsauger";"21151";"Benzin-Laubsauger"
"2895";"Laubsauger";"21153";"Elektro-Gebläse"
"2895";"Laubsauger";"21145";"Elektro-Laubbläser"
"2895";"Laubsauger";"21147";"Elektro-Laubsauger"
"2895";"Laubsauger";"21150";"Laubsauger"
"2896";"Laufbänder";"21154";"Laufband"
"2897";"Lauflernhilfen";"21156";"Babywalker"
"2897";"Lauflernhilfen";"21158";"Kinderfahrzeug Lauflernhilfe"
"2897";"Lauflernhilfen";"21155";"Krabbelrolle"
"2897";"Lauflernhilfen";"21157";"Lauflernhilfe"
"2897";"Lauflernhilfen";"21159";"Lauflernwagen"
"2898";"Laufräder";"21160";"Laufrad"
"2899";"Laufställe";"21161";"Laufgitter"
"2899";"Laufställe";"21162";"Laufstall"
"2900";"Laufwerke";"21165";"Blu-ray-Brenner"
"2900";"Laufwerke";"21168";"Blu-ray-Laufwerk"
"2900";"Laufwerke";"21166";"CD-Brenner"
"2900";"Laufwerke";"21167";"Disc-Laufwerk"
"2900";"Laufwerke";"21163";"Diskettenlaufwerk"
"2900";"Laufwerke";"21164";"DVD-Brenner"
"2901";"Launch-Monitore";"21169";"Golf-Launch-Monitor"
"2938";"Läutewerke";"21701";"Funk-Türgong"
"2938";"Läutewerke";"21699";"Hausglocke"
"2938";"Läutewerke";"21698";"Läutewerk"
"2938";"Läutewerke";"21697";"Steckdosen-Türgong"
"2938";"Läutewerke";"21700";"Türgong"
"2902";"Lautsprecher";"21175";"2.1 Soundsystem"
"2902";"Lautsprecher";"21208";"3.1 Soundsystem"
"2902";"Lautsprecher";"21188";"5.1 Lautsprecher System"
"2902";"Lautsprecher";"21171";"5.1 Soundsystem"
"2902";"Lautsprecher";"21184";"7.1 Soundsystem"
"2902";"Lautsprecher";"21187";"Aufbaulautsprecher"
"2902";"Lautsprecher";"21181";"Außenlautsprecher"
"2902";"Lautsprecher";"21190";"Auto-Lautsprecher"
"2902";"Lautsprecher";"21177";"Auto-Subwoofer"
"2902";"Lautsprecher";"21202";"Bluetooth-Lautsprecher"
"2902";"Lautsprecher";"21174";"Bluetooth-Speaker"
"2902";"Lautsprecher";"21172";"Center-Lautsprecher"
"2902";"Lautsprecher";"21178";"Einbaulautsprecher"
"2902";"Lautsprecher";"21193";"Gaming-Lautsprecher"
"2902";"Lautsprecher";"21207";"Handy-Ersatz Lautsprecher"
"2902";"Lautsprecher";"21206";"Handy-Ersatz-Hörmuschel"
"2902";"Lautsprecher";"21192";"Home Speaker"
"2902";"Lautsprecher";"21205";"Karaoke-Maschine"
"2902";"Lautsprecher";"21176";"Konferenzlautsprecher"
"2902";"Lautsprecher";"21203";"Lautsprecher"
"2902";"Lautsprecher";"21198";"Lautsprechersystem"
"2902";"Lautsprecher";"21182";"Multiroom-Lautsprecher"
"2902";"Lautsprecher";"21204";"Party-Lautsprecher"
"2902";"Lautsprecher";"21196";"PC-Lautsprecher"
"2902";"Lautsprecher";"21183";"Pocket-Speaker"
"2902";"Lautsprecher";"21197";"Portable-Lautsprecher"
"2902";"Lautsprecher";"21194";"Regal-Lautsprecher"
"2902";"Lautsprecher";"21200";"Smart Speaker"
"2902";"Lautsprecher";"21201";"Soundbar"
"2902";"Lautsprecher";"21191";"Soundbase"
"2902";"Lautsprecher";"21180";"Soundboard"
"2902";"Lautsprecher";"21185";"Sounddeck"
"2902";"Lautsprecher";"21186";"Soundplate"
"2902";"Lautsprecher";"21179";"Sprachgesteuerter Lautsprecher"
"2902";"Lautsprecher";"21199";"Stand-Lautsprecher"
"2902";"Lautsprecher";"21195";"Subwoofer"
"2902";"Lautsprecher";"21189";"Surround-Lautsprecher"
"2902";"Lautsprecher";"21173";"Triaxial-Einbaulautsprecher"
"2902";"Lautsprecher";"21170";"Wireless Lautsprecher"
"2903";"Lebendköder";"21211";"Angelmaden"
"2903";"Lebendköder";"21215";"Bienenmaden"
"2903";"Lebendköder";"21212";"Castermaden"
"2903";"Lebendköder";"21209";"Futterwürmermix"
"2903";"Lebendköder";"21216";"Mehlwürmer"
"2903";"Lebendköder";"21214";"Pinkies"
"2903";"Lebendköder";"21213";"Rotwürmer"
"2903";"Lebendköder";"21210";"Tauwürmer"
"2903";"Lebendköder";"21217";"Wachsmaden"
"2904";"Lebensmittel";"21240";"Antipasti"
"2904";"Lebensmittel";"21272";"Aromapod"
"2904";"Lebensmittel";"21228";"Backdekoration"
"2904";"Lebensmittel";"21226";"Backmischung"
"2904";"Lebensmittel";"21241";"Backzutat"
"2904";"Lebensmittel";"21309";"Beikost"
"2904";"Lebensmittel";"21273";"Bier"
"2904";"Lebensmittel";"21274";"Biermischgetränk"
"2904";"Lebensmittel";"21244";"Brei"
"2904";"Lebensmittel";"21242";"Brot"
"2904";"Lebensmittel";"21243";"Brühe"
"2904";"Lebensmittel";"21297";"Calciumchlorid-Lösung"
"2904";"Lebensmittel";"21227";"Cerealien"
"2904";"Lebensmittel";"21275";"Champagner"
"2904";"Lebensmittel";"21277";"Cocktail"
"2904";"Lebensmittel";"21229";"Dessertpulver"
"2904";"Lebensmittel";"21230";"Dip"
"2904";"Lebensmittel";"21245";"Essig"
"2904";"Lebensmittel";"21247";"Fertiggericht"
"2904";"Lebensmittel";"21246";"Fischkonserve"
"2904";"Lebensmittel";"21299";"Fixprodukt"
"2904";"Lebensmittel";"21298";"Fleischkonserve"
"2904";"Lebensmittel";"21249";"Fond"
"2904";"Lebensmittel";"21248";"Fruchtaufstrich"
"2904";"Lebensmittel";"21231";"Fruchtpüree"
"2904";"Lebensmittel";"21279";"Fruchtsecco"
"2904";"Lebensmittel";"21280";"Fruchtwein"
"2904";"Lebensmittel";"21254";"Gemüsekonserve"
"2904";"Lebensmittel";"21276";"Getränke-Sirup"
"2904";"Lebensmittel";"21300";"Getränkepulver"
"2904";"Lebensmittel";"21278";"Getränkewürfel"
"2904";"Lebensmittel";"21232";"Getreide"
"2904";"Lebensmittel";"21250";"Gewürz"
"2904";"Lebensmittel";"21251";"Gewürzpaste"
"2904";"Lebensmittel";"21310";"Gewürzsalz"
"2904";"Lebensmittel";"21252";"Grillsauce"
"2904";"Lebensmittel";"21256";"Herzhafter Brotaufstrich"
"2904";"Lebensmittel";"21255";"Honig"
"2904";"Lebensmittel";"21221";"Hülsenfrüchte"
"2904";"Lebensmittel";"21253";"Instant-Gericht"
"2904";"Lebensmittel";"21283";"Kaffee"
"2904";"Lebensmittel";"21218";"Kaffeeersatz"
"2904";"Lebensmittel";"21301";"Kaffeegetränk"
"2904";"Lebensmittel";"21219";"Kakao"
"2904";"Lebensmittel";"21220";"Kartoffelprodukte"
"2904";"Lebensmittel";"21303";"Käse-Coating"
"2904";"Lebensmittel";"21304";"Käse-Holzasche"
"2904";"Lebensmittel";"21305";"Käse-Wachs"
"2904";"Lebensmittel";"21294";"Käselab"
"2904";"Lebensmittel";"21302";"Käsewachs"
"2904";"Lebensmittel";"21233";"Kekse"
"2904";"Lebensmittel";"21234";"Kerne"
"2904";"Lebensmittel";"21257";"Knabberei"
"2904";"Lebensmittel";"21258";"Kuchen"
"2904";"Lebensmittel";"21293";"Lebensmittel-Geschenkset"
"2904";"Lebensmittel";"21295";"Lebensmittelkulturen"
"2904";"Lebensmittel";"21222";"Mehl"
"2904";"Lebensmittel";"21281";"Milch"
"2904";"Lebensmittel";"21282";"Milchmischgetränk"
"2904";"Lebensmittel";"21235";"Milchpulver"
"2904";"Lebensmittel";"21284";"Mixgetränk"
"2904";"Lebensmittel";"21223";"Nudeln"
"2904";"Lebensmittel";"21262";"Nussaufstrich"
"2904";"Lebensmittel";"21236";"Nüsse"
"2904";"Lebensmittel";"21259";"Obstkonserve"
"2904";"Lebensmittel";"21265";"Pesto"
"2904";"Lebensmittel";"21306";"Pflanzenmilch"
"2904";"Lebensmittel";"21224";"Reis"
"2904";"Lebensmittel";"21267";"Riegel"
"2904";"Lebensmittel";"21285";"Saft"
"2904";"Lebensmittel";"21296";"Salz"
"2904";"Lebensmittel";"21266";"Samen"
"2904";"Lebensmittel";"21260";"Saucen"
"2904";"Lebensmittel";"21261";"Saucenbinder"
"2904";"Lebensmittel";"21263";"Schokoaufstrich"
"2904";"Lebensmittel";"21264";"Schokolade"
"2904";"Lebensmittel";"21287";"Sekt"
"2904";"Lebensmittel";"21286";"Shake"
"2904";"Lebensmittel";"21225";"Sirup"
"2904";"Lebensmittel";"21291";"Smoothie"
"2904";"Lebensmittel";"21288";"Softgetränk"
"2904";"Lebensmittel";"21268";"Speisefett"
"2904";"Lebensmittel";"21269";"Speiseöl"
"2904";"Lebensmittel";"21307";"Spirituose"
"2904";"Lebensmittel";"21270";"Süßigkeit"
"2904";"Lebensmittel";"21237";"Süßungsmittel"
"2904";"Lebensmittel";"21292";"Tee"
"2904";"Lebensmittel";"21289";"Trinkwasser"
"2904";"Lebensmittel";"21239";"Trockenfrüchte"
"2904";"Lebensmittel";"21290";"Wein"
"2904";"Lebensmittel";"21271";"Wurstkonserve"
"2904";"Lebensmittel";"21238";"Zucker"
"2904";"Lebensmittel";"21308";"Zutaten-Set"
"2905";"Lebensmittelaufbewahrungsbehälter";"21333";"Aufbewahrungsbecher"
"2905";"Lebensmittelaufbewahrungsbehälter";"21346";"Aufbewahrungsschüssel"
"2905";"Lebensmittelaufbewahrungsbehälter";"21339";"Aufbewahrungssystem"
"2905";"Lebensmittelaufbewahrungsbehälter";"21342";"Auffangbehälter"
"2905";"Lebensmittelaufbewahrungsbehälter";"21337";"Brotkasten"
"2905";"Lebensmittelaufbewahrungsbehälter";"21336";"Brotkorb"
"2905";"Lebensmittelaufbewahrungsbehälter";"21340";"Brottasche"
"2905";"Lebensmittelaufbewahrungsbehälter";"21329";"Butterdose"
"2905";"Lebensmittelaufbewahrungsbehälter";"21314";"Eierkorb"
"2905";"Lebensmittelaufbewahrungsbehälter";"21335";"Einmachglas"
"2905";"Lebensmittelaufbewahrungsbehälter";"21341";"Eiswürfelbehälter"
"2905";"Lebensmittelaufbewahrungsbehälter";"21347";"Elektrische Lunchbox"
"2905";"Lebensmittelaufbewahrungsbehälter";"21321";"Fermentationsglas"
"2905";"Lebensmittelaufbewahrungsbehälter";"21332";"Frischhaltedose"
"2905";"Lebensmittelaufbewahrungsbehälter";"21327";"Futterbehälter"
"2905";"Lebensmittelaufbewahrungsbehälter";"21316";"Gemüsebeutel"
"2905";"Lebensmittelaufbewahrungsbehälter";"21319";"Gewürzbehälter"
"2905";"Lebensmittelaufbewahrungsbehälter";"21343";"Honigglas"
"2905";"Lebensmittelaufbewahrungsbehälter";"21344";"Joghurtgläser"
"2905";"Lebensmittelaufbewahrungsbehälter";"21328";"Kaffeedose"
"2905";"Lebensmittelaufbewahrungsbehälter";"21349";"Käse-Reifebox"
"2905";"Lebensmittelaufbewahrungsbehälter";"21317";"Keksdose"
"2905";"Lebensmittelaufbewahrungsbehälter";"21320";"Kuchentransportbox"
"2905";"Lebensmittelaufbewahrungsbehälter";"21345";"Lunchbox"
"2905";"Lebensmittelaufbewahrungsbehälter";"21348";"Marmeladenglas"
"2905";"Lebensmittelaufbewahrungsbehälter";"21330";"Mehrwegbecher"
"2905";"Lebensmittelaufbewahrungsbehälter";"21334";"Mikrowellenbehälter"
"2905";"Lebensmittelaufbewahrungsbehälter";"21324";"Müslibox"
"2905";"Lebensmittelaufbewahrungsbehälter";"21338";"Müslispender"
"2905";"Lebensmittelaufbewahrungsbehälter";"21311";"Salatbox"
"2905";"Lebensmittelaufbewahrungsbehälter";"21326";"Salzbehälter"
"2905";"Lebensmittelaufbewahrungsbehälter";"21312";"Servierständer"
"2905";"Lebensmittelaufbewahrungsbehälter";"21322";"Teebox"
"2905";"Lebensmittelaufbewahrungsbehälter";"21331";"Teedose"
"2905";"Lebensmittelaufbewahrungsbehälter";"21313";"Thermobehälter"
"2905";"Lebensmittelaufbewahrungsbehälter";"21323";"Vakuumbehälter"
"2905";"Lebensmittelaufbewahrungsbehälter";"21325";"Vorratsdose"
"2905";"Lebensmittelaufbewahrungsbehälter";"21318";"Vorratsglas"
"2905";"Lebensmittelaufbewahrungsbehälter";"21315";"Zuckerdose"
"2906";"Lebensmittelpinsel";"21351";"Backpinsel"
"2906";"Lebensmittelpinsel";"21352";"Lebensmittelpinsel"
"2906";"Lebensmittelpinsel";"21350";"Marinadenpinsel"
"2907";"Leinen";"21381";"Anbinde- / Führstrick"
"2907";"Leinen";"21363";"Anbindestrick"
"2907";"Leinen";"21365";"Ausbinder"
"2907";"Leinen";"21361";"Dreieckszügel"
"2907";"Leinen";"21384";"Fahrradleine"
"2907";"Leinen";"21380";"Flexileine"
"2907";"Leinen";"21386";"Führleine"
"2907";"Leinen";"21370";"Führstrick"
"2907";"Leinen";"21371";"Gurtzügel"
"2907";"Leinen";"21372";"Hands-free-Leinen"
"2907";"Leinen";"21383";"Hilfszügel"
"2907";"Leinen";"21354";"Hofleine"
"2907";"Leinen";"21385";"Hundeleine"
"2907";"Leinen";"21353";"Jagdleine"
"2907";"Leinen";"21368";"Joggingleine"
"2907";"Leinen";"21359";"Kite-Leash"
"2907";"Leinen";"21369";"Kiteleine"
"2907";"Leinen";"21366";"Köhlerzügel"
"2907";"Leinen";"21357";"Kurzführer"
"2907";"Leinen";"21374";"Laufferzügel"
"2907";"Leinen";"21373";"Leine"
"2907";"Leinen";"21382";"Martingal"
"2907";"Leinen";"21376";"Moxonleine"
"2907";"Leinen";"21360";"Rollleine"
"2907";"Leinen";"21367";"Schlaufenzügel"
"2907";"Leinen";"21377";"Schleppleine"
"2907";"Leinen";"21378";"Schlittenleine"
"2907";"Leinen";"21387";"Startschot"
"2907";"Leinen";"21358";"Strick"
"2907";"Leinen";"21364";"SUP-Leash"
"2907";"Leinen";"21362";"Trapeztampen"
"2907";"Leinen";"21356";"Vorderzeug"
"2907";"Leinen";"21379";"Westernzügel"
"2907";"Leinen";"21355";"Wienerzügel"
"2907";"Leinen";"21375";"Zügel"
"2908";"Leitern";"21391";"Anlegeleiter"
"2908";"Leitern";"21403";"Arbeitsplattform"
"2908";"Leitern";"21399";"Bockleiter"
"2908";"Leitern";"21404";"Dachleiter"
"2908";"Leitern";"21397";"Doppelleiter"
"2908";"Leitern";"21400";"Gelenkleiter"
"2908";"Leitern";"21396";"Klapptritt"
"2908";"Leitern";"21398";"Pool-Sicherheitsleiter"
"2908";"Leitern";"21393";"Poolleiter"
"2908";"Leitern";"21394";"Regalleiter"
"2908";"Leitern";"21390";"Schiebeleiter"
"2908";"Leitern";"21392";"Stehleiter"
"2908";"Leitern";"21388";"Strickleiter"
"2908";"Leitern";"21389";"Teleskopleiter"
"2908";"Leitern";"21401";"Trampolinleiter"
"2908";"Leitern";"21402";"Trittleiter"
"2908";"Leitern";"21395";"Vielzweckleiter"
"2909";"Leitungssuchgeräte";"21405";"Leitungsortungsgerät"
"2910";"Lenkergriffe";"21406";"Fahrradlenkergriff"
"2911";"Lenkervorbauten";"21407";"Lenkervorbau"
"2912";"Lenkradbezüge";"21408";"Lenkradbezug"
"2913";"Lernspielzeug";"21410";"Lernspielzeug"
"2913";"Lernspielzeug";"21411";"Musikmatte"
"2913";"Lernspielzeug";"21409";"Stoffbuch"
"2913";"Lernspielzeug";"21412";"Wasserspielmatte"
"2914";"Lesezeichen";"21413";"Lesezeichen"
"2915";"Leuchten";"21540";"Anhänger-Rückleuchte"
"2915";"Leuchten";"21562";"Arbeitsleuchte"
"2915";"Leuchten";"21446";"Arbeitslicht"
"2915";"Leuchten";"21415";"Aufbauleuchte"
"2915";"Leuchten";"21417";"Außen-Deckenleuchte"
"2915";"Leuchten";"21471";"Außen-Stehlampe"
"2915";"Leuchten";"21414";"Außen-Tischleuchte"
"2915";"Leuchten";"21510";"Außen-Wandleuchte"
"2915";"Leuchten";"21462";"Baustrahler"
"2915";"Leuchten";"21555";"Bettleuchte"
"2915";"Leuchten";"21475";"Bilderleuchte"
"2915";"Leuchten";"21504";"Blinker"
"2915";"Leuchten";"21522";"Bogenlampe"
"2915";"Leuchten";"21449";"Bogenlampen"
"2915";"Leuchten";"21461";"Bremslicht"
"2915";"Leuchten";"21459";"Dachrinnenleuchte"
"2915";"Leuchten";"21552";"Dachrinnenleuchten"
"2915";"Leuchten";"21568";"Dartscheiben-Beleuchtung"
"2915";"Leuchten";"21526";"Deckenfluter"
"2915";"Leuchten";"21477";"Deckenleuchte"
"2915";"Leuchten";"21444";"Deckenleuchten"
"2915";"Leuchten";"21487";"Deckenspot"
"2915";"Leuchten";"21518";"Deckenspots"
"2915";"Leuchten";"21486";"Deckenstrahler"
"2915";"Leuchten";"21439";"Dekolicht"
"2915";"Leuchten";"21495";"Discolicht"
"2915";"Leuchten";"21556";"Einbauleuchte"
"2915";"Leuchten";"21481";"Fensterleuchter"
"2915";"Leuchten";"21559";"Flutlichtstrahler"
"2915";"Leuchten";"21563";"Fotostudio-Box"
"2915";"Leuchten";"21534";"Gartenfackel"
"2915";"Leuchten";"21454";"Gartenleuchte"
"2915";"Leuchten";"21490";"Gartenstrahler"
"2915";"Leuchten";"21536";"Grilllampe"
"2915";"Leuchten";"21497";"Hängeleuchte"
"2915";"Leuchten";"21442";"Hängeleuchten"
"2915";"Leuchten";"21450";"Hundehalsbandleuchte"
"2915";"Leuchten";"21546";"Klemmleuchte"
"2915";"Leuchten";"21558";"Klemmleuchten"
"2915";"Leuchten";"21505";"Kronleuchter"
"2915";"Leuchten";"21507";"Kugelleuchte"
"2915";"Leuchten";"21503";"Lampion"
"2915";"Leuchten";"21515";"Laserstrahler"
"2915";"Leuchten";"21428";"Lavalampe"
"2915";"Leuchten";"21553";"Lavalampen"
"2915";"Leuchten";"21436";"LED Aquariumleuchte"
"2915";"Leuchten";"21451";"LED Arbeitsleuchte"
"2915";"Leuchten";"21499";"LED Arbeitslicht"
"2915";"Leuchten";"21416";"LED Aufbaustrahler"
"2915";"Leuchten";"21465";"LED Außen-Deckenleuchte"
"2915";"Leuchten";"21527";"LED Außen-Stehlampe"
"2915";"Leuchten";"21473";"LED Außen-Tischleuchte"
"2915";"Leuchten";"21464";"LED Außen-Wandleuchte"
"2915";"Leuchten";"21433";"LED Baum"
"2915";"Leuchten";"21513";"LED Baustrahler"
"2915";"Leuchten";"21448";"LED Bilderleuchte"
"2915";"Leuchten";"21458";"LED Bogenlampe"
"2915";"Leuchten";"21463";"LED Dachrinnenleuchte"
"2915";"Leuchten";"21509";"LED Deckenfluter"
"2915";"Leuchten";"21438";"LED Deckenleuchte"
"2915";"Leuchten";"21460";"LED Deckenspot"
"2915";"Leuchten";"21489";"LED Deckenspots"
"2915";"Leuchten";"21441";"LED Deckenstrahler"
"2915";"Leuchten";"21423";"LED Dekofigur"
"2915";"Leuchten";"21424";"LED Dekolicht"
"2915";"Leuchten";"21432";"LED Dekoobjekt"
"2915";"Leuchten";"21430";"LED Discolicht"
"2915";"Leuchten";"21492";"LED Einbauleuchte"
"2915";"Leuchten";"21426";"LED Einbaustrahler"
"2915";"Leuchten";"21543";"LED Fensterbild"
"2915";"Leuchten";"21443";"LED Fensterleuchter"
"2915";"Leuchten";"21467";"LED Flutlichtstrahler"
"2915";"Leuchten";"21468";"LED Gartenfackel"
"2915";"Leuchten";"21533";"LED Gartenleuchte"
"2915";"Leuchten";"21456";"LED Gartenstrahler"
"2915";"Leuchten";"21457";"LED Glaskantenbeleuchtung"
"2915";"Leuchten";"21521";"LED Hockerleuchte"
"2915";"Leuchten";"21557";"LED Klemmleuchte"
"2915";"Leuchten";"21472";"LED Klemmtischleuchte"
"2915";"Leuchten";"21480";"LED Kronleuchter"
"2915";"Leuchten";"21548";"LED Kugelleuchte"
"2915";"Leuchten";"21419";"LED Lampion"
"2915";"Leuchten";"21437";"LED Laterne"
"2915";"Leuchten";"21455";"LED Lavalampe"
"2915";"Leuchten";"21530";"LED Leselampe"
"2915";"Leuchten";"21554";"LED Lichtbox"
"2915";"Leuchten";"21539";"LED Lichtleiste"
"2915";"Leuchten";"21420";"LED Motivstrahler"
"2915";"Leuchten";"21421";"LED Nachtlicht"
"2915";"Leuchten";"21474";"LED Nachttischlampe"
"2915";"Leuchten";"21479";"LED Panel"
"2915";"Leuchten";"21531";"LED Pendelleuchte"
"2915";"Leuchten";"21551";"LED Pollerleuchte"
"2915";"Leuchten";"21440";"LED Positionslicht"
"2915";"Leuchten";"21523";"LED Rasterleuchte"
"2915";"Leuchten";"21532";"LED Rückwandbeleuchtung"
"2915";"Leuchten";"21560";"LED Scheinwerfer"
"2915";"Leuchten";"21512";"LED Schrankinnenraumbeleuchtung"
"2915";"Leuchten";"21429";"LED Schreibtischlampe"
"2915";"Leuchten";"21511";"LED Sockelleuchte"
"2915";"Leuchten";"21494";"LED Solarleuchte"
"2915";"Leuchten";"21501";"LED Spiegelleuchte"
"2915";"Leuchten";"21528";"LED Steckdosenleuchte"
"2915";"Leuchten";"21425";"LED Stehlampe"
"2915";"Leuchten";"21453";"LED Stern"
"2915";"Leuchten";"21431";"LED Teichleuchte"
"2915";"Leuchten";"21470";"LED Tischleuchte"
"2915";"Leuchten";"21561";"LED Unterbauleuchte"
"2915";"Leuchten";"21434";"LED Wandleuchte"
"2915";"Leuchten";"21469";"LED Wandstrahler"
"2915";"Leuchten";"21508";"LED Whirlpoolleuchte"
"2915";"Leuchten";"21496";"LED Windlicht"
"2915";"Leuchten";"21525";"LED Würfel"
"2915";"Leuchten";"21427";"LED-Hängeleuchte"
"2915";"Leuchten";"21517";"LED-Stern für außen"
"2915";"Leuchten";"21549";"LED-Sternenhimmel"
"2915";"Leuchten";"21564";"LED-Teelichter"
"2915";"Leuchten";"21478";"Lichtbox"
"2915";"Leuchten";"21538";"Lichtleiste"
"2915";"Leuchten";"21483";"Lupenlampe"
"2915";"Leuchten";"21516";"Motivstrahler"
"2915";"Leuchten";"21500";"Nachtlicht"
"2915";"Leuchten";"21422";"Nachttischlampe"
"2915";"Leuchten";"21535";"Panel"
"2915";"Leuchten";"21529";"Pendelleuchte"
"2915";"Leuchten";"21541";"Pflanzenlampe"
"2915";"Leuchten";"21445";"Pollerleuchte"
"2915";"Leuchten";"21537";"Pool-Lampe"
"2915";"Leuchten";"21506";"Projektionslampe"
"2915";"Leuchten";"21485";"Rasterleuchte"
"2915";"Leuchten";"21547";"Rückleuchte"
"2915";"Leuchten";"21482";"Rundumleuchte"
"2915";"Leuchten";"21488";"Salzkristall-Tischlampe"
"2915";"Leuchten";"21476";"Saunaleuchte"
"2915";"Leuchten";"21566";"Schienensystem-Leuchten"
"2915";"Leuchten";"21565";"Schienensystem-Sets"
"2915";"Leuchten";"21542";"Schrankleuchte"
"2915";"Leuchten";"21484";"Schreibtischlampe"
"2915";"Leuchten";"21491";"Smarte LED-Leuchte"
"2915";"Leuchten";"21520";"Sockelleuchte"
"2915";"Leuchten";"21498";"Sockelleuchten"
"2915";"Leuchten";"21567";"Soundleuchte"
"2915";"Leuchten";"21502";"Spiegelleuchte"
"2915";"Leuchten";"21493";"Steckdosenleuchte"
"2915";"Leuchten";"21466";"Steh-Tageslichtlampe"
"2915";"Leuchten";"21418";"Stehlampe"
"2915";"Leuchten";"21514";"Tageslichtlampe"
"2915";"Leuchten";"21447";"Teichleuchte"
"2915";"Leuchten";"21524";"Terrarienleuchte"
"2915";"Leuchten";"21545";"Tisch-Tageslichtlampe"
"2915";"Leuchten";"21452";"Tischleuchte"
"2915";"Leuchten";"21435";"Unterschrankleuchte"
"2915";"Leuchten";"21519";"UV-Reflektorlampe"
"2915";"Leuchten";"21544";"Wandleuchte"
"2915";"Leuchten";"21550";"Wandstrahler"
"2916";"Leuchtmittel";"21571";"Ersatzlampenbox"
"2916";"Leuchtmittel";"21574";"Halogenlampe"
"2916";"Leuchtmittel";"21576";"KFZ-Ersatzleuchte"
"2916";"Leuchtmittel";"21575";"LED-Filament"
"2916";"Leuchtmittel";"21573";"LED-Leuchtmittel"
"2916";"Leuchtmittel";"21569";"LED-Lichtsystem"
"2916";"Leuchtmittel";"21572";"Spezialleuchtmittel"
"2916";"Leuchtmittel";"21570";"Vollspektrum LED Wachstumslampe"
"2917";"Lichtanlagen";"21577";"Flächenleuchte"
"2917";"Lichtanlagen";"21581";"Lichtanlage"
"2917";"Lichtanlagen";"21579";"Lichtwürfel"
"2917";"Lichtanlagen";"21578";"Ringlicht"
"2917";"Lichtanlagen";"21582";"Studioleuchte"
"2917";"Lichtanlagen";"21580";"Videoleuchte"
"2918";"Lichterketten";"21598";"Christbaumkerzen"
"2918";"Lichterketten";"21597";"LED Stripe"
"2918";"Lichterketten";"21586";"LED-Baummantel"
"2918";"Lichterketten";"21596";"LED-Christbaumkerzen"
"2918";"Lichterketten";"21588";"LED-Flexbandbeleuchtung"
"2918";"Lichterketten";"21589";"LED-Girlande"
"2918";"Lichterketten";"21587";"LED-Leuchtzweig"
"2918";"Lichterketten";"21584";"LED-Lichterkette"
"2918";"Lichterketten";"21594";"LED-Lichternetz"
"2918";"Lichterketten";"21593";"LED-Lichterschlauch"
"2918";"Lichterketten";"21601";"LED-Lichtervorhang"
"2918";"Lichterketten";"21591";"LED-Streifen"
"2918";"Lichterketten";"21583";"LED-Stripe-Profil"
"2918";"Lichterketten";"21585";"Leuchtzweig"
"2918";"Lichterketten";"21590";"Lichterkette"
"2918";"Lichterketten";"21592";"Lichternetz"
"2918";"Lichterketten";"21600";"Lichterschlauch"
"2918";"Lichterketten";"21595";"Lichtervorhang"
"2918";"Lichterketten";"21599";"Systemlichterkette"
"2919";"Lichtformer";"21606";"Abschirmklappe"
"2919";"Lichtformer";"21602";"Beauty-Dish"
"2919";"Lichtformer";"21607";"Durchlichtschirm"
"2919";"Lichtformer";"21604";"Reflexschirm"
"2919";"Lichtformer";"21605";"Softbox"
"2919";"Lichtformer";"21603";"Spotvorsatz"
"2919";"Lichtformer";"21608";"Wabe"
"2920";"Lichttherapiegeräte";"21614";"LED Hals & Dekolleté-Maske"
"2920";"Lichttherapiegeräte";"21615";"LED-Augenmaske"
"2920";"Lichttherapiegeräte";"21610";"LED-Gesichtsmaske"
"2920";"Lichttherapiegeräte";"21616";"LED-Halsmaske"
"2920";"Lichttherapiegeräte";"21617";"LED-Handmaske"
"2920";"Lichttherapiegeräte";"21611";"LED-Lichttherapie-Bogen"
"2920";"Lichttherapiegeräte";"21612";"LED-Lichttherapie-Panel"
"2920";"Lichttherapiegeräte";"21613";"LED-Lippenmaske"
"2920";"Lichttherapiegeräte";"21609";"Lichttherapiegerät"
"2921";"Liegestützgriffe";"21619";"Handstandtrainer"
"2921";"Liegestützgriffe";"21620";"Liegestützbrett"
"2921";"Liegestützgriffe";"21618";"Liegestützgriffe"
"2922";"Lineale";"21621";"Geodreieck"
"2922";"Lineale";"21622";"Lineal"
"2922";"Lineale";"21623";"Schneidelineal"
"2922";"Lineale";"21624";"Zeichenlineal"
"2923";"Linsenreiniger";"21626";"Linsenreiniger"
"2923";"Linsenreiniger";"21629";"Objektivpinsel"
"2923";"Linsenreiniger";"21628";"Reinigungspinsel"
"2923";"Linsenreiniger";"21625";"Reinigungsstäbchen"
"2923";"Linsenreiniger";"21627";"Reinigungsstift"
"2924";"Lippen-Kosmetika";"21639";"Lip-Booster"
"2924";"Lippen-Kosmetika";"21645";"Lip-Plumper"
"2924";"Lippen-Kosmetika";"21643";"Lipgloss"
"2924";"Lippen-Kosmetika";"21638";"Lipgloss-Set"
"2924";"Lippen-Kosmetika";"21635";"Lipliner"
"2924";"Lippen-Kosmetika";"21648";"Lippen-Primer"
"2924";"Lippen-Kosmetika";"21637";"Lippenbalsam"
"2924";"Lippen-Kosmetika";"21641";"Lippencreme"
"2924";"Lippen-Kosmetika";"21646";"Lippenfixierung"
"2924";"Lippen-Kosmetika";"21632";"Lippenmaske"
"2924";"Lippen-Kosmetika";"21642";"Lippenmousse"
"2924";"Lippen-Kosmetika";"21630";"Lippenöl"
"2924";"Lippen-Kosmetika";"21631";"Lippenpalette"
"2924";"Lippen-Kosmetika";"21647";"Lippenpflege-Set"
"2924";"Lippen-Kosmetika";"21633";"Lippenpflegemittel"
"2924";"Lippen-Kosmetika";"21636";"Lippenpflegestift"
"2924";"Lippen-Kosmetika";"21644";"Lippenpuder"
"2924";"Lippen-Kosmetika";"21640";"Lippenstift"
"2924";"Lippen-Kosmetika";"21634";"Lippenstift-Set"
"2880";"LNBs";"21058";"Monoblock-LNB"
"2880";"LNBs";"21061";"Universal-Octo-LNB"
"2880";"LNBs";"21057";"Universal-Quad-LNB"
"2880";"LNBs";"21062";"Universal-Quattro-LNB"
"2880";"LNBs";"21060";"Universal-Single-LNB"
"2880";"LNBs";"21059";"Universal-Twin-LNB"
"2925";"Lochsägen";"21654";"Bohrkrone"
"2925";"Lochsägen";"21651";"Diamanttrockenbohrer"
"2925";"Lochsägen";"21650";"Dosensenker"
"2925";"Lochsägen";"21652";"Hohlbohrkrone"
"2925";"Lochsägen";"21653";"Kernbohrer"
"2925";"Lochsägen";"21649";"Lochsäge"
"2926";"Lochwände";"21655";"Lochwand"
"2927";"Lockenstäbe";"21661";"Dampflockenstab"
"2927";"Lockenstäbe";"21657";"Haarstyler"
"2927";"Lockenstäbe";"21660";"Lockendreher"
"2927";"Lockenstäbe";"21656";"Lockenstab"
"2927";"Lockenstäbe";"21658";"Lockenstyler"
"2927";"Lockenstäbe";"21659";"Volumen- und Lockenstyler"
"2928";"Lockenwickler";"21663";"Lockenwickler"
"2928";"Lockenwickler";"21662";"Papilotten"
"2929";"Lockinstrumente";"21664";"Wallerholz"
"2939";"Löschdecken";"21702";"Löschdecke"
"2940";"Lötgeräte";"21704";"Lötkolben"
"2940";"Lötgeräte";"21705";"Lötlampe"
"2940";"Lötgeräte";"21703";"Lötpistole"
"2930";"Luftbefeuchter";"21666";"Diffuser"
"2930";"Luftbefeuchter";"21665";"Luftbefeuchter"
"2931";"Luftbetten";"21668";"Luftbett"
"2931";"Luftbetten";"21667";"Luftsessel"
"2931";"Luftbetten";"21669";"Luftsofa"
"2932";"Luftdruckmessgeräte";"21671";"Luftdruckmessgerät"
"2932";"Luftdruckmessgeräte";"21670";"Reifendruckkontrollsystem"
"2932";"Luftdruckmessgeräte";"21672";"Reifenfüllmessgerät"
"2933";"Luftentfeuchter";"21673";"Bautrockner"
"2933";"Luftentfeuchter";"21675";"Granulat-Luftentfeuchter"
"2933";"Luftentfeuchter";"21674";"Luftentfeuchter"
"2934";"Luftmatratzen";"21677";"Badeinsel"
"2934";"Luftmatratzen";"21676";"Luftmatratze"
"2935";"Luftreiniger";"21680";"Elektrostatik-Luftreiniger"
"2935";"Luftreiniger";"21679";"Kombigerät Luftbefeuchter und -reiniger"
"2935";"Luftreiniger";"21682";"Kombigerät Luftreiniger, Ventilator und Heizlüfter"
"2935";"Luftreiniger";"21678";"Luftfilter"
"2935";"Luftreiniger";"21681";"Luftreiniger"
"2935";"Luftreiniger";"21683";"Luftwäscher"
"2941";"Lüftungsklappen";"21707";"Fensterfalzlüfter"
"2941";"Lüftungsklappen";"21706";"Lüftungsschieber"
"2936";"Lupen";"21688";"Becherlupe"
"2936";"Lupen";"21689";"Blattlupe"
"2936";"Lupen";"21686";"Einschlaglupe"
"2936";"Lupen";"21692";"Handlupe"
"2936";"Lupen";"21693";"Kopfbandlupe"
"2936";"Lupen";"21695";"Lesestab"
"2936";"Lupen";"21685";"Lesestein"
"2936";"Lupen";"21694";"Leuchtlupe"
"2936";"Lupen";"21690";"Lupenbrille"
"2936";"Lupen";"21684";"Standlupe"
"2936";"Lupen";"21691";"Taschenlupe"
"2936";"Lupen";"21687";"Umhängelupe"
"2943";"Magazinaufsätze";"21716";"Magazinaufsatz"
"2943";"Magazinaufsätze";"21717";"Magazinvorsatz"
"2944";"Magnete";"21721";"Begrenzungsmagnetband"
"2944";"Magnete";"21719";"Magnet"
"2944";"Magnete";"21720";"Magnetfeldgenerator"
"2944";"Magnete";"21718";"Magnethalter"
"3027";"Mähroboterstationen";"22289";"Mähroboter-Garage"
"2945";"Mainboards";"21722";"Mainboard"
"2946";"Malbecher";"21723";"Malbecher"
"2947";"Malpaletten";"21724";"Malpalette"
"2948";"Malvorlagen";"21726";"Malen nach Zahlen"
"2948";"Malvorlagen";"21725";"Malvorlage"
"2949";"Manschettenknöpfe";"21727";"Hemdknöpfe"
"2949";"Manschettenknöpfe";"21729";"Manschettenknöpfe"
"2949";"Manschettenknöpfe";"21730";"Manschettenknöpfe mit Gravur"
"2949";"Manschettenknöpfe";"21728";"Manschettenknöpfe Set"
"3028";"Mäntel";"22299";"3-in-1-Funktionsmantel"
"3028";"Mäntel";"22312";"Arztkittel"
"3028";"Mäntel";"22293";"Caban"
"3028";"Mäntel";"22291";"Daunenmantel"
"3028";"Mäntel";"22290";"Dufflecoat"
"3028";"Mäntel";"22295";"Fellimitatmantel"
"3028";"Mäntel";"22306";"Funktionsmantel"
"3028";"Mäntel";"22307";"Jerseymantel"
"3028";"Mäntel";"22305";"Kurzmantel"
"3028";"Mäntel";"22298";"Langmantel"
"3028";"Mäntel";"22294";"Lederimitatmantel"
"3028";"Mäntel";"22302";"Ledermantel"
"3028";"Mäntel";"22308";"Neoprenmantel"
"3028";"Mäntel";"22309";"Regenmantel"
"3028";"Mäntel";"22311";"Reitmantel"
"3028";"Mäntel";"22310";"Softshellmantel"
"3028";"Mäntel";"22296";"Steppmantel"
"3028";"Mäntel";"22304";"Strickmantel"
"3028";"Mäntel";"22301";"Trenchcoat"
"3028";"Mäntel";"22292";"Umstandsmantel"
"3028";"Mäntel";"22297";"Wintermantel"
"3028";"Mäntel";"22303";"Wirkmantel"
"3028";"Mäntel";"22300";"Wollmantel"
"2950";"Markierwagen";"21731";"Markierwagen"
"2951";"Markisen";"21740";"Balkonsichtschutz"
"2951";"Markisen";"21735";"Gelenkarmmarkise"
"2951";"Markisen";"21737";"Halbkassettenmarkise"
"2951";"Markisen";"21743";"Hitzeschutz-Markise"
"2951";"Markisen";"21734";"Kassettenmarkise"
"2951";"Markisen";"21732";"Klemm-Senkrechtmarkise"
"2951";"Markisen";"21741";"Klemmmarkise"
"2951";"Markisen";"21739";"Markise"
"2951";"Markisen";"21736";"Seitenarmmarkise"
"2951";"Markisen";"21733";"Seitenmarkise"
"2951";"Markisen";"21738";"Senkrechtmarkise"
"2951";"Markisen";"21742";"Sichtschutzfächer"
"2951";"Markisen";"21744";"Standmarkise"
"2952";"Markisenschutzdächer";"21745";"Schutzdach"
"2953";"Maschinen-Führungen";"21748";"Bohrlehre"
"2953";"Maschinen-Führungen";"21749";"Maschinen-Führungsschiene"
"2953";"Maschinen-Führungen";"21747";"Maschinen-Führungsschienen"
"2953";"Maschinen-Führungen";"21746";"Sägestation"
"2954";"Maschinenöle";"21754";"Bremsflüssigkeit"
"2954";"Maschinenöle";"21752";"Getriebeöl"
"2954";"Maschinenöle";"21750";"Hydrauliköl"
"2954";"Maschinenöle";"21751";"Kettensägenöl"
"2954";"Maschinenöle";"21753";"Motoröl"
"2955";"Massagegeräte";"21778";"Beruhigungs- und Entspannungsgerät"
"2955";"Massagegeräte";"21781";"Faszienrolle"
"2955";"Massagegeräte";"21756";"Fußmassagegerät"
"2955";"Massagegeräte";"21779";"Fußreflexzonen-Massagematte"
"2955";"Massagegeräte";"21782";"Gesichtsmassagegerät"
"2955";"Massagegeräte";"21765";"Luftsprudelbad"
"2955";"Massagegeräte";"21783";"Lymphdrainage-Gerät"
"2955";"Massagegeräte";"21758";"Massageball"
"2955";"Massagegeräte";"21768";"Massagegerät"
"2955";"Massagegeräte";"21766";"Massagekissen"
"2955";"Massagegeräte";"21767";"Massagematte"
"2955";"Massagegeräte";"21757";"Massagepistole"
"2955";"Massagegeräte";"21759";"Massageroller"
"2955";"Massagegeräte";"21774";"Massagesitzauflage"
"2955";"Massagegeräte";"21776";"Massagestein"
"2955";"Massagegeräte";"21773";"Mini-Saugglocke"
"2955";"Massagegeräte";"21761";"Nacken-Massagegerät"
"2955";"Massagegeräte";"21770";"Nacken-Massagekissen"
"2955";"Massagegeräte";"21762";"Saugglocke mit Massagerollen"
"2955";"Massagegeräte";"21772";"Schmerztherapiegerät"
"2955";"Massagegeräte";"21755";"Shiatsu-Akupressurgerät"
"2955";"Massagegeräte";"21777";"Shiatsu-Fußmassagegerät"
"2955";"Massagegeräte";"21775";"Shiatsu-Massagegerät"
"2955";"Massagegeräte";"21760";"Shiatsu-Massagegürtel"
"2955";"Massagegeräte";"21771";"Shiatsu-Massagekissen"
"2955";"Massagegeräte";"21769";"Shiatsu-Massagesitzauflage"
"2955";"Massagegeräte";"21763";"Vakuum-Massager"
"2955";"Massagegeräte";"21764";"Venentrainer"
"2955";"Massagegeräte";"21780";"Vibrations-Faszienrolle"
"2964";"Maßbänder";"21902";"Fußmessgerät"
"2964";"Maßbänder";"21901";"Körpermaßband"
"2964";"Maßbänder";"21900";"Maßband"
"2964";"Maßbänder";"21897";"Rollbandmaß"
"2964";"Maßbänder";"21899";"Schlagschnur"
"2964";"Maßbänder";"21898";"Zollstock"
"2956";"Masten";"21790";"Fahnenmast"
"2956";"Masten";"21789";"RDM Windsurf Mast"
"2956";"Masten";"21786";"SDM Windsurf Mast"
"2956";"Masten";"21787";"Segelboot Mast"
"2956";"Masten";"21784";"Sonnensegelmast"
"2956";"Masten";"21785";"Teleskopmast"
"2956";"Masten";"21788";"Windsurf Mastverlängerung"
"2957";"Matratzen";"21804";"Babymatratze"
"2957";"Matratzen";"21800";"Beistellbett-Matratzen"
"2957";"Matratzen";"21803";"Bonnellfederkernmatratze"
"2957";"Matratzen";"21797";"Boxspringmatratze"
"2957";"Matratzen";"21795";"Federkernmatratze"
"2957";"Matratzen";"21791";"Futonmatratze"
"2957";"Matratzen";"21794";"Gelschaummatratze"
"2957";"Matratzen";"21811";"Hybridmatratze"
"2957";"Matratzen";"21810";"Hybridschaum-Matratze"
"2957";"Matratzen";"21809";"Jugendmatratze"
"2957";"Matratzen";"21796";"Kaltschaummatratze"
"2957";"Matratzen";"21808";"Kindermatratze"
"2957";"Matratzen";"21807";"Klappmatratze"
"2957";"Matratzen";"21806";"Komfortschaummatratze"
"2957";"Matratzen";"21792";"Latexmatratze"
"2957";"Matratzen";"21801";"Laufgitter-Matratze"
"2957";"Matratzen";"21799";"Naturmatratze"
"2957";"Matratzen";"21798";"Reisebett-Matratzen"
"2957";"Matratzen";"21805";"Stubenwagen-Matratzen"
"2957";"Matratzen";"21793";"Taschenfederkernmatratze"
"2957";"Matratzen";"21802";"Visco-Matratze"
"2958";"Matratzen-Lattenrost-Sets";"21820";"Babymatratze + Lattenrost"
"2958";"Matratzen-Lattenrost-Sets";"21822";"Babymatratze + Rollrost"
"2958";"Matratzen-Lattenrost-Sets";"21849";"Babymatratze + Teiltellerlattenrost"
"2958";"Matratzen-Lattenrost-Sets";"21838";"Babymatratze + Tellerlattenrost"
"2958";"Matratzen-Lattenrost-Sets";"21867";"Bonnellfederkernmatratze + Lattenrost"
"2958";"Matratzen-Lattenrost-Sets";"21869";"Bonnellfederkernmatratze + Rollrost"
"2958";"Matratzen-Lattenrost-Sets";"21843";"Bonnellfederkernmatratze + Teiltellerlattenrost"
"2958";"Matratzen-Lattenrost-Sets";"21826";"Bonnellfederkernmatratze + Tellerlattenrost"
"2958";"Matratzen-Lattenrost-Sets";"21834";"Boxspringmatratze + Lattenrost"
"2958";"Matratzen-Lattenrost-Sets";"21827";"Boxspringmatratze + Rollrost"
"2958";"Matratzen-Lattenrost-Sets";"21861";"Boxspringmatratze + Teiltellerlattenrost"
"2958";"Matratzen-Lattenrost-Sets";"21853";"Boxspringmatratze + Tellerlattenrost"
"2958";"Matratzen-Lattenrost-Sets";"21870";"Federkernmatratze + Lattenrost"
"2958";"Matratzen-Lattenrost-Sets";"21833";"Federkernmatratze + Rollrost"
"2958";"Matratzen-Lattenrost-Sets";"21844";"Federkernmatratze + Teiltellerlattenrost"
"2958";"Matratzen-Lattenrost-Sets";"21862";"Federkernmatratze + Tellerlattenrost"
"2958";"Matratzen-Lattenrost-Sets";"21830";"Futonmatratze + Lattenrost"
"2958";"Matratzen-Lattenrost-Sets";"21831";"Futonmatratze + Rollrost"
"2958";"Matratzen-Lattenrost-Sets";"21860";"Futonmatratze + Teiltellerlattenrost"
"2958";"Matratzen-Lattenrost-Sets";"21850";"Futonmatratze + Tellerlattenrost"
"2958";"Matratzen-Lattenrost-Sets";"21864";"Gelschaummatratze + Lattenrost"
"2958";"Matratzen-Lattenrost-Sets";"21818";"Gelschaummatratze + Rollrost"
"2958";"Matratzen-Lattenrost-Sets";"21858";"Gelschaummatratze + Teiltellerlattenrost"
"2958";"Matratzen-Lattenrost-Sets";"21835";"Gelschaummatratze + Tellerlattenrost"
"2958";"Matratzen-Lattenrost-Sets";"21865";"Jugendmatratze + Lattenrost"
"2958";"Matratzen-Lattenrost-Sets";"21828";"Jugendmatratze + Rollrost"
"2958";"Matratzen-Lattenrost-Sets";"21840";"Jugendmatratze + Teiltellerlattenrost"
"2958";"Matratzen-Lattenrost-Sets";"21823";"Jugendmatratze + Tellerlattenrost"
"2958";"Matratzen-Lattenrost-Sets";"21821";"Kaltschaummatratze + Lattenrost"
"2958";"Matratzen-Lattenrost-Sets";"21832";"Kaltschaummatratze + Rollrost"
"2958";"Matratzen-Lattenrost-Sets";"21852";"Kaltschaummatratze + Teiltellerlattenrost"
"2958";"Matratzen-Lattenrost-Sets";"21841";"Kaltschaummatratze + Tellerlattenrost"
"2958";"Matratzen-Lattenrost-Sets";"21866";"Kindermatratze + Lattenrost"
"2958";"Matratzen-Lattenrost-Sets";"21837";"Kindermatratze + Rollrost"
"2958";"Matratzen-Lattenrost-Sets";"21813";"Kindermatratze + Teiltellerlattenrost"
"2958";"Matratzen-Lattenrost-Sets";"21857";"Kindermatratze + Tellerlattenrost"
"2958";"Matratzen-Lattenrost-Sets";"21836";"Klappmatratze + Lattenrost"
"2958";"Matratzen-Lattenrost-Sets";"21817";"Klappmatratze + Rollrost"
"2958";"Matratzen-Lattenrost-Sets";"21842";"Klappmatratze + Teiltellerlattenrost"
"2958";"Matratzen-Lattenrost-Sets";"21815";"Klappmatratze + Tellerlattenrost"
"2958";"Matratzen-Lattenrost-Sets";"21812";"Komfortschaummatratze + Lattenrost"
"2958";"Matratzen-Lattenrost-Sets";"21863";"Komfortschaummatratze + Rollrost"
"2958";"Matratzen-Lattenrost-Sets";"21868";"Komfortschaummatratze + Teiltellerlattenrost"
"2958";"Matratzen-Lattenrost-Sets";"21855";"Komfortschaummatratze + Tellerlattenrost"
"2958";"Matratzen-Lattenrost-Sets";"21854";"Latexmatratze + Lattenrost"
"2958";"Matratzen-Lattenrost-Sets";"21851";"Latexmatratze + Rollrost"
"2958";"Matratzen-Lattenrost-Sets";"21848";"Latexmatratze + Teiltellerlattenrost"
"2958";"Matratzen-Lattenrost-Sets";"21839";"Latexmatratze + Tellerlattenrost"
"2958";"Matratzen-Lattenrost-Sets";"21859";"Naturmatratze + Lattenrost"
"2958";"Matratzen-Lattenrost-Sets";"21846";"Naturmatratze + Rollrost"
"2958";"Matratzen-Lattenrost-Sets";"21814";"Naturmatratze + Teiltellerlattenrost"
"2958";"Matratzen-Lattenrost-Sets";"21829";"Naturmatratze + Tellerlattenrost"
"2958";"Matratzen-Lattenrost-Sets";"21871";"Taschenfederkernmatratze + Lattenrost"
"2958";"Matratzen-Lattenrost-Sets";"21845";"Taschenfederkernmatratze + Rollrost"
"2958";"Matratzen-Lattenrost-Sets";"21847";"Taschenfederkernmatratze + Teiltellerlattenrost"
"2958";"Matratzen-Lattenrost-Sets";"21825";"Taschenfederkernmatratze + Tellerlattenrost"
"2958";"Matratzen-Lattenrost-Sets";"21824";"Visco-Matratze + Lattenrost"
"2958";"Matratzen-Lattenrost-Sets";"21856";"Visco-Matratze + Rollrost"
"2958";"Matratzen-Lattenrost-Sets";"21819";"Visco-Matratze + Teiltellerlattenrost"
"2958";"Matratzen-Lattenrost-Sets";"21816";"Visco-Matratze + Tellerlattenrost"
"2959";"Matratzenzubehör";"21874";"Encasing"
"2959";"Matratzenzubehör";"21875";"Inkontinenzauflage"
"2959";"Matratzenzubehör";"21878";"Matratzenauflage"
"2959";"Matratzenzubehör";"21872";"Matratzenersatzbezug"
"2959";"Matratzenzubehör";"21877";"Matratzenkeil"
"2959";"Matratzenzubehör";"21876";"Matratzenschoner"
"2959";"Matratzenzubehör";"21879";"Matratzenschutzbezug"
"2959";"Matratzenzubehör";"21873";"Seitenbügel"
"2960";"Mauerkästen";"21880";"Mauerkasten"
"2961";"Maulkörbe";"21882";"Fressbremse"
"2961";"Maulkörbe";"21884";"Maulkorb"
"2961";"Maulkörbe";"21883";"Maulschlaufe"
"2961";"Maulkörbe";"21881";"Rennmaulkorb"
"2962";"Maurerkellen";"21887";"Bodenlegerkelle"
"2962";"Maurerkellen";"21886";"Dachdeckerkelle"
"2962";"Maurerkellen";"21885";"Fliesenkelle"
"2962";"Maurerkellen";"21890";"Fugenkelle"
"2962";"Maurerkellen";"21888";"Glättekelle"
"2962";"Maurerkellen";"21892";"Kleberkelle"
"2962";"Maurerkellen";"21893";"Maurerkelle"
"2962";"Maurerkellen";"21891";"Putzkelle"
"2962";"Maurerkellen";"21889";"Zahnkelle"
"2963";"Mauspads";"21894";"Gaming Mauspad"
"2963";"Mauspads";"21895";"Mausfüße"
"2963";"Mauspads";"21896";"Mauspad"
"2965";"Mehrzwecksauger";"21918";"Aschesauger"
"2965";"Mehrzwecksauger";"21903";"Dampfbesen"
"2965";"Mehrzwecksauger";"21908";"Dampfmopp"
"2965";"Mehrzwecksauger";"21919";"Dampfreiniger"
"2965";"Mehrzwecksauger";"21913";"Elektrobohner"
"2965";"Mehrzwecksauger";"21917";"Handdampfreiniger"
"2965";"Mehrzwecksauger";"21907";"Hartbodenreiniger"
"2965";"Mehrzwecksauger";"21906";"Industriesauger"
"2965";"Mehrzwecksauger";"21909";"Matratzenreinigungsgerät"
"2965";"Mehrzwecksauger";"21915";"Multi-Sauger"
"2965";"Mehrzwecksauger";"21914";"Nass-Trocken-Sauger"
"2965";"Mehrzwecksauger";"21916";"Saugbohner"
"2965";"Mehrzwecksauger";"21910";"Staub-Wasch-Sauger"
"2965";"Mehrzwecksauger";"21904";"Teichschlammsauger"
"2965";"Mehrzwecksauger";"21911";"Teppichreinigungsgerät"
"2965";"Mehrzwecksauger";"21905";"Wasch-Sauger"
"2965";"Mehrzwecksauger";"21912";"Zyklon Hybrid Staubsauger"
"2966";"Meißel";"21921";"Flachmeißel"
"2966";"Meißel";"21922";"Hohlmeißel"
"2966";"Meißel";"21923";"Meißel-Set"
"2966";"Meißel";"21924";"Spatmeißel"
"2966";"Meißel";"21920";"Spitzmeißel"
"2967";"Menage-Sets";"21927";"Essigspender"
"2967";"Menage-Sets";"21926";"Menage"
"2967";"Menage-Sets";"21928";"Menage-Set"
"2967";"Menage-Sets";"21925";"Ölspender"
"2968";"Messbecher";"21929";"Barmaß"
"2968";"Messbecher";"21931";"Fetttrennkanne"
"2968";"Messbecher";"21932";"Messbecher"
"2968";"Messbecher";"21930";"Messlöffel"
"2969";"Messerblöcke";"21936";"Magnet-Messerblock"
"2969";"Messerblöcke";"21935";"Messerblock"
"2969";"Messerblöcke";"21934";"Messerleiste"
"2969";"Messerblöcke";"21937";"Shikoku-Messerblock"
"2969";"Messerblöcke";"21938";"Wand-Magnet Messer-Leiste"
"2969";"Messerblöcke";"21933";"Wand-Magnet Messerhalter"
"2970";"Messerklingen";"21952";"Bastelmesserklinge"
"2970";"Messerklingen";"21953";"Cuttermesser-Klinge"
"2970";"Messerklingen";"21948";"Grasscherenblatt"
"2970";"Messerklingen";"21944";"Häckslermesser"
"2970";"Messerklingen";"21951";"Hakenklinge"
"2970";"Messerklingen";"21947";"Hobelmesser"
"2970";"Messerklingen";"21945";"Lüfterwalze"
"2970";"Messerklingen";"21940";"Mährobotermesser"
"2970";"Messerklingen";"21949";"Messerklinge"
"2970";"Messerklingen";"21946";"Messerwalze"
"2970";"Messerklingen";"21942";"Messerwelle"
"2970";"Messerklingen";"21950";"Motorsensenmesser"
"2970";"Messerklingen";"21939";"Rasenmähermesser"
"2970";"Messerklingen";"21941";"Schaberklinge"
"2970";"Messerklingen";"21943";"Strauchscherenblatt"
"2971";"Messerschärfer";"21956";"Axt- und Messerschärfer"
"2971";"Messerschärfer";"21959";"Hakenschärfer"
"2971";"Messerschärfer";"21955";"Messerschärfer"
"2971";"Messerschärfer";"21958";"Rasierklingenschärfer"
"2971";"Messerschärfer";"21961";"Schleifstein"
"2971";"Messerschärfer";"21957";"Stoßriemen"
"2971";"Messerschärfer";"21960";"Wetzstab"
"2971";"Messerschärfer";"21954";"Wetzstahl"
"2972";"Messlatten";"21962";"Hochsprung-Messlatte"
"2972";"Messlatten";"21963";"Messlatte"
"2973";"Messlehren";"21967";"Fühlerlehre"
"2973";"Messlehren";"21965";"Konturenlehre"
"2973";"Messlehren";"21964";"Messschieber"
"2973";"Messlehren";"21966";"Treppenlehre"
"2974";"Metallbleche";"21975";"Glattblech"
"2974";"Metallbleche";"21974";"Lochblech"
"2974";"Metallbleche";"21971";"Rauhputzblech"
"2974";"Metallbleche";"21972";"Riffelblech"
"2974";"Metallbleche";"21973";"Silber-Reinigungsplatte"
"2974";"Metallbleche";"21969";"Streckmetallblech"
"2974";"Metallbleche";"21970";"Strukturblech"
"2974";"Metallbleche";"21976";"Trapezblech"
"2974";"Metallbleche";"21977";"Traufblech"
"2974";"Metallbleche";"21968";"Wellblech"
"2975";"Metalldetektoren";"21978";"Metalldetektor"
"2976";"Metronome";"21979";"Metronom"
"2977";"Mikrodermabrasionsgeräte";"21981";"Kosmetikbehandlungsgerät"
"2977";"Mikrodermabrasionsgeräte";"21980";"Mikrodermabrasionsgerät"
"2978";"Mikrofone";"21984";"Mikrofon"
"2978";"Mikrofone";"21982";"Richtmikrofon"
"2978";"Mikrofone";"21985";"Standmikrofon"
"2978";"Mikrofone";"21983";"Streaming-Mikrofon"
"2979";"Mikroskope";"21997";"Auf- und Durchlichtmikroskop"
"2979";"Mikroskope";"22010";"Auflichtmikroskop"
"2979";"Mikroskope";"22005";"Binokularmikroskop"
"2979";"Mikroskope";"21993";"Digitalmikroskop"
"2979";"Mikroskope";"21989";"Diskussionsmikroskop"
"2979";"Mikroskope";"21995";"Durchlichtmikroskop"
"2979";"Mikroskope";"21987";"Elektronenmikroskop"
"2979";"Mikroskope";"22000";"Foldscope"
"2979";"Mikroskope";"21998";"Insektenmikroskop"
"2979";"Mikroskope";"21990";"Kindermikroskop"
"2979";"Mikroskope";"22002";"Konfokalmikroskop"
"2979";"Mikroskope";"21986";"Labormikroskop"
"2979";"Mikroskope";"22001";"LCD-Mikroskop"
"2979";"Mikroskope";"22007";"Lichtmikroskop"
"2979";"Mikroskope";"22004";"Minimikroskop"
"2979";"Mikroskope";"22003";"Monokularmikroskop"
"2979";"Mikroskope";"22006";"Operationsmikroskop"
"2979";"Mikroskope";"21996";"Rasterelektronenmikroskop"
"2979";"Mikroskope";"22009";"Spaltlampenmikroskop"
"2979";"Mikroskope";"21992";"Spiegelmikroskop"
"2979";"Mikroskope";"21999";"Stereomikroskop"
"2979";"Mikroskope";"21991";"Studienmikroskop"
"2979";"Mikroskope";"22008";"Taschenmikroskop"
"2979";"Mikroskope";"21994";"Trinokularmikroskop"
"2979";"Mikroskope";"21988";"USB-Mikroskop"
"2980";"Mikrowellen";"22011";"Einbau-Mikrowelle"
"2980";"Mikrowellen";"22012";"Mikrowelle"
"2981";"Milchaufschäumer";"22013";"Milchaufschäumer"
"2982";"Milchbehälter";"22014";"Isoliermilchbehälter"
"2982";"Milchbehälter";"22015";"Milchbehälter"
"2983";"Milchpump-Sets";"22016";"Milchpumpe Zubehör-Set"
"2984";"Milchpumpen";"22018";"Doppelmilchpumpe"
"2984";"Milchpumpen";"22020";"Elektrische Doppelmilchpumpe"
"2984";"Milchpumpen";"22017";"Elektrische Milchpumpe"
"2984";"Milchpumpen";"22019";"Handmilchpumpe"
"2985";"Minibacköfen";"22022";"Kleinküche"
"2985";"Minibacköfen";"22023";"Minibackofen"
"2985";"Minibacköfen";"22021";"Multiofen"
"2986";"Mischpulte";"22024";"Mischpult"
"2987";"Mitesserentferner";"22025";"Mitesserentferner"
"2987";"Mitesserentferner";"22026";"Pickelnadel"
"2988";"Mixer";"22027";"Akku-Stabmixer"
"2988";"Mixer";"22029";"Elektrisches Rührwerk"
"2988";"Mixer";"22028";"Handmixer"
"2988";"Mixer";"22030";"Stabmixer"
"3029";"Möbelaufsätze";"22321";"Abdeckplatte"
"3029";"Möbelaufsätze";"22320";"Aufsatzpaneel"
"3029";"Möbelaufsätze";"22314";"Aufsatzregal"
"3029";"Möbelaufsätze";"22315";"Bettaufsatz"
"3029";"Möbelaufsätze";"22313";"Buffetaufsatz"
"3029";"Möbelaufsätze";"22322";"Küchenherdaufsatz"
"3029";"Möbelaufsätze";"22316";"Regalaufsatz"
"3029";"Möbelaufsätze";"22324";"Schrankaufsatz"
"3029";"Möbelaufsätze";"22323";"Schreibtischaufsatz"
"3029";"Möbelaufsätze";"22319";"Tischaufsatz"
"3029";"Möbelaufsätze";"22317";"TV-Aufsatz"
"3029";"Möbelaufsätze";"22318";"Vitrinenaufsatz"
"3030";"Möbelblenden";"22325";"Frontblende"
"3030";"Möbelblenden";"22329";"Fußblende"
"3030";"Möbelblenden";"22330";"Kranzblende"
"3030";"Möbelblenden";"22328";"Möbelblende"
"3030";"Möbelblenden";"22326";"Sockelblende"
"3030";"Möbelblenden";"22327";"Umleimer"
"3031";"Möbelfüße";"22331";"Badewannenfüße"
"3031";"Möbelfüße";"22336";"Duschwannenfüße"
"3031";"Möbelfüße";"22337";"Erhöhungs-Set"
"3031";"Möbelfüße";"22338";"Erhöhungsring"
"3031";"Möbelfüße";"22332";"Möbelfuß"
"3031";"Möbelfüße";"22334";"Möbelkufe"
"3031";"Möbelfüße";"22335";"Stellfuß"
"3031";"Möbelfüße";"22333";"Vibrationsdämpfer"
"3032";"Möbelgestelle";"22339";"Begrenzungsleiste"
"3032";"Möbelgestelle";"22340";"Bodenplatte"
"3032";"Möbelgestelle";"22343";"Drehteller"
"3032";"Möbelgestelle";"22342";"Möbelleiste"
"3032";"Möbelgestelle";"22344";"Podest"
"3032";"Möbelgestelle";"22341";"Unterbausockel"
"3033";"Möbelrollen";"22349";"Doppelrolle"
"3033";"Möbelrollen";"22348";"Gerüstrolle"
"3033";"Möbelrollen";"22346";"Lenkrolle"
"3033";"Möbelrollen";"22345";"Möbelrolle"
"3033";"Möbelrollen";"22351";"Müllsackständer-Rolle"
"3033";"Möbelrollen";"22350";"Schwerlastrolle"
"3033";"Möbelrollen";"22347";"Stuhlrolle"
"3033";"Möbelrollen";"22352";"Torlaufrolle"
"3034";"Möbelwangen";"22353";"Regalwange"
"3034";"Möbelwangen";"22354";"Schrankwange"
"2991";"Mobilés";"22057";"Mobile"
"2989";"Mobilleuchten";"22034";"Bodenleuchte"
"2989";"Mobilleuchten";"22045";"Gaslampe"
"2989";"Mobilleuchten";"22046";"Handleuchte"
"2989";"Mobilleuchten";"22040";"Helmlampe"
"2989";"Mobilleuchten";"22050";"Kopflampe"
"2989";"Mobilleuchten";"22047";"Laterne"
"2989";"Mobilleuchten";"22051";"LED Blinklicht"
"2989";"Mobilleuchten";"22049";"LED Kinderwagenlampe"
"2989";"Mobilleuchten";"22037";"LED Stirnlampe"
"2989";"Mobilleuchten";"22042";"LED Studiobeleuchtung"
"2989";"Mobilleuchten";"22038";"LED Taschenlampe"
"2989";"Mobilleuchten";"22052";"LED-Warndreieck"
"2989";"Mobilleuchten";"22031";"Leselicht"
"2989";"Mobilleuchten";"22048";"Rutscher-Leuchte"
"2989";"Mobilleuchten";"22044";"Stirnlampe"
"2989";"Mobilleuchten";"22043";"Strahler"
"2989";"Mobilleuchten";"22041";"SUP-Leuchte"
"2989";"Mobilleuchten";"22035";"Taschenlampe"
"2989";"Mobilleuchten";"22036";"Unterbauleuchte"
"2989";"Mobilleuchten";"22033";"USB-Lampion"
"2989";"Mobilleuchten";"22039";"USB-Stehleuchte"
"2989";"Mobilleuchten";"22032";"USB-Tischleuchte"
"2990";"Mobiltelefone";"22056";"Handy"
"2990";"Mobiltelefone";"22054";"Klapphandy"
"2990";"Mobiltelefone";"22055";"Seniorenhandy"
"2990";"Mobiltelefone";"22053";"Smartphone"
"2992";"Modellbausätze";"22058";"Modellbausatz"
"2993";"Modelleisenbahn-Erweiterungen";"22082";"Modelleisenbahn-Baum"
"2993";"Modelleisenbahn-Erweiterungen";"22069";"Modelleisenbahn-Baustelle"
"2993";"Modelleisenbahn-Erweiterungen";"22062";"Modelleisenbahn-Brücke"
"2993";"Modelleisenbahn-Erweiterungen";"22081";"Modelleisenbahn-Busch"
"2993";"Modelleisenbahn-Erweiterungen";"22078";"Modelleisenbahn-Fahrregler"
"2993";"Modelleisenbahn-Erweiterungen";"22064";"Modelleisenbahn-Fertiggelände"
"2993";"Modelleisenbahn-Erweiterungen";"22073";"Modelleisenbahn-Gebäude"
"2993";"Modelleisenbahn-Erweiterungen";"22076";"Modelleisenbahn-Geländematte"
"2993";"Modelleisenbahn-Erweiterungen";"22072";"Modelleisenbahn-Grasfasern"
"2993";"Modelleisenbahn-Erweiterungen";"22071";"Modelleisenbahn-Haus"
"2993";"Modelleisenbahn-Erweiterungen";"22067";"Modelleisenbahn-Hochbahn"
"2993";"Modelleisenbahn-Erweiterungen";"22085";"Modelleisenbahn-Kreuzung"
"2993";"Modelleisenbahn-Erweiterungen";"22079";"Modelleisenbahn-Moosschaum"
"2993";"Modelleisenbahn-Erweiterungen";"22061";"Modelleisenbahn-Prellbock"
"2993";"Modelleisenbahn-Erweiterungen";"22075";"Modelleisenbahn-Schaumflocken"
"2993";"Modelleisenbahn-Erweiterungen";"22060";"Modelleisenbahn-Schranke"
"2993";"Modelleisenbahn-Erweiterungen";"22063";"Modelleisenbahn-Signal"
"2993";"Modelleisenbahn-Erweiterungen";"22074";"Modelleisenbahn-Spielunterlage"
"2993";"Modelleisenbahn-Erweiterungen";"22070";"Modelleisenbahn-Stecker"
"2993";"Modelleisenbahn-Erweiterungen";"22084";"Modelleisenbahn-Stellpult"
"2993";"Modelleisenbahn-Erweiterungen";"22077";"Modelleisenbahn-Straße"
"2993";"Modelleisenbahn-Erweiterungen";"22065";"Modelleisenbahn-Streumaterial"
"2993";"Modelleisenbahn-Erweiterungen";"22083";"Modelleisenbahn-Tunnel"
"2993";"Modelleisenbahn-Erweiterungen";"22066";"Modelleisenbahn-Übergang"
"2993";"Modelleisenbahn-Erweiterungen";"22080";"Modelleisenbahn-Verkehrszeichen"
"2993";"Modelleisenbahn-Erweiterungen";"22068";"Modelleisenbahn-Weichenantriebe"
"2993";"Modelleisenbahn-Erweiterungen";"22059";"Modelleisenbahn-Werkzeug"
"2994";"Modelleisenbahn-Fahrzeuge";"22086";"Dampflokomotive"
"2994";"Modelleisenbahn-Fahrzeuge";"22089";"Diesellokomotive"
"2994";"Modelleisenbahn-Fahrzeuge";"22092";"Elektrolokomotive"
"2994";"Modelleisenbahn-Fahrzeuge";"22090";"Güterwagen"
"2994";"Modelleisenbahn-Fahrzeuge";"22087";"Kesselwagen"
"2994";"Modelleisenbahn-Fahrzeuge";"22091";"Modelleisenbahn Startpaket"
"2994";"Modelleisenbahn-Fahrzeuge";"22093";"Personenwagen"
"2994";"Modelleisenbahn-Fahrzeuge";"22088";"Personenzug-Dampflokomotive"
"2994";"Modelleisenbahn-Fahrzeuge";"22094";"Tenderlokomotive"
"2995";"Modelleisenbahnen";"22095";"Modelleisenbahn-Set"
"2995";"Modelleisenbahnen";"22096";"Spielzeugeisenbahn-Set"
"2996";"Modellfahrzeuge";"22098";"Modellauto"
"2996";"Modellfahrzeuge";"22101";"Modellboot"
"2996";"Modellfahrzeuge";"22100";"Modellbus"
"2996";"Modellfahrzeuge";"22103";"Modellflugzeug"
"2996";"Modellfahrzeuge";"22102";"Modellhubschrauber"
"2996";"Modellfahrzeuge";"22097";"Modellmotorrad"
"2996";"Modellfahrzeuge";"22104";"Modelltraktor"
"2996";"Modellfahrzeuge";"22099";"Sammlerauto"
"2997";"Modellierwerkzeuge";"22105";"Modellierwerkzeug"
"2998";"Modems";"22106";"Modem"
"2999";"Moderationskoffer";"22107";"Moderationskoffer"
"3000";"Modetücher";"22129";"Bandana"
"3000";"Modetücher";"22120";"Chiffontuch"
"3000";"Modetücher";"22121";"Dreieckstuch"
"3000";"Modetücher";"22118";"Einstecktuch"
"3000";"Modetücher";"22135";"Fleeceschal"
"3000";"Modetücher";"22127";"Fransentuch"
"3000";"Modetücher";"22113";"Halstuch"
"3000";"Modetücher";"22133";"Karotuch"
"3000";"Modetücher";"22124";"Kaschmirschal"
"3000";"Modetücher";"22109";"Kopftuch"
"3000";"Modetücher";"22111";"Kummerbund"
"3000";"Modetücher";"22112";"Loop"
"3000";"Modetücher";"22114";"Modeschal"
"3000";"Modetücher";"22132";"Modetuch"
"3000";"Modetücher";"22128";"Multifunktionstuch"
"3000";"Modetücher";"22108";"Nickituch"
"3000";"Modetücher";"22110";"Pareo"
"3000";"Modetücher";"22123";"Pashmina"
"3000";"Modetücher";"22115";"Plisseeschal"
"3000";"Modetücher";"22136";"Schal"
"3000";"Modetücher";"22126";"Seidenschal"
"3000";"Modetücher";"22116";"Seidentuch"
"3000";"Modetücher";"22117";"Stillschal"
"3000";"Modetücher";"22131";"Strickschal"
"3000";"Modetücher";"22119";"Taschentuch"
"3000";"Modetücher";"22130";"Turban"
"3000";"Modetücher";"22122";"Turban-Tuch"
"3000";"Modetücher";"22134";"Wollschal"
"3000";"Modetücher";"22125";"XXL-Schal"
"3001";"Monitore";"22149";"Curved-Gaming-LED-Monitor"
"3001";"Monitore";"22138";"Curved-Gaming-Monitor"
"3001";"Monitore";"22147";"Curved-Gaming-OLED-Monitor"
"3001";"Monitore";"22150";"Curved-LED-Monitor"
"3001";"Monitore";"22137";"Curved-OLED-Monitor"
"3001";"Monitore";"22140";"Drohnen-Monitor"
"3001";"Monitore";"22144";"Ergo Monitor"
"3001";"Monitore";"22145";"Gaming-LED-Monitor"
"3001";"Monitore";"22151";"Gaming-Monitor"
"3001";"Monitore";"22152";"Handy-Ersatz Display"
"3001";"Monitore";"22143";"LCD-Monitor"
"3001";"Monitore";"22142";"LED-Monitor"
"3001";"Monitore";"22148";"OLED-Monitor"
"3001";"Monitore";"22139";"Portabler Monitor"
"3001";"Monitore";"22153";"Smart Board"
"3001";"Monitore";"22141";"Smart Monitor"
"3001";"Monitore";"22146";"TFT-Monitor"
"3002";"Montage-Spezialwerkzeuge";"22157";"Bördelgerät"
"3002";"Montage-Spezialwerkzeuge";"22159";"Demontagewerkzeug"
"3002";"Montage-Spezialwerkzeuge";"22155";"Fahrradreifenheber"
"3002";"Montage-Spezialwerkzeuge";"22156";"Kurbelwellen-Drehwerkzeug"
"3002";"Montage-Spezialwerkzeuge";"22158";"Montage-Kit"
"3002";"Montage-Spezialwerkzeuge";"22154";"Montageklemme"
"3002";"Montage-Spezialwerkzeuge";"22161";"Montagewerkzeug"
"3002";"Montage-Spezialwerkzeuge";"22160";"Verlegeset"
"3003";"Montageanker";"22162";"Montageanker"
"3004";"Montageständer";"22163";"Fahrrad-Montageständer"
"3004";"Montageständer";"22164";"Rad-Zentrierständer"
"3035";"Mörser";"22355";"Mörser"
"3005";"Motivstanzer";"22166";"Bordürenstanzer"
"3005";"Motivstanzer";"22169";"Eckstanzer"
"3005";"Motivstanzer";"22167";"Langarmstanzer"
"3005";"Motivstanzer";"22172";"Locher"
"3005";"Motivstanzer";"22170";"Lochstanzer"
"3005";"Motivstanzer";"22168";"Ministanzer"
"3005";"Motivstanzer";"22165";"Motivstanzer"
"3005";"Motivstanzer";"22171";"Silhouettenstanzer"
"3006";"Motorhacken";"22175";"Akku-Motorhacke"
"3006";"Motorhacken";"22174";"Benzinmotorhacke"
"3006";"Motorhacken";"22173";"Elektromotorhacke"
"3007";"Motorhalterungen";"22176";"Motorhalterung"
"3008";"Motorikspielzeug";"22179";"Demenz-Handmuff"
"3008";"Motorikspielzeug";"22183";"Diabolo"
"3008";"Motorikspielzeug";"22182";"Klopfbank"
"3008";"Motorikspielzeug";"22181";"Motorikbrett"
"3008";"Motorikspielzeug";"22178";"Motorikschleife"
"3008";"Motorikspielzeug";"22180";"Motorikwürfel"
"3008";"Motorikspielzeug";"22177";"Spielcenter"
"3009";"Motorroller";"22184";"Mofaroller"
"3009";"Motorroller";"22186";"Motorrad"
"3009";"Motorroller";"22185";"Motorroller"
"3010";"Motorschubkarren";"22189";"Dumper"
"3010";"Motorschubkarren";"22187";"Motorschubkarre"
"3010";"Motorschubkarren";"22188";"Raupendumper"
"3011";"Motorsensen";"22198";"Akku-Freischneider"
"3011";"Motorsensen";"22190";"Akku-Motorsense"
"3011";"Motorsensen";"22195";"Akku-Rasenkantenschneider"
"3011";"Motorsensen";"22194";"Akku-Rasentrimmer"
"3011";"Motorsensen";"22199";"Benzin-Freischneider"
"3011";"Motorsensen";"22193";"Benzin-Motorsense"
"3011";"Motorsensen";"22197";"Benzin-Rasenkantenschneider"
"3011";"Motorsensen";"22196";"Benzin-Rasentrimmer"
"3011";"Motorsensen";"22200";"Elektro-Freischneider"
"3011";"Motorsensen";"22192";"Elektro-Motorsense"
"3011";"Motorsensen";"22191";"Elektro-Rasentrimmer"
"2942";"MP3-Player";"21712";"iPod"
"2942";"MP3-Player";"21709";"iPod classic"
"2942";"MP3-Player";"21711";"iPod nano"
"2942";"MP3-Player";"21708";"iPod shuffle"
"2942";"MP3-Player";"21713";"iPod touch"
"2942";"MP3-Player";"21710";"MP3-Player"
"2942";"MP3-Player";"21714";"MP4-Player"
"2942";"MP3-Player";"21715";"tragbarer CD-Player"
"3012";"Mulch-Kits";"22203";"Mulcheinsatz"
"3012";"Mulch-Kits";"22202";"Mulchkit"
"3012";"Mulch-Kits";"22201";"Mulchplatte"
"3013";"Mulche";"22210";"Holzhäcksel"
"3013";"Mulche";"22209";"Kakaoschalen"
"3013";"Mulche";"22208";"Kokosmulch"
"3013";"Mulche";"22207";"Miscanthushäcksel"
"3013";"Mulche";"22204";"Mulchsubstrat"
"3013";"Mulche";"22205";"Pinienrinde"
"3013";"Mulche";"22211";"Rindenkompost"
"3013";"Mulche";"22206";"Rindenmulch"
"3036";"Mülleimer";"22357";"Aschekasten"
"3036";"Mülleimer";"22358";"Aschenbecher"
"3036";"Mülleimer";"22356";"Ausklopfbehälter"
"3036";"Mülleimer";"22359";"Biomülleimer"
"3036";"Mülleimer";"22360";"Einbaumülleimer"
"3036";"Mülleimer";"22368";"Kaffeesatzbehälter"
"3036";"Mülleimer";"22365";"Kosmetikeimer"
"3036";"Mülleimer";"22364";"Mülleimer"
"3036";"Mülleimer";"22363";"Müllsackständer"
"3036";"Mülleimer";"22361";"Mülltrennsystem"
"3036";"Mülleimer";"22366";"Papierkorb"
"3036";"Mülleimer";"22367";"Tischrestebehälter"
"3036";"Mülleimer";"22362";"Windeleimer"
"3014";"Multifunktionswerkzeug-Maschinen";"22212";"Akku-Multifunktionswerkzeug"
"3014";"Multifunktionswerkzeug-Maschinen";"22215";"Elektro-Multifunktionswerkzeug"
"3014";"Multifunktionswerkzeug-Maschinen";"22216";"Feinbohrschleifer"
"3014";"Multifunktionswerkzeug-Maschinen";"22214";"Graviergerät"
"3014";"Multifunktionswerkzeug-Maschinen";"22213";"Schnitzgerät"
"3015";"Multifunktionswerkzeuge";"22217";"Bauschlüssel"
"3015";"Multifunktionswerkzeuge";"22218";"Multitool"
"3015";"Multifunktionswerkzeuge";"22219";"Schaltschrankschlüssel"
"3016";"Multihaarstyler";"22222";"Glätt- und Lockenstab"
"3016";"Multihaarstyler";"22220";"Multihaarstyler"
"3016";"Multihaarstyler";"22221";"Warmluftbürste"
"3017";"Multimediamontagematerialien";"22223";"Kühler-Tunnel"
"3018";"Mundduschen";"22224";"AirFloss"
"3018";"Mundduschen";"22226";"Munddusche"
"3018";"Mundduschen";"22228";"Nachfüllstation"
"3018";"Mundduschen";"22227";"Reise-Munddusche"
"3018";"Mundduschen";"22225";"Zahnzwischenraum-Reiniger"
"3019";"Mundharmonikahalter";"22229";"Mundharmonikahalter"
"3020";"Mundharmonikastimmplattensätze";"22231";"Mundharmonika Ober- und Unterplatte"
"3020";"Mundharmonikastimmplattensätze";"22230";"Mundharmonika-Oberplatte"
"3020";"Mundharmonikastimmplattensätze";"22232";"Mundharmonika-Unterplatte"
"3021";"Mundpflegecenter";"22233";"Mundpflegecenter"
"3021";"Mundpflegecenter";"22234";"Zahnpflege-Set"
"3022";"Mundstücke";"22235";"Didgeridoo-Mundstück"
"3022";"Mundstücke";"22238";"Hornmundstück"
"3022";"Mundstücke";"22237";"Klarinettenmundstück"
"3022";"Mundstücke";"22236";"Melodika-Mundstück"
"3022";"Mundstücke";"22241";"Posaunen-Mundstück"
"3022";"Mundstücke";"22239";"Saxophonmundstück"
"3022";"Mundstücke";"22240";"Trompeten-Mundstück"
"3022";"Mundstücke";"22242";"Tuba-Mundstück"
"3023";"Mundwässer";"22245";"Mundspray"
"3023";"Mundwässer";"22244";"Mundspülung"
"3023";"Mundwässer";"22243";"Mundwasser"
"3024";"Musikinstrumentenpedale";"22246";"Musikinstrumentenpedal"
"3025";"Musikinstrumentenständer";"22247";"Gitarrenständer"
"3025";"Musikinstrumentenständer";"22248";"Keyboardständer"
"3025";"Musikinstrumentenständer";"22250";"Mikrofonständer"
"3025";"Musikinstrumentenständer";"22249";"Musikinstrumentenständer"
"3025";"Musikinstrumentenständer";"22251";"Pianoständer"
"3026";"Muttern";"22263";"Abreissmutter"
"3026";"Muttern";"22268";"Anschweißmutter"
"3026";"Muttern";"22257";"Blechmutter"
"3026";"Muttern";"22266";"Einpressmutter"
"3026";"Muttern";"22281";"Einschlagmutter"
"3026";"Muttern";"22280";"Einschraubmutter"
"3026";"Muttern";"22254";"Flügelgriffmutter"
"3026";"Muttern";"22262";"Flügelmutter"
"3026";"Muttern";"22259";"Gewindemuffe"
"3026";"Muttern";"22267";"Hülsenmutter"
"3026";"Muttern";"22269";"Hutmutter"
"3026";"Muttern";"22282";"Käfigmutter"
"3026";"Muttern";"22278";"Knebelmutter"
"3026";"Muttern";"22287";"Korbmutter"
"3026";"Muttern";"22255";"Kreuzgriffmutter"
"3026";"Muttern";"22284";"Kronenmutter"
"3026";"Muttern";"22256";"Kugelmutter"
"3026";"Muttern";"22264";"Langmutter"
"3026";"Muttern";"22270";"Muttern"
"3026";"Muttern";"22274";"Nutmutter"
"3026";"Muttern";"22260";"Nutstein"
"3026";"Muttern";"22258";"Rändelgriffmutter"
"3026";"Muttern";"22276";"Rändelmutter"
"3026";"Muttern";"22265";"Ringmutter"
"3026";"Muttern";"22283";"Rohrmutter"
"3026";"Muttern";"22286";"Rundmutter"
"3026";"Muttern";"22288";"Schlitzmutter"
"3026";"Muttern";"22279";"Schraubdübel"
"3026";"Muttern";"22275";"Schweißmutter"
"3026";"Muttern";"22253";"Sechskantmutter"
"3026";"Muttern";"22277";"Setzmutter"
"3026";"Muttern";"22272";"Sicherungsmutter"
"3026";"Muttern";"22285";"Spannmutter"
"3026";"Muttern";"22252";"Sperrzahnmutter"
"3026";"Muttern";"22261";"Sterngriffmutter"
"3026";"Muttern";"22271";"Verbindungsmutter"
"3026";"Muttern";"22273";"Vierkantmutter"
"3037";"Mützen";"22379";"Ballonmütze"
"3037";"Mützen";"22380";"Baskenmütze"
"3037";"Mützen";"22385";"Beanie"
"3037";"Mützen";"22376";"Bommelmütze"
"3037";"Mützen";"22394";"Dockermütze"
"3037";"Mützen";"22392";"Erstlingsmütze"
"3037";"Mützen";"22370";"Fellimitatmützen"
"3037";"Mützen";"22387";"Fleecemütze"
"3037";"Mützen";"22373";"Hijab"
"3037";"Mützen";"22378";"Jerseymütze"
"3037";"Mützen";"22388";"Legionärsmütze"
"3037";"Mützen";"22391";"Neoprenhaube"
"3037";"Mützen";"22374";"Neoprenmütze"
"3037";"Mützen";"22377";"Ohrenmütze"
"3037";"Mützen";"22384";"Ohrenwärmer"
"3037";"Mützen";"22381";"Plüschmütze"
"3037";"Mützen";"22375";"Schiebermütze"
"3037";"Mützen";"22386";"Schirmmütze"
"3037";"Mützen";"22369";"Schlupfmütze"
"3037";"Mützen";"22389";"Skimütze"
"3037";"Mützen";"22372";"Stirnband"
"3037";"Mützen";"22383";"Strickmütze"
"3037";"Mützen";"22371";"Sturmhaube"
"3037";"Mützen";"22390";"Turbanmütze"
"3037";"Mützen";"22382";"Unterhelmmütze"
"3037";"Mützen";"22393";"Wendemütze"
"3039";"Nachtsichtgeräte";"22398";"Nachtsichtgerät"
"3040";"Nachziehspielzeug";"22399";"Nachziehfahrzeug"
"3040";"Nachziehspielzeug";"22400";"Nachziehspielzeug"
"3040";"Nachziehspielzeug";"22401";"Nachziehtier"
"3040";"Nachziehspielzeug";"22402";"Schiebestab"
"3066";"Nägel";"22562";"Ankernagel"
"3066";"Nägel";"22575";"Dachpappenstift"
"3066";"Nägel";"22565";"Deckennagel"
"3066";"Nägel";"22578";"Doppelkopfstift"
"3066";"Nägel";"22561";"Drahtstift"
"3066";"Nägel";"22574";"Drallnagel"
"3066";"Nägel";"22570";"Erdnagel"
"3066";"Nägel";"22563";"Hakennagel"
"3066";"Nägel";"22572";"Krampen"
"3066";"Nägel";"22577";"Leistennagel"
"3066";"Nägel";"22580";"Nagel"
"3066";"Nägel";"22568";"Nagelplatte"
"3066";"Nägel";"22576";"Nagelschelle"
"3066";"Nägel";"22569";"Paneelstift"
"3066";"Nägel";"22582";"Polsternagel"
"3066";"Nägel";"22579";"Rasennagel"
"3066";"Nägel";"22560";"Rinnenhalternagel"
"3066";"Nägel";"22559";"Rundkopfnagel"
"3066";"Nägel";"22564";"Schraubnagel"
"3066";"Nägel";"22573";"Sockelleistenstift"
"3066";"Nägel";"22567";"Stahlnagel"
"3066";"Nägel";"22581";"Stahlrillennagel"
"3066";"Nägel";"22566";"Stauchkopfnagel"
"3066";"Nägel";"22571";"Ziernagel"
"3041";"Nageletuis";"22406";"Babypflege-Set"
"3041";"Nageletuis";"22403";"Bad Station"
"3041";"Nageletuis";"22407";"Kinder-Etui"
"3041";"Nageletuis";"22404";"Maniküre-Bartpflege-Etui"
"3041";"Nageletuis";"22405";"Maniküre-Etui"
"3041";"Nageletuis";"22408";"Maniküre-Kosmetik-Etui"
"3042";"Nagelfeilen";"22412";"Glasnagelfeile"
"3042";"Nagelfeilen";"22409";"Keramik-Nagelfeile"
"3042";"Nagelfeilen";"22411";"Mineral-Nagelfeile"
"3042";"Nagelfeilen";"22413";"Polierblock"
"3042";"Nagelfeilen";"22415";"Polierfeile"
"3042";"Nagelfeilen";"22416";"Reiseformfeile"
"3042";"Nagelfeilen";"22414";"Sandblatt-Nagelfeile"
"3042";"Nagelfeilen";"22410";"Saphir-Nagelfeile"
"3043";"Nagellacke";"22427";"Acryl-Pulver"
"3043";"Nagellacke";"22422";"Gel-Nagellack"
"3043";"Nagellacke";"22419";"Medizinischer Nagellack"
"3043";"Nagellacke";"22425";"Nagellack"
"3043";"Nagellacke";"22423";"Nagellack-Set"
"3043";"Nagellacke";"22421";"Nagellacktrockner"
"3043";"Nagellacke";"22420";"Überlack"
"3043";"Nagellacke";"22426";"Unterlack"
"3043";"Nagellacke";"22417";"UV-Gel"
"3043";"Nagellacke";"22418";"UV-Nagellack"
"3043";"Nagellacke";"22424";"UV-Nagellack-Set"
"3044";"Nagellackentferner";"22429";"Nagellackentferner"
"3044";"Nagellackentferner";"22433";"Nagellackentferner-Bad"
"3044";"Nagellackentferner";"22430";"Nagellackentferner-Creme"
"3044";"Nagellackentferner";"22432";"Nagellackentferner-Pads"
"3044";"Nagellackentferner";"22431";"Nagellackentfernerstift"
"3044";"Nagellackentferner";"22428";"Peel-Off Aktivator"
"3045";"Nagelpflegegeräte";"22436";"Beauty-Multigerät"
"3045";"Nagelpflegegeräte";"22437";"Lichthärtungsgerät"
"3045";"Nagelpflegegeräte";"22435";"Maniküre-Pediküre-Set"
"3045";"Nagelpflegegeräte";"22434";"Nagelversiegelungsgerät"
"3046";"Nagelpflegemittel";"22438";"Nagel-Intensivkur"
"3046";"Nagelpflegemittel";"22450";"Nagelhärter"
"3046";"Nagelpflegemittel";"22451";"Nagelhautbutter"
"3046";"Nagelpflegemittel";"22452";"Nagelhautcreme"
"3046";"Nagelpflegemittel";"22445";"Nagelhautentferner"
"3046";"Nagelpflegemittel";"22448";"Nagelhautgel"
"3046";"Nagelpflegemittel";"22443";"Nagelhautpflege"
"3046";"Nagelpflegemittel";"22446";"Nagelpflege-Set"
"3046";"Nagelpflegemittel";"22439";"Nagelpflegebalsam"
"3046";"Nagelpflegemittel";"22442";"Nagelpflegecreme"
"3046";"Nagelpflegemittel";"22444";"Nagelpflegeöl"
"3046";"Nagelpflegemittel";"22447";"Nagelpflegeserum"
"3046";"Nagelpflegemittel";"22441";"Nagelpflegestift"
"3046";"Nagelpflegemittel";"22449";"Nagelpilz-Behandlungsstift"
"3046";"Nagelpflegemittel";"22440";"Nagelweicher"
"3047";"Nagelpistolen";"22454";"Druckluft-Nagler"
"3047";"Nagelpistolen";"22453";"Nagler"
"3047";"Nagelpistolen";"22455";"Stauchkopfnagler"
"3048";"Nagelschneider";"22462";"Baby-Fußnagelknipser"
"3048";"Nagelschneider";"22461";"Fußnagelknipser"
"3048";"Nagelschneider";"22460";"Multi-Tool"
"3048";"Nagelschneider";"22463";"Nagelhautmesser"
"3048";"Nagelschneider";"22457";"Nagelhautzange"
"3048";"Nagelschneider";"22459";"Nagelknipser"
"3048";"Nagelschneider";"22458";"Nagelknipser-Set"
"3048";"Nagelschneider";"22456";"Nagelzange"
"3067";"Nähmaschinen";"22583";"Computer-Nähmaschine"
"3067";"Nähmaschinen";"22584";"Coverstich-Nähmaschine"
"3067";"Nähmaschinen";"22587";"Freiarm-Nähmaschine"
"3067";"Nähmaschinen";"22586";"Näh- und Stickmaschine"
"3067";"Nähmaschinen";"22585";"Nähmaschine"
"3067";"Nähmaschinen";"22588";"Overlock-Nähmaschine"
"3068";"Nähmaschinenfüße";"22589";"Coverlockfuß"
"3068";"Nähmaschinenfüße";"22590";"Nähfuß"
"3068";"Nähmaschinenfüße";"22591";"Overlockfuß"
"3068";"Nähmaschinenfüße";"22592";"Schrägband-Nähfuß"
"3068";"Nähmaschinenfüße";"22593";"Schrägbandformer"
"3049";"Nahrungsergänzungsmittel";"22475";"Aminosäuren"
"3049";"Nahrungsergänzungsmittel";"22464";"Ballaststoffe"
"3049";"Nahrungsergänzungsmittel";"22465";"Collagen"
"3049";"Nahrungsergänzungsmittel";"22466";"Enzyme"
"3049";"Nahrungsergänzungsmittel";"22467";"Extrakte"
"3049";"Nahrungsergänzungsmittel";"22468";"Folsäure"
"3049";"Nahrungsergänzungsmittel";"22481";"Geschmackspulver"
"3049";"Nahrungsergänzungsmittel";"22469";"Hormone"
"3049";"Nahrungsergänzungsmittel";"22484";"Hyaluronsäure"
"3049";"Nahrungsergänzungsmittel";"22478";"Kohlenhydrate"
"3049";"Nahrungsergänzungsmittel";"22477";"Kreatin"
"3049";"Nahrungsergänzungsmittel";"22485";"Lecithin"
"3049";"Nahrungsergänzungsmittel";"22470";"Mikroalgen"
"3049";"Nahrungsergänzungsmittel";"22471";"Mineralerde"
"3049";"Nahrungsergänzungsmittel";"22476";"Mineralstoffe"
"3049";"Nahrungsergänzungsmittel";"22474";"Öle"
"3049";"Nahrungsergänzungsmittel";"22480";"Phospholipide"
"3049";"Nahrungsergänzungsmittel";"22482";"Polyphenole"
"3049";"Nahrungsergänzungsmittel";"22472";"Probiotika"
"3049";"Nahrungsergänzungsmittel";"22479";"Protein"
"3049";"Nahrungsergänzungsmittel";"22483";"Trainingsbooster"
"3049";"Nahrungsergänzungsmittel";"22473";"Vitamine"
"3069";"Näpfe";"22597";"Anti-Schlabber-Napf"
"3069";"Näpfe";"22595";"Antischlingnapf"
"3069";"Näpfe";"22594";"Futternapf"
"3069";"Näpfe";"22599";"Futterstation"
"3069";"Näpfe";"22600";"Napf"
"3069";"Näpfe";"22598";"Napf-Set"
"3069";"Näpfe";"22596";"Reisenapf"
"3038";"NAS-Server";"22395";"Medienserver"
"3038";"NAS-Server";"22397";"NAS-Gehäuse"
"3038";"NAS-Server";"22396";"NAS-Server"
"3050";"Nasenreinigungsgeräte";"22488";"Nasendusche"
"3050";"Nasenreinigungsgeräte";"22487";"Nasensauger"
"3050";"Nasenreinigungsgeräte";"22486";"Nasensauger-Ersatzteile"
"3051";"Naturköder";"22493";"Angelmais"
"3051";"Naturköder";"22490";"Angelteig"
"3051";"Naturköder";"22492";"Fischboilies"
"3051";"Naturköder";"22489";"Fischpellets"
"3051";"Naturköder";"22491";"Tigernüsse"
"3052";"Navigationsgeräte";"22504";"Einbau-Navigationsgerät"
"3052";"Navigationsgeräte";"22501";"Fahrrad-Navigationsgerät"
"3052";"Navigationsgeräte";"22498";"Geocaching"
"3052";"Navigationsgeräte";"22495";"LKW-Navigationsgerät"
"3052";"Navigationsgeräte";"22497";"maritimes Navigationsgerät"
"3052";"Navigationsgeräte";"22494";"mobiles Navigationsgerät"
"3052";"Navigationsgeräte";"22499";"Motorrad-Navigationsgerät"
"3052";"Navigationsgeräte";"22503";"Navigationsgerät"
"3052";"Navigationsgeräte";"22500";"Outdoor-Navigationsgerät"
"3052";"Navigationsgeräte";"22502";"PKW-Navigationsgerät"
"3052";"Navigationsgeräte";"22496";"Wander-Navigationsgerät"
"3053";"Netzteile";"22510";"AC/DC-Einbaunetzteil"
"3053";"Netzteile";"22508";"Handy-Netzteile"
"3053";"Netzteile";"22507";"Hutschienen-Netzteil"
"3053";"Netzteile";"22509";"Inselwechselrichter"
"3053";"Netzteile";"22520";"Kamera-Netzteil"
"3053";"Netzteile";"22505";"KFZ-Netzteil"
"3053";"Netzteile";"22514";"Labor-Netzteil"
"3053";"Netzteile";"22506";"LED Trafo"
"3053";"Netzteile";"22511";"Netzteil"
"3053";"Netzteile";"22518";"Notebook-Netzteil"
"3053";"Netzteile";"22516";"PC-Netzteil"
"3053";"Netzteile";"22513";"Steckernetzteil"
"3053";"Netzteile";"22515";"Tischnetzteil"
"3053";"Netzteile";"22517";"Trafo"
"3053";"Netzteile";"22512";"Universal-Netzteil"
"3053";"Netzteile";"22519";"Waschtisch-Schalternetzteil"
"3054";"Netzwerk-Panels";"22522";"Netzwerk-Panel"
"3054";"Netzwerk-Panels";"22521";"Netzwerk-Patch-Panel"
"3055";"Netzwerk-Switches";"22523";"Netzwerk-Switch"
"3056";"Netzwerkschränke";"22524";"Netzwerkschrank"
"3056";"Netzwerkschränke";"22527";"Rack"
"3056";"Netzwerkschränke";"22526";"Serverschrank"
"3056";"Netzwerkschränke";"22525";"Wandgehäuse"
"3057";"Nierengurte";"22528";"Nierengurt"
"3058";"Nieten";"22529";"Blindniete"
"3058";"Nieten";"22530";"Niete"
"3059";"Notebooks";"22535";"Business-Notebook"
"3059";"Notebooks";"22536";"Chromebook"
"3059";"Notebooks";"22533";"Convertible Notebook"
"3059";"Notebooks";"22532";"Gaming-Notebook"
"3059";"Notebooks";"22537";"Netbook"
"3059";"Notebooks";"22534";"Notebook"
"3059";"Notebooks";"22531";"Ultrabook"
"3060";"Notenpulte";"22538";"Notenpult"
"3061";"Notentriegelungen";"22539";"Garagen-Notentriegelung"
"3061";"Notentriegelungen";"22540";"Garagen-Notentriegelungsschloss"
"3062";"Notizbücher";"22544";"Elektronisches Tagebuch"
"3062";"Notizbücher";"22549";"Freundebuch"
"3062";"Notizbücher";"22551";"Malbuch"
"3062";"Notizbücher";"22547";"Notizbuch"
"3062";"Notizbücher";"22545";"Notizheft"
"3062";"Notizbücher";"22543";"Poesiealbum"
"3062";"Notizbücher";"22550";"Reisetagebuch"
"3062";"Notizbücher";"22542";"Skizzenbuch"
"3062";"Notizbücher";"22552";"Stickerbuch"
"3062";"Notizbücher";"22546";"Tagebuch"
"3062";"Notizbücher";"22541";"Verbandbuch"
"3062";"Notizbücher";"22548";"Zeichenalbum"
"3063";"Notizzettel";"22554";"Haftmarker"
"3063";"Notizzettel";"22555";"Haftnotizen"
"3063";"Notizzettel";"22553";"Notizzettel"
"3064";"Nudelmaschinen";"22557";"Nudelmaschine"
"3064";"Nudelmaschinen";"22556";"Nudeltrockner"
"3065";"Nussknacker";"22558";"Nussknacker"
"3070";"Nützlinge";"22601";"Florfliegen-Larven"
"3070";"Nützlinge";"22604";"Kompostwürmer"
"3070";"Nützlinge";"22602";"Marienkäfer-Eier"
"3070";"Nützlinge";"22606";"Marienkäfer-Larven"
"3070";"Nützlinge";"22605";"Nematoden"
"3070";"Nützlinge";"22603";"Raubmilben"
"3070";"Nützlinge";"22607";"Schlupfwespen"
"3071";"Oberflächenpflegemittel";"22614";"Autopolitur"
"3071";"Oberflächenpflegemittel";"22624";"Autowachs"
"3071";"Oberflächenpflegemittel";"22609";"Bodenpflegemittel"
"3071";"Oberflächenpflegemittel";"22647";"Brillen-Antibeschlagspray"
"3071";"Oberflächenpflegemittel";"22642";"Dehnungsspray"
"3071";"Oberflächenpflegemittel";"22638";"Felgenversiegelung"
"3071";"Oberflächenpflegemittel";"22612";"Gartengeräte-Pflegespray"
"3071";"Oberflächenpflegemittel";"22615";"Holzpflegemilch"
"3071";"Oberflächenpflegemittel";"22632";"Holzpflegeöl"
"3071";"Oberflächenpflegemittel";"22643";"Imprägnierschaum"
"3071";"Oberflächenpflegemittel";"22627";"Imprägnierspray"
"3071";"Oberflächenpflegemittel";"22630";"Kunststoffpflegemittel"
"3071";"Oberflächenpflegemittel";"22610";"Kunststoffpflegetücher"
"3071";"Oberflächenpflegemittel";"22633";"Lackpolitur"
"3071";"Oberflächenpflegemittel";"22611";"Lackschutz"
"3071";"Oberflächenpflegemittel";"22613";"Leder-Pflegespray"
"3071";"Oberflächenpflegemittel";"22618";"Lederbalsam"
"3071";"Oberflächenpflegemittel";"22608";"Lederfett"
"3071";"Oberflächenpflegemittel";"22622";"Ledergrundierung"
"3071";"Oberflächenpflegemittel";"22619";"Ledermilch"
"3071";"Oberflächenpflegemittel";"22623";"Lederöl"
"3071";"Oberflächenpflegemittel";"22621";"Lederpflege"
"3071";"Oberflächenpflegemittel";"22640";"Lederpflegeset"
"3071";"Oberflächenpflegemittel";"22620";"Ledersohlenöl"
"3071";"Oberflächenpflegemittel";"22644";"Möbelpflegeöl-Set"
"3071";"Oberflächenpflegemittel";"22634";"Naturstein-Imprägnierung"
"3071";"Oberflächenpflegemittel";"22626";"Politur"
"3071";"Oberflächenpflegemittel";"22617";"Reifenpflege"
"3071";"Oberflächenpflegemittel";"22636";"Reißverschlusswachs"
"3071";"Oberflächenpflegemittel";"22635";"Scheibenversiegelung"
"3071";"Oberflächenpflegemittel";"22641";"Scheinwerferpolitur"
"3071";"Oberflächenpflegemittel";"22645";"Schuh-Dehnungsmittel"
"3071";"Oberflächenpflegemittel";"22625";"Schuh-Farbwachs"
"3071";"Oberflächenpflegemittel";"22629";"Schuh-Imprägnierschaum"
"3071";"Oberflächenpflegemittel";"22639";"Schuh-Imprägnierspray"
"3071";"Oberflächenpflegemittel";"22631";"Schuh-Pflegeschaum"
"3071";"Oberflächenpflegemittel";"22616";"Schuhcreme"
"3071";"Oberflächenpflegemittel";"22637";"Schutzwachs"
"3071";"Oberflächenpflegemittel";"22628";"Sprühwachs"
"3071";"Oberflächenpflegemittel";"22646";"Surfwachs"
"3072";"Objektivadapter";"22649";"Objektivadapter"
"3072";"Objektivadapter";"22648";"Objektivring"
"3073";"Objektivdeckel";"22653";"Gehäusedeckel"
"3073";"Objektivdeckel";"22652";"Objektivdeckel"
"3073";"Objektivdeckel";"22650";"Objektivfrontdeckel"
"3073";"Objektivdeckel";"22651";"Objektivrückdeckel"
"3074";"Objektive";"22671";"Festbrennweiteobjektiv"
"3074";"Objektive";"22670";"Fisheyeobjektiv"
"3074";"Objektive";"22667";"Infrarotobjektiv"
"3074";"Objektive";"22669";"Makroobjektiv"
"3074";"Objektive";"22657";"Normalobjektiv"
"3074";"Objektive";"22659";"Objektiv"
"3074";"Objektive";"22658";"Objektiveadapter"
"3074";"Objektive";"22662";"Pancakeobjektiv"
"3074";"Objektive";"22660";"Projektionsobjektiv"
"3074";"Objektive";"22663";"Spezialobjektiv"
"3074";"Objektive";"22655";"Superweitwinkelobjektiv"
"3074";"Objektive";"22665";"Superzoomobjektiv"
"3074";"Objektive";"22664";"Telekonverter"
"3074";"Objektive";"22656";"Teleobjektiv"
"3074";"Objektive";"22672";"Telezoomobjektiv"
"3074";"Objektive";"22673";"Ultra-Telezoomobjektiv"
"3074";"Objektive";"22668";"Ultra-Weitwinkelobjektiv"
"3074";"Objektive";"22654";"Ultraweitwinkel-Zoomobjektiv"
"3074";"Objektive";"22666";"Weitwinkelobjektiv"
"3074";"Objektive";"22661";"Zoomobjektiv"
"3075";"Objektivfilter";"22684";"Effektfilter"
"3075";"Objektivfilter";"22682";"Farbfilter"
"3075";"Objektivfilter";"22679";"Filter für Studiobeleuchtung"
"3075";"Objektivfilter";"22692";"Foto-Filter-Sets"
"3075";"Objektivfilter";"22687";"Foto-UV-Filter"
"3075";"Objektivfilter";"22675";"Gegenlichtblende"
"3075";"Objektivfilter";"22674";"Graufilter"
"3075";"Objektivfilter";"22690";"Infrarotfilter"
"3075";"Objektivfilter";"22678";"Korrekturfilter"
"3075";"Objektivfilter";"22685";"linearer Polfilter"
"3075";"Objektivfilter";"22676";"Objektivzubehör"
"3075";"Objektivfilter";"22689";"Polfilter"
"3075";"Objektivfilter";"22686";"Schutzfilter"
"3075";"Objektivfilter";"22677";"Steckfilter"
"3075";"Objektivfilter";"22691";"Sternfilter"
"3075";"Objektivfilter";"22680";"Unterwasserfilter"
"3075";"Objektivfilter";"22681";"Verlaufsfilter"
"3075";"Objektivfilter";"22688";"Weichzeichner"
"3075";"Objektivfilter";"22683";"zirkularer Polfilter"
"3076";"Objektivfilterhalter";"22693";"Filterhalter"
"3076";"Objektivfilterhalter";"22694";"Schraubfilter"
"3077";"Objektivhalterungen";"22695";"Objektivhalterung"
"3077";"Objektivhalterungen";"22696";"Objektivschelle"
"3078";"Objektträger";"22697";"Objektträger"
"3079";"Obstpflücker";"22698";"Obstpflücker"
"3080";"Ohrenreiniger";"22700";"Elektrischer Ohrenreiniger"
"3080";"Ohrenreiniger";"22701";"Ohrenkerze"
"3080";"Ohrenreiniger";"22699";"Ohrenreiniger"
"3080";"Ohrenreiniger";"22702";"Ohrenschmalz-Entferner"
"3081";"Ohrringe";"22710";"Creolen-Set"
"3081";"Ohrringe";"22709";"Einhänger für Ohrschmuck"
"3081";"Ohrringe";"22711";"Klappcreolen"
"3081";"Ohrringe";"22705";"Ohrclip-Set"
"3081";"Ohrringe";"22725";"Ohrhaken-Set"
"3081";"Ohrringe";"22719";"Ohrhänger-Set"
"3081";"Ohrringe";"22720";"Ohrklemme"
"3081";"Ohrringe";"22706";"Ohrklemmen-Set"
"3081";"Ohrringe";"22707";"Ohrring-Set"
"3081";"Ohrringe";"22717";"Ohrstecker-Set"
"3081";"Ohrringe";"22716";"Paar Creolen"
"3081";"Ohrringe";"22718";"Paar Ohrclips"
"3081";"Ohrringe";"22704";"Paar Ohrhaken"
"3081";"Ohrringe";"22724";"Paar Ohrhänger"
"3081";"Ohrringe";"22722";"Paar Ohrklemmen"
"3081";"Ohrringe";"22715";"Paar Ohrstecker"
"3081";"Ohrringe";"22708";"Paar Ohrstecker mit Ohrklemme"
"3081";"Ohrringe";"22714";"Perlenohrringe"
"3081";"Ohrringe";"22721";"Single-Creole"
"3081";"Ohrringe";"22703";"Single-Ohrhaken"
"3081";"Ohrringe";"22712";"Single-Ohrmuschel"
"3081";"Ohrringe";"22723";"Single-Ohrstecker"
"3081";"Ohrringe";"22713";"Single-Ohrstecker mit Ohrklemme"
"3082";"Ordner";"22726";"Aktenordner"
"3082";"Ordner";"22729";"Bankordner"
"3082";"Ordner";"22727";"Doppelordner"
"3082";"Ordner";"22730";"Hängeordner"
"3082";"Ordner";"22728";"Präsentationsordner"
"3899";"Ösen";"28837";"Öse"
"3899";"Ösen";"28838";"Ösenband"
"3083";"Osternester";"22731";"Osternest"
"3084";"Outdoorduschen";"22733";"Gartendusche"
"3084";"Outdoorduschen";"22732";"Solardusche"
"3085";"Outdoormesser";"22734";"Anglermesser"
"3085";"Outdoormesser";"22744";"Bastelmesser"
"3085";"Outdoormesser";"22741";"Blumenmesser"
"3085";"Outdoormesser";"22740";"Cutter"
"3085";"Outdoormesser";"22745";"Fahrtenmesser"
"3085";"Outdoormesser";"22736";"Grasschermesser"
"3085";"Outdoormesser";"22746";"Jagdmesser"
"3085";"Outdoormesser";"22735";"Machete"
"3085";"Outdoormesser";"22739";"Strauchmesser"
"3085";"Outdoormesser";"22737";"Survival Knife"
"3085";"Outdoormesser";"22742";"SwissCard"
"3085";"Outdoormesser";"22738";"Taschenmesser"
"3085";"Outdoormesser";"22743";"Universalmesser"
"3086";"Overalls";"22754";"7/8-Overall"
"3086";"Overalls";"22768";"Arbeitsoverall"
"3086";"Overalls";"22755";"Bandeauoverall"
"3086";"Overalls";"22760";"Culotte-Overall"
"3086";"Overalls";"22761";"Fleeceoverall"
"3086";"Overalls";"22766";"Jumpsuit"
"3086";"Overalls";"22749";"Kurzoverall"
"3086";"Overalls";"22753";"Maleranzug"
"3086";"Overalls";"22765";"Motorradkombi"
"3086";"Overalls";"22758";"Neckholder-Overall"
"3086";"Overalls";"22764";"Nickioverall"
"3086";"Overalls";"22757";"Overall"
"3086";"Overalls";"22759";"Playsuit"
"3086";"Overalls";"22751";"Plüschoverall"
"3086";"Overalls";"22756";"Regenoverall"
"3086";"Overalls";"22762";"Schlafoverall"
"3086";"Overalls";"22752";"Schneeoverall"
"3086";"Overalls";"22748";"Softshelloverall"
"3086";"Overalls";"22767";"Spieler"
"3086";"Overalls";"22747";"Strampler"
"3086";"Overalls";"22750";"Strandoverall"
"3086";"Overalls";"22763";"Umstandsoverall"
"3090";"Paddel";"22777";"Drachenbootpaddel"
"3090";"Paddel";"22772";"Handpaddel"
"3090";"Paddel";"22775";"Kajakpaddel"
"3090";"Paddel";"22774";"Kanadierpaddel"
"3090";"Paddel";"22776";"Schlauchbootpaddel"
"3090";"Paddel";"22773";"SUP-Paddel"
"3091";"Paneele";"22779";"3D Wandpaneel"
"3091";"Paneele";"22778";"Deckenpaneel"
"3091";"Paneele";"22783";"Deckenplatten"
"3091";"Paneele";"22786";"Dekorpaneele"
"3091";"Paneele";"22784";"Schallschutzpaneel"
"3091";"Paneele";"22781";"Verblender"
"3091";"Paneele";"22785";"Verblendsteine"
"3091";"Paneele";"22780";"Verkleidungspaneel"
"3091";"Paneele";"22782";"Wandpaneel"
"3092";"Papierdekoration";"22804";"Click-Ornamente"
"3092";"Papierdekoration";"22792";"Girlande"
"3092";"Papierdekoration";"22798";"Konfetti"
"3092";"Papierdekoration";"22805";"Luftschlange"
"3092";"Papierdekoration";"22789";"Papierblumen"
"3092";"Papierdekoration";"22797";"Papierdekoration"
"3092";"Papierdekoration";"22806";"Papierengel"
"3092";"Papierdekoration";"22794";"Papierfächer"
"3092";"Papierdekoration";"22800";"Papierlaterne"
"3092";"Papierdekoration";"22803";"Papierrosette"
"3092";"Papierdekoration";"22796";"Papierschmetterlinge"
"3092";"Papierdekoration";"22791";"Papierspitztüten"
"3092";"Papierdekoration";"22799";"Papierstern"
"3092";"Papierdekoration";"22788";"Papiersterne"
"3092";"Papierdekoration";"22802";"Pinata"
"3092";"Papierdekoration";"22787";"Pompon"
"3092";"Papierdekoration";"22801";"Schultüte"
"3092";"Papierdekoration";"22790";"Wabenball"
"3092";"Papierdekoration";"22795";"Wabendekoration"
"3092";"Papierdekoration";"22793";"Wimpelkette"
"3093";"Papiere";"22808";"Aquarellpapier"
"3093";"Papiere";"22816";"Backpapier"
"3093";"Papiere";"22809";"Bastelkartonpapier"
"3093";"Papiere";"22833";"Bindedeckblätter"
"3093";"Papiere";"22827";"Briefpapier"
"3093";"Papiere";"22825";"Designpapier"
"3093";"Papiere";"22830";"Drucker- und Kopierpapier"
"3093";"Papiere";"22818";"Druckerpapier"
"3093";"Papiere";"22831";"Endlospapier"
"3093";"Papiere";"22822";"Etikettenpapier"
"3093";"Papiere";"22812";"Farblaser-Druckerpapier"
"3093";"Papiere";"22829";"Feinpapier"
"3093";"Papiere";"22824";"Fotopapier"
"3093";"Papiere";"22832";"Geschäftspapier"
"3093";"Papiere";"22835";"Karteikarten"
"3093";"Papiere";"22828";"Kopierpapier"
"3093";"Papiere";"22813";"Kraftpapier"
"3093";"Papiere";"22823";"Laser-Druckerpapier"
"3093";"Papiere";"22820";"Millimeterpapier"
"3093";"Papiere";"22811";"Motivpapier"
"3093";"Papiere";"22821";"Papierkarton"
"3093";"Papiere";"22810";"Pergamentpapier"
"3093";"Papiere";"22817";"Plotterpapier"
"3093";"Papiere";"22807";"Recyclingpapier"
"3093";"Papiere";"22815";"Seidenpapier"
"3093";"Papiere";"22814";"Transparentpapier"
"3093";"Papiere";"22834";"Trennstreifen"
"3093";"Papiere";"22819";"Wachspapier"
"3093";"Papiere";"22826";"Zeichenpapier"
"3094";"Papierschneidegeräte";"22838";"Hebelschneidemaschine"
"3094";"Papierschneidegeräte";"22836";"Papierschneidegerät"
"3094";"Papierschneidegeräte";"22837";"Rollenschneidemaschine"
"3094";"Papierschneidegeräte";"22839";"Schneideplotter"
"3095";"Papiertücher";"22845";"Einmal-Waschhandschuh"
"3095";"Papiertücher";"22841";"Kosmetiktücher"
"3095";"Papiertücher";"22843";"Papierhandtuch"
"3095";"Papiertücher";"22840";"Papierküchenrolle"
"3095";"Papiertücher";"22842";"Papiertaschentücher"
"3095";"Papiertücher";"22844";"Toilettenpapier"
"3096";"Paraffinbäder";"22846";"Paraffinbad"
"3097";"Parallelschaltboxen";"22847";"Parallelschaltbox"
"3098";"Parfüms";"22858";"Duft-Set"
"3098";"Parfüms";"22854";"Eau de Cologne"
"3098";"Parfüms";"22855";"Eau de Parfum"
"3098";"Parfüms";"22849";"Eau de Solide"
"3098";"Parfüms";"22851";"Eau de Toilette"
"3098";"Parfüms";"22850";"Eau Fraiche"
"3098";"Parfüms";"22857";"Extrait Parfum"
"3098";"Parfüms";"22852";"Haarparfüm"
"3098";"Parfüms";"22856";"Körperpflegeduft"
"3098";"Parfüms";"22848";"Körperspray"
"3098";"Parfüms";"22853";"Öl-Parfüm"
"3098";"Parfüms";"22859";"Parfum"
"3099";"Pavillondächer";"22860";"Pavillon-Ersatzdach"
"3100";"Pavillons";"22866";"Anbaupavillon"
"3100";"Pavillons";"22864";"Faltpavillon"
"3100";"Pavillons";"22863";"Grillpavillon"
"3100";"Pavillons";"22861";"Holzpavillon"
"3100";"Pavillons";"22862";"Partyzelt"
"3100";"Pavillons";"22865";"Pavillon"
"3101";"Pavillonseitenteile";"22867";"Pavillonseitenteil"
"3101";"Pavillonseitenteile";"22868";"Terrassendach-Seitenwand"
"3087";"PC-Geräuschdämmungen";"22769";"PC-Geräuschdämmung"
"3088";"PC-Slotblenden";"22770";"PC-Slotblende"
"3089";"PC-Steuerungsmodule";"22771";"PC-Lüfter Hub"
"3102";"Peitschen";"22872";"Bodenarbeitsgerte"
"3102";"Peitschen";"22871";"Bogenpeitsche"
"3102";"Peitschen";"22878";"Dressurgerte"
"3102";"Peitschen";"22870";"Fahrpeitsche"
"3102";"Peitschen";"22874";"Longiergerte"
"3102";"Peitschen";"22876";"Longierpeitsche"
"3102";"Peitschen";"22875";"Reitgerte"
"3102";"Peitschen";"22869";"Springgerte"
"3102";"Peitschen";"22877";"Teleskop-Peitsche"
"3102";"Peitschen";"22873";"Voltigierpeitsche"
"3103";"Pergolen";"22879";"Pergola"
"3104";"Periskope";"22880";"Periskop"
"3105";"Personenwaagen";"22881";"Körper-Analyse-Waage"
"3105";"Personenwaagen";"22882";"Personenwaage"
"3106";"Perücken";"22884";"Echthaar-Extension"
"3106";"Perücken";"22887";"Echthaarperücke"
"3106";"Perücken";"22888";"Kostüm-Perücke"
"3106";"Perücken";"22883";"Kunsthaar-Extension"
"3106";"Perücken";"22886";"Kunsthaarperücke"
"3106";"Perücken";"22885";"Toupet"
"3107";"Pfannen";"22901";"Bratpfanne"
"3107";"Pfannen";"22900";"Crêpepfanne"
"3107";"Pfannen";"22903";"Feuerschalen-Pfanne"
"3107";"Pfannen";"22896";"Fischpfanne"
"3107";"Pfannen";"22899";"Grillpfanne"
"3107";"Pfannen";"22891";"Paellapfanne"
"3107";"Pfannen";"22894";"Pfannen-Set"
"3107";"Pfannen";"22893";"Poffertjespfanne"
"3107";"Pfannen";"22898";"Popcorn-Pfanne"
"3107";"Pfannen";"22889";"Raclettepfännchen"
"3107";"Pfannen";"22897";"Schmorpfanne"
"3107";"Pfannen";"22890";"Servierpfanne"
"3107";"Pfannen";"22902";"Steakpfanne"
"3107";"Pfannen";"22892";"Teppanyakiplatte"
"3107";"Pfannen";"22895";"Wok"
"3108";"Pfeile";"22906";"Carbonpfeil"
"3108";"Pfeile";"22904";"Dartpfeil"
"3108";"Pfeile";"22909";"Holzpfeil"
"3108";"Pfeile";"22908";"LARP-Pfeil"
"3108";"Pfeile";"22907";"Pfeilschaft"
"3108";"Pfeile";"22905";"Softdarts"
"3109";"Pfeilfedern";"22910";"Dart-Flights"
"3110";"Pferdedecken";"22921";"Ausreitdecke"
"3110";"Pferdedecken";"22926";"Ekzemerdecke"
"3110";"Pferdedecken";"22915";"Fohlendecke"
"3110";"Pferdedecken";"22920";"Führanlagendecke"
"3110";"Pferdedecken";"22917";"Führmaschinendecke"
"3110";"Pferdedecken";"22919";"Paddockdecke"
"3110";"Pferdedecken";"22914";"Pferde-Abschwitzdecke"
"3110";"Pferdedecken";"22928";"Pferde-Fliegendecke"
"3110";"Pferdedecken";"22916";"Pferde-Halsteil"
"3110";"Pferdedecken";"22918";"Pferde-Nierendecke"
"3110";"Pferdedecken";"22913";"Pferde-Reflexdecke"
"3110";"Pferdedecken";"22924";"Pferde-Regendecke"
"3110";"Pferdedecken";"22923";"Pferde-Satteldecke"
"3110";"Pferdedecken";"22912";"Pferde-Stalldecke"
"3110";"Pferdedecken";"22927";"Pferde-Thermodecke"
"3110";"Pferdedecken";"22911";"Pferde-Transportdecke"
"3110";"Pferdedecken";"22925";"Pferde-Übergangsdecke"
"3110";"Pferdedecken";"22922";"Pferde-Unterdecke"
"3111";"Pferdegebisse";"22931";"Fahrgebiss"
"3111";"Pferdegebisse";"22934";"gebrochenes Gebiss"
"3111";"Pferdegebisse";"22933";"Gummigebiss"
"3111";"Pferdegebisse";"22932";"Kandarengebiss"
"3111";"Pferdegebisse";"22930";"Stangengebiss"
"3111";"Pferdegebisse";"22929";"Trensengebiss"
"3112";"Pferdesättel";"22936";"Dressursattel"
"3112";"Pferdesättel";"22935";"Reitkissen"
"3112";"Pferdesättel";"22938";"Springsattel"
"3112";"Pferdesättel";"22937";"Vielseitigkeitssattel"
"3112";"Pferdesättel";"22939";"Wanderreitsattel"
"3112";"Pferdesättel";"22940";"Westernsattel"
"3113";"Pflanzen";"22943";"Apfelbaum"
"3113";"Pflanzen";"22949";"Balkonpflanze"
"3113";"Pflanzen";"22978";"Bambus"
"3113";"Pflanzen";"22965";"Bananenbaum"
"3113";"Pflanzen";"22942";"Baum"
"3113";"Pflanzen";"22958";"Beetpflanze"
"3113";"Pflanzen";"22947";"Birnbaum"
"3113";"Pflanzen";"22950";"Bodendecker"
"3113";"Pflanzen";"22948";"Clementinenbaum"
"3113";"Pflanzen";"22953";"Feigenbaum"
"3113";"Pflanzen";"22967";"Gehölze"
"3113";"Pflanzen";"22951";"Gemüsepflanze"
"3113";"Pflanzen";"22969";"Gewürzkraut"
"3113";"Pflanzen";"22957";"Gräser"
"3113";"Pflanzen";"22954";"Hecken"
"3113";"Pflanzen";"22966";"Infinity-Rosen"
"3113";"Pflanzen";"22970";"Kaktus"
"3113";"Pflanzen";"22956";"Kletterpflanze"
"3113";"Pflanzen";"22977";"Konifere"
"3113";"Pflanzen";"22974";"Kübelpflanzen"
"3113";"Pflanzen";"22975";"Mirabellenbaum"
"3113";"Pflanzen";"22960";"Nektarinenbaum"
"3113";"Pflanzen";"22963";"Obstpflanze"
"3113";"Pflanzen";"22941";"Olivenbaum"
"3113";"Pflanzen";"22962";"Pfirsichbaum"
"3113";"Pflanzen";"22946";"Pflaumenbaum"
"3113";"Pflanzen";"22976";"Rose"
"3113";"Pflanzen";"22964";"Sauerkirschenbaum"
"3113";"Pflanzen";"22968";"Staude"
"3113";"Pflanzen";"22971";"Sukkulente"
"3113";"Pflanzen";"22955";"Süßkirschenbaum"
"3113";"Pflanzen";"22952";"Topfpflanze"
"3113";"Pflanzen";"22973";"Walnussbaum"
"3113";"Pflanzen";"22972";"Wandpflanze"
"3113";"Pflanzen";"22944";"Wasserpflanze"
"3113";"Pflanzen";"22945";"Zierstrauch"
"3113";"Pflanzen";"22961";"Zimmerpflanze"
"3113";"Pflanzen";"22959";"Zitronenbaum"
"3114";"Pflanzgefäße";"23000";"Anzuchtdeckel"
"3114";"Pflanzgefäße";"22988";"Anzuchttablett"
"3114";"Pflanzgefäße";"22983";"Anzuchttopf"
"3114";"Pflanzgefäße";"22982";"Balkonkasten"
"3114";"Pflanzgefäße";"22990";"Blumenbank"
"3114";"Pflanzgefäße";"22989";"Blumenkasten"
"3114";"Pflanzgefäße";"22994";"Blumenständer"
"3114";"Pflanzgefäße";"22980";"Blumentopf"
"3114";"Pflanzgefäße";"22999";"Frühbeet"
"3114";"Pflanzgefäße";"22993";"Hochbeet"
"3114";"Pflanzgefäße";"22997";"Jardiniere"
"3114";"Pflanzgefäße";"22981";"Kräuterbeet"
"3114";"Pflanzgefäße";"22984";"Kräuterspirale"
"3114";"Pflanzgefäße";"22996";"Kräutertopf"
"3114";"Pflanzgefäße";"22995";"Pflanzeinsatz"
"3114";"Pflanzgefäße";"22986";"Pflanzentreppe"
"3114";"Pflanzgefäße";"22991";"Pflanzkübel"
"3114";"Pflanzgefäße";"22992";"Pflanzschale"
"3114";"Pflanzgefäße";"22979";"Übertopf"
"3114";"Pflanzgefäße";"22998";"Wasserhyazinthentopf"
"3114";"Pflanzgefäße";"22987";"Wasserhyazinthenvase"
"3114";"Pflanzgefäße";"22985";"Weidenkorb"
"3115";"Pflanzzwiebeln";"23001";"Blumenzwiebeln"
"3116";"Pflaster";"23009";"Anti-Pickel-Pflaster"
"3116";"Pflaster";"23015";"Anti-Schnarch-Mundpflaster"
"3116";"Pflaster";"23013";"Bienen- und Wespenpflaster"
"3116";"Pflaster";"23005";"Blasenpflaster"
"3116";"Pflaster";"23007";"Druckstellenpflaster"
"3116";"Pflaster";"23008";"Entgiftungspflaster"
"3116";"Pflaster";"23003";"Hornhautpflaster"
"3116";"Pflaster";"23012";"Hühneraugenpflaster"
"3116";"Pflaster";"23014";"Insektenstichpflaster"
"3116";"Pflaster";"23010";"Magnetpflaster"
"3116";"Pflaster";"23011";"Nasenpflaster"
"3116";"Pflaster";"23004";"Wärmepflaster"
"3116";"Pflaster";"23002";"Warzenpflaster"
"3116";"Pflaster";"23006";"Wundpflaster"
"3117";"Pfotenschutz";"23016";"Pfotenschutz"
"3117";"Pfotenschutz";"23018";"Schutzsocken"
"3117";"Pfotenschutz";"23017";"Schutzstiefel"
"3118";"Piercings";"23028";"Augenbrauenpiercing"
"3118";"Piercings";"23038";"Augenbrauenpiercing-Set"
"3118";"Piercings";"23021";"Bauchnabelpiercing"
"3118";"Piercings";"23035";"Bauchnabelpiercing-Set"
"3118";"Piercings";"23025";"Brustwarzenpiercing"
"3118";"Piercings";"23034";"Brustwarzenpiercing-Set"
"3118";"Piercings";"23030";"Dehnschnecke"
"3118";"Piercings";"23041";"Dehnschnecken-Set"
"3118";"Piercings";"23029";"Dehnsichel"
"3118";"Piercings";"23020";"Dehnsichel-Set"
"3118";"Piercings";"23036";"Dehnungsstab"
"3118";"Piercings";"23031";"Fake-Ear-Plug"
"3118";"Piercings";"23039";"Fake-Ear-Plug-Set"
"3118";"Piercings";"23033";"Fake-Spiral-Set"
"3118";"Piercings";"23037";"Fake-Spirale"
"3118";"Piercings";"23019";"Intimpiercing"
"3118";"Piercings";"23032";"Nasenpiercing"
"3118";"Piercings";"23026";"Nasenpiercing-Set"
"3118";"Piercings";"23040";"Piercing-Implantat"
"3118";"Piercings";"23027";"Piercing-Implantat-Set"
"3118";"Piercings";"23022";"Piercing-Set"
"3118";"Piercings";"23024";"Plug"
"3118";"Piercings";"23023";"Plug-Set"
"3119";"Pinnnadeln";"23043";"Heftzwecke"
"3119";"Pinnnadeln";"23042";"Pinnnadel"
"3120";"Pinsel";"23047";"Deckenbürste"
"3120";"Pinsel";"23050";"Fassadenpinsel"
"3120";"Pinsel";"23048";"Flächenstreicher"
"3120";"Pinsel";"23054";"Flachpinsel"
"3120";"Pinsel";"23055";"Heizkörperpinsel"
"3120";"Pinsel";"23052";"Lackierpinsel"
"3120";"Pinsel";"23049";"Lasurpinsel"
"3120";"Pinsel";"23056";"Malpinsel"
"3120";"Pinsel";"23044";"Pinsel"
"3120";"Pinsel";"23046";"Plattpinsel"
"3120";"Pinsel";"23051";"Ringpinsel"
"3120";"Pinsel";"23058";"Schrägstrichzieher"
"3120";"Pinsel";"23045";"Streichbürste"
"3120";"Pinsel";"23057";"Vertreiber"
"3120";"Pinsel";"23053";"Winkelpinsel"
"3121";"Pinzetten";"23061";"Augenbrauenpinzette"
"3121";"Pinzetten";"23064";"Gesichtshaarentferner"
"3121";"Pinzetten";"23063";"Kreuzpinzette"
"3121";"Pinzetten";"23060";"Lichtpinzette"
"3121";"Pinzetten";"23062";"Pinzette"
"3121";"Pinzetten";"23065";"Präzisionspinzette"
"3121";"Pinzetten";"23059";"Zeckenpinzette"
"3122";"Pitchgabeln";"23066";"Pitchgabel"
"3123";"Pizzaöfen";"23067";"Pizzaofen"
"3124";"Planen";"23071";"Autoplane"
"3124";"Planen";"23091";"Bodenschutzplane"
"3124";"Planen";"23086";"Fahrradschutzhülle"
"3124";"Planen";"23087";"Faltgarage"
"3124";"Planen";"23077";"Gartenmöbel-Schutzhülle"
"3124";"Planen";"23092";"Gitterfolie"
"3124";"Planen";"23078";"Grill-Schutzhülle"
"3124";"Planen";"23076";"Hagelschutzplane"
"3124";"Planen";"23082";"Heizstrahler-Schutzhülle"
"3124";"Planen";"23070";"Laubschutznetz"
"3124";"Planen";"23080";"Pavillon-Schutzhülle"
"3124";"Planen";"23075";"Pool-Abdeckplane"
"3124";"Planen";"23085";"Rasenmäher-Schutzhülle"
"3124";"Planen";"23081";"Rasentraktor-Schutzhülle"
"3124";"Planen";"23089";"Regenschutzplane"
"3124";"Planen";"23083";"Sandkasten-Abdeckplane"
"3124";"Planen";"23084";"Schutzplane"
"3124";"Planen";"23068";"Solarabdeckplane"
"3124";"Planen";"23069";"Sonnenschirm-Schutzhülle"
"3124";"Planen";"23072";"Strandkorb-Schutzhülle"
"3124";"Planen";"23088";"Trampolin-Abdeckplane"
"3124";"Planen";"23090";"Winterschutzhaube"
"3124";"Planen";"23073";"Wohnmobilschutzhülle"
"3124";"Planen";"23074";"Wohnwagenschutzhülle"
"3124";"Planen";"23079";"Zeltunterlage"
"3125";"Planschbecken";"23094";"Hundepool"
"3125";"Planschbecken";"23093";"Planschbecken"
"3126";"Plattenspieler";"23097";"Multifunktionsspieler"
"3126";"Plattenspieler";"23095";"Plattenspieler"
"3126";"Plattenspieler";"23096";"Radioplattenspieler"
"3126";"Plattenspieler";"23098";"Soundmaster"
"3127";"Platzsets";"23099";"Platzset"
"3128";"Plektren";"23100";"Plektrum"
"3129";"Plissees";"23104";"Dachfensterplissee"
"3129";"Plissees";"23108";"Dachfensterplissee nach Maß"
"3129";"Plissees";"23105";"Doppelplissee"
"3129";"Plissees";"23110";"Doppelplissee nach Maß"
"3129";"Plissees";"23102";"Insektenschutzplissee"
"3129";"Plissees";"23106";"Klebe-Plissee"
"3129";"Plissees";"23101";"Plissee"
"3129";"Plissees";"23107";"Plissee nach Maß"
"3129";"Plissees";"23103";"Wabenplissee"
"3129";"Plissees";"23109";"Wabenplissee nach Maß"
"3131";"Plüschfiguren";"23113";"Kuscheltier"
"3131";"Plüschfiguren";"23112";"Plüschanhänger"
"3131";"Plüschfiguren";"23114";"Plüschfigur"
"3130";"Plyo-Boxen";"23111";"Plyo-Box"
"3132";"Poliermaschinen";"23116";"Akku-Poliermaschine"
"3132";"Poliermaschinen";"23117";"Exzenter Poliermaschine"
"3132";"Poliermaschinen";"23115";"Poliermaschine"
"3132";"Poliermaschinen";"23118";"Rotationspoliermaschine"
"3132";"Poliermaschinen";"23119";"Winkelpolierer"
"3133";"Polierpads";"23120";"Polierpad"
"3134";"Polklemmen";"23121";"Batteriepolklemme"
"3134";"Polklemmen";"23122";"Ladezange"
"3135";"Polsterauflagen";"23128";"Armlehnenkissen"
"3135";"Polsterauflagen";"23123";"Auflagekissen"
"3135";"Polsterauflagen";"23127";"Bankauflage"
"3135";"Polsterauflagen";"23130";"Hochlehnerauflage"
"3135";"Polsterauflagen";"23126";"Hochstuhlauflage"
"3135";"Polsterauflagen";"23137";"Hockerauflage"
"3135";"Polsterauflagen";"23135";"Inkontinenz-Sitzauflage"
"3135";"Polsterauflagen";"23124";"Kopfstütze"
"3135";"Polsterauflagen";"23132";"Kopfteil"
"3135";"Polsterauflagen";"23133";"Liegenauflage"
"3135";"Polsterauflagen";"23136";"Polsterauflage"
"3135";"Polsterauflagen";"23139";"Regalauflage"
"3135";"Polsterauflagen";"23134";"Sesselauflage"
"3135";"Polsterauflagen";"23129";"Sitzauflage"
"3135";"Polsterauflagen";"23138";"Sofakissen"
"3135";"Polsterauflagen";"23125";"Wandpolster"
"3135";"Polsterauflagen";"23131";"Zierkissen"
"3136";"Polsterelemente";"23142";"Sofa-Eckelement"
"3136";"Polsterelemente";"23143";"Sofa-Mittelelement"
"3136";"Polsterelemente";"23141";"Sofaelement"
"3136";"Polsterelemente";"23140";"Sonnenschutzelement"
"3137";"Polstermaterialien";"23144";"Bügelpolster"
"3137";"Polstermaterialien";"23145";"Nachfüllpack"
"3138";"Poolbodensauger";"23146";"Poolbodensauger"
"3138";"Poolbodensauger";"23147";"Poolroboter"
"3139";"Popcornmaschinen";"23148";"2-in-1-Popcornmaschine"
"3139";"Popcornmaschinen";"23149";"Popcornmaschine"
"3140";"Porenreinigungsgeräte";"23153";"Anti-Aging-Gerät"
"3140";"Porenreinigungsgeräte";"23150";"Enhancer"
"3140";"Porenreinigungsgeräte";"23151";"Gesichtssauna"
"3140";"Porenreinigungsgeräte";"23152";"Porenreiniger"
"3141";"Postkarten";"23163";"Abschiedskarte"
"3141";"Postkarten";"23164";"Adventskarte"
"3141";"Postkarten";"23170";"Ansichtskarte"
"3141";"Postkarten";"23162";"Beileidskarte"
"3141";"Postkarten";"23184";"Blanko-Faltkarte"
"3141";"Postkarten";"23185";"Blanko-Postkarte"
"3141";"Postkarten";"23175";"Dankeskarte"
"3141";"Postkarten";"23181";"Einladungskarten"
"3141";"Postkarten";"23166";"Einzugskarte"
"3141";"Postkarten";"23156";"Geburt (Junge)"
"3141";"Postkarten";"23180";"Geburt (Mädchen)"
"3141";"Postkarten";"23155";"Geburtskarte"
"3141";"Postkarten";"23157";"Geburtstagskarte"
"3141";"Postkarten";"23182";"Geburtstagskarten"
"3141";"Postkarten";"23154";"Genesungskarte"
"3141";"Postkarten";"23161";"Geschenkkarte"
"3141";"Postkarten";"23167";"Glückwunschkarte"
"3141";"Postkarten";"23176";"Grußkarte"
"3141";"Postkarten";"23183";"Grußkarten"
"3141";"Postkarten";"23177";"Hochzeitskarte"
"3141";"Postkarten";"23171";"Jubiläumskarte"
"3141";"Postkarten";"23172";"Klappkarte"
"3141";"Postkarten";"23158";"Kommunionskarte"
"3141";"Postkarten";"23160";"Konfirmationskarte"
"3141";"Postkarten";"23173";"Muttertagskarte"
"3141";"Postkarten";"23159";"Osterkarte"
"3141";"Postkarten";"23165";"Postkarte"
"3141";"Postkarten";"23179";"Schulanfangskarte"
"3141";"Postkarten";"23178";"Taufkarte"
"3141";"Postkarten";"23169";"Valentinstagskarte"
"3141";"Postkarten";"23174";"Vatertagskarte"
"3141";"Postkarten";"23168";"Weihnachtskarte"
"3142";"Poufs";"23187";"Chillkissen"
"3142";"Poufs";"23186";"Pouf"
"3151";"Präparate";"23285";"Mikroskop-Dauerpräparat"
"3152";"Präzisionswaagen";"23286";"Präzisionswaage"
"3143";"Prepaidkarten";"23189";"HD+ Karte"
"3143";"Prepaidkarten";"23188";"Prepaidkarte"
"3144";"Profile";"23210";"Abdeckprofil"
"3144";"Profile";"23202";"Abschlussprofil"
"3144";"Profile";"23195";"Anpassprofil"
"3144";"Profile";"23209";"Anschlussprofil"
"3144";"Profile";"23203";"Aussteifungsprofil"
"3144";"Profile";"23208";"Deckenprofil"
"3144";"Profile";"23194";"Eckprofil"
"3144";"Profile";"23204";"Fensterbankanschlussprofil"
"3144";"Profile";"23199";"Flexprofil"
"3144";"Profile";"23198";"Hochbeet-Profil"
"3144";"Profile";"23192";"Hutprofil"
"3144";"Profile";"23211";"Laufschienenprofil"
"3144";"Profile";"23193";"Profil"
"3144";"Profile";"23190";"Rahmenprofil"
"3144";"Profile";"23201";"Stabilisierungsprofil"
"3144";"Profile";"23207";"Ständerprofil"
"3144";"Profile";"23197";"Treppenkantenprofil"
"3144";"Profile";"23205";"Treppenläuferstange"
"3144";"Profile";"23206";"Übergangsprofil"
"3144";"Profile";"23200";"Verbindungsprofil"
"3144";"Profile";"23191";"Wandanschlussprofil"
"3144";"Profile";"23196";"Winkelprofil"
"3145";"Profilverbinder";"23214";"Eckverbinder"
"3145";"Profilverbinder";"23215";"Führungsschienenverbinder"
"3145";"Profilverbinder";"23213";"Gelenkverbinder"
"3145";"Profilverbinder";"23217";"Profil-Eckverbinder"
"3145";"Profilverbinder";"23212";"Profilverbinder"
"3145";"Profilverbinder";"23216";"Streckenverbinder"
"3146";"Projektionsleinwände";"23223";"Deckeneinbauleinwand"
"3146";"Projektionsleinwände";"23225";"Faltrahmenleinwand"
"3146";"Projektionsleinwände";"23221";"Motorleinwand"
"3146";"Projektionsleinwände";"23218";"Pull-Up-Leinwand"
"3146";"Projektionsleinwände";"23224";"Rahmenleinwand"
"3146";"Projektionsleinwände";"23220";"Rolloleinwand"
"3146";"Projektionsleinwände";"23219";"Stativleinwand"
"3146";"Projektionsleinwände";"23222";"Tischleinwand"
"3147";"Propeller";"23226";"Bootspropeller"
"3147";"Propeller";"23227";"Drohnenpropeller"
"3147";"Propeller";"23228";"Modellbaupropeller"
"3148";"Prospekthüllen";"23229";"Prospekthülle"
"3148";"Prospekthüllen";"23230";"Visitenkartenhülle"
"3149";"Protektoren";"23258";"Armschoner"
"3149";"Protektoren";"23283";"Bogen-Armschutz"
"3149";"Protektoren";"23263";"Brustpanzer"
"3149";"Protektoren";"23250";"Brustprotektor"
"3149";"Protektoren";"23268";"Brustschutz"
"3149";"Protektoren";"23262";"Eishockey Brustpanzer"
"3149";"Protektoren";"23280";"Eishockey Schienbeinschoner"
"3149";"Protektoren";"23235";"Eishockey Torwartschiene"
"3149";"Protektoren";"23233";"Ellenbogenprotektor"
"3149";"Protektoren";"23242";"Ellenbogenschutz"
"3149";"Protektoren";"23245";"Feldhockey Brustpanzer"
"3149";"Protektoren";"23254";"Feldhockey Schienbeinschoner"
"3149";"Protektoren";"23232";"Feldhockey Torwartkicker"
"3149";"Protektoren";"23267";"Feldhockey Torwartschiene"
"3149";"Protektoren";"23282";"Fingertab"
"3149";"Protektoren";"23244";"Fußball Schienbeinschoner"
"3149";"Protektoren";"23252";"Fußschutz"
"3149";"Protektoren";"23266";"Halsprotektor"
"3149";"Protektoren";"23276";"Handgelenkschutz"
"3149";"Protektoren";"23277";"Handschoner"
"3149";"Protektoren";"23251";"Handschutz"
"3149";"Protektoren";"23273";"Hockey Eckenmaske"
"3149";"Protektoren";"23247";"Hockey Ellenbogenschutz"
"3149";"Protektoren";"23231";"Hockey Halsprotektor"
"3149";"Protektoren";"23271";"Hockey Knieschutz"
"3149";"Protektoren";"23246";"Hüftschutz"
"3149";"Protektoren";"23238";"Ju-Jutsu Handschutz"
"3149";"Protektoren";"23275";"Kampfsport Schienbeinschoner"
"3149";"Protektoren";"23256";"Knieprotektor"
"3149";"Protektoren";"23239";"Knieschleifer"
"3149";"Protektoren";"23279";"Knieschutz"
"3149";"Protektoren";"23234";"Kopfprotektor"
"3149";"Protektoren";"23241";"Kopfschutz"
"3149";"Protektoren";"23264";"Nackenschutz"
"3149";"Protektoren";"23274";"Prallschutzweste"
"3149";"Protektoren";"23243";"Protektoren-Set"
"3149";"Protektoren";"23240";"Protektorenhemd"
"3149";"Protektoren";"23257";"Protektorenhose"
"3149";"Protektoren";"23253";"Protektorenjacke"
"3149";"Protektoren";"23261";"Protektorenshirt"
"3149";"Protektoren";"23255";"Protektorenshorts"
"3149";"Protektoren";"23259";"Protektorenweste"
"3149";"Protektoren";"23272";"Rückgrat-/Rückenprotektor"
"3149";"Protektoren";"23281";"Rückgrat-/Rückenschutz"
"3149";"Protektoren";"23278";"Schienbeinschutz"
"3149";"Protektoren";"23248";"Schulterprotektor"
"3149";"Protektoren";"23249";"Schulterschutz"
"3149";"Protektoren";"23270";"Schutzhose"
"3149";"Protektoren";"23237";"Schutzjacke"
"3149";"Protektoren";"23265";"Schutzweste"
"3149";"Protektoren";"23260";"Stützband"
"3149";"Protektoren";"23269";"Tiefschutz"
"3149";"Protektoren";"23236";"Zahnschutz"
"3150";"Prozessoren";"23284";"Prozessor"
"3153";"Pullover";"23314";"2-in-1-Pullover"
"3153";"Pullover";"23291";"3/4 Arm-Pullover"
"3153";"Pullover";"23311";"Ajourpullover"
"3153";"Pullover";"23288";"Carmenpullover"
"3153";"Pullover";"23301";"Fledermauspullover"
"3153";"Pullover";"23298";"Jacquardpullover"
"3153";"Pullover";"23308";"Kapuzenpullover"
"3153";"Pullover";"23315";"Kaschmirpullover"
"3153";"Pullover";"23292";"Kurzarmpullover"
"3153";"Pullover";"23295";"Longpullover"
"3153";"Pullover";"23287";"Longpullunder"
"3153";"Pullover";"23312";"Neopren-Hoodie"
"3153";"Pullover";"23296";"Norwegerpullover"
"3153";"Pullover";"23319";"Polokragenpullover"
"3153";"Pullover";"23306";"Pullunder"
"3153";"Pullover";"23300";"Rhombenpullover"
"3153";"Pullover";"23299";"Rollkragenpullover"
"3153";"Pullover";"23307";"Rundhalspullover"
"3153";"Pullover";"23316";"Schalkragenpullover"
"3153";"Pullover";"23318";"Stehkragenpullover"
"3153";"Pullover";"23294";"Stillpullover"
"3153";"Pullover";"23297";"Strandpullover"
"3153";"Pullover";"23309";"Streifenpullover"
"3153";"Pullover";"23310";"Strickfleece-Pullover"
"3153";"Pullover";"23321";"Strickponcho"
"3153";"Pullover";"23320";"Strickpullover"
"3153";"Pullover";"23293";"Trachtenponcho"
"3153";"Pullover";"23302";"Trainingskapuzenpullover"
"3153";"Pullover";"23323";"Trainingspullover"
"3153";"Pullover";"23290";"Troyer"
"3153";"Pullover";"23322";"Umstandspullover"
"3153";"Pullover";"23303";"V-Ausschnitt-Pullover"
"3153";"Pullover";"23304";"Vokuhila-Pullover"
"3153";"Pullover";"23313";"Wasserfallpullover"
"3153";"Pullover";"23317";"Weihnachtspullover"
"3153";"Pullover";"23305";"Wickelpullover"
"3153";"Pullover";"23289";"Wollpullover"
"3154";"Pumpen";"23339";"Akku-Gartenpumpe"
"3154";"Pumpen";"23350";"Akku-Luftpumpe"
"3154";"Pumpen";"23333";"Aquarienpumpe"
"3154";"Pumpen";"23362";"Bachlaufpumpe"
"3154";"Pumpen";"23365";"Ballpumpe"
"3154";"Pumpen";"23351";"Blasebalg"
"3154";"Pumpen";"23346";"CO2-Pumpe"
"3154";"Pumpen";"23335";"Dämpferpumpe"
"3154";"Pumpen";"23329";"Doppelkopfpumpe"
"3154";"Pumpen";"23360";"Elektropumpe"
"3154";"Pumpen";"23353";"Fahrradpumpe"
"3154";"Pumpen";"23342";"Filterpumpe"
"3154";"Pumpen";"23345";"Fußpumpe"
"3154";"Pumpen";"23331";"Gabelpumpe"
"3154";"Pumpen";"23325";"Gartenpumpe"
"3154";"Pumpen";"23344";"Grillgebläse"
"3154";"Pumpen";"23356";"Handpumpe"
"3154";"Pumpen";"23336";"Hauswasserwerk"
"3154";"Pumpen";"23324";"Hebeanlage"
"3154";"Pumpen";"23348";"Hochdruckpumpe"
"3154";"Pumpen";"23338";"Kitepumpe"
"3154";"Pumpen";"23326";"Klarwasserpumpe"
"3154";"Pumpen";"23358";"Luftpumpe"
"3154";"Pumpen";"23355";"Minipumpe"
"3154";"Pumpen";"23330";"Ölabsaugpumpe"
"3154";"Pumpen";"23359";"Pool-Filterpumpe"
"3154";"Pumpen";"23352";"Regenfasspumpe"
"3154";"Pumpen";"23332";"Schmutzwasser-Tauchpumpe"
"3154";"Pumpen";"23347";"Schmutzwasserpumpe"
"3154";"Pumpen";"23334";"Schutzwasserpumpe"
"3154";"Pumpen";"23328";"Solarpumpe"
"3154";"Pumpen";"23340";"Springbrunnenpumpe"
"3154";"Pumpen";"23337";"Standpumpe"
"3154";"Pumpen";"23327";"SUP-Pumpe"
"3154";"Pumpen";"23363";"Tauchdruckpumpe"
"3154";"Pumpen";"23341";"Tauchpumpe"
"3154";"Pumpen";"23343";"Teichpumpe"
"3154";"Pumpen";"23357";"Tiefbrunnenpumpe"
"3154";"Pumpen";"23361";"Umwälzpumpe"
"3154";"Pumpen";"23354";"Wasserkühlungspumpe"
"3154";"Pumpen";"23349";"Wasserpumpe"
"3154";"Pumpen";"23364";"Whirlpool-Pumpe"
"3155";"Puppen";"23372";"Anziehpuppe"
"3155";"Puppen";"23369";"Babypuppe"
"3155";"Puppen";"23375";"Biegepuppe"
"3155";"Puppen";"23367";"Fingerpuppe"
"3155";"Puppen";"23371";"Handpuppe"
"3155";"Puppen";"23366";"Meerjungfrauenpuppe"
"3155";"Puppen";"23373";"Minipuppe"
"3155";"Puppen";"23370";"Porzellanpuppe"
"3155";"Puppen";"23368";"Stehpuppe"
"3155";"Puppen";"23374";"Stoffpuppe"
"3156";"Puppenausstattungen";"23378";"Puppen Accessoires-Set"
"3156";"Puppenausstattungen";"23402";"Puppen Autositz"
"3156";"Puppenausstattungen";"23401";"Puppen Badewanne"
"3156";"Puppenausstattungen";"23394";"Puppen Bauchtrage"
"3156";"Puppenausstattungen";"23398";"Puppen Bettwäsche"
"3156";"Puppenausstattungen";"23396";"Puppen Dusche"
"3156";"Puppenausstattungen";"23393";"Puppen Fahrradsitz"
"3156";"Puppenausstattungen";"23407";"Puppen Fahrzeug"
"3156";"Puppenausstattungen";"23409";"Puppen Flasche"
"3156";"Puppenausstattungen";"23379";"Puppen Helm"
"3156";"Puppenausstattungen";"23383";"Puppen Koffer"
"3156";"Puppenausstattungen";"23391";"Puppen Liegestuhl"
"3156";"Puppenausstattungen";"23389";"Puppen Planschbecken"
"3156";"Puppenausstattungen";"23397";"Puppen Reiseset"
"3156";"Puppenausstattungen";"23406";"Puppen Rucksack"
"3156";"Puppenausstattungen";"23387";"Puppen Schlafsack"
"3156";"Puppenausstattungen";"23377";"Puppen Schnuller"
"3156";"Puppenausstattungen";"23382";"Puppen Schuhe"
"3156";"Puppenausstattungen";"23403";"Puppen Spielcenter"
"3156";"Puppenausstattungen";"23399";"Puppen Toilette"
"3156";"Puppenausstattungen";"23392";"Puppen Töpfchen"
"3156";"Puppenausstattungen";"23381";"Puppen Trage"
"3156";"Puppenausstattungen";"23405";"Puppen Tragetasche"
"3156";"Puppenausstattungen";"23408";"Puppen Wickelrucksack"
"3156";"Puppenausstattungen";"23400";"Puppen Wickeltasche"
"3156";"Puppenausstattungen";"23388";"Puppen Wickelzeug"
"3156";"Puppenausstattungen";"23395";"Puppen Windeln"
"3156";"Puppenausstattungen";"23376";"Puppen Zelt"
"3156";"Puppenausstattungen";"23385";"Puppen Zelte"
"3156";"Puppenausstattungen";"23390";"Puppen Ziehwagen"
"3156";"Puppenausstattungen";"23380";"Puppen-Tischsitz"
"3156";"Puppenausstattungen";"23404";"Puppengeschirr"
"3156";"Puppenausstattungen";"23384";"Puppenschaukel"
"3156";"Puppenausstattungen";"23386";"Puppentier"
"3157";"Puppenhäuser";"23410";"Puppenhaus"
"3158";"Puppenkleidung";"23411";"Puppenkleidung"
"3159";"Puppenmöbel";"23413";"Puppen Pflegecenter"
"3159";"Puppenmöbel";"23412";"Puppenbett"
"3159";"Puppenmöbel";"23417";"Puppenhausmöbel"
"3159";"Puppenmöbel";"23419";"Puppenhochstuhl"
"3159";"Puppenmöbel";"23420";"Puppenkleiderschrank"
"3159";"Puppenmöbel";"23421";"Puppenmöbel"
"3159";"Puppenmöbel";"23422";"Puppenschalensitz"
"3159";"Puppenmöbel";"23416";"Puppenstuhl"
"3159";"Puppenmöbel";"23418";"Puppentisch"
"3159";"Puppenmöbel";"23423";"Puppenwaschtisch"
"3159";"Puppenmöbel";"23415";"Puppenwickeltisch"
"3159";"Puppenmöbel";"23414";"Puppenwiege"
"3160";"Puppentheater";"23425";"Kasperletheater"
"3160";"Puppentheater";"23424";"Puppentheater"
"3160";"Puppentheater";"23426";"Türtheater"
"3161";"Puppenwagen";"23429";"Kombi-Puppenwagen"
"3161";"Puppenwagen";"23427";"Puppen-Zwillingsbuggy"
"3161";"Puppenwagen";"23435";"Puppenauto"
"3161";"Puppenwagen";"23431";"Puppenbuggy"
"3161";"Puppenwagen";"23437";"Puppenfahrrad"
"3161";"Puppenwagen";"23428";"Puppenkutsche"
"3161";"Puppenwagen";"23433";"Puppenroller"
"3161";"Puppenwagen";"23432";"Puppenschlitten"
"3161";"Puppenwagen";"23436";"Puppenwagen"
"3161";"Puppenwagen";"23434";"Puppenwohnwagen"
"3161";"Puppenwagen";"23430";"Zwillingspuppenwagen"
"3162";"Putze";"23445";"Baumwollputz"
"3162";"Putze";"23451";"Dispersions-Silikatputz"
"3162";"Putze";"23450";"Gips-Kalk-Putz"
"3162";"Putze";"23442";"Gipsputz"
"3162";"Putze";"23441";"Kalkputz"
"3162";"Putze";"23444";"Kalkzementputz"
"3162";"Putze";"23439";"Kunstharzputz"
"3162";"Putze";"23443";"Kunststoffputz"
"3162";"Putze";"23440";"Lehmputz"
"3162";"Putze";"23448";"Leichtputz"
"3162";"Putze";"23438";"Luftkalkputz"
"3162";"Putze";"23446";"Silikonharzputz"
"3162";"Putze";"23449";"Sumpfkalkputz"
"3162";"Putze";"23447";"Zementputz"
"3163";"Putztücher";"23460";"Bildschirmreinigungstuch"
"3163";"Putztücher";"23456";"Golftuch"
"3163";"Putztücher";"23459";"Mikrofaserpad"
"3163";"Putztücher";"23453";"Mikrofasertuch"
"3163";"Putztücher";"23452";"Moppaufsatz"
"3163";"Putztücher";"23454";"Pflegetuch"
"3163";"Putztücher";"23457";"Reinigungstuch"
"3163";"Putztücher";"23461";"Reinigungstücher"
"3163";"Putztücher";"23458";"Schuhputztuch"
"3163";"Putztücher";"23455";"Wischbezug"
"3163";"Putztücher";"23462";"Wischmopp-Ersatzkopf"
"3164";"Puzzleorganizer";"23465";"Puzzle-Sortierschale"
"3164";"Puzzleorganizer";"23463";"Puzzle-Tasche"
"3164";"Puzzleorganizer";"23464";"Puzzlematte"
"3164";"Puzzleorganizer";"23466";"Puzzleunterlage"
"3165";"Puzzles";"23467";"3D-Puzzle"
"3165";"Puzzles";"23470";"Konturenpuzzle"
"3165";"Puzzles";"23471";"Puzzle"
"3165";"Puzzles";"23468";"Puzzleball"
"3165";"Puzzles";"23473";"Rahmenpuzzle"
"3165";"Puzzles";"23469";"Steckpuzzle"
"3165";"Puzzles";"23472";"Würfelpuzzle"
"3166";"Pylonen";"23479";"Leitkegel"
"3166";"Pylonen";"23478";"Markierungshütchen"
"3166";"Pylonen";"23475";"Markierungsscheibe"
"3166";"Pylonen";"23477";"Pylone"
"3166";"Pylonen";"23474";"Startkasten"
"3166";"Pylonen";"23476";"Wurfdistanz-Kasten"
"3167";"Quads";"23482";"ATV"
"3167";"Quads";"23480";"E-Quad"
"3167";"Quads";"23481";"Quad"
"3168";"Queues";"23484";"Billardqueue"
"3168";"Queues";"23483";"Hilfsqueue"
"3170";"Racketsportschläger";"23494";"Badmintonschläger"
"3170";"Racketsportschläger";"23489";"Beachballschläger"
"3170";"Racketsportschläger";"23487";"Federballschläger"
"3170";"Racketsportschläger";"23486";"Padelschläger"
"3170";"Racketsportschläger";"23490";"Pickleballschläger"
"3170";"Racketsportschläger";"23492";"Softtennis-Schläger"
"3170";"Racketsportschläger";"23488";"Speed-Badmintonschläger"
"3170";"Racketsportschläger";"23491";"Squashschläger"
"3170";"Racketsportschläger";"23493";"Tennisschläger"
"3171";"Raclettes";"23495";"Raclette"
"3171";"Raclettes";"23496";"Raclette und Fondue-Set"
"3242";"Räder";"24115";"Anhänger-Stützrad"
"3242";"Räder";"24125";"Ersatzrad"
"3242";"Räder";"24121";"Fahrrad-Laufrad"
"3242";"Räder";"24122";"Fahrrad-Stützrad"
"3242";"Räder";"24116";"Inlineskates-Rolle"
"3242";"Räder";"24120";"Kinderfahrzeug-Räder"
"3242";"Räder";"24119";"Longboard-Rolle"
"3242";"Räder";"24126";"Mähroboter-Rad"
"3242";"Räder";"24113";"Radhülse"
"3242";"Räder";"24118";"Rasentraktor-Rad"
"3242";"Räder";"24114";"Sackkarren-Rad"
"3242";"Räder";"24117";"Schubkarren-Rad"
"3242";"Räder";"24123";"Stützrad"
"3242";"Räder";"24124";"Tretfahrzeug-Rad"
"3172";"Radiergummis";"23497";"Radiergummi"
"3173";"Radios";"23511";"Autoradio"
"3173";"Radios";"23515";"Baustellenradio"
"3173";"Radios";"23505";"Boombox"
"3173";"Radios";"23500";"CD-Radiorecorder"
"3173";"Radios";"23509";"Digitalradio (DAB+)"
"3173";"Radios";"23506";"Dockingstation"
"3173";"Radios";"23510";"Fahrrad-Radio"
"3173";"Radios";"23498";"Internet-Radio"
"3173";"Radios";"23512";"KFZ Adapter"
"3173";"Radios";"23503";"Küchen-Radio"
"3173";"Radios";"23499";"Microanlage"
"3173";"Radios";"23508";"Netzwerkplayer"
"3173";"Radios";"23517";"Notfallradio"
"3173";"Radios";"23502";"Radio"
"3173";"Radios";"23513";"Retro-Radio"
"3173";"Radios";"23501";"Steckdosen-Radio"
"3173";"Radios";"23507";"Stereoanlage"
"3173";"Radios";"23516";"Uhrenradio"
"3173";"Radios";"23504";"UKW-Radio"
"3173";"Radios";"23514";"Weltempfänger"
"3174";"Radkappen";"23519";"Radkappe"
"3174";"Radkappen";"23518";"Radkappen"
"3175";"Raffhalter";"23525";"Dekoklammer für Raffhalter"
"3175";"Raffhalter";"23522";"Dekospange"
"3175";"Raffhalter";"23520";"Donauklammer"
"3175";"Raffhalter";"23527";"Raffhaken"
"3175";"Raffhalter";"23523";"Raffhalter"
"3175";"Raffhalter";"23528";"Raffspange"
"3175";"Raffhalter";"23524";"Schalhalter"
"3175";"Raffhalter";"23521";"Schleuderquaste"
"3175";"Raffhalter";"23526";"Schlüsselquaste"
"3175";"Raffhalter";"23529";"Zugkordel"
"3176";"Raffrollos";"23530";"Bändchenrollo"
"3176";"Raffrollos";"23533";"Magnetrollo"
"3176";"Raffrollos";"23532";"Plisseerollo"
"3176";"Raffrollos";"23531";"Raffrollo"
"3176";"Raffrollos";"23534";"Raffrollo nach Maß"
"3177";"Rampen";"23538";"Auffahrrampe"
"3177";"Rampen";"23539";"Fahrradrampe"
"3177";"Rampen";"23540";"Haustiertreppe"
"3177";"Rampen";"23536";"Hunderampe"
"3177";"Rampen";"23535";"Laderampe"
"3177";"Rampen";"23541";"Schutzgitter-Bodenplatte"
"3177";"Rampen";"23537";"Skaterrampe"
"3178";"Rankhilfen";"23544";"Erdbeerreifer"
"3178";"Rankhilfen";"23547";"Rankgitter"
"3178";"Rankhilfen";"23545";"Rankhilfe"
"3178";"Rankhilfen";"23546";"Ranksäule"
"3178";"Rankhilfen";"23542";"Rosenbogen"
"3178";"Rankhilfen";"23543";"Spalier"
"3179";"Rasenmäher";"23549";"Akkurasenmäher"
"3179";"Rasenmäher";"23548";"Benzinrasenmäher"
"3179";"Rasenmäher";"23550";"Elektrorasenmäher"
"3179";"Rasenmäher";"23552";"Hochgrasmäher"
"3179";"Rasenmäher";"23553";"Schlegelmäher"
"3179";"Rasenmäher";"23551";"Spindelmäher"
"3180";"Rasenmähroboter";"23554";"Rasenmähroboter"
"3181";"Rasentraktoren";"23556";"Akku-Rasentraktor"
"3181";"Rasentraktoren";"23555";"Rasentraktor"
"3182";"Rasierer";"23558";"Augenbrauenrasierer"
"3182";"Rasierer";"23563";"Einwegrasierer"
"3182";"Rasierer";"23564";"Enthaarungspad"
"3182";"Rasierer";"23557";"Körperrasierer"
"3182";"Rasierer";"23561";"Nassrasierer"
"3182";"Rasierer";"23560";"Rasierhobel"
"3182";"Rasierer";"23562";"Rasiermesser"
"3182";"Rasierer";"23559";"Shavette"
"3183";"Rasierklingen";"23565";"Rasierklingen"
"3184";"Rasierpinsel";"23566";"Rasierpinsel"
"3184";"Rasierpinsel";"23567";"Rasierpinsel-Set"
"3184";"Rasierpinsel";"23568";"Reise-Rasierpinsel"
"3185";"Rasierschalen";"23571";"Rasiermug"
"3185";"Rasierschalen";"23570";"Rasierschale"
"3185";"Rasierschalen";"23569";"Rasiertasse"
"3186";"Rasierschäume";"23579";"Rasier-Set"
"3186";"Rasierschäume";"23575";"Rasiercreme"
"3186";"Rasierschäume";"23572";"Rasieremulsion"
"3186";"Rasierschäume";"23577";"Rasiergel"
"3186";"Rasierschäume";"23574";"Rasiermousse"
"3186";"Rasierschäume";"23576";"Rasieröl"
"3186";"Rasierschäume";"23578";"Rasierschaum"
"3186";"Rasierschäume";"23573";"Rasierseife"
"3187";"Rasiersets";"23582";"Rasierset"
"3187";"Rasiersets";"23580";"Rasierset-Ständer"
"3187";"Rasiersets";"23581";"Reise-Rasierset"
"3188";"Rasseln";"23584";"Beißring-Rassel"
"3188";"Rasseln";"23586";"Kuscheltier-Rassel"
"3188";"Rasseln";"23588";"Rasselball"
"3188";"Rasseln";"23585";"Rasselring"
"3188";"Rasseln";"23587";"Rasselsocke"
"3188";"Rasseln";"23583";"Stabrassel"
"3243";"Räucherboxen";"24128";"Aromabox"
"3243";"Räucherboxen";"24127";"Räucherbox"
"3243";"Räucherboxen";"24129";"Räucherschnecke"
"3244";"Räucherdeko";"24131";"Räucherhaus"
"3244";"Räucherdeko";"24134";"Räucherkelch"
"3244";"Räucherdeko";"24133";"Räuchermännchen"
"3244";"Räucherdeko";"24135";"Räuchersäule"
"3244";"Räucherdeko";"24132";"Räucherschale"
"3244";"Räucherdeko";"24136";"Räucherstäbchen-Halter"
"3244";"Räucherdeko";"24130";"Räucherstövchen"
"3244";"Räucherdeko";"24137";"Shisha-Kopf"
"3245";"Räucheröfen";"24138";"Räucherofen"
"3189";"Raumthermostate";"23590";"Raumthermostat"
"3189";"Raumthermostate";"23589";"Thermostat-Empfänger"
"3189";"Raumthermostate";"23591";"Thermostat-Sender"
"3190";"Receiver";"23599";"7.1-Kanal-AV-Netzwerk-Receiver"
"3190";"Receiver";"23598";"Audio-Receiver"
"3190";"Receiver";"23593";"AV-Receiver"
"3190";"Receiver";"23595";"CD-Receiver"
"3190";"Receiver";"23603";"DVB-T2 HD Receiver"
"3190";"Receiver";"23597";"DVB-T2 Receiver"
"3190";"Receiver";"23596";"Kabel-Receiver"
"3190";"Receiver";"23604";"Kombigerät"
"3190";"Receiver";"23594";"Netzwerk-Receiver"
"3190";"Receiver";"23592";"SAT-Receiver"
"3190";"Receiver";"23601";"Satellitenreceiver"
"3190";"Receiver";"23600";"Stereo-Netzwerk-Receiver"
"3190";"Receiver";"23602";"Stereo-Receiver"
"3191";"Rechen";"23610";"Blumenrechen"
"3191";"Rechen";"23611";"Bügelrechen"
"3191";"Rechen";"23613";"Fächerbesen"
"3191";"Rechen";"23607";"Gartenrechen"
"3191";"Rechen";"23605";"Kleinrechen"
"3191";"Rechen";"23614";"Laubbesen"
"3191";"Rechen";"23606";"Rasenrechen"
"3191";"Rechen";"23612";"Rechen"
"3191";"Rechen";"23608";"Rechenbesen"
"3191";"Rechen";"23615";"Schneidrechen"
"3191";"Rechen";"23609";"Verstellbesen"
"3192";"Rechenschieber";"23616";"Rechenschieber"
"3193";"Reduzierringe";"23618";"Reduzierhülse"
"3193";"Reduzierringe";"23617";"Reduzierring"
"3194";"Reflektoren";"23619";"Blitzlichtreflektoren"
"3194";"Reflektoren";"23621";"Fahrradreflektor"
"3194";"Reflektoren";"23620";"Katzenauge"
"3194";"Reflektoren";"23623";"LED-Sicherheitsband"
"3194";"Reflektoren";"23624";"Reflektor-Anhänger"
"3194";"Reflektoren";"23622";"Reflektorband"
"3195";"Regale";"23652";"Ablageelement"
"3195";"Regale";"23632";"Ablageregal"
"3195";"Regale";"23637";"Aktenregal"
"3195";"Regale";"23647";"Anbauregal"
"3195";"Regale";"23631";"Badregal"
"3195";"Regale";"23656";"Bibliothek"
"3195";"Regale";"23659";"Bücherregal"
"3195";"Regale";"23667";"Bücherturm"
"3195";"Regale";"23633";"Bücherwand"
"3195";"Regale";"23672";"CD-Regal"
"3195";"Regale";"23655";"Deko-Wandregal"
"3195";"Regale";"23661";"Drehregal"
"3195";"Regale";"23650";"Duschablage"
"3195";"Regale";"23669";"Duschregal"
"3195";"Regale";"23676";"Eckregal"
"3195";"Regale";"23635";"Flaschenregal"
"3195";"Regale";"23629";"Gewürzboard"
"3195";"Regale";"23664";"Gewürzregal"
"3195";"Regale";"23678";"Gläserhalter"
"3195";"Regale";"23666";"Hängeregal"
"3195";"Regale";"23673";"Kastenständer"
"3195";"Regale";"23677";"Kinderregal"
"3195";"Regale";"23639";"Küchenregal"
"3195";"Regale";"23648";"Leiterregal"
"3195";"Regale";"23643";"Media-Regal"
"3195";"Regale";"23628";"Mehrzweckregal"
"3195";"Regale";"23641";"Raumteiler"
"3195";"Regale";"23651";"Raumteilerregal"
"3195";"Regale";"23626";"Regal"
"3195";"Regale";"23663";"Regalelement"
"3195";"Regale";"23645";"Regalwagen"
"3195";"Regale";"23675";"Regalwürfel"
"3195";"Regale";"23625";"Schieberegal"
"3195";"Regale";"23634";"Schlauchrollen-Regal"
"3195";"Regale";"23638";"Schmuckregal"
"3195";"Regale";"23660";"Schuhregal"
"3195";"Regale";"23627";"Schwerlastregal"
"3195";"Regale";"23649";"Seitenregal"
"3195";"Regale";"23654";"Spannregal"
"3195";"Regale";"23665";"Sportgeräte-Regalwagen"
"3195";"Regale";"23646";"Standregal"
"3195";"Regale";"23668";"Stapelregal"
"3195";"Regale";"23640";"Stauraumregal"
"3195";"Regale";"23653";"Steckregal"
"3195";"Regale";"23630";"Stufenregal"
"3195";"Regale";"23671";"Teleskopregal"
"3195";"Regale";"23636";"Türregal"
"3195";"Regale";"23642";"TV-Regal"
"3195";"Regale";"23662";"Unterstellregal"
"3195";"Regale";"23657";"Wandboard"
"3195";"Regale";"23658";"Wandhängeschrank"
"3195";"Regale";"23670";"Wandregal"
"3195";"Regale";"23644";"Wandregalhalter"
"3195";"Regale";"23674";"Weinregal"
"3196";"Regenschirme";"23679";"Angelschirm"
"3196";"Regenschirme";"23683";"Golfregenschirm"
"3196";"Regenschirme";"23686";"Kinderwagenschirm"
"3196";"Regenschirme";"23682";"Langregenschirm"
"3196";"Regenschirme";"23687";"Partnerschirm"
"3196";"Regenschirme";"23688";"Regenschirm-Wanderstock"
"3196";"Regenschirme";"23684";"Stockregenschirm"
"3196";"Regenschirme";"23685";"Taschenregenschirm"
"3196";"Regenschirme";"23681";"Trekkingschirm"
"3196";"Regenschirme";"23680";"Upside Down Regenschirm"
"3197";"Regenschirmständer";"23689";"Schirmständer"
"3198";"Regenschutz";"23693";"Angelliegen-Schutzhülle"
"3198";"Regenschutz";"23694";"Angelstuhl-Schutzhülle"
"3198";"Regenschutz";"23697";"Golfbag-Regenschutz"
"3198";"Regenschutz";"23695";"Kinderwagen-Regenschutzhülle"
"3198";"Regenschutz";"23696";"Kinderwagen-Sonnenschutzhülle"
"3198";"Regenschutz";"23691";"Regenverdeck"
"3198";"Regenschutz";"23690";"Rucksack-Regenschutz"
"3198";"Regenschutz";"23692";"Sportmatten-Regenschutz"
"3199";"Regentonnen";"23698";"Regentonne"
"3199";"Regentonnen";"23700";"Regenwassertank"
"3199";"Regentonnen";"23699";"Wasserreservoir"
"3200";"Regentonnenfüllautomaten";"23701";"Regentonnenfüllautomat"
"3201";"Reifendecken";"23703";"Bollerwagen-Reifendecke"
"3201";"Reifendecken";"23706";"E-Scooter-Reifendecke"
"3201";"Reifendecken";"23705";"Kinderwagen-Reifendecke"
"3201";"Reifendecken";"23702";"Rasenmäher-Reifendecke"
"3201";"Reifendecken";"23704";"Schubkarren-Reifendecke"
"3202";"Reifenmontagemaschinen";"23707";"Reifenmontagemaschine"
"3202";"Reifenmontagemaschinen";"23708";"Reifenmontierhilfe"
"3203";"Reifenwuchtmaschinen";"23709";"Reifenwuchtmaschine"
"3204";"Reinigungs-CDs";"23710";"Reinigungs-CD"
"3205";"Reinigungs-Sets";"23715";"Bodenwischer"
"3205";"Reinigungs-Sets";"23717";"Bodenwischer-Set"
"3205";"Reinigungs-Sets";"23711";"Kamingarnitur"
"3205";"Reinigungs-Sets";"23714";"Plattenspieler-Reinigungs-Set"
"3205";"Reinigungs-Sets";"23718";"Pool-Reinigungsset"
"3205";"Reinigungs-Sets";"23712";"Reinigungs-Set"
"3205";"Reinigungs-Sets";"23713";"Tastatur-Reinigungs-Set"
"3205";"Reinigungs-Sets";"23719";"Wischmopp"
"3205";"Reinigungs-Sets";"23716";"Wischmopp-Set"
"3206";"Reinigungsbürsten";"23728";"Abziehbesen"
"3206";"Reinigungsbürsten";"23735";"Autowaschbürste"
"3206";"Reinigungsbürsten";"23724";"Dachrinnenreiniger"
"3206";"Reinigungsbürsten";"23725";"Drahtbürste"
"3206";"Reinigungsbürsten";"23739";"Ersatzbürste"
"3206";"Reinigungsbürsten";"23722";"Felgenbürste"
"3206";"Reinigungsbürsten";"23732";"Fliesenrollenwasch-Set"
"3206";"Reinigungsbürsten";"23740";"Fugenbürste"
"3206";"Reinigungsbürsten";"23726";"Golfschläger-Bürste"
"3206";"Reinigungsbürsten";"23734";"Grillbürste"
"3206";"Reinigungsbürsten";"23745";"Käse-Schmierbürste"
"3206";"Reinigungsbürsten";"23742";"Kehrgarnitur"
"3206";"Reinigungsbürsten";"23744";"Kehrwalze"
"3206";"Reinigungsbürsten";"23727";"Krümelkehrer"
"3206";"Reinigungsbürsten";"23723";"Poolbürste"
"3206";"Reinigungsbürsten";"23741";"Reinigungsbürste"
"3206";"Reinigungsbürsten";"23738";"Reinigungsbürsten-Set"
"3206";"Reinigungsbürsten";"23721";"Schuhputzbürste"
"3206";"Reinigungsbürsten";"23736";"Straßenbesen"
"3206";"Reinigungsbürsten";"23729";"Strukturbürste"
"3206";"Reinigungsbürsten";"23720";"Tapezierbürste"
"3206";"Reinigungsbürsten";"23730";"Teppichkehrer"
"3206";"Reinigungsbürsten";"23731";"Tierhaarentferner"
"3206";"Reinigungsbürsten";"23743";"Wasserbesen"
"3206";"Reinigungsbürsten";"23737";"WC-Garnitur"
"3206";"Reinigungsbürsten";"23733";"WC-Reinigungsbürste"
"3207";"Reinigungsmittel";"23762";"2-Phasen-Reinigungstabletten"
"3207";"Reinigungsmittel";"23850";"Allzweckreiniger"
"3207";"Reinigungsmittel";"23769";"Anti-Kalk-Patrone"
"3207";"Reinigungsmittel";"23833";"Armaturenreiniger"
"3207";"Reinigungsmittel";"23815";"Auto-Reinigungsmittel"
"3207";"Reinigungsmittel";"23811";"Autoshampoo"
"3207";"Reinigungsmittel";"23784";"Backofenreiniger"
"3207";"Reinigungsmittel";"23829";"Badreiniger"
"3207";"Reinigungsmittel";"23840";"Bleichmittel"
"3207";"Reinigungsmittel";"23865";"Bowlingball-Reiniger"
"3207";"Reinigungsmittel";"23760";"Bremsenreiniger"
"3207";"Reinigungsmittel";"23782";"Campingtoilettenreiniger"
"3207";"Reinigungsmittel";"23785";"Canvas-Reiniger"
"3207";"Reinigungsmittel";"23768";"Chromreiniger"
"3207";"Reinigungsmittel";"23806";"Cockpit-Reiniger"
"3207";"Reinigungsmittel";"23845";"Colorwaschmittel"
"3207";"Reinigungsmittel";"23796";"Druckluftreiniger"
"3207";"Reinigungsmittel";"23824";"Duschkabinenreiniger"
"3207";"Reinigungsmittel";"23826";"Edelstahlreiniger"
"3207";"Reinigungsmittel";"23832";"Elektrorasierer Reinigungslösung"
"3207";"Reinigungsmittel";"23783";"Entkalker"
"3207";"Reinigungsmittel";"23753";"Entkalkungstabletten"
"3207";"Reinigungsmittel";"23794";"Essigreiniger"
"3207";"Reinigungsmittel";"23854";"Farb- und Schmutzfangtücher"
"3207";"Reinigungsmittel";"23855";"Feinwaschmittel"
"3207";"Reinigungsmittel";"23755";"Felgenreiniger"
"3207";"Reinigungsmittel";"23857";"Feuchte Allzwecktücher"
"3207";"Reinigungsmittel";"23789";"Fleckentferner"
"3207";"Reinigungsmittel";"23808";"Flüssigentkalker"
"3207";"Reinigungsmittel";"23777";"Flüssigreiniger"
"3207";"Reinigungsmittel";"23751";"Fussbodenreiniger"
"3207";"Reinigungsmittel";"23848";"Gallseife"
"3207";"Reinigungsmittel";"23799";"Gelreiniger"
"3207";"Reinigungsmittel";"23856";"Geschirrspülmittel"
"3207";"Reinigungsmittel";"23844";"Glaskeramikreiniger"
"3207";"Reinigungsmittel";"23797";"Glasreiniger"
"3207";"Reinigungsmittel";"23828";"Golfballreiniger"
"3207";"Reinigungsmittel";"23805";"Grillreiniger"
"3207";"Reinigungsmittel";"23821";"Grünbelagentferner"
"3207";"Reinigungsmittel";"23749";"Grundreiniger"
"3207";"Reinigungsmittel";"23786";"Gummisohlenreiniger"
"3207";"Reinigungsmittel";"23863";"Hand-Desinfektionsmittel"
"3207";"Reinigungsmittel";"23814";"Holzboden-Feuchttücher"
"3207";"Reinigungsmittel";"23780";"Holzreiniger"
"3207";"Reinigungsmittel";"23788";"Hygienemittel"
"3207";"Reinigungsmittel";"23803";"Hygienespray"
"3207";"Reinigungsmittel";"23847";"Hygienespüler"
"3207";"Reinigungsmittel";"23798";"Insektenentferner"
"3207";"Reinigungsmittel";"23750";"Kaffeefettlöser"
"3207";"Reinigungsmittel";"23867";"Kaffeevollautomaten-Reinigungsset"
"3207";"Reinigungsmittel";"23775";"Kalklöser"
"3207";"Reinigungsmittel";"23862";"Kettensägenreiniger"
"3207";"Reinigungsmittel";"23818";"Klarspüler"
"3207";"Reinigungsmittel";"23810";"Klingenöl"
"3207";"Reinigungsmittel";"23842";"Küchenreiniger"
"3207";"Reinigungsmittel";"23747";"Kunststoffreiniger"
"3207";"Reinigungsmittel";"23795";"Lackreiniger"
"3207";"Reinigungsmittel";"23766";"Laminatreiniger"
"3207";"Reinigungsmittel";"23770";"Leder-Feuchttücher"
"3207";"Reinigungsmittel";"23781";"Lederreiniger"
"3207";"Reinigungsmittel";"23837";"Luftwäscher Gerätereiniger"
"3207";"Reinigungsmittel";"23756";"Make-up Schwammreiniger"
"3207";"Reinigungsmittel";"23843";"Markisenreiniger"
"3207";"Reinigungsmittel";"23839";"Milchkreislauf-Reiniger"
"3207";"Reinigungsmittel";"23754";"Milchsystem-Reiniger"
"3207";"Reinigungsmittel";"23763";"Möbelreiniger"
"3207";"Reinigungsmittel";"23861";"Mülltonnenreiniger"
"3207";"Reinigungsmittel";"23752";"Naturstein-Reiniger"
"3207";"Reinigungsmittel";"23804";"Neutralreiniger"
"3207";"Reinigungsmittel";"23864";"Oberflächen-Desinfektionsmittel"
"3207";"Reinigungsmittel";"23791";"Parkettreiniger"
"3207";"Reinigungsmittel";"23831";"Pflegeset"
"3207";"Reinigungsmittel";"23823";"Pinselseife"
"3207";"Reinigungsmittel";"23746";"Polsterreiniger"
"3207";"Reinigungsmittel";"23817";"PU-Schaum-Reiniger"
"3207";"Reinigungsmittel";"23851";"Putzstein"
"3207";"Reinigungsmittel";"23819";"Regeneriersalz"
"3207";"Reinigungsmittel";"23860";"Reinigungsalkohol"
"3207";"Reinigungsmittel";"23759";"Reinigungskonzentrat"
"3207";"Reinigungsmittel";"23822";"Reinigungsmasse"
"3207";"Reinigungsmittel";"23771";"Reinigungsspray"
"3207";"Reinigungsmittel";"23816";"Reinigungstabletten"
"3207";"Reinigungsmittel";"23834";"Rohrreiniger"
"3207";"Reinigungsmittel";"23841";"Rostentferner"
"3207";"Reinigungsmittel";"23787";"Rußentferner"
"3207";"Reinigungsmittel";"23820";"Sanitärreiniger"
"3207";"Reinigungsmittel";"23757";"Schaumreiniger"
"3207";"Reinigungsmittel";"23801";"Scheibenreiniger"
"3207";"Reinigungsmittel";"23836";"Scherkopfreiniger"
"3207";"Reinigungsmittel";"23776";"Scheuermilch"
"3207";"Reinigungsmittel";"23790";"Schimmelentferner"
"3207";"Reinigungsmittel";"23792";"Schmuckreiniger"
"3207";"Reinigungsmittel";"23813";"Schmutzradierer"
"3207";"Reinigungsmittel";"23772";"Schuhreiniger"
"3207";"Reinigungsmittel";"23866";"Seifenpads"
"3207";"Reinigungsmittel";"23807";"Spezial-Meersalz"
"3207";"Reinigungsmittel";"23858";"Spezialwaschmittel"
"3207";"Reinigungsmittel";"23800";"Sprühreiniger"
"3207";"Reinigungsmittel";"23767";"Spülmaschinenpflege"
"3207";"Reinigungsmittel";"23761";"Spülmaschinenpulver"
"3207";"Reinigungsmittel";"23835";"Spülmaschinenreiniger"
"3207";"Reinigungsmittel";"23827";"Spülmaschinensalz"
"3207";"Reinigungsmittel";"23812";"Spülmaschinentabs"
"3207";"Reinigungsmittel";"23809";"Staubsaugergranulat"
"3207";"Reinigungsmittel";"23793";"Steinbodenreiniger"
"3207";"Reinigungsmittel";"23758";"Teppichreiniger"
"3207";"Reinigungsmittel";"23859";"Terrarienreiniger"
"3207";"Reinigungsmittel";"23779";"Toy-Reiniger"
"3207";"Reinigungsmittel";"23765";"Uhrenarmband-Reiniger"
"3207";"Reinigungsmittel";"23748";"Uhrenreiniger"
"3207";"Reinigungsmittel";"23778";"Universalreiniger"
"3207";"Reinigungsmittel";"23774";"Urinsteinlöser"
"3207";"Reinigungsmittel";"23764";"Vinyl- und Designbodenreiniger"
"3207";"Reinigungsmittel";"23849";"Vollwaschmittel"
"3207";"Reinigungsmittel";"23773";"Waschmaschinenpflege"
"3207";"Reinigungsmittel";"23846";"Waschsoda"
"3207";"Reinigungsmittel";"23802";"Wasserenthärter"
"3207";"Reinigungsmittel";"23838";"WC-Reiniger"
"3207";"Reinigungsmittel";"23825";"Weichspüler"
"3207";"Reinigungsmittel";"23852";"Wollwaschmittel"
"3207";"Reinigungsmittel";"23853";"Zitronenreiniger"
"3207";"Reinigungsmittel";"23830";"Zweiradreiniger"
"3208";"Reiskocher";"23868";"Reiskocher"
"3210";"Reißverschlüsse";"23871";"Reißverschluss"
"3211";"Reißwerkzeuge";"23877";"Baumreißer"
"3211";"Reißwerkzeuge";"23875";"Reißfeder"
"3211";"Reißwerkzeuge";"23873";"Reißhaken"
"3211";"Reißwerkzeuge";"23876";"Reißmeter"
"3211";"Reißwerkzeuge";"23872";"Reißnadel"
"3211";"Reißwerkzeuge";"23874";"Unireißer"
"3209";"Reizangeln";"23869";"Katzenangel"
"3209";"Reizangeln";"23870";"Reizangel"
"3212";"Relais";"23883";"Batterie-Trennrelais"
"3212";"Relais";"23878";"Kfz-Relais"
"3212";"Relais";"23879";"Relais-Modul"
"3212";"Relais";"23881";"Rollladen-Trennrelais"
"3212";"Relais";"23882";"Sicherheitsrelais"
"3212";"Relais";"23884";"Stromstoßschalter"
"3212";"Relais";"23880";"Zeitrelais"
"3213";"Reparatur-Sets";"23893";"Boden-Reparaturset"
"3213";"Reparatur-Sets";"23897";"Drucker-Wartungskit"
"3213";"Reparatur-Sets";"23894";"Fahrrad-Reparaturset"
"3213";"Reparatur-Sets";"23892";"Glas-Reparaturset"
"3213";"Reparatur-Sets";"23890";"Holz-Reparaturset"
"3213";"Reparatur-Sets";"23895";"Kunststoff-Reparaturset"
"3213";"Reparatur-Sets";"23896";"Laminat-Reparaturset"
"3213";"Reparatur-Sets";"23888";"Pumpen-Reparaturset"
"3213";"Reparatur-Sets";"23887";"Reifen-Reparaturset"
"3213";"Reparatur-Sets";"23885";"Reparatur-Set"
"3213";"Reparatur-Sets";"23886";"Sanitär-Anschlussset"
"3213";"Reparatur-Sets";"23889";"Sanitär-Installationsset"
"3213";"Reparatur-Sets";"23898";"Staubsauger-Reparaturset"
"3213";"Reparatur-Sets";"23891";"Unterwasser-Reparaturset"
"3214";"Rettungsgürtel";"23900";"Rettungsgürtel"
"3214";"Rettungsgürtel";"23899";"Wasser-Airbag"
"3215";"Reusen";"23902";"Aalreuse"
"3215";"Reusen";"23904";"Fischreuse"
"3215";"Reusen";"23903";"Köderfischsenke"
"3215";"Reusen";"23901";"Krebsreuse"
"3169";"RFID-Chips";"23485";"RFID-Halsbandanhänger"
"3216";"Rindenschäler";"23909";"Loheisen"
"3216";"Rindenschäler";"23906";"Rindenschäler"
"3216";"Rindenschäler";"23908";"Schäleisen"
"3216";"Rindenschäler";"23905";"Schälkopf"
"3216";"Rindenschäler";"23907";"Zugmesser"
"3217";"Rinnen";"23912";"Dachrinne"
"3217";"Rinnen";"23915";"Dachrinnenendstück"
"3217";"Rinnen";"23913";"Duschrinne"
"3217";"Rinnen";"23914";"Entwässerungsrinne"
"3217";"Rinnen";"23910";"Kastendachrinne"
"3217";"Rinnen";"23911";"Regenrinne"
"3218";"Roboter";"23918";"IR-Roboter"
"3218";"Roboter";"23922";"Lernroboter"
"3218";"Roboter";"23921";"Roboter"
"3218";"Roboter";"23916";"Roboter-Arena"
"3218";"Roboter";"23919";"Roboter-Block"
"3218";"Roboter";"23923";"Roboter-Karte"
"3218";"Roboter";"23920";"Roboterbaustein"
"3218";"Roboter";"23917";"Robotertier"
"3246";"Röcke";"24144";"A-Linien-Rock"
"3246";"Röcke";"24180";"Bahnenrock"
"3246";"Röcke";"24143";"Ballonrock"
"3246";"Röcke";"24168";"Bleistiftrock"
"3246";"Röcke";"24159";"Cargorock"
"3246";"Röcke";"24156";"Cordrock"
"3246";"Röcke";"24166";"Crinklerock"
"3246";"Röcke";"24181";"Faltenrock"
"3246";"Röcke";"24167";"Godetrock"
"3246";"Röcke";"24164";"Golfrock"
"3246";"Röcke";"24149";"Hockey Skort"
"3246";"Röcke";"24173";"Hosenrock"
"3246";"Röcke";"24145";"Jeansrock"
"3246";"Röcke";"24175";"Jerseyrock"
"3246";"Röcke";"24158";"Karorock"
"3246";"Röcke";"24165";"Latzrock"
"3246";"Röcke";"24172";"Lederimitatrock"
"3246";"Röcke";"24157";"Lederrock"
"3246";"Röcke";"24142";"Maxirock"
"3246";"Röcke";"24179";"Meshrock"
"3246";"Röcke";"24146";"Midirock"
"3246";"Röcke";"24155";"Minirock"
"3246";"Röcke";"24148";"O-Linien-Rock"
"3246";"Röcke";"24161";"Paillettenrock"
"3246";"Röcke";"24177";"Plisseerock"
"3246";"Röcke";"24163";"Rüschenrock"
"3246";"Röcke";"24176";"Satinrock"
"3246";"Röcke";"24162";"Schlupfrock"
"3246";"Röcke";"24147";"Skaterrock"
"3246";"Röcke";"24182";"Skort"
"3246";"Röcke";"24154";"Sommerrock"
"3246";"Röcke";"24151";"Strandrock"
"3246";"Röcke";"24170";"Strickrock"
"3246";"Röcke";"24150";"Stufenrock"
"3246";"Röcke";"24169";"Sweatrock"
"3246";"Röcke";"24141";"Tennisrock"
"3246";"Röcke";"24139";"Trachtenrock"
"3246";"Röcke";"24152";"Tüllrock"
"3246";"Röcke";"24178";"Umstandsrock"
"3246";"Röcke";"24160";"Unterrock"
"3246";"Röcke";"24153";"Volantrock"
"3246";"Röcke";"24140";"Webrock"
"3246";"Röcke";"24174";"Wickelrock"
"3246";"Röcke";"24171";"Zipfelrock"
"3219";"Rohlinge";"23926";"Blu-ray-Rohling"
"3219";"Rohlinge";"23924";"CD-Rohling"
"3219";"Rohlinge";"23925";"DVD-Rohling"
"3220";"Rohrbieger";"23928";"Betonstahl-Biegemaschine"
"3220";"Rohrbieger";"23927";"Rohrbieger"
"3221";"Rohre";"23940";"Ablaufrohr"
"3221";"Rohre";"23946";"Alu-Verbundrohr"
"3221";"Rohre";"23956";"Anschlussstutzen"
"3221";"Rohre";"23935";"Auspuff-Flexrohr"
"3221";"Rohre";"23965";"Bogenverbinder"
"3221";"Rohre";"23969";"Brausearm"
"3221";"Rohre";"23970";"Deckenanschlussrohr"
"3221";"Rohre";"23952";"Drainagerohr"
"3221";"Rohre";"23937";"Druckspülrohr"
"3221";"Rohre";"23947";"Flexrohr"
"3221";"Rohre";"23948";"Gewindefitting"
"3221";"Rohre";"23960";"HDPE-Rohr"
"3221";"Rohre";"23944";"HT-Rohr"
"3221";"Rohre";"23966";"KG-Rohr"
"3221";"Rohre";"23955";"Kupferrohr"
"3221";"Rohre";"23964";"Langmuffe"
"3221";"Rohre";"23971";"Leerrohr"
"3221";"Rohre";"23967";"Lötfitting"
"3221";"Rohre";"23934";"Muffenstopfen"
"3221";"Rohre";"23950";"Ofenrohr"
"3221";"Rohre";"23939";"PE-Rohr"
"3221";"Rohre";"23938";"PP-Rohr"
"3221";"Rohre";"23933";"PPR-Rohr"
"3221";"Rohre";"23962";"Pressfitting"
"3221";"Rohre";"23949";"Regenfallrohr"
"3221";"Rohre";"23942";"Reinigungsrohr"
"3221";"Rohre";"23968";"Rohr-Reduziereinsatz"
"3221";"Rohre";"23930";"Rohr-Reduzierstück"
"3221";"Rohre";"23929";"Schweißfitting"
"3221";"Rohre";"23963";"Spülrohr"
"3221";"Rohre";"23957";"Spülrohrbogen"
"3221";"Rohre";"23931";"Steckfitting"
"3221";"Rohre";"23951";"Überschiebmuffe"
"3221";"Rohre";"23953";"Unterputz-Anschluss"
"3221";"Rohre";"23959";"Verbundrohr"
"3221";"Rohre";"23941";"Verlängerungsrohr"
"3221";"Rohre";"23958";"Wandanschlussbogen"
"3221";"Rohre";"23961";"Wasserrohr"
"3221";"Rohre";"23932";"Wasserstiel"
"3221";"Rohre";"23943";"WC-Ablaufbogen"
"3221";"Rohre";"23936";"WC-Anschlussbogen"
"3221";"Rohre";"23954";"WC-Anschlussrohr"
"3221";"Rohre";"23945";"WC-Gelenk-Ablaufbogen"
"3222";"Rohrreinigungsmaschinen";"23972";"Akku-Rohrreiniger"
"3222";"Rohrreinigungsmaschinen";"23973";"Rohrreinigungsmaschine"
"3223";"Rohrreinigungswerkzeuge";"23977";"Abflussstab"
"3223";"Rohrreinigungswerkzeuge";"23978";"Pümpel"
"3223";"Rohrreinigungswerkzeuge";"23979";"Rohrreiniger-Schlauchaufsatz"
"3223";"Rohrreinigungswerkzeuge";"23975";"Rohrreinigungspistole"
"3223";"Rohrreinigungswerkzeuge";"23974";"Rohrreinigungspumpe"
"3223";"Rohrreinigungswerkzeuge";"23976";"Rohrreinigungsspirale"
"3224";"Rohrverbinder";"23980";"Rohrverbinder"
"3225";"Rollatoren";"23983";"Elektrischer Rollator"
"3225";"Rollatoren";"23981";"Indoor-Rollator"
"3225";"Rollatoren";"23982";"Rollator"
"3226";"Rollbretter";"23984";"Core-Trainer"
"3226";"Rollbretter";"23985";"Rollbrett"
"3227";"Rollenspielzeug";"23987";"Seifenblasen Kanone"
"3227";"Rollenspielzeug";"23993";"Spielwerkbank"
"3227";"Rollenspielzeug";"24001";"Spielzeug-Arztkoffer"
"3227";"Rollenspielzeug";"24002";"Spielzeug-Axt"
"3227";"Rollenspielzeug";"23998";"Spielzeug-Frisierkoffer"
"3227";"Rollenspielzeug";"23986";"Spielzeug-Gürtel"
"3227";"Rollenspielzeug";"23995";"Spielzeug-Helm"
"3227";"Rollenspielzeug";"23991";"Spielzeug-Kamera"
"3227";"Rollenspielzeug";"24000";"Spielzeug-Polizei Einsatzset"
"3227";"Rollenspielzeug";"23988";"Spielzeug-Polizei Headset"
"3227";"Rollenspielzeug";"23999";"Spielzeug-Polizei Megaphon"
"3227";"Rollenspielzeug";"23996";"Spielzeug-Polizeikelle"
"3227";"Rollenspielzeug";"23992";"Spielzeug-Ritterschild"
"3227";"Rollenspielzeug";"23989";"Spielzeug-Ritterset"
"3227";"Rollenspielzeug";"23997";"Spielzeug-Sauerstoffmaske"
"3227";"Rollenspielzeug";"23990";"Spielzeug-Schutzweste"
"3227";"Rollenspielzeug";"23994";"Spielzeug-Schwert"
"3228";"Roller";"24006";"Balance Scooter"
"3228";"Roller";"24008";"Balance Scooter Kart"
"3228";"Roller";"24007";"Cityroller"
"3228";"Roller";"24011";"Dreiradscooter"
"3228";"Roller";"24004";"E-Scooter"
"3228";"Roller";"24009";"E-Skates"
"3228";"Roller";"24010";"Miniscooter"
"3228";"Roller";"24005";"Scooter"
"3228";"Roller";"24003";"Sitzscooter"
"3228";"Roller";"24012";"Stuntscooter"
"3228";"Roller";"24013";"Tretroller"
"3232";"Rollläden";"24021";"Aufsatzrollladen"
"3232";"Rollläden";"24024";"Rollladenpanzer"
"3232";"Rollläden";"24023";"Rollladenprofil"
"3232";"Rollläden";"24022";"Solarrollladen"
"3232";"Rollläden";"24025";"Vorbaurollladen"
"3229";"Rollladenmotoren";"24014";"Markisenmotor"
"3229";"Rollladenmotoren";"24015";"Rollladenmotor"
"3229";"Rollladenmotoren";"24016";"Rollomotor"
"3230";"Rollladenstopper";"24017";"Rollladen-Anschlagstopper"
"3231";"Rollladenwellen";"24019";"Achtkantwelle"
"3231";"Rollladenwellen";"24020";"Steckwelle"
"3231";"Rollladenwellen";"24018";"Teleskopwelle"
"3233";"Rollos";"24044";"Batteriebetriebenes Rollo"
"3233";"Rollos";"24032";"Batteriebetriebenes Rollo nach Maß"
"3233";"Rollos";"24030";"Batterierollo"
"3233";"Rollos";"24042";"Dachfensterrollo"
"3233";"Rollos";"24026";"Dachfensterrollo nach Maß"
"3233";"Rollos";"24033";"Doppelrollo"
"3233";"Rollos";"24027";"Doppelrollo nach Maß"
"3233";"Rollos";"24031";"Elektrisches Rollo"
"3233";"Rollos";"24038";"Elektrisches Rollo nach Maß"
"3233";"Rollos";"24029";"Elektro-Doppelrollo"
"3233";"Rollos";"24037";"Elektro-Dopplerollo"
"3233";"Rollos";"24028";"Elektro-Rollo"
"3233";"Rollos";"24045";"Insektenschutzrollo"
"3233";"Rollos";"24035";"Rollo"
"3233";"Rollos";"24039";"Rollo nach Maß"
"3233";"Rollos";"24036";"Seitenzugrollo"
"3233";"Rollos";"24043";"Seitenzugrollo nach Maß"
"3233";"Rollos";"24040";"Springrollo"
"3233";"Rollos";"24041";"Springrollo nach Maß"
"3233";"Rollos";"24034";"Verdunklungsrollo"
"3234";"Rollsammler";"24046";"Rollsammler"
"3235";"Rollstühle";"24047";"Elektrorollstuhl"
"3235";"Rollstühle";"24048";"Rollstuhl"
"3235";"Rollstühle";"24049";"Transportrollstuhl"
"3236";"Rollwagen";"24055";"Beistellwagen"
"3236";"Rollwagen";"24050";"Bürowagen"
"3236";"Rollwagen";"24054";"Küchenwagen"
"3236";"Rollwagen";"24053";"Magnesiabehälter"
"3236";"Rollwagen";"24051";"Rollcontainer"
"3236";"Rollwagen";"24056";"Rollwagen"
"3236";"Rollwagen";"24052";"Servierwagen"
"3247";"Röstgeräte";"24183";"Kaffeeröster"
"3247";"Röstgeräte";"24184";"Nussröster"
"3237";"Router";"24067";"4G/LTE-Router"
"3237";"Router";"24058";"Access Point"
"3237";"Router";"24068";"Bridge"
"3237";"Router";"24065";"DSL-Router"
"3237";"Router";"24061";"LAN-Router"
"3237";"Router";"24066";"Mobiler Router"
"3237";"Router";"24057";"Reichweitenverstärker"
"3237";"Router";"24060";"Smart-Stecker"
"3237";"Router";"24064";"VPN-Router"
"3237";"Router";"24059";"WLAN-Access Point"
"3237";"Router";"24062";"WLAN-Repeater"
"3237";"Router";"24063";"WLAN-Router"
"3248";"Rückencremer";"24185";"Rückencremer"
"3249";"Rückenlehnen";"24188";"Kajak-Rückenlehne"
"3249";"Rückenlehnen";"24191";"Kanu-Rückenlehne"
"3249";"Rückenlehnen";"24186";"Sauna-Rückenlehne"
"3249";"Rückenlehnen";"24187";"Schlitten-Rückenlehne"
"3249";"Rückenlehnen";"24190";"SUP-Rückenlehne"
"3249";"Rückenlehnen";"24189";"WC-Rückenlehne"
"3238";"Rucksäcke";"24093";"Alpinrucksack"
"3238";"Rucksäcke";"24100";"Angelrucksack"
"3238";"Rucksäcke";"24075";"Cityrucksack"
"3238";"Rucksäcke";"24098";"Daypack"
"3238";"Rucksäcke";"24102";"Drohnenrucksack"
"3238";"Rucksäcke";"24095";"Fahrradrucksack"
"3238";"Rucksäcke";"24089";"Fotorucksack"
"3238";"Rucksäcke";"24090";"Freizeitrucksack"
"3238";"Rucksäcke";"24092";"Hochtourenrucksack"
"3238";"Rucksäcke";"24099";"Kinderrucksack"
"3238";"Rucksäcke";"24096";"Kletterrucksack"
"3238";"Rucksäcke";"24083";"Kofferrucksack"
"3238";"Rucksäcke";"24091";"Laptoprucksack"
"3238";"Rucksäcke";"24080";"Lawinenrucksack"
"3238";"Rucksäcke";"24078";"Matchbag"
"3238";"Rucksäcke";"24076";"Minirucksack"
"3238";"Rucksäcke";"24073";"Notebookrucksack"
"3238";"Rucksäcke";"24081";"Packsack"
"3238";"Rucksäcke";"24101";"Picknickrucksack"
"3238";"Rucksäcke";"24087";"Reiserucksack"
"3238";"Rucksäcke";"24077";"Rucksack"
"3238";"Rucksäcke";"24074";"Schulranzen"
"3238";"Rucksäcke";"24079";"Schulrucksack"
"3238";"Rucksäcke";"24071";"Skirucksack"
"3238";"Rucksäcke";"24082";"Sportrucksack"
"3238";"Rucksäcke";"24088";"Tagesrucksack"
"3238";"Rucksäcke";"24072";"Tankrucksack"
"3238";"Rucksäcke";"24069";"Tennisrucksack"
"3238";"Rucksäcke";"24084";"Tourenrucksack"
"3238";"Rucksäcke";"24094";"Trekkingrucksack"
"3238";"Rucksäcke";"24086";"Trinkrucksack"
"3238";"Rucksäcke";"24070";"Vorschulranzen"
"3238";"Rucksäcke";"24085";"Wanderrucksack"
"3238";"Rucksäcke";"24097";"Wickelrucksack"
"3239";"Rudergeräte";"24103";"Rudergerät"
"3239";"Rudergeräte";"24105";"Rudermaschine"
"3239";"Rudergeräte";"24104";"Ruderzugmaschine"
"3250";"Rührer";"24193";"Rührquirl"
"3250";"Rührer";"24192";"Rührstab"
"3251";"Rührwerke";"24194";"Rührwerk"
"3240";"Rutschautos";"24106";"Rutscher"
"3240";"Rutschautos";"24107";"Rutscherauto"
"3240";"Rutschautos";"24108";"Rutschmotorrad"
"3241";"Rutschen";"24111";"Anbaurutsche"
"3241";"Rutschen";"24109";"Indoor-Rutsche"
"3241";"Rutschen";"24110";"Rutsche"
"3241";"Rutschen";"24112";"Wellenrutsche"
"3252";"Rüttelplatten";"24195";"Rüttelplatte"
"3252";"Rüttelplatten";"24196";"Vibrationsstampfer"
"3253";"Sackkarren";"24197";"Sackkarre"
"3253";"Sackkarren";"24198";"Treppensackkarre"
"3598";"Sägeblätter";"26858";"Bandsägeblatt"
"3598";"Sägeblätter";"26857";"Diamantsegmentsägeblatt"
"3598";"Sägeblätter";"26859";"Kappsägeblatt"
"3598";"Sägeblätter";"26852";"Kreissägeblatt"
"3598";"Sägeblätter";"26851";"Säbelsägeblatt"
"3598";"Sägeblätter";"26854";"Sägeblatt"
"3598";"Sägeblätter";"26856";"Segmentsägeblatt"
"3598";"Sägeblätter";"26853";"Stichsägeblatt"
"3598";"Sägeblätter";"26855";"Tauchsägeblatt"
"3599";"Sägeketten";"26860";"Ersatzkette"
"3600";"Sägemaschinen";"26890";"Akku-Bandsäge"
"3600";"Sägemaschinen";"26902";"Akku-Handkreissäge"
"3600";"Sägemaschinen";"26864";"Akku-Kapp-Gehrungssäge"
"3600";"Sägemaschinen";"26904";"Akku-Multisäge"
"3600";"Sägemaschinen";"26886";"Akku-Pendelhubstichsäge"
"3600";"Sägemaschinen";"26871";"Akku-Reciprosäge"
"3600";"Sägemaschinen";"26891";"Akku-Säbelsäge"
"3600";"Sägemaschinen";"26896";"Akku-Säge"
"3600";"Sägemaschinen";"26879";"Akku-Stichsäge"
"3600";"Sägemaschinen";"26900";"Akku-Tauchsäge"
"3600";"Sägemaschinen";"26865";"Akku-Tischkreissäge"
"3600";"Sägemaschinen";"26903";"Akku-Trockenbausäge"
"3600";"Sägemaschinen";"26908";"Akku-Zug-Kapp-Gehrungssäge"
"3600";"Sägemaschinen";"26897";"Bandsäge"
"3600";"Sägemaschinen";"26870";"Baukreissäge"
"3600";"Sägemaschinen";"26909";"Betonsäge"
"3600";"Sägemaschinen";"26892";"Dekupiersäge"
"3600";"Sägemaschinen";"26888";"Doppelblattsäge"
"3600";"Sägemaschinen";"26868";"Fliesenschneidemaschine"
"3600";"Sägemaschinen";"26861";"Formatkreissäge"
"3600";"Sägemaschinen";"26883";"Gehrungssäge"
"3600";"Sägemaschinen";"26875";"Handkreissäge"
"3600";"Sägemaschinen";"26878";"Holzbandsäge"
"3600";"Sägemaschinen";"26907";"Kapp- und Gehrungssäge"
"3600";"Sägemaschinen";"26862";"Kapp-Zugsäge"
"3600";"Sägemaschinen";"26877";"Kappsäge"
"3600";"Sägemaschinen";"26899";"Kompakt-Handkreissäge"
"3600";"Sägemaschinen";"26884";"Metallbandsäge"
"3600";"Sägemaschinen";"26906";"Metalltrennschneider"
"3600";"Sägemaschinen";"26869";"Mini-Handkreissäge"
"3600";"Sägemaschinen";"26889";"Multi-Handkreissäge"
"3600";"Sägemaschinen";"26893";"Multifunktionssäge"
"3600";"Sägemaschinen";"26881";"Paneelsäge"
"3600";"Sägemaschinen";"26905";"Pendelhubstichsäge"
"3600";"Sägemaschinen";"26872";"Radial-Fliesenschneidemaschine"
"3600";"Sägemaschinen";"26874";"Reciprosäge"
"3600";"Sägemaschinen";"26885";"Säbelsäge"
"3600";"Sägemaschinen";"26866";"Steinschneidemaschine"
"3600";"Sägemaschinen";"26898";"Steinschneider"
"3600";"Sägemaschinen";"26887";"Stichsäge"
"3600";"Sägemaschinen";"26882";"Tauchsäge"
"3600";"Sägemaschinen";"26863";"Tisch-Kappsäge"
"3600";"Sägemaschinen";"26867";"Tischkettensäge"
"3600";"Sägemaschinen";"26873";"Tischkreissäge"
"3600";"Sägemaschinen";"26894";"Trennsäge"
"3600";"Sägemaschinen";"26901";"Universalsäge"
"3600";"Sägemaschinen";"26895";"Wippkreissäge"
"3600";"Sägemaschinen";"26876";"Zug- und Kappsäge"
"3600";"Sägemaschinen";"26880";"Zug-, Kapp- und Gehrungssäge"
"3254";"Sahnesyphons";"24199";"Sahnesyphon"
"3255";"Saiten";"24203";"Badmintonsaite"
"3255";"Saiten";"24201";"Saiten"
"3255";"Saiten";"24200";"Squashsaite"
"3255";"Saiten";"24202";"Tennissaite"
"3256";"Saiteninstrumente";"24211";"Akustik-Bass"
"3256";"Saiteninstrumente";"24220";"Akustikgitarre"
"3256";"Saiteninstrumente";"24214";"Banjo"
"3256";"Saiteninstrumente";"24204";"Baritongitarre"
"3256";"Saiteninstrumente";"24213";"Cello"
"3256";"Saiteninstrumente";"24209";"Doboro"
"3256";"Saiteninstrumente";"24205";"Doppelhals-E-Gitarre"
"3256";"Saiteninstrumente";"24206";"Doppelhalsgitarre"
"3256";"Saiteninstrumente";"24222";"E-Bass"
"3256";"Saiteninstrumente";"24219";"E-Gitarre"
"3256";"Saiteninstrumente";"24215";"E-Violine"
"3256";"Saiteninstrumente";"24224";"Flamencogitarre"
"3256";"Saiteninstrumente";"24227";"Gitalele"
"3256";"Saiteninstrumente";"24210";"Halbakustik-Bass"
"3256";"Saiteninstrumente";"24208";"Halbakustik-Gitarre"
"3256";"Saiteninstrumente";"24217";"Kindergitarre"
"3256";"Saiteninstrumente";"24207";"Kontrabass"
"3256";"Saiteninstrumente";"24218";"Konzertgitarre"
"3256";"Saiteninstrumente";"24226";"Lap-Steel-Gitarre"
"3256";"Saiteninstrumente";"24228";"Mandoline"
"3256";"Saiteninstrumente";"24221";"Resonatorgitarre"
"3256";"Saiteninstrumente";"24225";"Ukulele"
"3256";"Saiteninstrumente";"24212";"Viola"
"3256";"Saiteninstrumente";"24216";"Violine"
"3256";"Saiteninstrumente";"24223";"Westerngitarre"
"3257";"Saiteninstrumentenmechaniken";"24229";"Gitarrenmechanik-Set"
"3258";"Saitenschoner";"24230";"Elasto Cross"
"3259";"Sakkos";"24234";"Anzugsakko"
"3259";"Sakkos";"24245";"Baukastensakko"
"3259";"Sakkos";"24243";"Baumwollsakko"
"3259";"Sakkos";"24246";"Cordsakko"
"3259";"Sakkos";"24235";"Frack"
"3259";"Sakkos";"24238";"Jackett"
"3259";"Sakkos";"24236";"Janker"
"3259";"Sakkos";"24231";"Jerseysakko"
"3259";"Sakkos";"24232";"Ledersakko"
"3259";"Sakkos";"24247";"Leinensakko"
"3259";"Sakkos";"24239";"Sakko"
"3259";"Sakkos";"24242";"Sakko in 2-in-1-Optik"
"3259";"Sakkos";"24240";"Sakko mit Kapuze"
"3259";"Sakkos";"24233";"Smokingsakko"
"3259";"Sakkos";"24241";"Stricksakko"
"3259";"Sakkos";"24237";"Sweatsakko"
"3259";"Sakkos";"24244";"Trachtensakko"
"3260";"Salatschleudern";"24248";"Salatschleuder"
"3261";"Salzelektrolysegeräte";"24249";"Salzwassersystem"
"3601";"Sämereien";"26912";"Blumensamen"
"3601";"Sämereien";"26913";"Gemüsesamen"
"3601";"Sämereien";"26911";"Kräutersamen"
"3601";"Sämereien";"26914";"Pilzanzucht-Set"
"3601";"Sämereien";"26910";"Rasensamen"
"3262";"Sammelkarten";"24250";"Sammelkarte"
"3263";"Sand-Spielzeug";"24254";"Sandeimer"
"3263";"Sand-Spielzeug";"24251";"Sandform"
"3263";"Sand-Spielzeug";"24253";"Sandform-Set"
"3263";"Sand-Spielzeug";"24252";"Sandmühle"
"3263";"Sand-Spielzeug";"24255";"Schneeballzange"
"3264";"Sande";"24267";"Aquarienkies"
"3264";"Sande";"24263";"Aquariensand"
"3264";"Sande";"24258";"Dekosand"
"3264";"Sande";"24256";"Filtersand"
"3264";"Sande";"24264";"Fugensand"
"3264";"Sande";"24259";"Mauersand"
"3264";"Sande";"24261";"Quarzsand"
"3264";"Sande";"24262";"Rasensand"
"3264";"Sande";"24266";"Sand"
"3264";"Sande";"24260";"Spielsand"
"3264";"Sande";"24257";"Terrariensand"
"3264";"Sande";"24265";"Vogelsand"
"3265";"Sandkästen";"24268";"Sandkasten"
"3266";"Sandstrahlgeräte";"24270";"Sandstrahler"
"3266";"Sandstrahlgeräte";"24269";"Sandstrahlkabine"
"3267";"Sandwichmaker";"24271";"2-in-1-Sandwichmaker"
"3267";"Sandwichmaker";"24274";"3-in-1-Sandwichmaker"
"3267";"Sandwichmaker";"24272";"4-in-1-Sandwichmaker"
"3267";"Sandwichmaker";"24273";"Sandwichmaker"
"3268";"Satellitenschüsseln";"24277";"Flachantenne"
"3268";"Satellitenschüsseln";"24279";"Internet-Satellitenschüssel"
"3268";"Satellitenschüsseln";"24275";"Parabolantenne"
"3268";"Satellitenschüsseln";"24278";"SAT-Antenne"
"3268";"Satellitenschüsseln";"24276";"Sat-Spiegel"
"3269";"Satfinder";"24280";"Satfinder"
"3270";"Sattelbezüge";"24283";"Fahrrad Sitzheizung"
"3270";"Sattelbezüge";"24281";"Sattelbezug"
"3270";"Sattelbezüge";"24282";"Sattelschoner"
"3271";"Sattelstützen";"24285";"Federsattelstütze"
"3271";"Sattelstützen";"24284";"Sattelstütze"
"3272";"Sattelunterlagen";"24286";"Gelpad"
"3272";"Sattelunterlagen";"24288";"Sattelpad"
"3272";"Sattelunterlagen";"24287";"Schabracke"
"3273";"Saugroboter";"24290";"Nass-Trocken-Saugroboter"
"3273";"Saugroboter";"24291";"Saugroboter"
"3273";"Saugroboter";"24289";"Wischroboter"
"3274";"Sauna-Steuergeräte";"24293";"Lastkasten"
"3274";"Sauna-Steuergeräte";"24292";"Sauna-Steuergerät"
"3275";"Saunaöfen";"24296";"Bio-Saunaofen"
"3275";"Saunaöfen";"24294";"Plug & Play Saunaofen"
"3275";"Saunaöfen";"24295";"Saunaofen"
"3276";"Saunen";"24298";"Fasssauna"
"3276";"Saunen";"24300";"Infrarotkabine"
"3276";"Saunen";"24299";"Sauna"
"3276";"Saunen";"24297";"Saunahaus"
"3277";"Schaber";"24307";"Dichtungsschaber"
"3277";"Schaber";"24308";"Dreikantschaber"
"3277";"Schaber";"24303";"Eiskratzer"
"3277";"Schaber";"24301";"Farbschaber"
"3277";"Schaber";"24302";"Glasschaber"
"3277";"Schaber";"24305";"Kunststoffschaber"
"3277";"Schaber";"24309";"Tapetenschaber"
"3277";"Schaber";"24306";"Teppichschaber"
"3277";"Schaber";"24304";"Universalschaber"
"3278";"Schablonen";"24321";"Airbrushschablone"
"3278";"Schablonen";"24315";"Bordürenschablone"
"3278";"Schablonen";"24318";"Essensschablone"
"3278";"Schablonen";"24326";"Frässchablone"
"3278";"Schablonen";"24314";"Golfballschablone"
"3278";"Schablonen";"24316";"Kreisschablone"
"3278";"Schablonen";"24312";"Kurvenlineal"
"3278";"Schablonen";"24313";"Logoschablone"
"3278";"Schablonen";"24324";"Malschablone"
"3278";"Schablonen";"24325";"Motivschablone"
"3278";"Schablonen";"24320";"Papierschablone"
"3278";"Schablonen";"24322";"Ringschablone"
"3278";"Schablonen";"24310";"Schminkschablone"
"3278";"Schablonen";"24323";"Siebdruckschablone"
"3278";"Schablonen";"24319";"Stoffschablone"
"3278";"Schablonen";"24317";"Wandschablone"
"3278";"Schablonen";"24311";"Zeichenschablone"
"3389";"Schächte";"25357";"Erdschacht"
"3389";"Schächte";"25356";"Erdschachtverlängerung"
"3389";"Schächte";"25359";"Lichtschacht"
"3389";"Schächte";"25355";"Lichtschachtaufsatz"
"3389";"Schächte";"25358";"Lüftungsschacht"
"3389";"Schächte";"25354";"Pumpenschacht"
"3389";"Schächte";"25361";"Pumpenschachtverlängerung"
"3389";"Schächte";"25362";"Sickerschacht"
"3389";"Schächte";"25360";"Spülkasten-Einwurfschacht"
"3390";"Schädlingsbekämpfungsmittel";"25364";"Biotonnenpulver"
"3390";"Schädlingsbekämpfungsmittel";"25372";"CS-Gas Spray"
"3390";"Schädlingsbekämpfungsmittel";"25369";"Insektenspray"
"3390";"Schädlingsbekämpfungsmittel";"25363";"Marderabwehr-Stäbchen"
"3390";"Schädlingsbekämpfungsmittel";"25366";"Marderspray"
"3390";"Schädlingsbekämpfungsmittel";"25371";"Milbenspray"
"3390";"Schädlingsbekämpfungsmittel";"25368";"Pflanzen-Pilzfrei"
"3390";"Schädlingsbekämpfungsmittel";"25373";"Tierabwehrspray"
"3390";"Schädlingsbekämpfungsmittel";"25374";"Verbiss- und Knabberschutz"
"3390";"Schädlingsbekämpfungsmittel";"25367";"Vergrämungsmittel"
"3390";"Schädlingsbekämpfungsmittel";"25365";"Wespenspray"
"3390";"Schädlingsbekämpfungsmittel";"25370";"Zeckenschutzmittel"
"3391";"Schädlingsschutznetze";"25382";"Fliegendecken"
"3391";"Schädlingsschutznetze";"25379";"Fliegenhaube"
"3391";"Schädlingsschutznetze";"25377";"Fliegenmasken"
"3391";"Schädlingsschutznetze";"25380";"Fliegenohren"
"3391";"Schädlingsschutznetze";"25376";"Fliegenstirnbänder"
"3391";"Schädlingsschutznetze";"25378";"Kinderwagen-Insektenschutz"
"3391";"Schädlingsschutznetze";"25381";"Moskitonetz"
"3391";"Schädlingsschutznetze";"25375";"Schädlingsschutznetz"
"3392";"Schäkel";"25387";"Schäkel"
"3392";"Schäkel";"25384";"Schäkel gedreht"
"3392";"Schäkel";"25385";"Schlüsselschäkel"
"3392";"Schäkel";"25386";"Schnappschäkel"
"3392";"Schäkel";"25383";"Wirbelschäkel"
"3279";"Schallpegelmessgeräte";"24327";"Schallpegelmessgerät"
"3280";"Schalter";"24333";"Drehdimmer"
"3280";"Schalter";"24332";"Haustür-Codeschloss"
"3280";"Schalter";"24335";"Kochfeld-Magnetknebel"
"3280";"Schalter";"24334";"Lichtschalter"
"3280";"Schalter";"24330";"Schalter"
"3280";"Schalter";"24329";"Steckdosen Hygrostat"
"3280";"Schalter";"24328";"Türklingel"
"3280";"Schalter";"24331";"Türklingelknopf"
"3281";"Schalthebel";"24336";"Schalthebel"
"3282";"Schaltwerke";"24337";"Schaltwerk"
"3283";"Schaltwerkhalterungen";"24338";"Schaltwerkhalterung"
"3393";"Schärfgeräte";"25390";"Bohrerschärfgerät"
"3393";"Schärfgeräte";"25391";"Sägeblattschärfgerät"
"3393";"Schärfgeräte";"25388";"Sägekettenschärfgerät"
"3393";"Schärfgeräte";"25389";"Schärfstation"
"3284";"Schaufeln";"24341";"Ascheschaufel"
"3284";"Schaufeln";"24342";"Blumenkelle"
"3284";"Schaufeln";"24343";"Futterschaufel"
"3284";"Schaufeln";"24339";"Pflanzkelle"
"3284";"Schaufeln";"24340";"Schaufel"
"3285";"Schaukeln";"24346";"Doppelschaukel"
"3285";"Schaukeln";"24345";"Einzelschaukel"
"3285";"Schaukeln";"24347";"Nestschaukel"
"3285";"Schaukeln";"24348";"Schaukelgestell"
"3285";"Schaukeln";"24344";"Schaukelkombination"
"3286";"Schaukelsitze";"24350";"Babyschaukelsitz"
"3286";"Schaukelsitze";"24355";"Flugschaukel"
"3286";"Schaukelsitze";"24351";"Mehrkindschaukel"
"3286";"Schaukelsitze";"24353";"Nestschaukel-Sitz"
"3286";"Schaukelsitze";"24349";"Schaukelsitz"
"3286";"Schaukelsitze";"24352";"Tuchschaukel"
"3286";"Schaukelsitze";"24354";"Yogaschaukel"
"3287";"Schaukeltiere";"24357";"Schaukelboot"
"3287";"Schaukeltiere";"24359";"Schaukelpferd"
"3287";"Schaukeltiere";"24358";"Schaukeltier"
"3287";"Schaukeltiere";"24356";"Schwingpferd"
"3288";"Scheibenbremssättel";"24360";"Scheibenbremssattel"
"3289";"Scheibenfräser";"24363";"Halbrundprofilfräser"
"3289";"Scheibenfräser";"24364";"Metallkreisfräser"
"3289";"Scheibenfräser";"24361";"Scheibenfräser"
"3289";"Scheibenfräser";"24362";"Walzstirnfräser"
"3290";"Scheren";"24382";"Astschere"
"3290";"Scheren";"24381";"Augenbrauenschere"
"3290";"Scheren";"24373";"Baby-Nagelschere"
"3290";"Scheren";"24387";"Bartschere"
"3290";"Scheren";"24392";"Bastelscheren"
"3290";"Scheren";"24369";"Baumschere"
"3290";"Scheren";"24367";"Drahtseilschere"
"3290";"Scheren";"24388";"Elektrikerschere"
"3290";"Scheren";"24385";"Fischschere"
"3290";"Scheren";"24386";"Gartenschere"
"3290";"Scheren";"24376";"Geflügelschere"
"3290";"Scheren";"24380";"Gehrungsschere"
"3290";"Scheren";"24370";"Grasschere"
"3290";"Scheren";"24365";"Haarschere"
"3290";"Scheren";"24383";"Haushaltsschere"
"3290";"Scheren";"24375";"Hautschere"
"3290";"Scheren";"24368";"Heckenschere"
"3290";"Scheren";"24366";"Kombischere"
"3290";"Scheren";"24389";"Krallenschneider"
"3290";"Scheren";"24374";"Kräuterschere"
"3290";"Scheren";"24384";"Nagelschere"
"3290";"Scheren";"24371";"Nasenhaarschere"
"3290";"Scheren";"24378";"Papierscheren"
"3290";"Scheren";"24372";"Pizzaschere"
"3290";"Scheren";"24379";"Scheren-Set"
"3290";"Scheren";"24393";"Stoffscheren"
"3290";"Scheren";"24390";"Strauchschere"
"3290";"Scheren";"24377";"Tapezierschere"
"3290";"Scheren";"24391";"Universalschere"
"3291";"Scherköpfe";"24401";"Aufsatz Barttrimmer"
"3291";"Scherköpfe";"24398";"Aufsatz Body Groomer"
"3291";"Scherköpfe";"24400";"Aufsatz Stubbler"
"3291";"Scherköpfe";"24399";"Epilieraufsatz"
"3291";"Scherköpfe";"24403";"Ersatzscherfolie"
"3291";"Scherköpfe";"24405";"Ersatzscherkopf"
"3291";"Scherköpfe";"24396";"Ersatzscherköpfe"
"3291";"Scherköpfe";"24402";"Ersatzscherteil"
"3291";"Scherköpfe";"24404";"Ersatzscherteile"
"3291";"Scherköpfe";"24395";"Haar- und Bartschneideraufsatz"
"3291";"Scherköpfe";"24394";"Nasen- und Ohrhaartrimmeraufsatz"
"3291";"Scherköpfe";"24397";"Rasieraufsatz"
"3292";"Schichtdickenmessgeräte";"24407";"Lackschichtenmessgerät"
"3292";"Schichtdickenmessgeräte";"24406";"Schichtdickenmessgerät"
"3293";"Schilder";"24416";"Büffetschild"
"3293";"Schilder";"24410";"Hausnummer"
"3293";"Schilder";"24408";"Hinweisschild"
"3293";"Schilder";"24415";"Klettlogo"
"3293";"Schilder";"24411";"Metallschild"
"3293";"Schilder";"24414";"Startnummern"
"3293";"Schilder";"24412";"Typenschild"
"3293";"Schilder";"24413";"Verkehrsschild"
"3293";"Schilder";"24409";"Warnschild"
"3294";"Schirmhalterungen";"24418";"Angelschirmhalter"
"3294";"Schirmhalterungen";"24421";"Balkonklammer"
"3294";"Schirmhalterungen";"24423";"Betonschirmständer"
"3294";"Schirmhalterungen";"24419";"Bodendübel"
"3294";"Schirmhalterungen";"24422";"Kunststoffschirmständer"
"3294";"Schirmhalterungen";"24417";"Plattenständer"
"3294";"Schirmhalterungen";"24420";"Schirmhalter"
"3295";"Schlafanalysegeräte";"24424";"Schlafsensor"
"3297";"Schlafsäcke";"24435";"Babyschlafsack"
"3297";"Schlafsäcke";"24426";"Biwaksack"
"3297";"Schlafsäcke";"24439";"Daunenschlafsack"
"3297";"Schlafsäcke";"24438";"Daunenschlafsack & Daunenbettdecke"
"3297";"Schlafsäcke";"24440";"Deckenschlafsack"
"3297";"Schlafsäcke";"24437";"Doppeldeckenschlafsack"
"3297";"Schlafsäcke";"24428";"Doppelschlafsack"
"3297";"Schlafsäcke";"24436";"Expeditionsschlafsack"
"3297";"Schlafsäcke";"24444";"Ganzjahresschlafsack"
"3297";"Schlafsäcke";"24431";"Hüttenschlafsack"
"3297";"Schlafsäcke";"24441";"Innenschlafsack"
"3297";"Schlafsäcke";"24433";"Kinderschlafsack"
"3297";"Schlafsäcke";"24430";"Kompressionsschlafsack"
"3297";"Schlafsäcke";"24432";"Mumienschlafsack"
"3297";"Schlafsäcke";"24442";"Pucksack"
"3297";"Schlafsäcke";"24443";"Schlafsack"
"3297";"Schlafsäcke";"24434";"Schlittensack"
"3297";"Schlafsäcke";"24429";"Trekkingschlafsack"
"3297";"Schlafsäcke";"24427";"Wagensack"
"3296";"Schlafsackinletts";"24425";"Schlafsackinlett"
"3298";"Schlafzimmermöbel-Sets";"24449";"Babymöbel-Set"
"3298";"Schlafzimmermöbel-Sets";"24448";"Babyzimmer-Komplettset"
"3298";"Schlafzimmermöbel-Sets";"24450";"Bettanlage"
"3298";"Schlafzimmermöbel-Sets";"24446";"Jugendzimmer-Set"
"3298";"Schlafzimmermöbel-Sets";"24445";"Komplettschlafzimmer"
"3298";"Schlafzimmermöbel-Sets";"24447";"Schlafzimmer-Set"
"3314";"Schlägel";"24642";"Drumsticks"
"3314";"Schlägel";"24639";"Holzschlägel"
"3314";"Schlägel";"24640";"Jazzbesen"
"3314";"Schlägel";"24637";"Paukenschlägel"
"3314";"Schlägel";"24643";"Rods"
"3314";"Schlägel";"24644";"Taktstock"
"3314";"Schlägel";"24638";"Tambourin Schlägel"
"3314";"Schlägel";"24641";"Xylophon Schlägel"
"3315";"Schlägerdämpfer";"24645";"Schlägerdämpfer"
"3299";"Schlaginstrumente";"24454";"Agogo"
"3299";"Schlaginstrumente";"24501";"Agogô"
"3299";"Schlaginstrumente";"24475";"Bass Drum"
"3299";"Schlaginstrumente";"24461";"Becken"
"3299";"Schlaginstrumente";"24500";"Bongo"
"3299";"Schlaginstrumente";"24480";"Boomwhacker"
"3299";"Schlaginstrumente";"24502";"Cabasa"
"3299";"Schlaginstrumente";"24498";"Cajon"
"3299";"Schlaginstrumente";"24464";"Cambasa"
"3299";"Schlaginstrumente";"24471";"Chime"
"3299";"Schlaginstrumente";"24503";"Claves"
"3299";"Schlaginstrumente";"24494";"Conga"
"3299";"Schlaginstrumente";"24473";"Cowbell"
"3299";"Schlaginstrumente";"24452";"Darbuka"
"3299";"Schlaginstrumente";"24462";"Digital Drums"
"3299";"Schlaginstrumente";"24481";"Djemben"
"3299";"Schlaginstrumente";"24476";"E-Drum"
"3299";"Schlaginstrumente";"24484";"E-Drum Pads"
"3299";"Schlaginstrumente";"24459";"Floor Tom"
"3299";"Schlaginstrumente";"24485";"Ganza"
"3299";"Schlaginstrumente";"24483";"Glocke"
"3299";"Schlaginstrumente";"24493";"Glockenspiel"
"3299";"Schlaginstrumente";"24466";"Guiro"
"3299";"Schlaginstrumente";"24496";"Handpan"
"3299";"Schlaginstrumente";"24453";"Handtrommel"
"3299";"Schlaginstrumente";"24460";"Kalimba"
"3299";"Schlaginstrumente";"24455";"Kesselsatz"
"3299";"Schlaginstrumente";"24491";"Kinderschlagzeug"
"3299";"Schlaginstrumente";"24505";"Klangröhren"
"3299";"Schlaginstrumente";"24506";"Klangschale"
"3299";"Schlaginstrumente";"24456";"Klangschalen"
"3299";"Schlaginstrumente";"24463";"Maraca"
"3299";"Schlaginstrumente";"24451";"Marimba"
"3299";"Schlaginstrumente";"24467";"Metallophon"
"3299";"Schlaginstrumente";"24465";"Paiste"
"3299";"Schlaginstrumente";"24489";"Pauke"
"3299";"Schlaginstrumente";"24479";"Percussion Block"
"3299";"Schlaginstrumente";"24457";"Rototom"
"3299";"Schlaginstrumente";"24495";"Rührtrommel"
"3299";"Schlaginstrumente";"24468";"Schellenkranz"
"3299";"Schlaginstrumente";"24472";"Schellenring"
"3299";"Schlaginstrumente";"24478";"Schellenstab"
"3299";"Schlaginstrumente";"24492";"Schlagzeug"
"3299";"Schlaginstrumente";"24458";"Shaker"
"3299";"Schlaginstrumente";"24477";"Slap"
"3299";"Schlaginstrumente";"24474";"Snare Drum"
"3299";"Schlaginstrumente";"24488";"Steel Tongue Drum"
"3299";"Schlaginstrumente";"24470";"Tambourine"
"3299";"Schlaginstrumente";"24504";"Tamburin"
"3299";"Schlaginstrumente";"24486";"Timbale"
"3299";"Schlaginstrumente";"24497";"TomTom"
"3299";"Schlaginstrumente";"24490";"Triangel"
"3299";"Schlaginstrumente";"24482";"Trommel"
"3299";"Schlaginstrumente";"24487";"Vibra"
"3299";"Schlaginstrumente";"24469";"Vibraphon"
"3299";"Schlaginstrumente";"24499";"Xylophon"
"3300";"Schlagklötzer";"24507";"Schlagklotz"
"3301";"Schlagpolster";"24508";"Pratze"
"3301";"Schlagpolster";"24509";"Schlagpolster"
"3302";"Schlagtrainingsgeräte";"24510";"Tennis-Trainer"
"3303";"Schlauchadapter";"24511";"Schlauchadapter"
"3316";"Schläuche";"24668";"Ansaugschlauch"
"3316";"Schläuche";"24670";"Aquariumschlauch"
"3316";"Schläuche";"24660";"Balkonschlauch"
"3316";"Schläuche";"24657";"Benzinschlauch"
"3316";"Schläuche";"24661";"Bewässerungsschlauch"
"3316";"Schläuche";"24649";"Brauseschlauch"
"3316";"Schläuche";"24671";"Flachschlauch"
"3316";"Schläuche";"24662";"Flexschlauch"
"3316";"Schläuche";"24672";"Gartenschlauch"
"3316";"Schläuche";"24658";"Griffschlauch"
"3316";"Schläuche";"24667";"Hochdruckschlauch"
"3316";"Schläuche";"24646";"Inflatorschlauch"
"3316";"Schläuche";"24648";"Isolierschlauch"
"3316";"Schläuche";"24674";"Katheter"
"3316";"Schläuche";"24665";"Perlschlauch"
"3316";"Schläuche";"24666";"Poolschlauch"
"3316";"Schläuche";"24669";"Posenschlauch"
"3316";"Schläuche";"24653";"Pumpenschlauch"
"3316";"Schläuche";"24659";"Sauggarnitur"
"3316";"Schläuche";"24655";"Saugschlauch"
"3316";"Schläuche";"24651";"Schlauchverlängerung"
"3316";"Schläuche";"24656";"Schrumpfschlauch"
"3316";"Schläuche";"24673";"Shisha-Schlauch"
"3316";"Schläuche";"24647";"Spiralschlauch"
"3316";"Schläuche";"24664";"Sprühschlauch"
"3316";"Schläuche";"24652";"Teichschlauch"
"3316";"Schläuche";"24650";"Tropfschlauch"
"3316";"Schläuche";"24654";"Wellschlauch"
"3316";"Schläuche";"24663";"Wischwasserschlauch"
"3304";"Schlauchtrommeln";"24515";"Schlauchaufroller"
"3304";"Schlauchtrommeln";"24518";"Schlauchbox"
"3304";"Schlauchtrommeln";"24513";"Schlauchträger"
"3304";"Schlauchtrommeln";"24516";"Schlauchtrommel"
"3304";"Schlauchtrommeln";"24514";"Schlauchwagen"
"3304";"Schlauchtrommeln";"24517";"Wandschlauchbox"
"3304";"Schlauchtrommeln";"24512";"Wandschlauchhalter"
"3305";"Schlauchverbinder";"24531";"2-Wege Verteiler"
"3305";"Schlauchverbinder";"24523";"3-Wege Verteiler"
"3305";"Schlauchverbinder";"24520";"4-Wege Verteiler"
"3305";"Schlauchverbinder";"24527";"Anschlussstück"
"3305";"Schlauchverbinder";"24526";"Gewindeadapter"
"3305";"Schlauchverbinder";"24529";"Gewindenippel"
"3305";"Schlauchverbinder";"24525";"Hahnstück"
"3305";"Schlauchverbinder";"24524";"Reduzierstück"
"3305";"Schlauchverbinder";"24522";"Schlauchkupplung"
"3305";"Schlauchverbinder";"24537";"Schlauchnippel"
"3305";"Schlauchverbinder";"24534";"Schlauchstutzen"
"3305";"Schlauchverbinder";"24528";"Schlauchtülle"
"3305";"Schlauchverbinder";"24533";"Schlauchventil"
"3305";"Schlauchverbinder";"24535";"Schlauchverbinder"
"3305";"Schlauchverbinder";"24521";"Schlauchverschraubung"
"3305";"Schlauchverbinder";"24532";"Schnellkupplung"
"3305";"Schlauchverbinder";"24538";"Stecktülle"
"3305";"Schlauchverbinder";"24530";"T-Stück"
"3305";"Schlauchverbinder";"24536";"Winkelstück"
"3305";"Schlauchverbinder";"24519";"Y-Stück"
"3306";"Schleifaufsätze";"24545";"Delta-Schleifplatte"
"3306";"Schleifaufsätze";"24552";"Fächerschleifer"
"3306";"Schleifaufsätze";"24539";"Fugenschneider-Aufsatz"
"3306";"Schleifaufsätze";"24540";"Kegelbürsten-Aufsatz"
"3306";"Schleifaufsätze";"24549";"Maschinen-Rundbürste"
"3306";"Schleifaufsätze";"24542";"Maschinen-Zopfrundbürste"
"3306";"Schleifaufsätze";"24556";"Nadelentroster-Aufsatz"
"3306";"Schleifaufsätze";"24557";"Oszillationskopf"
"3306";"Schleifaufsätze";"24541";"Scheibenbürste"
"3306";"Schleifaufsätze";"24551";"Schleifaufsatz"
"3306";"Schleifaufsätze";"24548";"Schleifbockscheibe"
"3306";"Schleifaufsätze";"24550";"Schleifer-Raspelscheibe"
"3306";"Schleifaufsätze";"24544";"Schleiffinger"
"3306";"Schleifaufsätze";"24547";"Schleifplatte"
"3306";"Schleifaufsätze";"24555";"Schleifschuh"
"3306";"Schleifaufsätze";"24553";"Schleifstift"
"3306";"Schleifaufsätze";"24554";"Schleifteller"
"3306";"Schleifaufsätze";"24543";"Stützteller"
"3306";"Schleifaufsätze";"24546";"Topfbürsten-Aufsatz"
"3307";"Schleifmaschinen";"24599";"Akku-Bandfeile"
"3307";"Schleifmaschinen";"24570";"Akku-Bandschleifer"
"3307";"Schleifmaschinen";"24566";"Akku-Exzenterschleifer"
"3307";"Schleifmaschinen";"24580";"Akku-Geradschleifer"
"3307";"Schleifmaschinen";"24567";"Akku-Multischleifer"
"3307";"Schleifmaschinen";"24584";"Akku-Schwingschleifer"
"3307";"Schleifmaschinen";"24596";"Akku-Tellerschleifer"
"3307";"Schleifmaschinen";"24573";"Akku-Trennschleifer"
"3307";"Schleifmaschinen";"24600";"Akku-Trockenbauschleifer"
"3307";"Schleifmaschinen";"24559";"Akku-Walzenschleifer"
"3307";"Schleifmaschinen";"24579";"Akku-Winkelschleifer"
"3307";"Schleifmaschinen";"24571";"Band-Tellerschleifer"
"3307";"Schleifmaschinen";"24562";"Bandschleifer"
"3307";"Schleifmaschinen";"24568";"Deckenschleifer"
"3307";"Schleifmaschinen";"24576";"Deltaschleifer"
"3307";"Schleifmaschinen";"24569";"Doppelschleifer"
"3307";"Schleifmaschinen";"24593";"Dreieckschleifer"
"3307";"Schleifmaschinen";"24560";"Druckluft-Exzenterschleifer"
"3307";"Schleifmaschinen";"24582";"Druckluft-Stabschleifer"
"3307";"Schleifmaschinen";"24564";"Eckenschleifer"
"3307";"Schleifmaschinen";"24558";"Exzenterschleifer"
"3307";"Schleifmaschinen";"24598";"Geradschleifer"
"3307";"Schleifmaschinen";"24586";"Handschleifer"
"3307";"Schleifmaschinen";"24578";"Kantenschleifmaschine"
"3307";"Schleifmaschinen";"24594";"Kombischleifer"
"3307";"Schleifmaschinen";"24577";"Krallenschleifer"
"3307";"Schleifmaschinen";"24590";"Multischleifer"
"3307";"Schleifmaschinen";"24583";"Nass-Trockenschleifer"
"3307";"Schleifmaschinen";"24563";"Parkettschleifmaschine"
"3307";"Schleifmaschinen";"24572";"Penschleifer"
"3307";"Schleifmaschinen";"24561";"Powerfeile"
"3307";"Schleifmaschinen";"24592";"Rotationsschleifer"
"3307";"Schleifmaschinen";"24595";"Rundschleifer"
"3307";"Schleifmaschinen";"24581";"Schleifroller"
"3307";"Schleifmaschinen";"24585";"Schwingschleifer"
"3307";"Schleifmaschinen";"24575";"Spindelschleifmaschine"
"3307";"Schleifmaschinen";"24587";"Stand-Band-Tellerschleifer"
"3307";"Schleifmaschinen";"24589";"Stand-Bandschleifer"
"3307";"Schleifmaschinen";"24588";"Tellerschleifmaschine"
"3307";"Schleifmaschinen";"24597";"Trennschleifer"
"3307";"Schleifmaschinen";"24565";"Trockenbauschleifer"
"3307";"Schleifmaschinen";"24591";"Walzenschleifer"
"3307";"Schleifmaschinen";"24574";"Winkelschleifer"
"3308";"Schleifpapiere";"24601";"Polierring"
"3308";"Schleifpapiere";"24606";"Polierscheibe"
"3308";"Schleifpapiere";"24608";"Polierschwamm"
"3308";"Schleifpapiere";"24609";"Raspelplatte"
"3308";"Schleifpapiere";"24604";"Raspelscheibe"
"3308";"Schleifpapiere";"24610";"Schleifband"
"3308";"Schleifpapiere";"24605";"Schleifdreieck"
"3308";"Schleifpapiere";"24607";"Schleifpapier"
"3308";"Schleifpapiere";"24603";"Schleifscheibe"
"3308";"Schleifpapiere";"24602";"Schleifschwamm"
"3309";"Schleppstangen";"24611";"Abschleppstange"
"3310";"Schleuderstäbe";"24612";"Schleuderstab"
"3311";"Schließbleche";"24616";"Flachschließblech"
"3311";"Schließbleche";"24615";"Lappenschließblech"
"3311";"Schließbleche";"24613";"Schließblech"
"3311";"Schließbleche";"24614";"Winkelschließblech"
"3312";"Schließzylinder";"24620";"Briefkastenschloss"
"3312";"Schließzylinder";"24619";"Einbausicherung"
"3312";"Schließzylinder";"24617";"Profilzylinder"
"3312";"Schließzylinder";"24618";"Schließzylinder"
"3313";"Schlitten";"24623";"Bob"
"3313";"Schlitten";"24636";"Davoser Schlitten"
"3313";"Schlitten";"24631";"Faltrodel"
"3313";"Schlitten";"24630";"Faltschlitten"
"3313";"Schlitten";"24621";"Hörnerrodel"
"3313";"Schlitten";"24635";"Hornschlitten"
"3313";"Schlitten";"24633";"Lenkschlitten"
"3313";"Schlitten";"24624";"Rennrodel"
"3313";"Schlitten";"24627";"Rennschlitten"
"3313";"Schlitten";"24632";"Rodel"
"3313";"Schlitten";"24626";"Schlitten"
"3313";"Schlitten";"24625";"Schneerutscher"
"3313";"Schlitten";"24629";"Schneescooter"
"3313";"Schlitten";"24628";"Skibob"
"3313";"Schlitten";"24634";"Snow Bike"
"3313";"Schlitten";"24622";"Sportrodel"
"3317";"Schlüsselanhänger";"24677";"Schlüsselanhänger"
"3317";"Schlüsselanhänger";"24676";"Schlüsselanhänger mit Gravur"
"3317";"Schlüsselanhänger";"24675";"Schlüsselanhänger Set"
"3318";"Schlüsselkästen";"24678";"Schlüsselkasten"
"3319";"Schmiermittel";"24684";"Angelschnurfett"
"3319";"Schmiermittel";"24680";"Bohr- & Schneidöl"
"3319";"Schmiermittel";"24679";"Fahrradöl"
"3319";"Schmiermittel";"24686";"Feinmechaniköl"
"3319";"Schmiermittel";"24682";"Gabelöl"
"3319";"Schmiermittel";"24689";"Graphit-Spray"
"3319";"Schmiermittel";"24690";"Keramikpaste"
"3319";"Schmiermittel";"24691";"Kettenöl"
"3319";"Schmiermittel";"24683";"Montagepaste"
"3319";"Schmiermittel";"24692";"Multifunktionsöl"
"3319";"Schmiermittel";"24685";"Schmierfett"
"3319";"Schmiermittel";"24681";"Schneideöl"
"3319";"Schmiermittel";"24688";"Silikonöl"
"3319";"Schmiermittel";"24687";"Universalöl"
"3320";"Schmink-Sets";"24697";"Kosmetik-Kassette"
"3320";"Schmink-Sets";"24693";"Kosmetik-Koffer"
"3320";"Schmink-Sets";"24695";"Kosmetik-Set"
"3320";"Schmink-Sets";"24698";"Schmink-Kassette"
"3320";"Schmink-Sets";"24696";"Schmink-Koffer"
"3320";"Schmink-Sets";"24694";"Schmink-Set"
"3321";"Schmuck-Sets";"24704";"Bauchketten und Fußketten Set"
"3321";"Schmuck-Sets";"24699";"Fußkette und Zehenring Set"
"3321";"Schmuck-Sets";"24705";"Kette und Anhänger Set"
"3321";"Schmuck-Sets";"24702";"Ketten und Armband Set"
"3321";"Schmuck-Sets";"24700";"Manschettenknöpfe und Krawattennadel Set"
"3321";"Schmuck-Sets";"24707";"Ohrring und Ketten Set"
"3321";"Schmuck-Sets";"24701";"Patches"
"3321";"Schmuck-Sets";"24706";"Schmuckset"
"3321";"Schmuck-Sets";"24703";"Schmuckset mit Gravur"
"3322";"Schmuck-Wechselteile";"24716";"Einlage für Armschmuck"
"3322";"Schmuck-Wechselteile";"24710";"Einlage für Halsschmuck"
"3322";"Schmuck-Wechselteile";"24708";"Einlage für Ringe"
"3322";"Schmuck-Wechselteile";"24714";"Einlage für Schmuckanhänger"
"3322";"Schmuck-Wechselteile";"24715";"Kettenverlängerung"
"3322";"Schmuck-Wechselteile";"24709";"Magnetschließe"
"3322";"Schmuck-Wechselteile";"24713";"Ohrstecker-Verschluss"
"3322";"Schmuck-Wechselteile";"24712";"Pin-Set"
"3322";"Schmuck-Wechselteile";"24717";"Taschenuhrenkette"
"3322";"Schmuck-Wechselteile";"24711";"Uhrencharmeinhänger"
"3323";"Schmuckanhänger";"24732";"Amulett"
"3323";"Schmuckanhänger";"24753";"Amulett Set"
"3323";"Schmuckanhänger";"24728";"Anhänger mit Gravur"
"3323";"Schmuckanhänger";"24730";"Anhänger Schlüssel"
"3323";"Schmuckanhänger";"24744";"Anhänger Set"
"3323";"Schmuckanhänger";"24745";"Ankeranhänger"
"3323";"Schmuckanhänger";"24719";"Blumenanhänger"
"3323";"Schmuckanhänger";"24731";"Buchstabenanhänger"
"3323";"Schmuckanhänger";"24741";"Dog Tag Anhänger"
"3323";"Schmuckanhänger";"24738";"Engelanhänger"
"3323";"Schmuckanhänger";"24742";"Flügelanhänger"
"3323";"Schmuckanhänger";"24729";"Herzanhänger"
"3323";"Schmuckanhänger";"24740";"Kettenanhänger"
"3323";"Schmuckanhänger";"24749";"Klangchakra"
"3323";"Schmuckanhänger";"24751";"Klangchakra Set"
"3323";"Schmuckanhänger";"24734";"Klangchakraanhänger"
"3323";"Schmuckanhänger";"24724";"Klangherz"
"3323";"Schmuckanhänger";"24733";"Klangherz Set"
"3323";"Schmuckanhänger";"24721";"Klangherzanhänger"
"3323";"Schmuckanhänger";"24746";"Klangherzanhänger Set"
"3323";"Schmuckanhänger";"24737";"Klangkugel"
"3323";"Schmuckanhänger";"24726";"Klangkugel Set"
"3323";"Schmuckanhänger";"24752";"Klangkugelanhänger"
"3323";"Schmuckanhänger";"24718";"Klangkugelanhänger Set"
"3323";"Schmuckanhänger";"24727";"Klanglinse"
"3323";"Schmuckanhänger";"24747";"Kreuzanhänger"
"3323";"Schmuckanhänger";"24723";"Kristallanhänger"
"3323";"Schmuckanhänger";"24750";"Kugelanhänger"
"3323";"Schmuckanhänger";"24748";"Medallionanhänger"
"3323";"Schmuckanhänger";"24736";"Perlenanhänger"
"3323";"Schmuckanhänger";"24739";"Puzzleanhänger"
"3323";"Schmuckanhänger";"24743";"Runder Anhänger"
"3323";"Schmuckanhänger";"24735";"Schmetterlingsanhänger"
"3323";"Schmuckanhänger";"24722";"Sonnenanhänger"
"3323";"Schmuckanhänger";"24720";"Sternanhänger"
"3323";"Schmuckanhänger";"24725";"Sternzeichenanhänger"
"3324";"Schmuckständer";"24754";"Schmuck Etagere"
"3325";"Schmutzfänger";"24756";"Anhänger-Schmutzfänger"
"3325";"Schmutzfänger";"24755";"Fahrrad-Schmutzfänger"
"3325";"Schmutzfänger";"24758";"Kfz-Schmutzfänger"
"3325";"Schmutzfänger";"24757";"LKW-Schmutzfänger"
"3326";"Schnallen";"24759";"Gurtstecker"
"3327";"Schneebesen";"24761";"Schneebesen"
"3327";"Schneebesen";"24762";"Schneeschläger"
"3327";"Schneebesen";"24760";"Spiralbesen"
"3328";"Schneefräsen";"24765";"Akku-Schneefräse"
"3328";"Schneefräsen";"24764";"Benzin-Schneefräse"
"3328";"Schneefräsen";"24763";"Elektro-Schneefräse"
"3329";"Schneeketten";"24766";"Schneeketten"
"3330";"Schneeschieber";"24769";"Schneeräumer"
"3330";"Schneeschieber";"24767";"Schneeschieber"
"3330";"Schneeschieber";"24768";"Stoßscharre"
"3331";"Schneidebretter";"24778";"Backbrett"
"3331";"Schneidebretter";"24771";"Brotschneidebrett"
"3331";"Schneidebretter";"24774";"Frühstücksbrett"
"3331";"Schneidebretter";"24775";"Käsebrett"
"3331";"Schneidebretter";"24770";"Kräuterschneidebrett"
"3331";"Schneidebretter";"24772";"Pizzaschneidebrett"
"3331";"Schneidebretter";"24777";"Räucherbrett"
"3331";"Schneidebretter";"24780";"Schneidauflage"
"3331";"Schneidebretter";"24779";"Schneidebrett"
"3331";"Schneidebretter";"24773";"Servierbrett"
"3331";"Schneidebretter";"24776";"Tranchierbrett"
"3332";"Schneidemaschinen";"24785";"Akku-Blechschere"
"3332";"Schneidemaschinen";"24784";"Akku-Gewindestangentrenner"
"3332";"Schneidemaschinen";"24782";"Akku-Knabber"
"3332";"Schneidemaschinen";"24788";"Akku-Kurvenschere"
"3332";"Schneidemaschinen";"24781";"Akku-Universalschere"
"3332";"Schneidemaschinen";"24786";"Heißdrahtschneider"
"3332";"Schneidemaschinen";"24787";"Knabber"
"3332";"Schneidemaschinen";"24783";"Trennschneider"
"3333";"Schneiderpuppen";"24791";"Schaufensterpuppe"
"3333";"Schneiderpuppen";"24790";"Schneiderbüste"
"3333";"Schneiderpuppen";"24789";"Schneiderpuppe"
"3334";"Schneideunterlagen";"24792";"Schneideunterlage"
"3334";"Schneideunterlagen";"24793";"Zeichenplatte"
"3335";"Schneidewerkzeuge";"24797";"Abmantelungsmesser"
"3335";"Schneidewerkzeuge";"24794";"Blechschere"
"3335";"Schneidewerkzeuge";"24795";"Bolzenschneider"
"3335";"Schneidewerkzeuge";"24796";"Cuttermesser"
"3335";"Schneidewerkzeuge";"24805";"Elektriker-Klappmesser"
"3335";"Schneidewerkzeuge";"24800";"Fugenschneider"
"3335";"Schneidewerkzeuge";"24798";"Kabelmesser"
"3335";"Schneidewerkzeuge";"24802";"Kabelschere"
"3335";"Schneidewerkzeuge";"24799";"Kraftseitenschneider"
"3335";"Schneidewerkzeuge";"24807";"Kreisschneider"
"3335";"Schneidewerkzeuge";"24806";"Lamellenschneider"
"3335";"Schneidewerkzeuge";"24804";"Rohrschneider"
"3335";"Schneidewerkzeuge";"24809";"Rollmesser"
"3335";"Schneidewerkzeuge";"24801";"Teppichmesser"
"3335";"Schneidewerkzeuge";"24803";"Universalschneide-Aufsatz"
"3335";"Schneidewerkzeuge";"24810";"Zigarrenschneider"
"3335";"Schneidewerkzeuge";"24808";"Zirkelschneider"
"3336";"Schneidhilfen";"24816";"Bruchschneider"
"3336";"Schneidhilfen";"24817";"Käseharfe"
"3336";"Schneidhilfen";"24815";"Teigrädchen"
"3336";"Schneidhilfen";"24813";"Torten-Schneidhilfe"
"3336";"Schneidhilfen";"24814";"Tortenbodenteiler"
"3336";"Schneidhilfen";"24812";"Tortensäge"
"3336";"Schneidhilfen";"24811";"Tortenschneider"
"3337";"Schnellkochtopfventile";"24818";"Kochkrone"
"3337";"Schnellkochtopfventile";"24819";"Kochventil"
"3338";"Schnorchel";"24820";"Schnorchel"
"3339";"Schnuffeltücher";"24821";"Kuscheltuch"
"3339";"Schnuffeltücher";"24824";"Nuckeltuch"
"3339";"Schnuffeltücher";"24823";"Schmusetuch"
"3339";"Schnuffeltücher";"24822";"Schnuffeltuch"
"3339";"Schnuffeltücher";"24825";"Spucktuch"
"3340";"Schnuller";"24826";"Schnuller"
"3341";"Schnullerbefestigungen";"24827";"Schnullerbefestigung"
"3344";"Schnürsenkel";"24833";"Schnürsenkel"
"3342";"Schnurstopper";"24830";"Boiliestopper"
"3342";"Schnurstopper";"24829";"Posenring"
"3342";"Schnurstopper";"24828";"Schnurstopper"
"3343";"Schnurverbinder";"24832";"Schnurverbinder"
"3343";"Schnurverbinder";"24831";"Vorfachring"
"3345";"Schokobrunnen";"24834";"Schokoladenbrunnen"
"3346";"Schornsteine";"24838";"Außenwandkamin"
"3346";"Schornsteine";"24843";"Bogenelement"
"3346";"Schornsteine";"24844";"Grundplatte"
"3346";"Schornsteine";"24839";"Kaminsanierungs-Set"
"3346";"Schornsteine";"24842";"Kopfabdeckung"
"3346";"Schornsteine";"24837";"Mündungsabschluss"
"3346";"Schornsteine";"24841";"Reinigungselement"
"3346";"Schornsteine";"24840";"Schornstein"
"3346";"Schornsteine";"24835";"Schornstein-Regenhaube"
"3346";"Schornsteine";"24845";"Schornsteinverlängerung"
"3346";"Schornsteine";"24836";"Turbinenlüfter"
"3347";"Schrankbetten";"24847";"Klappbett"
"3347";"Schrankbetten";"24846";"Schrankbett"
"3359";"Schränke";"25025";"Aktenschrank"
"3359";"Schränke";"25001";"Anbauschrank"
"3359";"Schränke";"25029";"Angelschrank"
"3359";"Schränke";"25019";"Apothekerschrank"
"3359";"Schränke";"24964";"Aquariumunterschrank"
"3359";"Schränke";"25024";"Aufsatzschrank"
"3359";"Schränke";"24973";"Auszugsunterschrank"
"3359";"Schränke";"25034";"Backofen/Kühlumbauschrank"
"3359";"Schränke";"25002";"Backofenumbauschrank"
"3359";"Schränke";"25005";"Badezimmerspiegelschrank"
"3359";"Schränke";"24991";"Barschrank"
"3359";"Schränke";"24987";"Bauernschrank"
"3359";"Schränke";"25036";"Beistellschrank"
"3359";"Schränke";"24988";"Buffet"
"3359";"Schränke";"25039";"Campingschrank"
"3359";"Schränke";"24969";"Computerschrank"
"3359";"Schränke";"24974";"Container"
"3359";"Schränke";"24995";"Dreh-/Schwebetürenschrank"
"3359";"Schränke";"24984";"Drehtürenschrank"
"3359";"Schränke";"24962";"Eckhängeschrank"
"3359";"Schränke";"25030";"Eckkleiderschrank"
"3359";"Schränke";"25033";"Eckschrank"
"3359";"Schränke";"24970";"Eckunterschrank"
"3359";"Schränke";"24986";"Eckvitrine"
"3359";"Schränke";"24999";"Fächerschrank"
"3359";"Schränke";"24998";"Faltlifthängeschrank"
"3359";"Schränke";"25028";"Falttürenschrank"
"3359";"Schränke";"25014";"Garderobenschrank"
"3359";"Schränke";"24952";"Geräteschrank"
"3359";"Schränke";"25035";"Glashängeschrank"
"3359";"Schränke";"25031";"Glasvitrine"
"3359";"Schränke";"24996";"Hängeregisterschrank"
"3359";"Schränke";"25006";"Hängeschrank"
"3359";"Schränke";"24978";"Hängeschuhschrank"
"3359";"Schränke";"24982";"Hängevitrine"
"3359";"Schränke";"25000";"Herdumbauschrank"
"3359";"Schränke";"25013";"Hochschrank"
"3359";"Schränke";"25020";"Jalousieschrank"
"3359";"Schränke";"24975";"Kaminumbauschrank"
"3359";"Schränke";"25038";"Kinderkleiderschrank"
"3359";"Schränke";"24979";"Klapphängeschrank"
"3359";"Schränke";"25037";"Kleiderschrank"
"3359";"Schränke";"24993";"Kochfeldumbauschrank"
"3359";"Schränke";"25018";"Kompaktgarderobe"
"3359";"Schränke";"24957";"Küchenbuffet"
"3359";"Schränke";"25016";"Kühlmodul"
"3359";"Schränke";"25011";"Kühlumbauschrank"
"3359";"Schränke";"25023";"Kurzhängeschrank"
"3359";"Schränke";"24954";"Lochplattenschrank"
"3359";"Schränke";"25027";"Medizinschrank"
"3359";"Schränke";"25010";"Mehrzweckschrank"
"3359";"Schränke";"25026";"Midischrank"
"3359";"Schränke";"24981";"Mikrowellenumbauschrank"
"3359";"Schränke";"25017";"Nachtschrank"
"3359";"Schränke";"24994";"Ofenumbauschrank"
"3359";"Schränke";"25040";"Outdoor-Küchenmodul"
"3359";"Schränke";"24997";"Passepartout"
"3359";"Schränke";"24966";"Rollladenschrank"
"3359";"Schränke";"24965";"Rolloschrank"
"3359";"Schränke";"25008";"Schiebetürenschrank"
"3359";"Schränke";"24961";"Schminkschrank"
"3359";"Schränke";"25012";"Schmuckschrank"
"3359";"Schränke";"24963";"Schrankmodule"
"3359";"Schränke";"24960";"Schranksystem"
"3359";"Schränke";"24958";"Schubkasten-Unterbau"
"3359";"Schränke";"24959";"Schuhschrank"
"3359";"Schränke";"25015";"Schwebetürenschrank"
"3359";"Schränke";"25004";"Seitenschrank"
"3359";"Schränke";"25003";"Spiegelschrank"
"3359";"Schränke";"25021";"Spind"
"3359";"Schränke";"25007";"Spülenschrank"
"3359";"Schränke";"24989";"Spülenunterschrank"
"3359";"Schränke";"24953";"Standvitrine"
"3359";"Schränke";"24985";"Stauraumschrank"
"3359";"Schränke";"24972";"Stauraumvitrine"
"3359";"Schränke";"24990";"Stoffschrank"
"3359";"Schränke";"24971";"TV-Schrank"
"3359";"Schränke";"24977";"Umbauschrank"
"3359";"Schränke";"24983";"Unterschrank"
"3359";"Schränke";"24968";"Vitrine"
"3359";"Schränke";"25032";"Vorhang-Schrank"
"3359";"Schränke";"24992";"Vorratsschrank"
"3359";"Schränke";"24967";"Waschbeckenschrank"
"3359";"Schränke";"25009";"Waschbeckenunterschrank"
"3359";"Schränke";"25022";"Wäscheschrank"
"3359";"Schränke";"24980";"Waschmaschinenumbauschrank"
"3359";"Schränke";"24976";"Waschmaschinenunterschrank"
"3359";"Schränke";"24955";"Weinschrank"
"3359";"Schränke";"24956";"Werkzeugschrank"
"3348";"Schrankinneneinteiler";"24849";"Abfallsystem-Rahmensteg"
"3348";"Schrankinneneinteiler";"24850";"Inneneinteilung"
"3348";"Schrankinneneinteiler";"24848";"Staplereinsatz"
"3349";"Schranktüren";"24851";"Schranktür"
"3349";"Schranktüren";"24852";"Türfront"
"3350";"Schrauben";"24864";"Bauschraube"
"3350";"Schrauben";"24862";"Betonschraube"
"3350";"Schrauben";"24869";"Blechschraube"
"3350";"Schrauben";"24884";"Bohrschraube"
"3350";"Schrauben";"24858";"Fassadenschraube"
"3350";"Schrauben";"24870";"Fensterbankschraube"
"3350";"Schrauben";"24856";"Fensterrahmenschraube"
"3350";"Schrauben";"24872";"Flachrundkopfschraube"
"3350";"Schrauben";"24876";"Gewindeschraube"
"3350";"Schrauben";"24865";"Holzbauschraube"
"3350";"Schrauben";"24877";"Justierschraube"
"3350";"Schrauben";"24867";"Linsenschraube"
"3350";"Schrauben";"24861";"Passschraube"
"3350";"Schrauben";"24863";"Ringschrauben"
"3350";"Schrauben";"24879";"Schlossschraube"
"3350";"Schrauben";"24866";"Schnellbauschraube"
"3350";"Schrauben";"24860";"Schraube"
"3350";"Schrauben";"24853";"Schrauben- und Dübel-Set"
"3350";"Schrauben";"24882";"Schrauben-Set"
"3350";"Schrauben";"24855";"Schraubhaken"
"3350";"Schrauben";"24880";"Sechskant-Holzschraube"
"3350";"Schrauben";"24873";"Sechskantschraube"
"3350";"Schrauben";"24883";"Senkschraube"
"3350";"Schrauben";"24871";"Spanplattenschraube"
"3350";"Schrauben";"24857";"Spenglerschraube"
"3350";"Schrauben";"24874";"Stiftschraube"
"3350";"Schrauben";"24868";"Stockschraube"
"3350";"Schrauben";"24875";"Terrassenschraube"
"3350";"Schrauben";"24878";"Thermoholzschraube"
"3350";"Schrauben";"24881";"Torbandschraube"
"3350";"Schrauben";"24859";"Zaunschraube"
"3350";"Schrauben";"24854";"Zylinderschraube"
"3351";"Schraubendreher";"24886";"Bit-Schraubendreher"
"3351";"Schraubendreher";"24885";"Schraubendreher"
"3352";"Schraubenschlüssel";"24906";"Drehmomentschlüssel"
"3352";"Schraubenschlüssel";"24890";"Gabel- und Ringschlüssel"
"3352";"Schraubenschlüssel";"24896";"Gabelschlüssel"
"3352";"Schraubenschlüssel";"24900";"Innenlagerwerkzeug"
"3352";"Schraubenschlüssel";"24907";"Innensechskantschlüssel"
"3352";"Schraubenschlüssel";"24904";"Kreuzschlüssel"
"3352";"Schraubenschlüssel";"24905";"Maulschlüssel"
"3352";"Schraubenschlüssel";"24893";"Radmutternschlüssel"
"3352";"Schraubenschlüssel";"24889";"Ratsche"
"3352";"Schraubenschlüssel";"24897";"Ratschenringschlüssel"
"3352";"Schraubenschlüssel";"24901";"Ringschlüssel"
"3352";"Schraubenschlüssel";"24888";"Rohrschlüssel"
"3352";"Schraubenschlüssel";"24895";"Spikeschlüssel"
"3352";"Schraubenschlüssel";"24892";"Steckschlüssel"
"3352";"Schraubenschlüssel";"24902";"Stiftschlüssel"
"3352";"Schraubenschlüssel";"24898";"Torxschlüssel"
"3352";"Schraubenschlüssel";"24903";"Tretlagerschlüssel"
"3352";"Schraubenschlüssel";"24894";"Umschaltknarre"
"3352";"Schraubenschlüssel";"24891";"Winkelschlüssel"
"3352";"Schraubenschlüssel";"24887";"Zündkerzenschlüssel"
"3352";"Schraubenschlüssel";"24899";"Zweilochschlüssel"
"3353";"Schrauber";"24932";"Akku-Drehschlagschrauber"
"3353";"Schrauber";"24917";"Akku-Impulsschrauber"
"3353";"Schrauber";"24912";"Akku-Knickschrauber"
"3353";"Schrauber";"24929";"Akku-Magazinschrauber"
"3353";"Schrauber";"24928";"Akku-Quadroschrauber"
"3353";"Schrauber";"24915";"Akku-Ratschenschrauber"
"3353";"Schrauber";"24910";"Akku-Schlagschrauber"
"3353";"Schrauber";"24926";"Akku-Schnellbauschrauber"
"3353";"Schrauber";"24923";"Akku-Schraubendreher"
"3353";"Schrauber";"24925";"Akku-Schrauber"
"3353";"Schrauber";"24934";"Akku-Stabschrauber"
"3353";"Schrauber";"24924";"Akku-Trockenbauschrauber"
"3353";"Schrauber";"24916";"Akku-Winkelschlagschrauber"
"3353";"Schrauber";"24921";"Drehschlagschrauber"
"3353";"Schrauber";"24908";"Druckluft-Ratschenschrauber"
"3353";"Schrauber";"24922";"Druckluft-Schlagschrauber"
"3353";"Schrauber";"24930";"Elektro-Ratschenschrauber"
"3353";"Schrauber";"24909";"Elektro-Schraubendreher"
"3353";"Schrauber";"24914";"Elektro-Schrauber"
"3353";"Schrauber";"24919";"Impulsschrauber"
"3353";"Schrauber";"24927";"Magazinschrauber"
"3353";"Schrauber";"24918";"Quadroschrauber"
"3353";"Schrauber";"24920";"Schlagschrauber"
"3353";"Schrauber";"24931";"Schnellbauschrauber"
"3353";"Schrauber";"24933";"Stabschrauber"
"3353";"Schrauber";"24913";"Trockenbauschrauber"
"3353";"Schrauber";"24911";"Winkelschlagschrauber"
"3354";"Schraubstöcke";"24935";"Gelenkschraubstock"
"3354";"Schraubstöcke";"24936";"Koordinatentisch"
"3354";"Schraubstöcke";"24939";"Maschinenschraubstock"
"3354";"Schraubstöcke";"24937";"Schraubstock"
"3354";"Schraubstöcke";"24938";"Winkelschraubstock"
"3355";"Schreibblöcke";"24945";"Collegeblock"
"3355";"Schreibblöcke";"24946";"Haftnotizblock"
"3355";"Schreibblöcke";"24940";"Kellnerblock"
"3355";"Schreibblöcke";"24943";"Minigolf-Punkteblock"
"3355";"Schreibblöcke";"24942";"Notenblock"
"3355";"Schreibblöcke";"24944";"Notizblock"
"3355";"Schreibblöcke";"24941";"Stenoblock"
"3356";"Schreibgeräteetuis";"24949";"Federmäppchen"
"3356";"Schreibgeräteetuis";"24948";"Federtasche"
"3356";"Schreibgeräteetuis";"24947";"Schreibgeräteetui"
"3357";"Schreibmaschinen";"24950";"Schreibmaschine"
"3358";"Schreibunterlagen";"24951";"Schreibtischunterlage"
"3360";"Schubkarren";"25041";"Schubkarre"
"3361";"Schubkarrenwannen";"25043";"Schubkarren-Rohrrahmen"
"3361";"Schubkarrenwannen";"25042";"Schubkarrenmulde"
"3362";"Schubladen";"25052";"Auszug"
"3362";"Schubladen";"25049";"Auszugsboden"
"3362";"Schubladen";"25050";"Bettschubkasten"
"3362";"Schubladen";"25054";"Hängeschublade"
"3362";"Schubladen";"25045";"Hemdenauszug"
"3362";"Schubladen";"25046";"Hosenauszug"
"3362";"Schubladen";"25047";"Innenschublade"
"3362";"Schubladen";"25048";"Schubkasten"
"3362";"Schubladen";"25055";"Schubkasteneinsatz"
"3362";"Schubladen";"25044";"Schublade"
"3362";"Schubladen";"25053";"Spülenauszug"
"3362";"Schubladen";"25051";"Zubehörschublade"
"3363";"Schubladenboxen";"25056";"Schubladenbox"
"3364";"Schubladeneinsätze";"25059";"Besteckeinsatz"
"3364";"Schubladeneinsätze";"25060";"Besteckkasten"
"3364";"Schubladeneinsätze";"25057";"Hängeregistereinsatz"
"3364";"Schubladeneinsätze";"25061";"Schubladeneinsatz"
"3364";"Schubladeneinsätze";"25058";"Schubladenmatte"
"3364";"Schubladeneinsätze";"25062";"Werkzeugeinsatz"
"3365";"Schuhe";"25215";"Alpinschuh"
"3365";"Schuhe";"25135";"Ankleboots"
"3365";"Schuhe";"25173";"Aquaschuh"
"3365";"Schuhe";"25107";"Arbeitsschuh"
"3365";"Schuhe";"25099";"Babystiefel"
"3365";"Schuhe";"25132";"Badepantolette"
"3365";"Schuhe";"25188";"Badesandale"
"3365";"Schuhe";"25102";"Badeschuh"
"3365";"Schuhe";"25093";"Badezehentrenner"
"3365";"Schuhe";"25143";"Badmintonschuh"
"3365";"Schuhe";"25163";"Ballerina"
"3365";"Schuhe";"25115";"Ballettschuh"
"3365";"Schuhe";"25076";"Barfußschuh"
"3365";"Schuhe";"25180";"Basketballschuh"
"3365";"Schuhe";"25211";"Berufsschuh"
"3365";"Schuhe";"25203";"Bettschuh"
"3365";"Schuhe";"25228";"Bikerboots"
"3365";"Schuhe";"25177";"Bootsschuh"
"3365";"Schuhe";"25200";"Bowlingschuh"
"3365";"Schuhe";"25160";"Boxschuh"
"3365";"Schuhe";"25152";"Budapester"
"3365";"Schuhe";"25118";"Chelseaboots"
"3365";"Schuhe";"25201";"Clog"
"3365";"Schuhe";"25195";"Cowboy Boots"
"3365";"Schuhe";"25181";"Cowboy Stiefelette"
"3365";"Schuhe";"25182";"Cowboystiefel"
"3365";"Schuhe";"25068";"Daunenschuh"
"3365";"Schuhe";"25081";"Dianette"
"3365";"Schuhe";"25214";"Espadrille"
"3365";"Schuhe";"25077";"Fahrradschuh"
"3365";"Schuhe";"25165";"Feldhockeyschuh"
"3365";"Schuhe";"25226";"Fitnessschuh"
"3365";"Schuhe";"25112";"Flamencoschuh"
"3365";"Schuhe";"25072";"Fußballschuh"
"3365";"Schuhe";"25070";"Gamaschenschuh"
"3365";"Schuhe";"25178";"Golfschuh"
"3365";"Schuhe";"25230";"Grindschuh"
"3365";"Schuhe";"25221";"Gummistiefel"
"3365";"Schuhe";"25121";"Gummistiefelette"
"3365";"Schuhe";"25110";"Gymnastik-Kappen"
"3365";"Schuhe";"25187";"Gymnastikschuh"
"3365";"Schuhe";"25113";"Haferlschuh"
"3365";"Schuhe";"25100";"Hallenhockeyschuh"
"3365";"Schuhe";"25098";"Hallenschuh"
"3365";"Schuhe";"25129";"Handballschuh"
"3365";"Schuhe";"25159";"Hausballerinas"
"3365";"Schuhe";"25094";"Hausboots"
"3365";"Schuhe";"25208";"Hausschuh"
"3365";"Schuhe";"25078";"Hausstiefel"
"3365";"Schuhe";"25103";"High-Heel-Pantolette"
"3365";"Schuhe";"25114";"High-Heel-Pumps"
"3365";"Schuhe";"25128";"High-Heel-Sandalette"
"3365";"Schuhe";"25198";"High-Heel-Stiefel"
"3365";"Schuhe";"25224";"High-Heel-Stiefelette"
"3365";"Schuhe";"25119";"Hikingschuh"
"3365";"Schuhe";"25063";"Hochfrontpumps"
"3365";"Schuhe";"25139";"Hüttenschuhe"
"3365";"Schuhe";"25136";"Indoorschuh"
"3365";"Schuhe";"25232";"Kegelschuh"
"3365";"Schuhe";"25131";"Keilpantolette"
"3365";"Schuhe";"25207";"Keilpumps"
"3365";"Schuhe";"25145";"Keilsandalette"
"3365";"Schuhe";"25096";"Keilsneaker"
"3365";"Schuhe";"25158";"Keilstiefel"
"3365";"Schuhe";"25138";"Keilstiefelette"
"3365";"Schuhe";"25149";"Klettboot"
"3365";"Schuhe";"25087";"Kletterschuh"
"3365";"Schuhe";"25144";"Klettschuh"
"3365";"Schuhe";"25196";"Klettstiefel"
"3365";"Schuhe";"25089";"Krabbelschuh"
"3365";"Schuhe";"25075";"Kuschel-Ballerinas"
"3365";"Schuhe";"25155";"Langlaufschuhe"
"3365";"Schuhe";"25189";"Lauflernschuh"
"3365";"Schuhe";"25169";"Laufschuh"
"3365";"Schuhe";"25091";"Loafer"
"3365";"Schuhe";"25065";"Mary-Jane-Schuhe"
"3365";"Schuhe";"25199";"Mokassin"
"3365";"Schuhe";"25134";"Motorradstiefel"
"3365";"Schuhe";"25122";"Mules"
"3365";"Schuhe";"25067";"Neoprenschuh"
"3365";"Schuhe";"25210";"Outdoorsandale"
"3365";"Schuhe";"25150";"Outdoorschuh"
"3365";"Schuhe";"25148";"Outdoorwinterstiefel"
"3365";"Schuhe";"25073";"Overkneestiefel"
"3365";"Schuhe";"25231";"Padelschuh"
"3365";"Schuhe";"25179";"Pantoffel"
"3365";"Schuhe";"25219";"Pantolette"
"3365";"Schuhe";"25066";"Peeptoepumps"
"3365";"Schuhe";"25176";"Plateaupumps"
"3365";"Schuhe";"25071";"Plateausandale"
"3365";"Schuhe";"25116";"Plateausandaletten"
"3365";"Schuhe";"25079";"Plateausneaker"
"3365";"Schuhe";"25069";"Plateaustiefel"
"3365";"Schuhe";"25212";"Plateaustiefelette"
"3365";"Schuhe";"25193";"Plüsch Hausschuhe"
"3365";"Schuhe";"25185";"Pumps"
"3365";"Schuhe";"25090";"Reißverschlussstiefel"
"3365";"Schuhe";"25172";"Reitstiefel"
"3365";"Schuhe";"25125";"Reitstiefelette"
"3365";"Schuhe";"25197";"Riemchenballerina"
"3365";"Schuhe";"25209";"Riemchensandale"
"3365";"Schuhe";"25083";"Riemchensandalette"
"3365";"Schuhe";"25186";"Römersandale"
"3365";"Schuhe";"25105";"Sabot"
"3365";"Schuhe";"25117";"Sandale"
"3365";"Schuhe";"25171";"Sandalette"
"3365";"Schuhe";"25161";"Schaftsandale"
"3365";"Schuhe";"25126";"Schaftsandalette"
"3365";"Schuhe";"25206";"Schlappen"
"3365";"Schuhe";"25184";"Schlupfboots"
"3365";"Schuhe";"25101";"Schlupfstiefel"
"3365";"Schuhe";"25120";"Schnittschutzstiefel"
"3365";"Schuhe";"25164";"Schnürboots"
"3365";"Schuhe";"25168";"Schnürpumps"
"3365";"Schuhe";"25130";"Schnürschuh"
"3365";"Schuhe";"25142";"Schnürstiefel"
"3365";"Schuhe";"25095";"Schnürstiefelette"
"3365";"Schuhe";"25216";"Segelschuh"
"3365";"Schuhe";"25220";"Sicherheitsschuh"
"3365";"Schuhe";"25082";"Sicherheitsstiefel"
"3365";"Schuhe";"25218";"Skateschuh"
"3365";"Schuhe";"25084";"Skischuh"
"3365";"Schuhe";"25190";"Slingpumps"
"3365";"Schuhe";"25191";"Slingsandale"
"3365";"Schuhe";"25123";"Slingsandalette"
"3365";"Schuhe";"25106";"Slip-On Sneaker"
"3365";"Schuhe";"25157";"Slipper"
"3365";"Schuhe";"25167";"Sneaker"
"3365";"Schuhe";"25086";"Sneaker Ballerinas"
"3365";"Schuhe";"25141";"Sneakerboots"
"3365";"Schuhe";"25074";"Snowboardboots"
"3365";"Schuhe";"25146";"Snowboots"
"3365";"Schuhe";"25205";"Sommerboots"
"3365";"Schuhe";"25153";"Spangenpumps"
"3365";"Schuhe";"25202";"Spezialschuh"
"3365";"Schuhe";"25154";"Spike Schuh"
"3365";"Schuhe";"25137";"Squashschuh"
"3365";"Schuhe";"25194";"Stiefel"
"3365";"Schuhe";"25080";"Stiefelette"
"3365";"Schuhe";"25183";"Strandschuh"
"3365";"Schuhe";"25225";"T-Strap Pumps"
"3365";"Schuhe";"25192";"T-Strap-Ballerina"
"3365";"Schuhe";"25174";"T-Strap-High Heels"
"3365";"Schuhe";"25092";"T-Strap-Sandale"
"3365";"Schuhe";"25111";"T-Strap-Sandalette"
"3365";"Schuhe";"25147";"T-Strap-Zehentrenner"
"3365";"Schuhe";"25170";"Tanzschuh"
"3365";"Schuhe";"25088";"Tennisschuh"
"3365";"Schuhe";"25229";"Trailrunningschuh"
"3365";"Schuhe";"25109";"Trainingsschuh"
"3365";"Schuhe";"25064";"Trekkingsandale"
"3365";"Schuhe";"25175";"Trekkingschuh"
"3365";"Schuhe";"25133";"Wagenschuh"
"3365";"Schuhe";"25151";"Wakeboardboots"
"3365";"Schuhe";"25085";"Walkingschuh"
"3365";"Schuhe";"25204";"Wanderschuh"
"3365";"Schuhe";"25227";"Wanderstiefel"
"3365";"Schuhe";"25140";"Wärmeschuh"
"3365";"Schuhe";"25166";"Wasserschuh"
"3365";"Schuhe";"25097";"Watschuh"
"3365";"Schuhe";"25223";"Watstiefel"
"3365";"Schuhe";"25213";"Wedgesneaker"
"3365";"Schuhe";"25156";"Weitschaftstiefel"
"3365";"Schuhe";"25127";"Westernstiefel"
"3365";"Schuhe";"25162";"Westernstiefelette"
"3365";"Schuhe";"25217";"Winterboots"
"3365";"Schuhe";"25124";"Wintersportschuh"
"3365";"Schuhe";"25108";"Winterstiefel"
"3365";"Schuhe";"25222";"Winterstiefelette"
"3365";"Schuhe";"25104";"Zehentrenner"
"3366";"Schuhputzmaschinen";"25233";"Schuhputzmaschine"
"3367";"Schuhschoner";"25234";"Schuhschoner"
"3368";"Schuhständer";"25236";"Schuhständer"
"3368";"Schuhständer";"25235";"Schuhstapler"
"3370";"Schuhüberzieher";"25252";"Fahrrad-Überschuh"
"3370";"Schuhüberzieher";"25251";"Schuhüberzieher"
"3369";"Schuhzubehör";"25246";"Galoschen"
"3369";"Schuhzubehör";"25243";"Gehfaltenknochen"
"3369";"Schuhzubehör";"25249";"Rasenlüfter-Schuhe"
"3369";"Schuhzubehör";"25241";"Schaftformer"
"3369";"Schuhzubehör";"25245";"Schneeschuhe"
"3369";"Schuhzubehör";"25238";"Schraubspanner"
"3369";"Schuhzubehör";"25239";"Schuhabtropfschale"
"3369";"Schuhzubehör";"25237";"Schuhanstecker"
"3369";"Schuhzubehör";"25240";"Schuhdehner"
"3369";"Schuhzubehör";"25247";"Schuhformer"
"3369";"Schuhzubehör";"25242";"Schuhlöffel"
"3369";"Schuhzubehör";"25244";"Schuhspanner"
"3369";"Schuhzubehör";"25248";"Spikes"
"3369";"Schuhzubehör";"25250";"Stiefelknecht"
"3371";"Schulhefte";"25253";"Schulheft"
"3371";"Schulhefte";"25254";"Vokabelheft"
"3372";"Schulterpolster";"25255";"Einnäh-Schulterpolster"
"3372";"Schulterpolster";"25256";"Klebe-Schulterpolster"
"3372";"Schulterpolster";"25257";"Klett-Schulterpolster"
"3372";"Schulterpolster";"25258";"Schulterpolster"
"3394";"Schürfleisten";"25393";"Schneepflug-Schürfleiste"
"3394";"Schürfleisten";"25392";"Schneeschieber-Schürfleiste"
"3395";"Schürzen";"25399";"Dirndlschürze"
"3395";"Schürzen";"25400";"Grillschürze"
"3395";"Schürzen";"25401";"Kittelschürze"
"3395";"Schürzen";"25398";"Kochschürze"
"3395";"Schürzen";"25396";"Malschürze"
"3395";"Schürzen";"25394";"Schweißerschürze"
"3395";"Schürzen";"25395";"Speiseschürze"
"3395";"Schürzen";"25397";"Umhängeschürze"
"3396";"Schüsseln";"25402";"Brotschale"
"3396";"Schüsseln";"25414";"Dessertschale"
"3396";"Schüsseln";"25404";"Dipschale"
"3396";"Schüsseln";"25416";"Einwegschale"
"3396";"Schüsseln";"25420";"Eisschale"
"3396";"Schüsseln";"25412";"Esslernschale"
"3396";"Schüsseln";"25422";"Gebäckschale"
"3396";"Schüsseln";"25417";"Kinderschale"
"3396";"Schüsseln";"25411";"Kinderschüssel"
"3396";"Schüsseln";"25409";"Küchenmaschinenschüssel"
"3396";"Schüsseln";"25403";"Müslischale"
"3396";"Schüsseln";"25406";"Müslischüssel"
"3396";"Schüsseln";"25405";"Obstschale"
"3396";"Schüsseln";"25419";"Panierschale"
"3396";"Schüsseln";"25425";"Rührschüssel"
"3396";"Schüsseln";"25418";"Salatschüssel"
"3396";"Schüsseln";"25423";"Sauciere"
"3396";"Schüsseln";"25415";"Schale"
"3396";"Schüsseln";"25408";"Schüssel"
"3396";"Schüsseln";"25426";"Servierschale"
"3396";"Schüsseln";"25410";"Servierschüssel"
"3396";"Schüsseln";"25407";"Snackschale"
"3396";"Schüsseln";"25421";"Suppenschale"
"3396";"Schüsseln";"25424";"Suppenschüssel"
"3396";"Schüsseln";"25413";"Tapas-Schale"
"3396";"Schüsseln";"25427";"Thermoschüssel"
"3373";"Schutzbleche";"25259";"Kettenschutz"
"3373";"Schutzbleche";"25260";"Schutzblech"
"3373";"Schutzbleche";"25261";"Speichenschutzblech"
"3374";"Schutzboxen";"25262";"Bewässerungsventilbox"
"3374";"Schutzboxen";"25263";"Kabelbox"
"3374";"Schutzboxen";"25265";"Saunasteuergerät-Schutzkasten"
"3374";"Schutzboxen";"25264";"Verteilerbox"
"3375";"Schutzfolien";"25267";"Lackschutzfolie"
"3375";"Schutzfolien";"25269";"Ladekantenschutzfolie"
"3375";"Schutzfolien";"25266";"Schutzfolie"
"3375";"Schutzfolien";"25268";"Sichtschutzfolie"
"3376";"Schutzgamaschen";"25275";"Dressurgamaschen"
"3376";"Schutzgamaschen";"25279";"Fesselkopfgamaschen"
"3376";"Schutzgamaschen";"25280";"Gamaschen"
"3376";"Schutzgamaschen";"25274";"Hartschalengamaschen"
"3376";"Schutzgamaschen";"25276";"Hufglocken"
"3376";"Schutzgamaschen";"25273";"Hufschuhe"
"3376";"Schutzgamaschen";"25270";"Kühlgamaschen"
"3376";"Schutzgamaschen";"25277";"Schutzgamaschen"
"3376";"Schutzgamaschen";"25272";"Stallgamaschen"
"3376";"Schutzgamaschen";"25278";"Streichkappen"
"3376";"Schutzgamaschen";"25271";"Transportgamaschen"
"3377";"Schutzgitter";"25292";"Bettschutzgitter"
"3377";"Schutzgitter";"25284";"Fensterschutzgitter"
"3377";"Schutzgitter";"25285";"Funkenschutzgitter"
"3377";"Schutzgitter";"25282";"Herdschutzgitter"
"3377";"Schutzgitter";"25286";"Hundegitter"
"3377";"Schutzgitter";"25290";"Lüftungsgitter"
"3377";"Schutzgitter";"25281";"Ofenschutzgitter"
"3377";"Schutzgitter";"25287";"Treppenschutzgitter"
"3377";"Schutzgitter";"25283";"Türschutzgitter"
"3377";"Schutzgitter";"25291";"Universalschutzgitter"
"3377";"Schutzgitter";"25288";"Verlängerung für Schutzgitter"
"3377";"Schutzgitter";"25289";"Verlängerung für Türschutzgitter"
"3378";"Schutznetze";"25294";"Anhängernetz"
"3378";"Schutznetze";"25295";"Pfeilfangmatte"
"3378";"Schutznetze";"25296";"Pfeilfangnetz"
"3378";"Schutznetze";"25293";"Schutznetz"
"3379";"Schutzpolsterungen";"25302";"Dachträger-Schutzpolster"
"3379";"Schutzpolsterungen";"25300";"Dart-Wandschutz"
"3379";"Schutzpolsterungen";"25307";"Garagen-Wandschutz"
"3379";"Schutzpolsterungen";"25303";"Hunde-Wandschutz"
"3379";"Schutzpolsterungen";"25309";"Kantenschutzpolster"
"3379";"Schutzpolsterungen";"25304";"Nackenpolster"
"3379";"Schutzpolsterungen";"25298";"Prallschutzpolster"
"3379";"Schutzpolsterungen";"25299";"Rasterschaumstoff"
"3379";"Schutzpolsterungen";"25306";"Schaumstoffeinlage"
"3379";"Schutzpolsterungen";"25305";"Schutzpolster"
"3379";"Schutzpolsterungen";"25301";"Trainingsbank-Schutzpolster"
"3379";"Schutzpolsterungen";"25297";"Trampolin-Randabdeckung"
"3379";"Schutzpolsterungen";"25308";"Trampolinschutzrand"
"3380";"Schutzvisiere";"25311";"Helmvisier"
"3380";"Schutzvisiere";"25310";"Schutzvisier"
"3388";"Schwämme";"25351";"Geschirrschwamm"
"3388";"Schwämme";"25352";"Hautpflegeschwamm"
"3388";"Schwämme";"25347";"Reinigungsschwamm"
"3388";"Schwämme";"25350";"Scheuerschwamm"
"3388";"Schwämme";"25349";"Schwamm"
"3388";"Schwämme";"25346";"Schwammtuch"
"3388";"Schwämme";"25353";"Stahlschwamm"
"3388";"Schwämme";"25348";"Vliesschwamm"
"3381";"Schwammhalter";"25312";"Schwammhalter"
"3382";"Schweißbänder";"25313";"Schweißband"
"3383";"Schweißgeräte";"25316";"Autogenschweißgerät"
"3383";"Schweißgeräte";"25314";"Elektroschweißgerät"
"3383";"Schweißgeräte";"25317";"Fülldrahtschweißgerät"
"3383";"Schweißgeräte";"25319";"Inverterschweißgerät"
"3383";"Schweißgeräte";"25315";"Plasmaschneidegerät"
"3383";"Schweißgeräte";"25318";"Schutzgasschweißgerät"
"3384";"Schwibbögen";"25323";"LED Lichterbogen"
"3384";"Schwibbögen";"25322";"LED Schwibbogen"
"3384";"Schwibbögen";"25324";"Lichterbogen"
"3384";"Schwibbögen";"25321";"Schwibbogen"
"3384";"Schwibbögen";"25325";"Schwibbogen Kerzenaufstecker"
"3384";"Schwibbögen";"25320";"Schwibbogen-Fensterbank"
"3385";"Schwimmbecken";"25334";"Achteckpool"
"3385";"Schwimmbecken";"25326";"Achtformpool"
"3385";"Schwimmbecken";"25333";"Framepool"
"3385";"Schwimmbecken";"25327";"Ovalpool"
"3385";"Schwimmbecken";"25332";"Pool"
"3385";"Schwimmbecken";"25328";"Quick-Up Pool"
"3385";"Schwimmbecken";"25330";"Rechteckpool"
"3385";"Schwimmbecken";"25329";"Rundpool"
"3385";"Schwimmbecken";"25331";"Schwimmbecken"
"3385";"Schwimmbecken";"25335";"Sechseckpool"
"3386";"Schwimmhilfen";"25336";"Auftriebskörper"
"3386";"Schwimmhilfen";"25337";"Schwimmbrett"
"3386";"Schwimmhilfen";"25338";"Schwimmflügel"
"3386";"Schwimmhilfen";"25343";"Schwimmgürtel"
"3386";"Schwimmhilfen";"25341";"Schwimmhilfe"
"3386";"Schwimmhilfen";"25342";"Schwimmreifen"
"3386";"Schwimmhilfen";"25339";"Schwimmring"
"3386";"Schwimmhilfen";"25340";"Schwimmsitz"
"3387";"Schwimmwesten";"25344";"Rettungsweste"
"3387";"Schwimmwesten";"25345";"Schwimmweste"
"3397";"Segel";"25429";"Bootsegel"
"3397";"Segel";"25428";"Surfsegel"
"3398";"Segelmastfüße";"25430";"Windsurf Mastfuß"
"3399";"Sehnen";"25432";"Angelschnur"
"3399";"Sehnen";"25433";"Fliegenschnur"
"3399";"Sehnen";"25434";"Trimmerfaden"
"3399";"Sehnen";"25431";"Vorfachschnur"
"3400";"Seifenblasenspiele";"25436";"Seifenblasenmaschine"
"3400";"Seifenblasenspiele";"25438";"Seifenblasenpistole"
"3400";"Seifenblasenspiele";"25439";"Seifenblasenschnüre"
"3400";"Seifenblasenspiele";"25435";"Seifenblasenspielzeug"
"3400";"Seifenblasenspiele";"25437";"Seifenblasenstab"
"3401";"Seifenhalter";"25443";"Seifenablage"
"3401";"Seifenhalter";"25441";"Seifenhalter"
"3401";"Seifenhalter";"25442";"Seifenkorb"
"3401";"Seifenhalter";"25440";"Seifenschale"
"3402";"Seile";"25447";"Abschleppseil"
"3402";"Seile";"25450";"Abspannleine"
"3402";"Seile";"25460";"Bandschlinge"
"3402";"Seile";"25444";"Battle Rope"
"3402";"Seile";"25454";"Drahtseil"
"3402";"Seile";"25461";"Fallschutz-Schlinge"
"3402";"Seile";"25453";"Fotoseil"
"3402";"Seile";"25455";"Hebeband"
"3402";"Seile";"25458";"Kletterseil"
"3402";"Seile";"25448";"Pflanzschnur"
"3402";"Seile";"25446";"Reepschnur"
"3402";"Seile";"25445";"Rollladengurt"
"3402";"Seile";"25459";"Rundschlinge"
"3402";"Seile";"25451";"Schlittenseil"
"3402";"Seile";"25449";"Schlossverlängerung"
"3402";"Seile";"25452";"Seil"
"3402";"Seile";"25456";"Sicherungskabel"
"3402";"Seile";"25457";"Trizepsseil"
"3403";"Seilführungen";"25465";"Jalousie-Seilführung"
"3403";"Seilführungen";"25464";"Rollladen-Gurtführung"
"3403";"Seilführungen";"25463";"Rutenring"
"3403";"Seilführungen";"25462";"Seilführung"
"3404";"Seilspanner";"25468";"Drahtspanner"
"3404";"Seilspanner";"25467";"Spannschloss"
"3404";"Seilspanner";"25466";"Spannschraube"
"3405";"Sekretäre";"25470";"PC-Schrank"
"3405";"Sekretäre";"25471";"Sekretär"
"3405";"Sekretäre";"25469";"Wandsekretär"
"3406";"Selbstbräunungsmittel";"25477";"Selbstbräunungs-Gesichtswasser"
"3406";"Selbstbräunungsmittel";"25483";"Selbstbräunungscreme"
"3406";"Selbstbräunungsmittel";"25475";"Selbstbräunungsgel"
"3406";"Selbstbräunungsmittel";"25476";"Selbstbräunungskonzentrat"
"3406";"Selbstbräunungsmittel";"25480";"Selbstbräunungslotion"
"3406";"Selbstbräunungsmittel";"25473";"Selbstbräunungsmilch"
"3406";"Selbstbräunungsmittel";"25481";"Selbstbräunungsmousse"
"3406";"Selbstbräunungsmittel";"25474";"Selbstbräunungsöl"
"3406";"Selbstbräunungsmittel";"25479";"Selbstbräunungsschaum"
"3406";"Selbstbräunungsmittel";"25482";"Selbstbräunungsserum"
"3406";"Selbstbräunungsmittel";"25484";"Selbstbräunungsspray"
"3406";"Selbstbräunungsmittel";"25478";"Selbstbräunungstuch"
"3406";"Selbstbräunungsmittel";"25472";"Selbstbräunungstücher"
"3407";"Selfie-Sticks";"25486";"Selfie-Stick"
"3407";"Selfie-Sticks";"25485";"Smartphone-Stabilisator"
"3408";"Sensen";"25489";"Klappsense"
"3408";"Sensen";"25487";"Klappsichel"
"3408";"Sensen";"25488";"Rundsichel"
"3408";"Sensen";"25491";"Sense"
"3408";"Sensen";"25492";"Sensensichel"
"3408";"Sensen";"25490";"Sichel"
"3409";"Sensoren";"25493";"2-in-1-Hauttypen- und Hautkontaktsensor"
"3409";"Sensoren";"25511";"Abstands-und Totwinkelwarner"
"3409";"Sensoren";"25495";"Bewegungsmelder"
"3409";"Sensoren";"25499";"Dämmerungsschalter"
"3409";"Sensoren";"25496";"Feuchtigkeitssensor"
"3409";"Sensoren";"25508";"Fingerabdrucksensor"
"3409";"Sensoren";"25510";"Geschwindigkeitssensor"
"3409";"Sensoren";"25504";"Infrarotsensor"
"3409";"Sensoren";"25503";"Lichtsensor"
"3409";"Sensoren";"25509";"Magnetfeldsensor"
"3409";"Sensoren";"25505";"Raumluft-Qualitätssensor"
"3409";"Sensoren";"25501";"Reifendrucksensor"
"3409";"Sensoren";"25497";"Schwimmschalter"
"3409";"Sensoren";"25507";"Schwungsensor"
"3409";"Sensoren";"25500";"Sensor"
"3409";"Sensoren";"25502";"Sturzhelmsensor"
"3409";"Sensoren";"25494";"Tennissensor"
"3409";"Sensoren";"25498";"Trockenlaufsicherung"
"3409";"Sensoren";"25506";"Wassersensor"
"3410";"Servierglocken";"25513";"Butterglocke"
"3410";"Servierglocken";"25514";"Käseglocke"
"3410";"Servierglocken";"25515";"Schutzhaube"
"3410";"Servierglocken";"25512";"Tortenglocke"
"3411";"Servierplatten";"25518";"Buffet-Vitrine"
"3411";"Servierplatten";"25521";"Einweg-Etagere"
"3411";"Servierplatten";"25526";"Etagere"
"3411";"Servierplatten";"25517";"Gebäckteller"
"3411";"Servierplatten";"25525";"Kuchenplatte"
"3411";"Servierplatten";"25520";"Servier-Set"
"3411";"Servierplatten";"25522";"Servierplatte"
"3411";"Servierplatten";"25516";"Servierteller"
"3411";"Servierplatten";"25519";"Toastständer"
"3411";"Servierplatten";"25524";"Tortenplatte"
"3411";"Servierplatten";"25523";"Tortenständer"
"3412";"Servietten";"25528";"Papierserviette"
"3412";"Servietten";"25527";"Stoffserviette"
"3413";"Serviettenhalter";"25529";"Serviettenhalter"
"3414";"Serviettenringe";"25530";"Serviettenring"
"3415";"Sessel";"25532";"Chesterfield-Sessel"
"3415";"Sessel";"25549";"Cocktailsessel"
"3415";"Sessel";"25550";"Drehsessel"
"3415";"Sessel";"25547";"Esszimmersessel"
"3415";"Sessel";"25551";"Gartenlounge-Eckteil"
"3415";"Sessel";"25539";"Gartenlounge-Endteil"
"3415";"Sessel";"25543";"Gartenlounge-Mittelteil"
"3415";"Sessel";"25544";"Gartenlounge-Sessel"
"3415";"Sessel";"25536";"Gartensessel"
"3415";"Sessel";"25548";"Hängesessel"
"3415";"Sessel";"25552";"Kindersessel"
"3415";"Sessel";"25535";"Kugelsessel"
"3415";"Sessel";"25538";"Loungesessel"
"3415";"Sessel";"25546";"Loveseat"
"3415";"Sessel";"25542";"Massagesessel"
"3415";"Sessel";"25531";"Multimediasessel"
"3415";"Sessel";"25534";"Ohrensessel"
"3415";"Sessel";"25537";"Relaxsessel"
"3415";"Sessel";"25540";"Schaukelsessel"
"3415";"Sessel";"25545";"Sessel"
"3415";"Sessel";"25533";"TV-Sessel"
"3415";"Sessel";"25541";"XXL-Sessel"
"3416";"Sesselschoner";"25554";"Armlehnenschoner"
"3416";"Sesselschoner";"25553";"Sesselschoner"
"3416";"Sesselschoner";"25555";"Sofaschoner"
"3417";"Setzstöcke";"25560";"C-Form-Lünette"
"3417";"Setzstöcke";"25556";"drehbare Lünette"
"3417";"Setzstöcke";"25559";"feststehende Lünette"
"3417";"Setzstöcke";"25557";"Ring-Lünette"
"3417";"Setzstöcke";"25558";"Schleif-Lünette"
"3418";"Shaker";"25562";"Cocktail Shaker"
"3418";"Shaker";"25563";"Dressing Shaker"
"3418";"Shaker";"25561";"Protein Shaker"
"3418";"Shaker";"25564";"Slush Maker"
"3418";"Shaker";"25565";"Teig Shaker"
"3419";"Shirts";"25588";"2-in-1-Langarmshirt"
"3419";"Shirts";"25620";"2-in-1-Shirt"
"3419";"Shirts";"25610";"3/4-Arm-Shirt"
"3419";"Shirts";"25607";"American-Shirt"
"3419";"Shirts";"25624";"Babydollshirt"
"3419";"Shirts";"25597";"Ballonshirt"
"3419";"Shirts";"25586";"Bigshirt"
"3419";"Shirts";"25617";"Blusenshirt"
"3419";"Shirts";"25569";"Businessshirt"
"3419";"Shirts";"25601";"Carmenshirt"
"3419";"Shirts";"25592";"Fledermausshirt"
"3419";"Shirts";"25622";"Fleeceshirt"
"3419";"Shirts";"25587";"Funktionsshirt"
"3419";"Shirts";"25566";"Henleyshirt"
"3419";"Shirts";"25604";"Kapuzenshirt"
"3419";"Shirts";"25598";"Kompressionsshirt"
"3419";"Shirts";"25581";"Kurzarmshirt"
"3419";"Shirts";"25596";"Langarm-Poloshirt"
"3419";"Shirts";"25599";"Langarmshirt"
"3419";"Shirts";"25582";"Laufshirt"
"3419";"Shirts";"25625";"Layershirt"
"3419";"Shirts";"25623";"Longshirt"
"3419";"Shirts";"25621";"Longsleeve"
"3419";"Shirts";"25568";"Motocross-Shirt"
"3419";"Shirts";"25576";"Muscleshirt"
"3419";"Shirts";"25584";"Muskelshirt"
"3419";"Shirts";"25616";"Neckholdershirt"
"3419";"Shirts";"25613";"Neopren Shirt"
"3419";"Shirts";"25571";"Netzshirt"
"3419";"Shirts";"25575";"Oversize-Shirt"
"3419";"Shirts";"25611";"Paillettenshirt"
"3419";"Shirts";"25589";"Plisseeshirt"
"3419";"Shirts";"25615";"Poloshirt"
"3419";"Shirts";"25580";"Print-Shirt"
"3419";"Shirts";"25595";"Pyjamaoberteil"
"3419";"Shirts";"25570";"Rash Guard"
"3419";"Shirts";"25602";"Rollkragenshirt"
"3419";"Shirts";"25605";"Rugbyshirt"
"3419";"Shirts";"25608";"Rundhalsshirt"
"3419";"Shirts";"25609";"Schößchenshirt"
"3419";"Shirts";"25612";"Seamless Shirt"
"3419";"Shirts";"25606";"Shirtjacke"
"3419";"Shirts";"25614";"Spitzenshirt"
"3419";"Shirts";"25627";"Stehkragenshirt"
"3419";"Shirts";"25572";"Stillshirt"
"3419";"Shirts";"25567";"Strandshirt"
"3419";"Shirts";"25578";"T-Shirt"
"3419";"Shirts";"25585";"Tennisshirt"
"3419";"Shirts";"25619";"Trachtenshirt"
"3419";"Shirts";"25618";"Trainingsleibchen"
"3419";"Shirts";"25626";"Trainingsshirt"
"3419";"Shirts";"25590";"Tunikashirt"
"3419";"Shirts";"25579";"Umstandsshirt"
"3419";"Shirts";"25603";"V-Shirt"
"3419";"Shirts";"25593";"Vokuhila-Shirt"
"3419";"Shirts";"25583";"Warnschutz-Shirt"
"3419";"Shirts";"25594";"Wasserfallshirt"
"3419";"Shirts";"25577";"Wendeshirt"
"3419";"Shirts";"25573";"Wickelshirt"
"3419";"Shirts";"25600";"Yoga & Relax Shirt"
"3419";"Shirts";"25574";"Yogashirt"
"3419";"Shirts";"25591";"Zipfelshirt"
"3420";"Sicherheitsbügel";"25628";"Brustbügel"
"3420";"Sicherheitsbügel";"25629";"Sicherheitsbügel"
"3421";"Sicherheitsgruppen";"25632";"Sicherheitsgruppe"
"3421";"Sicherheitsgruppen";"25631";"Wasser-Druckminderer"
"3421";"Sicherheitsgruppen";"25630";"Wasser-Druckschalter"
"3422";"Sicherheitsschlösser";"25639";"Absperrpfosten"
"3422";"Sicherheitsschlösser";"25668";"Akkuschloss"
"3422";"Sicherheitsschlösser";"25671";"Alarmschloss"
"3422";"Sicherheitsschlösser";"25645";"Anhängerschloss"
"3422";"Sicherheitsschlösser";"25642";"Aufrollkabelschloss"
"3422";"Sicherheitsschlösser";"25648";"Bremsscheibenschloss"
"3422";"Sicherheitsschlösser";"25637";"Bügelschloss"
"3422";"Sicherheitsschlösser";"25654";"Falt-Disc-Schloss"
"3422";"Sicherheitsschlösser";"25640";"Faltschloss"
"3422";"Sicherheitsschlösser";"25656";"Fensterschloss"
"3422";"Sicherheitsschlösser";"25647";"Gelenkschloss"
"3422";"Sicherheitsschlösser";"25649";"Handhebelschloss"
"3422";"Sicherheitsschlösser";"25635";"Helmschloss"
"3422";"Sicherheitsschlösser";"25663";"Hexagonalschloss"
"3422";"Sicherheitsschlösser";"25667";"Kabelschloss"
"3422";"Sicherheitsschlösser";"25652";"Kastensicherung"
"3422";"Sicherheitsschlösser";"25638";"Kettenschloss"
"3422";"Sicherheitsschlösser";"25643";"Lenkrad-/Pedalsperre"
"3422";"Sicherheitsschlösser";"25634";"Lenkradkralle"
"3422";"Sicherheitsschlösser";"25641";"Lenkradschloss"
"3422";"Sicherheitsschlösser";"25636";"Möbelschloss"
"3422";"Sicherheitsschlösser";"25659";"Multifunktionsschloss"
"3422";"Sicherheitsschlösser";"25644";"Panzergliederschloss"
"3422";"Sicherheitsschlösser";"25666";"Panzerkabelschloss"
"3422";"Sicherheitsschlösser";"25665";"Panzerkettenschloss"
"3422";"Sicherheitsschlösser";"25655";"Radkralle"
"3422";"Sicherheitsschlösser";"25653";"Rahmenschloss"
"3422";"Sicherheitsschlösser";"25670";"Rahmenschlosskette"
"3422";"Sicherheitsschlösser";"25658";"Rollladensicherung"
"3422";"Sicherheitsschlösser";"25669";"Seilschloss"
"3422";"Sicherheitsschlösser";"25662";"Skunkschloss"
"3422";"Sicherheitsschlösser";"25651";"Spiralschloss"
"3422";"Sicherheitsschlösser";"25664";"Steckschloss"
"3422";"Sicherheitsschlösser";"25661";"Türzusatzschloss"
"3422";"Sicherheitsschlösser";"25633";"Waffenschloss"
"3422";"Sicherheitsschlösser";"25660";"Wegfahrsperre"
"3422";"Sicherheitsschlösser";"25650";"Zahlenbügelschloss"
"3422";"Sicherheitsschlösser";"25657";"Zahlenkabelschloss"
"3422";"Sicherheitsschlösser";"25646";"Zahlenkettenschloss"
"3423";"Sicherungsgeräte";"25672";"Sicherungsgerät"
"3424";"Sicherungsgurte";"25673";"Ampelschirm-Windsicherung"
"3424";"Sicherungsgurte";"25676";"Gepäckgurt"
"3424";"Sicherungsgurte";"25677";"Klettergurt"
"3424";"Sicherungsgurte";"25674";"Koffergurt"
"3424";"Sicherungsgurte";"25678";"Sattelgurte"
"3424";"Sicherungsgurte";"25675";"Sicherungsgurt"
"3425";"Sicherungshalter";"25683";"Flachstecksicherungshalter"
"3425";"Sicherungshalter";"25682";"Kfz-Sicherungshalter"
"3425";"Sicherungshalter";"25680";"Sicherungshalter"
"3425";"Sicherungshalter";"25679";"Stecksicherungshalter"
"3425";"Sicherungshalter";"25681";"Zylindersicherungshalter"
"3426";"Sichtscheiben";"25685";"Backofen-Sichtscheibe"
"3426";"Sichtscheiben";"25684";"Kaminofen-Sichtscheibe"
"3427";"Sichtschutzbedienstäbe";"25686";"Sichtschutzbedienstab"
"3428";"Sichtschutzbefestigungen";"25704";"Deckenträger Adapter"
"3428";"Sichtschutzbefestigungen";"25690";"Deckenträger für Sichtschutz"
"3428";"Sichtschutzbefestigungen";"25708";"Flächenvorhangschiene"
"3428";"Sichtschutzbefestigungen";"25706";"Haftmagnetschnäpper"
"3428";"Sichtschutzbefestigungen";"25688";"Kettenbeschwerer"
"3428";"Sichtschutzbefestigungen";"25694";"Kettenzugumrüstset"
"3428";"Sichtschutzbefestigungen";"25703";"Klebe-/Klemmset"
"3428";"Sichtschutzbefestigungen";"25697";"Klebeschiene"
"3428";"Sichtschutzbefestigungen";"25698";"Klebeträger"
"3428";"Sichtschutzbefestigungen";"25693";"Klemmbefestigung"
"3428";"Sichtschutzbefestigungen";"25695";"Klemmfix"
"3428";"Sichtschutzbefestigungen";"25689";"Klemmhalter für Sichtschutz"
"3428";"Sichtschutzbefestigungen";"25687";"Klemmträger"
"3428";"Sichtschutzbefestigungen";"25705";"Lamellenschiene"
"3428";"Sichtschutzbefestigungen";"25709";"Magnethalter für Sichtschutz"
"3428";"Sichtschutzbefestigungen";"25696";"Profilverbinder für Flächenvorhangschiene"
"3428";"Sichtschutzbefestigungen";"25691";"Saugnapfträger"
"3428";"Sichtschutzbefestigungen";"25701";"Schienenverbinder für Vorhangschienen"
"3428";"Sichtschutzbefestigungen";"25702";"Seitenführungsschienen"
"3428";"Sichtschutzbefestigungen";"25700";"Sichtschutzbefestigung"
"3428";"Sichtschutzbefestigungen";"25710";"Sichtschutzbefestigungen Zubehör-Set"
"3428";"Sichtschutzbefestigungen";"25711";"Stangenverbinder"
"3428";"Sichtschutzbefestigungen";"25699";"U-Laufschiene"
"3428";"Sichtschutzbefestigungen";"25707";"Universal"
"3428";"Sichtschutzbefestigungen";"25692";"Zubehör-Set"
"3429";"Sichtschutzzüge";"25723";"Bedienstab"
"3429";"Sichtschutzzüge";"25715";"Design-Set"
"3429";"Sichtschutzzüge";"25720";"Kipp-Regler"
"3429";"Sichtschutzzüge";"25714";"Seitenprofil"
"3429";"Sichtschutzzüge";"25716";"Sichtschutzzug"
"3429";"Sichtschutzzüge";"25718";"Sichtschutzzüge Ersatzhalter"
"3429";"Sichtschutzzüge";"25717";"Sichtschutzzüge Ersatzteil-Set"
"3429";"Sichtschutzzüge";"25722";"Sichtschutzzüge Ersatzteil-Zubehör-Set"
"3429";"Sichtschutzzüge";"25713";"Sichtschutzzüge Montagezubehör"
"3429";"Sichtschutzzüge";"25712";"Sichtschutzzüge Montagezubehör-Set"
"3429";"Sichtschutzzüge";"25721";"U-Schienen Endkappe"
"3429";"Sichtschutzzüge";"25719";"Verspannung"
"3430";"Sideboards";"25740";"Anrichte"
"3430";"Sideboards";"25748";"Audio-Board"
"3430";"Sideboards";"25733";"Badkommode"
"3430";"Sideboards";"25731";"Eckkommode"
"3430";"Sideboards";"25726";"Highboard"
"3430";"Sideboards";"25737";"Hochkommode"
"3430";"Sideboards";"25738";"Kombikommode"
"3430";"Sideboards";"25742";"Kommode"
"3430";"Sideboards";"25724";"Konsole"
"3430";"Sideboards";"25730";"Lowboard"
"3430";"Sideboards";"25728";"Media-Board"
"3430";"Sideboards";"25732";"Mediawand"
"3430";"Sideboards";"25739";"Nachtkommode"
"3430";"Sideboards";"25727";"Nachtkonsole"
"3430";"Sideboards";"25745";"Schubkastenkommode"
"3430";"Sideboards";"25735";"Schuhkipper"
"3430";"Sideboards";"25744";"Schuhkommode"
"3430";"Sideboards";"25741";"Schwebeboard"
"3430";"Sideboards";"25725";"Sideboard"
"3430";"Sideboards";"25734";"Tresenkommode"
"3430";"Sideboards";"25746";"TV-Bank"
"3430";"Sideboards";"25729";"TV-Board"
"3430";"Sideboards";"25743";"TV-Brücke"
"3430";"Sideboards";"25747";"TV-Rack"
"3430";"Sideboards";"25736";"Vertiko"
"3431";"Signalpfeifen";"25753";"Handpfeife"
"3431";"Signalpfeifen";"25752";"Hornpfeife"
"3431";"Signalpfeifen";"25751";"Hundepfeife"
"3431";"Signalpfeifen";"25750";"Signalpfeife"
"3431";"Signalpfeifen";"25754";"Trillerpfeife"
"3431";"Signalpfeifen";"25749";"Vogelpfeife"
"3432";"Siphons";"25755";"Siphon"
"3433";"Sitzbänke";"25758";"Bank"
"3433";"Sitzbänke";"25757";"Baumbank"
"3433";"Sitzbänke";"25771";"Bettbank"
"3433";"Sitzbänke";"25767";"Eckbank"
"3433";"Sitzbänke";"25764";"Essbank"
"3433";"Sitzbänke";"25756";"Gartenbank"
"3433";"Sitzbänke";"25762";"Gartenlounge-Bank"
"3433";"Sitzbänke";"25773";"Hängebank"
"3433";"Sitzbänke";"25766";"Keyboardbank"
"3433";"Sitzbänke";"25760";"Klavierbank"
"3433";"Sitzbänke";"25772";"Polsterbank"
"3433";"Sitzbänke";"25761";"Ruhebank"
"3433";"Sitzbänke";"25769";"Rundbank"
"3433";"Sitzbänke";"25770";"Saunabank"
"3433";"Sitzbänke";"25763";"Schuhbank"
"3433";"Sitzbänke";"25768";"Sitzbank"
"3433";"Sitzbänke";"25759";"Sitztruhe"
"3433";"Sitzbänke";"25765";"Truhenbank"
"3434";"Sitzmöbel-Sets";"25776";"Balkonset"
"3434";"Sitzmöbel-Sets";"25777";"Bargruppe"
"3434";"Sitzmöbel-Sets";"25780";"Bierzeltgarnitur"
"3434";"Sitzmöbel-Sets";"25774";"Eckbankgruppe"
"3434";"Sitzmöbel-Sets";"25784";"Essgruppe"
"3434";"Sitzmöbel-Sets";"25782";"Garten-Essgruppe"
"3434";"Sitzmöbel-Sets";"25779";"Garten-Kindersitzgruppe"
"3434";"Sitzmöbel-Sets";"25775";"Gartenbar-Set"
"3434";"Sitzmöbel-Sets";"25786";"Gartenlounge-Set"
"3434";"Sitzmöbel-Sets";"25783";"Kindersitzgruppe"
"3434";"Sitzmöbel-Sets";"25781";"Loungeset"
"3434";"Sitzmöbel-Sets";"25785";"Polstergarnitur"
"3434";"Sitzmöbel-Sets";"25778";"Sitzgruppe"
"3436";"Sitzsäcke";"25788";"Sitzsack"
"3435";"Sitzschalen";"25787";"Sitzschale"
"3437";"Skateboards";"25794";"Longboard"
"3437";"Skateboards";"25792";"Minilongboard"
"3437";"Skateboards";"25791";"Miniskateboard"
"3437";"Skateboards";"25790";"Shortboard"
"3437";"Skateboards";"25789";"Skateboard"
"3437";"Skateboards";"25793";"Snakeboard"
"3437";"Skateboards";"25795";"Waveboard"
"3438";"Skier";"25807";"Allmountaincarver"
"3438";"Skier";"25802";"Allroundcarver"
"3438";"Skier";"25809";"Crosscarver"
"3438";"Skier";"25805";"Easycarver"
"3438";"Skier";"25808";"FIS-Rennski"
"3438";"Skier";"25810";"Free-Ski"
"3438";"Skier";"25801";"Freeride"
"3438";"Skier";"25803";"Funcarver"
"3438";"Skier";"25806";"Langlaufski"
"3438";"Skier";"25796";"Racecarver"
"3438";"Skier";"25799";"Rennski"
"3438";"Skier";"25798";"Riesenslalom-Ski"
"3438";"Skier";"25812";"Ski"
"3438";"Skier";"25804";"Slalomcarver"
"3438";"Skier";"25797";"Telemark-Ski"
"3438";"Skier";"25811";"Tourenski"
"3438";"Skier";"25800";"Wasserski"
"3439";"Slalomstangen";"25813";"Markierungsstange"
"3439";"Slalomstangen";"25814";"Slalomstange"
"3440";"Smart-Home-Stationen";"25826";"Home-Server"
"3440";"Smart-Home-Stationen";"25819";"Reichweitenerweiterung"
"3440";"Smart-Home-Stationen";"25820";"Smart-Home Starter-Set"
"3440";"Smart-Home-Stationen";"25822";"Smart-Home-Station"
"3440";"Smart-Home-Stationen";"25832";"Smart-Home-Steuerelement"
"3440";"Smart-Home-Stationen";"25831";"Smart-Home-Zubehör"
"3440";"Smart-Home-Stationen";"25833";"Smart-Kitchen-Dock"
"3440";"Smart-Home-Stationen";"25821";"Smarte Dreifach-Steckdosenleiste"
"3440";"Smart-Home-Stationen";"25823";"Smarte Fünffach-Steckdosenleiste"
"3440";"Smart-Home-Stationen";"25817";"Smarte Lampe"
"3440";"Smart-Home-Stationen";"25816";"Smarte Vierfach-Steckdosenleiste"
"3440";"Smart-Home-Stationen";"25825";"Smarte Zweifach-Steckdosenleiste"
"3440";"Smart-Home-Stationen";"25815";"Smarter Kontaktsensor"
"3440";"Smart-Home-Stationen";"25830";"Smarter LED-Lichtstreifen"
"3440";"Smart-Home-Stationen";"25828";"Smarter Lichtschalter"
"3440";"Smart-Home-Stationen";"25829";"Solar Panel"
"3440";"Smart-Home-Stationen";"25818";"Tür Controller"
"3440";"Smart-Home-Stationen";"25824";"Unterputzschalter"
"3440";"Smart-Home-Stationen";"25827";"Wandtaster"
"3441";"Smartwatches";"25837";"Fitnessband"
"3441";"Smartwatches";"25836";"Fitnessuhr"
"3441";"Smartwatches";"25835";"Smartwatch"
"3441";"Smartwatches";"25834";"Watch"
"3442";"Snowboards";"25838";"Snowboard"
"3442";"Snowboards";"25839";"Snowskate"
"3443";"Sockel";"25841";"Gartensockel"
"3443";"Sockel";"25840";"Sockelerhöhung"
"3444";"Sockelleisten";"25844";"Sockelleiste"
"3444";"Sockelleisten";"25846";"Sockelleisten-Aussenecke"
"3444";"Sockelleisten";"25843";"Sockelleisten-Endkappe"
"3444";"Sockelleisten";"25845";"Sockelleisten-Endstücke"
"3444";"Sockelleisten";"25847";"Sockelleisten-Innenecke"
"3444";"Sockelleisten";"25842";"Sockelleisten-Zwischenstücke"
"3445";"Socken";"25881";"ABS-Socken"
"3445";"Socken";"25893";"Arbeitssocken"
"3445";"Socken";"25902";"Basicsocken"
"3445";"Socken";"25855";"Businesssocken"
"3445";"Socken";"25869";"Diabetikersocken"
"3445";"Socken";"25870";"Feinfüßlinge"
"3445";"Socken";"25862";"Feinkniestrümpfe"
"3445";"Socken";"25853";"Feinsöckchen"
"3445";"Socken";"25854";"Feinsocken"
"3445";"Socken";"25891";"Feinstrümpfe"
"3445";"Socken";"25896";"Freizeitsocken"
"3445";"Socken";"25899";"Funktionssocken"
"3445";"Socken";"25876";"Fußball Stutzenstrümpfe"
"3445";"Socken";"25868";"Fußballstutzen"
"3445";"Socken";"25903";"Füßlinge"
"3445";"Socken";"25859";"Gesundheitssocken"
"3445";"Socken";"25889";"Halterlose Feinstrümpfe"
"3445";"Socken";"25852";"Halterlose Strümpfe"
"3445";"Socken";"25863";"Haussocken"
"3445";"Socken";"25892";"Hockey Stutzenstrümpfe"
"3445";"Socken";"25886";"Hockeystutzen"
"3445";"Socken";"25900";"Kniestrümpfe"
"3445";"Socken";"25888";"Komfortsocken"
"3445";"Socken";"25883";"Kompressionsstrümpfe"
"3445";"Socken";"25898";"Kurzsocken"
"3445";"Socken";"25901";"Kuschelsocken"
"3445";"Socken";"25848";"Langsocken"
"3445";"Socken";"25860";"Laufsocken"
"3445";"Socken";"25866";"Neoprensocken"
"3445";"Socken";"25861";"Netzkniestrümpfe"
"3445";"Socken";"25872";"Netzsocken"
"3445";"Socken";"25851";"Netzstrümpfe"
"3445";"Socken";"25879";"Norwegersocken"
"3445";"Socken";"25874";"Overknees"
"3445";"Socken";"25856";"Reitsocken"
"3445";"Socken";"25890";"Reitstrümpfe"
"3445";"Socken";"25884";"Schoppersocken"
"3445";"Socken";"25871";"Skisocken"
"3445";"Socken";"25904";"Skistrümpfe"
"3445";"Socken";"25895";"Sneakersocken"
"3445";"Socken";"25894";"Socken"
"3445";"Socken";"25897";"Sportsocken"
"3445";"Socken";"25864";"Squashsocken"
"3445";"Socken";"25905";"Stiefelsocken"
"3445";"Socken";"25867";"Strapsstrümpfe"
"3445";"Socken";"25849";"Strümpfe"
"3445";"Socken";"25858";"Stulpensocken"
"3445";"Socken";"25850";"Stützkniestrümpfe"
"3445";"Socken";"25880";"Tennissocken"
"3445";"Socken";"25865";"Thermosocken"
"3445";"Socken";"25878";"Thermostrümpfe"
"3445";"Socken";"25887";"Trachtensocken"
"3445";"Socken";"25875";"Trockentauchsocken"
"3445";"Socken";"25882";"Umschlagsocken"
"3445";"Socken";"25877";"Wandersocken"
"3445";"Socken";"25873";"Zehensocken"
"3445";"Socken";"25857";"Zehlinge"
"3445";"Socken";"25885";"Zehnlinge"
"3446";"Sofas";"25922";"1,5-Sitzer"
"3446";"Sofas";"25907";"2-Sitzer"
"3446";"Sofas";"25911";"2,5-Sitzer"
"3446";"Sofas";"25919";"3-Sitzer"
"3446";"Sofas";"25908";"3,5-Sitzer"
"3446";"Sofas";"25921";"4-Sitzer"
"3446";"Sofas";"25909";"Big-Sofa"
"3446";"Sofas";"25923";"Chaiselongue"
"3446";"Sofas";"25914";"Chesterfield-Sofa"
"3446";"Sofas";"25925";"Ecksofa"
"3446";"Sofas";"25912";"Garten-Palettensofa"
"3446";"Sofas";"25929";"Gartensofa"
"3446";"Sofas";"25928";"Kindersofa"
"3446";"Sofas";"25916";"Küchensofa"
"3446";"Sofas";"25906";"Loungebett"
"3446";"Sofas";"25926";"Loungesofa"
"3446";"Sofas";"25920";"Ottomane"
"3446";"Sofas";"25910";"Polsterecke"
"3446";"Sofas";"25917";"Recamiere"
"3446";"Sofas";"25918";"Relaxliege"
"3446";"Sofas";"25915";"Schlafsofa"
"3446";"Sofas";"25927";"Sofa"
"3446";"Sofas";"25913";"Sonneninsel"
"3446";"Sofas";"25924";"Wohnlandschaft"
"3447";"Solarmodule";"25934";"Balkonkraftwerk"
"3447";"Solarmodule";"25932";"Pool-Solarabsorber"
"3447";"Solarmodule";"25930";"Pool-Solarkollektor"
"3447";"Solarmodule";"25931";"Solaranlage"
"3447";"Solarmodule";"25933";"Solarmodul"
"3448";"Sonnenbrillen";"25940";"LED-Brille"
"3448";"Sonnenbrillen";"25939";"Monoscheibensonnenbrille"
"3448";"Sonnenbrillen";"25937";"Pilotenbrille"
"3448";"Sonnenbrillen";"25935";"Retrosonnenbrille"
"3448";"Sonnenbrillen";"25936";"Sonnenbrille"
"3448";"Sonnenbrillen";"25938";"Wayfarer"
"3449";"Sonnenkollektoren";"25941";"Solarabsorber"
"3450";"Sonnenschutzmittel";"25942";"Sonnenschutzcreme"
"3450";"Sonnenschutzmittel";"25950";"Sonnenschutzfluid"
"3450";"Sonnenschutzmittel";"25944";"Sonnenschutzgel"
"3450";"Sonnenschutzmittel";"25947";"Sonnenschutzlotion"
"3450";"Sonnenschutzmittel";"25948";"Sonnenschutzmilch"
"3450";"Sonnenschutzmittel";"25945";"Sonnenschutzöl"
"3450";"Sonnenschutzmittel";"25951";"Sonnenschutzpflege"
"3450";"Sonnenschutzmittel";"25946";"Sonnenschutzschaum"
"3450";"Sonnenschutzmittel";"25949";"Sonnenschutzspray"
"3450";"Sonnenschutzmittel";"25943";"Sonnenschutzstift"
"3451";"Sonnensegel";"25954";"Hollywoodschaukelersatzdach"
"3451";"Sonnensegel";"25952";"Seilspannsonnensegel"
"3451";"Sonnensegel";"25955";"Sonnensegel"
"3451";"Sonnensegel";"25953";"Sonnensegeladapter"
"3452";"Sonnenuhren";"25956";"Sonnenuhr"
"3453";"Soundkarten";"25957";"Soundkarte"
"3453";"Soundkarten";"25958";"USB-Soundkarte"
"3454";"Sous-Vide-Garer";"25959";"Sous-Vide Garer"
"3454";"Sous-Vide-Garer";"25960";"Sous-Vide Stick"
"3455";"Spachtel";"25961";"Abbrennspachtel"
"3455";"Spachtel";"25971";"Breitspachtel"
"3455";"Spachtel";"25963";"Entrosterspachtel"
"3455";"Spachtel";"25977";"Fassadenspachtel"
"3455";"Spachtel";"25978";"Flächenspachtel"
"3455";"Spachtel";"25976";"Flexspachtel"
"3455";"Spachtel";"25962";"Fliesenspachtel"
"3455";"Spachtel";"25969";"Fugenspachtel"
"3455";"Spachtel";"25979";"Japanspachtel"
"3455";"Spachtel";"25966";"Kleberspachtel"
"3455";"Spachtel";"25974";"Malerspachtel"
"3455";"Spachtel";"25964";"Multifunktionsspachtel"
"3455";"Spachtel";"25967";"Rohrspachtel"
"3455";"Spachtel";"25972";"Stoßspachtel"
"3455";"Spachtel";"25975";"Stukkateurspachtel"
"3455";"Spachtel";"25965";"Tapetenspachtel"
"3455";"Spachtel";"25973";"Türenspachtel"
"3455";"Spachtel";"25970";"Universalspachtel"
"3455";"Spachtel";"25968";"Zahnspachtel"
"3456";"Spannbacken";"25981";"Krallenbacken"
"3456";"Spannbacken";"25983";"Schraubstockbacken"
"3456";"Spannbacken";"25982";"Segmentbacken"
"3456";"Spannbacken";"25980";"Werkbank-Spannbacken"
"3457";"Spannfutter";"25988";"Dreibacken-Futter"
"3457";"Spannfutter";"25984";"Keilstangenfutter"
"3457";"Spannfutter";"25990";"Sechsbacken-Futter"
"3457";"Spannfutter";"25986";"Spannfutter"
"3457";"Spannfutter";"25989";"Spannzange"
"3457";"Spannfutter";"25987";"Vierbacken-Futter"
"3457";"Spannfutter";"25985";"Zweibacken-Futter"
"3458";"Spanngurte";"25992";"Spanngurt"
"3458";"Spanngurte";"25991";"Zurrgurt"
"3459";"Spannungsprüfer";"25994";"Batterietester"
"3459";"Spannungsprüfer";"25993";"Multimeter"
"3459";"Spannungsprüfer";"25995";"Spannungsprüfer"
"3460";"Spannungsregler";"25999";"Hybridladeregler"
"3460";"Spannungsregler";"25998";"Lichtmaschinenregler"
"3460";"Spannungsregler";"25996";"Shuntregler"
"3460";"Spannungsregler";"25997";"Solarladeregler"
"3461";"Spardosen";"26000";"Spardose"
"3462";"Spaten";"26001";"Spaten"
"3463";"Speichenschutznetze";"26002";"Speichenschutznetz"
"3464";"Speichererhitzer";"26003";"Kleinspeicher"
"3464";"Speichererhitzer";"26006";"Standspeicher"
"3464";"Speichererhitzer";"26004";"Übertischspeicher"
"3464";"Speichererhitzer";"26005";"Untertischspeicher"
"3464";"Speichererhitzer";"26007";"Wandspeicher"
"3465";"Speicherkarten";"26009";"externer Speicher"
"3465";"Speicherkarten";"26008";"Speicherkarte"
"3466";"Speicherladestationen";"26010";"Speicherladestation"
"3467";"Speiseringe";"26013";"Backrahmen"
"3467";"Speiseringe";"26011";"Speisering"
"3467";"Speiseringe";"26012";"Tortenring"
"3468";"Speiseteller";"26023";"Barbecueteller"
"3468";"Speiseteller";"26024";"Brotteller"
"3468";"Speiseteller";"26028";"Dessertteller"
"3468";"Speiseteller";"26015";"Einwegteller"
"3468";"Speiseteller";"26021";"Fischteller"
"3468";"Speiseteller";"26026";"Fondueteller"
"3468";"Speiseteller";"26032";"Frühstücksteller"
"3468";"Speiseteller";"26014";"Grillteller"
"3468";"Speiseteller";"26034";"Kuchenteller"
"3468";"Speiseteller";"26036";"Kunststoffteller"
"3468";"Speiseteller";"26018";"Mikrowellenteller"
"3468";"Speiseteller";"26020";"Pappteller"
"3468";"Speiseteller";"26031";"Pastateller"
"3468";"Speiseteller";"26033";"Pizzateller"
"3468";"Speiseteller";"26022";"Plastikteller"
"3468";"Speiseteller";"26016";"Salatteller"
"3468";"Speiseteller";"26027";"Speiseteller"
"3468";"Speiseteller";"26017";"Steakteller"
"3468";"Speiseteller";"26030";"Suppenteller"
"3468";"Speiseteller";"26025";"Sushiteller"
"3468";"Speiseteller";"26029";"Teller"
"3468";"Speiseteller";"26035";"Untertasse"
"3468";"Speiseteller";"26019";"Vorspeisenteller"
"3469";"Spiegel";"26038";"Babyspiegel"
"3469";"Spiegel";"26053";"Badspiegel"
"3469";"Spiegel";"26056";"Barockspiegel"
"3469";"Spiegel";"26054";"Dekospiegel"
"3469";"Spiegel";"26037";"Ganzkörperspiegel"
"3469";"Spiegel";"26043";"Garderobenspiegel"
"3469";"Spiegel";"26048";"Kosmetikspiegel"
"3469";"Spiegel";"26042";"LED-Lichtspiegel"
"3469";"Spiegel";"26046";"Rahmenspiegel-rund"
"3469";"Spiegel";"26045";"Rasierspiegel"
"3469";"Spiegel";"26049";"Schminkspiegel"
"3469";"Spiegel";"26050";"Spiegel"
"3469";"Spiegel";"26052";"Spiegelaufsatz"
"3469";"Spiegel";"26041";"Spiegelfliesen"
"3469";"Spiegel";"26039";"Spiegelpaneel"
"3469";"Spiegel";"26040";"Spiegelwandblaker"
"3469";"Spiegel";"26044";"Standspiegel"
"3469";"Spiegel";"26055";"Taschenspiegel"
"3469";"Spiegel";"26051";"Vergrößerungsspiegel"
"3469";"Spiegel";"26047";"Wandspiegel"
"3470";"Spielautomaten";"26057";"Arcade-Spielautomat"
"3470";"Spielautomaten";"26058";"Basketballautomat"
"3470";"Spielautomaten";"26059";"Boxautomat"
"3470";"Spielautomaten";"26060";"Flipper"
"3470";"Spielautomaten";"26061";"Greifautomat"
"3470";"Spielautomaten";"26062";"Kickbox-Automat"
"3470";"Spielautomaten";"26063";"Münzschieber"
"3470";"Spielautomaten";"26064";"Videospielautomat"
"3471";"Spielbausteine";"26069";"Holzbaukasten"
"3471";"Spielbausteine";"26066";"Konstruktions-Spielset"
"3471";"Spielbausteine";"26070";"Konstruktionsspielsteine"
"3471";"Spielbausteine";"26065";"Magnetspielbausteine"
"3471";"Spielbausteine";"26067";"Metallbaukasten"
"3471";"Spielbausteine";"26072";"Spielbauklötze"
"3471";"Spielbausteine";"26071";"Spielbausteine"
"3471";"Spielbausteine";"26068";"Steinbaukasten"
"3472";"Spielbögen";"26074";"Baby Gym"
"3472";"Spielbögen";"26075";"Kinderwagen-Spielbogen"
"3472";"Spielbögen";"26073";"Spielbogen"
"3473";"Spiele";"26076";"Spiel"
"3473";"Spiele";"26077";"Spielesammlung"
"3474";"Spielecontroller";"26087";"Arcade-Joystick"
"3474";"Spielecontroller";"26079";"Controller"
"3474";"Spielecontroller";"26091";"Controller-Modul"
"3474";"Spielecontroller";"26090";"Dance-Pad"
"3474";"Spielecontroller";"26110";"Drohnen-Controller"
"3474";"Spielecontroller";"26101";"DualSense Wireless-Controller"
"3474";"Spielecontroller";"26100";"Gamepad"
"3474";"Spielecontroller";"26111";"Gaming-Controller"
"3474";"Spielecontroller";"26112";"Gaming-Lenkrad"
"3474";"Spielecontroller";"26085";"Gaming-Pedale"
"3474";"Spielecontroller";"26109";"Joystick"
"3474";"Spielecontroller";"26103";"Lenkrad"
"3474";"Spielecontroller";"26088";"Lightgun"
"3474";"Spielecontroller";"26093";"Motion-Camera"
"3474";"Spielecontroller";"26115";"Motion-Controller"
"3474";"Spielecontroller";"26105";"Nintendo-Controller"
"3474";"Spielecontroller";"26099";"PC-Controller"
"3474";"Spielecontroller";"26092";"PC-Lenkrad"
"3474";"Spielecontroller";"26089";"PlayStation 4-Controller"
"3474";"Spielecontroller";"26078";"PlayStation 5-Controller"
"3474";"Spielecontroller";"26083";"PlayStation-Controller"
"3474";"Spielecontroller";"26084";"Pro Controller"
"3474";"Spielecontroller";"26108";"Racing-Kugel"
"3474";"Spielecontroller";"26107";"RC-Fernsteuerung"
"3474";"Spielecontroller";"26096";"Schubhebel"
"3474";"Spielecontroller";"26080";"Simulations-Controller"
"3474";"Spielecontroller";"26106";"Smartphone-Controller"
"3474";"Spielecontroller";"26094";"Switch-Controller"
"3474";"Spielecontroller";"26095";"Tanzmatte"
"3474";"Spielecontroller";"26102";"Trackball"
"3474";"Spielecontroller";"26082";"Wii-Controller"
"3474";"Spielecontroller";"26113";"Wireless-Controller"
"3474";"Spielecontroller";"26086";"Xbox One-Controller"
"3474";"Spielecontroller";"26097";"Xbox-Controller"
"3474";"Spielecontroller";"26116";"Zubehor für Xbox Contoller"
"3474";"Spielecontroller";"26104";"Zubehör Nintendo"
"3474";"Spielecontroller";"26098";"Zubehör PlayStation 4"
"3474";"Spielecontroller";"26114";"Zubehör PlayStation 4 Pro"
"3474";"Spielecontroller";"26081";"Zubehör Wii U"
"3475";"Spielekonsolen";"26117";"Konsolen-Set"
"3475";"Spielekonsolen";"26120";"Retro Konsole"
"3475";"Spielekonsolen";"26119";"Spielekonsole"
"3475";"Spielekonsolen";"26118";"Streaming Box"
"3476";"Spielesoftware";"26121";"Spielesoftware"
"3477";"Spielfahrzeug-Anhänger";"26127";"Kinderelektrofahrzeug-Anhänger"
"3477";"Spielfahrzeug-Anhänger";"26122";"Kinderfahrzeug-Anhänger"
"3477";"Spielfahrzeug-Anhänger";"26128";"Kinderfahrzeug-Holzgreifer"
"3477";"Spielfahrzeug-Anhänger";"26126";"Kinderfahrzeug-Kehrmaschine"
"3477";"Spielfahrzeug-Anhänger";"26124";"Kinderfahrzeug-Schaufel"
"3477";"Spielfahrzeug-Anhänger";"26125";"Kinderfahrzeug-Schneepflug"
"3477";"Spielfahrzeug-Anhänger";"26123";"Spielfahrzeug-Anhänger"
"3478";"Spielfahrzeug-Lenkräder";"26131";"Spielfahrzeug-Lenkrad"
"3478";"Spielfahrzeug-Lenkräder";"26130";"Spielzeug-Lenkrad"
"3478";"Spielfahrzeug-Lenkräder";"26129";"Spielzeug-Steuerrad"
"3479";"Spielfeldbegrenzungen";"26132";"Panna-Fußballarena"
"3479";"Spielfeldbegrenzungen";"26134";"Panna-Fußballfeld"
"3479";"Spielfeldbegrenzungen";"26133";"Tennislinie"
"3480";"Spielfiguren";"26136";"Actionfigur"
"3480";"Spielfiguren";"26140";"Erotik-Actionfigur"
"3480";"Spielfiguren";"26138";"Hängefigur"
"3480";"Spielfiguren";"26139";"Merchandise-Figur"
"3480";"Spielfiguren";"26137";"Modelleisenbahn-Figur"
"3480";"Spielfiguren";"26135";"Spielfigur"
"3481";"Spielfigurenwelten";"26141";"Spielwelt"
"3482";"Spielgeld";"26142";"Spielgeld"
"3483";"Spielgeschirr";"26144";"Spiel-Kochgeschirr"
"3483";"Spielgeschirr";"26145";"Spielbesteck"
"3483";"Spielgeschirr";"26143";"Spielgeschirr"
"3484";"Spielhäuser";"26146";"Spielhaus"
"3485";"Spielkasse";"26147";"Spielkasse"
"3486";"Spielküchen";"26149";"Outdoor-Spielküche"
"3486";"Spielküchen";"26148";"Spielküche"
"3487";"Spieltelefone";"26150";"Spiel-Smartphone"
"3487";"Spieltelefone";"26151";"Spieltelefon"
"3488";"Spieltische";"26153";"Air-Hockeytisch"
"3488";"Spieltische";"26154";"Billardtisch"
"3488";"Spieltische";"26152";"Spieltisch"
"3489";"Spieltunnel";"26157";"Betttunnel"
"3489";"Spieltunnel";"26156";"Bettturm"
"3489";"Spieltunnel";"26155";"Spieltunnel"
"3490";"Spielturm-Erweiterungen";"26161";"Aussichtsplattform"
"3490";"Spielturm-Erweiterungen";"26162";"Schaukelanbau"
"3490";"Spielturm-Erweiterungen";"26159";"Spielturm-Erweiterung"
"3490";"Spielturm-Erweiterungen";"26160";"Spielturmverkleidung"
"3490";"Spielturm-Erweiterungen";"26158";"Verbindungsbrücke"
"3491";"Spieltürme";"26163";"Spielturm"
"3492";"Spieluhren";"26164";"Spieluhr"
"3493";"Spielwerkzeug";"26174";"Hammerbank"
"3493";"Spielwerkzeug";"26187";"Kinder-Akkuschrauber"
"3493";"Spielwerkzeug";"26173";"Kinder-Bohrmaschine"
"3493";"Spielwerkzeug";"26191";"Kinder-Gartenset"
"3493";"Spielwerkzeug";"26170";"Kinder-Hacke"
"3493";"Spielwerkzeug";"26177";"Kinder-Hammer"
"3493";"Spielwerkzeug";"26181";"Kinder-Handschaufel"
"3493";"Spielwerkzeug";"26165";"Kinder-Handspaten"
"3493";"Spielwerkzeug";"26179";"Kinder-Heckenschere"
"3493";"Spielwerkzeug";"26176";"Kinder-Kettensäge"
"3493";"Spielwerkzeug";"26178";"Kinder-Kreissäge"
"3493";"Spielwerkzeug";"26169";"Kinder-Montageauto"
"3493";"Spielwerkzeug";"26185";"Kinder-Montagetraktor"
"3493";"Spielwerkzeug";"26182";"Kinder-Rasenmäher"
"3493";"Spielwerkzeug";"26188";"Kinder-Rechen"
"3493";"Spielwerkzeug";"26183";"Kinder-Säge"
"3493";"Spielwerkzeug";"26167";"Kinder-Schaufel"
"3493";"Spielwerkzeug";"26184";"Kinder-Schlagbohrmaschine"
"3493";"Spielwerkzeug";"26172";"Kinder-Schutzausrüstung"
"3493";"Spielwerkzeug";"26166";"Kinder-Spaten"
"3493";"Spielwerkzeug";"26168";"Kinder-Stichsäge"
"3493";"Spielwerkzeug";"26175";"Kinder-Wasserwaage"
"3493";"Spielwerkzeug";"26186";"Kinder-Werkzeug-Set"
"3493";"Spielwerkzeug";"26192";"Kinder-Werkzeugstation"
"3493";"Spielwerkzeug";"26180";"Spiel-Werkzeugstation"
"3493";"Spielwerkzeug";"26190";"Spielwerkzeug"
"3493";"Spielwerkzeug";"26189";"Spielwerkzeugkoffer"
"3493";"Spielwerkzeug";"26171";"Spielwerkzeugtasche"
"3494";"Spielzelte";"26194";"Bettzelt"
"3494";"Spielzelte";"26193";"Spielzelt"
"3495";"Spielzeug-Gartensets";"26196";"Minigolf-Set"
"3495";"Spielzeug-Gartensets";"26198";"Roundnet-Spiel"
"3495";"Spielzeug-Gartensets";"26197";"Spielturm-Spielzeugset"
"3495";"Spielzeug-Gartensets";"26195";"Spielzeug-Gartenset"
"3496";"Spielzeug-Haushaltsgeräte";"26202";"Kinder-Besen"
"3496";"Spielzeug-Haushaltsgeräte";"26213";"Kinder-Besenwagen"
"3496";"Spielzeug-Haushaltsgeräte";"26219";"Kinder-Bügelbrett"
"3496";"Spielzeug-Haushaltsgeräte";"26205";"Kinder-Bügeleisen"
"3496";"Spielzeug-Haushaltsgeräte";"26223";"Kinder-Geschirrspüler"
"3496";"Spielzeug-Haushaltsgeräte";"26214";"Kinder-Grill"
"3496";"Spielzeug-Haushaltsgeräte";"26207";"Kinder-Handmixer"
"3496";"Spielzeug-Haushaltsgeräte";"26204";"Kinder-Haushaltsset"
"3496";"Spielzeug-Haushaltsgeräte";"26200";"Kinder-Herd"
"3496";"Spielzeug-Haushaltsgeräte";"26218";"Kinder-Kaffeemaschine"
"3496";"Spielzeug-Haushaltsgeräte";"26215";"Kinder-Küchenset"
"3496";"Spielzeug-Haushaltsgeräte";"26212";"Kinder-Küchenwaage"
"3496";"Spielzeug-Haushaltsgeräte";"26201";"Kinder-Kühlschrank"
"3496";"Spielzeug-Haushaltsgeräte";"26224";"Kinder-Microwelle"
"3496";"Spielzeug-Haushaltsgeräte";"26203";"Kinder-Mikrowelle"
"3496";"Spielzeug-Haushaltsgeräte";"26208";"Kinder-Nähmaschine"
"3496";"Spielzeug-Haushaltsgeräte";"26220";"Kinder-Putzwagen"
"3496";"Spielzeug-Haushaltsgeräte";"26222";"Kinder-Rührgerät"
"3496";"Spielzeug-Haushaltsgeräte";"26211";"Kinder-Stabmixer"
"3496";"Spielzeug-Haushaltsgeräte";"26217";"Kinder-Standmixer"
"3496";"Spielzeug-Haushaltsgeräte";"26221";"Kinder-Staubsauger"
"3496";"Spielzeug-Haushaltsgeräte";"26216";"Kinder-Toaster"
"3496";"Spielzeug-Haushaltsgeräte";"26210";"Kinder-Waffeleisen"
"3496";"Spielzeug-Haushaltsgeräte";"26209";"Kinder-Wäscheständer"
"3496";"Spielzeug-Haushaltsgeräte";"26206";"Kinder-Waschmaschine"
"3496";"Spielzeug-Haushaltsgeräte";"26199";"Kinder-Wasserkocher"
"3497";"Spielzeug-Musikinstrumente";"26227";"Spiel-Gitarre"
"3497";"Spielzeug-Musikinstrumente";"26226";"Spiel-Schlagzeug"
"3497";"Spielzeug-Musikinstrumente";"26225";"Spielzeug-Musikinstrument"
"3498";"Spielzeugeisenbahn-Erweiterungen";"26229";"Gleis-Ergänzungs-Set"
"3498";"Spielzeugeisenbahn-Erweiterungen";"26234";"Schienenerweiterungs-Set"
"3498";"Spielzeugeisenbahn-Erweiterungen";"26232";"Spielzeugeisenbahn-Brücke"
"3498";"Spielzeugeisenbahn-Erweiterungen";"26230";"Spielzeugeisenbahn-Erweiterung"
"3498";"Spielzeugeisenbahn-Erweiterungen";"26231";"Spielzeugeisenbahn-Gebäude"
"3498";"Spielzeugeisenbahn-Erweiterungen";"26237";"Spielzeugeisenbahn-Kreuzung"
"3498";"Spielzeugeisenbahn-Erweiterungen";"26235";"Spielzeugeisenbahn-Lokomotive"
"3498";"Spielzeugeisenbahn-Erweiterungen";"26238";"Spielzeugeisenbahn-Schiene"
"3498";"Spielzeugeisenbahn-Erweiterungen";"26239";"Spielzeugeisenbahn-Signal"
"3498";"Spielzeugeisenbahn-Erweiterungen";"26233";"Spielzeugeisenbahn-Tunnel"
"3498";"Spielzeugeisenbahn-Erweiterungen";"26228";"Spielzeugeisenbahn-Verkehrszeichen"
"3498";"Spielzeugeisenbahn-Erweiterungen";"26236";"Weiche"
"3499";"Spielzeugfahrzeug-Erweiterungen";"26240";"Spielfahrzeug-Erweiterung"
"3500";"Spielzeugfahrzeuge";"26283";"Fingerskateboard"
"3500";"Spielzeugfahrzeuge";"26271";"Spielzeug-Abschlepper"
"3500";"Spielzeugfahrzeuge";"26264";"Spielzeug-Aufsitzbagger"
"3500";"Spielzeugfahrzeuge";"26280";"Spielzeug-Auto"
"3500";"Spielzeugfahrzeuge";"26276";"Spielzeug-Bagger"
"3500";"Spielzeugfahrzeuge";"26246";"Spielzeug-Baumaschine"
"3500";"Spielzeugfahrzeuge";"26260";"Spielzeug-Betonmischer"
"3500";"Spielzeugfahrzeuge";"26265";"Spielzeug-Boot"
"3500";"Spielzeugfahrzeuge";"26278";"Spielzeug-Bus"
"3500";"Spielzeugfahrzeuge";"26281";"Spielzeug-Eisenbahn"
"3500";"Spielzeugfahrzeuge";"26284";"Spielzeug-Fahrrad"
"3500";"Spielzeugfahrzeuge";"26274";"Spielzeug-Feuerwehr"
"3500";"Spielzeugfahrzeuge";"26261";"Spielzeug-Flugrakete"
"3500";"Spielzeugfahrzeuge";"26244";"Spielzeug-Flugzeug"
"3500";"Spielzeugfahrzeuge";"26258";"Spielzeug-Forstmaschine"
"3500";"Spielzeugfahrzeuge";"26257";"Spielzeug-Gabelstapler"
"3500";"Spielzeugfahrzeuge";"26262";"Spielzeug-Häcksler"
"3500";"Spielzeugfahrzeuge";"26266";"Spielzeug-Hubschrauber"
"3500";"Spielzeugfahrzeuge";"26272";"Spielzeug-Jetski"
"3500";"Spielzeugfahrzeuge";"26279";"Spielzeug-Kipper"
"3500";"Spielzeugfahrzeuge";"26249";"Spielzeug-Kran"
"3500";"Spielzeugfahrzeuge";"26247";"Spielzeug-Krankenwagen"
"3500";"Spielzeugfahrzeuge";"26245";"Spielzeug-Kutsche"
"3500";"Spielzeugfahrzeuge";"26259";"Spielzeug-Landmaschine"
"3500";"Spielzeugfahrzeuge";"26273";"Spielzeug-LKW"
"3500";"Spielzeugfahrzeuge";"26263";"Spielzeug-Lokomotive"
"3500";"Spielzeugfahrzeuge";"26248";"Spielzeug-Mähdrescher"
"3500";"Spielzeugfahrzeuge";"26270";"Spielzeug-Monstertruck"
"3500";"Spielzeugfahrzeuge";"26253";"Spielzeug-Motorrad"
"3500";"Spielzeugfahrzeuge";"26254";"Spielzeug-Müllwagen"
"3500";"Spielzeugfahrzeuge";"26267";"Spielzeug-Polizei"
"3500";"Spielzeugfahrzeuge";"26252";"Spielzeug-Quad"
"3500";"Spielzeugfahrzeuge";"26275";"Spielzeug-Radlader"
"3500";"Spielzeugfahrzeuge";"26256";"Spielzeug-Rennwagen"
"3500";"Spielzeugfahrzeuge";"26250";"Spielzeug-Schiff"
"3500";"Spielzeugfahrzeuge";"26269";"Spielzeug-Segelflieger"
"3500";"Spielzeugfahrzeuge";"26251";"Spielzeug-Servierwagen"
"3500";"Spielzeugfahrzeuge";"26241";"Spielzeug-Straßenbahn"
"3500";"Spielzeugfahrzeuge";"26282";"Spielzeug-Traktor"
"3500";"Spielzeugfahrzeuge";"26277";"Spielzeug-Transporter"
"3500";"Spielzeugfahrzeuge";"26242";"Spielzeug-Unterwasserfahrzeug"
"3500";"Spielzeugfahrzeuge";"26255";"Spielzeug-Walze"
"3500";"Spielzeugfahrzeuge";"26243";"Spielzeug-Winterdienst"
"3500";"Spielzeugfahrzeuge";"26268";"Spielzeug-Zug"
"3501";"Spielzeugwaffen";"26287";"Blaster"
"3501";"Spielzeugwaffen";"26288";"Kinderbogenset"
"3501";"Spielzeugwaffen";"26286";"Laserpistole"
"3501";"Spielzeugwaffen";"26289";"Lichtschwert"
"3501";"Spielzeugwaffen";"26290";"Spiel-Armbrust"
"3501";"Spielzeugwaffen";"26285";"Wasserpistole"
"3502";"Spielzeugwaffenmunition";"26291";"Spielzeugmunition"
"3503";"Spieße";"26297";"Drehkorb"
"3503";"Spieße";"26292";"Drehspieß"
"3503";"Spieße";"26298";"Grillspieß"
"3503";"Spieße";"26299";"Käsehalter"
"3503";"Spieße";"26296";"Lagerfeuer-Grillspieß"
"3503";"Spieße";"26295";"Maiskolbenhalter"
"3503";"Spieße";"26293";"Partyspieße"
"3503";"Spieße";"26294";"Schaschlikspieße"
"3504";"Splinte";"26306";"Abscherbolzen"
"3504";"Splinte";"26305";"Federsplint"
"3504";"Splinte";"26302";"Fokkernadel"
"3504";"Splinte";"26301";"Klappsplint"
"3504";"Splinte";"26304";"Ringsplint"
"3504";"Splinte";"26300";"Rohrklappsplint"
"3504";"Splinte";"26303";"Standardsplint"
"3504";"Splinte";"26307";"Steckbolzen"
"3505";"Splitter";"26309";"HDMI-Splitter"
"3505";"Splitter";"26308";"Splitter"
"3506";"Sporen";"26311";"Hammerkopfsporen"
"3506";"Sporen";"26314";"Knopfsporen"
"3506";"Sporen";"26315";"Radsporen"
"3506";"Sporen";"26313";"Riffelsporen"
"3506";"Sporen";"26310";"Sonnenradsporen"
"3506";"Sporen";"26312";"Walzensporen"
"3507";"Sport-Dehnungsgeräte";"26316";"Beinspreizer"
"3508";"Sport-Netze";"26319";"Badmintonnetz"
"3508";"Sport-Netze";"26327";"Basketballnetz"
"3508";"Sport-Netze";"26320";"Diskus-Schutznetz"
"3508";"Sport-Netze";"26317";"Golfnetz"
"3508";"Sport-Netze";"26325";"Multifunktionsnetz"
"3508";"Sport-Netze";"26322";"Pickleballnetz"
"3508";"Sport-Netze";"26324";"Tauchflaschennetz"
"3508";"Sport-Netze";"26323";"Tennisnetz"
"3508";"Sport-Netze";"26321";"Tischtennisnetz"
"3508";"Sport-Netze";"26329";"Tornetz"
"3508";"Sport-Netze";"26326";"Trampolinnetz"
"3508";"Sport-Netze";"26328";"Volleyballnetz"
"3508";"Sport-Netze";"26318";"Wurfhammer-Schutznetz"
"3509";"Sport-Tore";"26331";"Fußballtor"
"3509";"Sport-Tore";"26332";"Handballtor"
"3509";"Sport-Tore";"26333";"Hockeytor"
"3509";"Sport-Tore";"26334";"Pop-Up Target"
"3509";"Sport-Tore";"26330";"Wasserballtor"
"3510";"Sportanzüge";"26336";"Freizeitanzug"
"3510";"Sportanzüge";"26339";"Jogginganzug"
"3510";"Sportanzüge";"26346";"Judoanzug"
"3510";"Sportanzüge";"26350";"Karateanzug"
"3510";"Sportanzüge";"26338";"Neoprenanzug"
"3510";"Sportanzüge";"26348";"Präsentationsanzug"
"3510";"Sportanzüge";"26347";"Regenanzug"
"3510";"Sportanzüge";"26335";"Schwitzanzug"
"3510";"Sportanzüge";"26337";"Skianzug"
"3510";"Sportanzüge";"26341";"Snowboardanzug"
"3510";"Sportanzüge";"26349";"Sportanzug"
"3510";"Sportanzüge";"26344";"Sprintanzug"
"3510";"Sportanzüge";"26342";"Sweatanzug"
"3510";"Sportanzüge";"26343";"Taekwondoanzug"
"3510";"Sportanzüge";"26345";"Trainingsanzug"
"3510";"Sportanzüge";"26340";"Turnanzug"
"3511";"Sportbindungen";"26353";"Kiteboardbindung"
"3511";"Sportbindungen";"26356";"Langlaufbindung"
"3511";"Sportbindungen";"26352";"Skibindung"
"3511";"Sportbindungen";"26354";"Snowboardbindung"
"3511";"Sportbindungen";"26351";"Tourenbindung"
"3511";"Sportbindungen";"26355";"Wakeboardbindung"
"3513";"Sportbögen";"26371";"Compoundbogen"
"3513";"Sportbögen";"26367";"Hybridbogen"
"3513";"Sportbögen";"26369";"Langbogen"
"3513";"Sportbögen";"26372";"LARP-Bogen"
"3513";"Sportbögen";"26370";"Rattanbogen"
"3513";"Sportbögen";"26368";"Recurvebogen"
"3512";"Sportbrillen";"26365";"Fahrradbrille"
"3512";"Sportbrillen";"26362";"Kitebrille"
"3512";"Sportbrillen";"26360";"Motorradbrille"
"3512";"Sportbrillen";"26366";"Schwimmbrille"
"3512";"Sportbrillen";"26361";"Skibrille"
"3512";"Sportbrillen";"26359";"Snowboardbrille"
"3512";"Sportbrillen";"26363";"Sportbrille"
"3512";"Sportbrillen";"26358";"Squashbrille"
"3512";"Sportbrillen";"26364";"Taucherbrille"
"3512";"Sportbrillen";"26357";"Tauchermaske"
"3514";"Sportdummys";"26373";"Football-Tackle-Dummy"
"3514";"Sportdummys";"26375";"Freistoßdummy"
"3514";"Sportdummys";"26377";"Freistoßmauer"
"3514";"Sportdummys";"26374";"Hit-Tackle-Buddy"
"3514";"Sportdummys";"26376";"Trainingsdummy"
"3515";"Sportmatten";"26386";"Akupressurmatte"
"3515";"Sportmatten";"26401";"Angel-Abhakmatte"
"3515";"Sportmatten";"26388";"Anlaufbahn"
"3515";"Sportmatten";"26389";"Bodenmatte"
"3515";"Sportmatten";"26394";"Bodenturnmatte"
"3515";"Sportmatten";"26383";"Dartmatte"
"3515";"Sportmatten";"26382";"Fitnessmatte"
"3515";"Sportmatten";"26399";"Fußmassagematte"
"3515";"Sportmatten";"26395";"Golf-Abschlagmatte"
"3515";"Sportmatten";"26391";"Gymnastikmatte"
"3515";"Sportmatten";"26378";"Hochsprungmatte"
"3515";"Sportmatten";"26398";"Judomatte"
"3515";"Sportmatten";"26392";"Kampfsportmatte"
"3515";"Sportmatten";"26380";"Kugelstoßmatte"
"3515";"Sportmatten";"26393";"Niedersprungmatte"
"3515";"Sportmatten";"26396";"Pilatesmatte"
"3515";"Sportmatten";"26390";"Puttingmatte"
"3515";"Sportmatten";"26402";"Spielmatte"
"3515";"Sportmatten";"26384";"Sportmatte"
"3515";"Sportmatten";"26397";"Sprintbahn"
"3515";"Sportmatten";"26385";"Stabhochsprungmatte"
"3515";"Sportmatten";"26381";"Trainingsmatte"
"3515";"Sportmatten";"26379";"Turnmatte"
"3515";"Sportmatten";"26387";"Weichbodenmatte"
"3515";"Sportmatten";"26400";"Yogamatte"
"3516";"Sportstöcke";"26403";"Alpinstöcke"
"3516";"Sportstöcke";"26404";"Faltstöcke"
"3516";"Sportstöcke";"26410";"Langlaufstöcke"
"3516";"Sportstöcke";"26411";"Nordic-Walking-Stöcke"
"3516";"Sportstöcke";"26407";"Skistöcke"
"3516";"Sportstöcke";"26409";"Teleskopstöcke"
"3516";"Sportstöcke";"26406";"Trailrunning-Stöcke"
"3516";"Sportstöcke";"26405";"Trekking-Stöcke"
"3516";"Sportstöcke";"26412";"Wanderstock"
"3516";"Sportstöcke";"26408";"Wanderstöcke"
"3517";"Sprachcomputer";"26413";"Sprachcomputer"
"3518";"Sprachrohre";"26414";"Megafon"
"3519";"Sprengringe";"26415";"Spaltring"
"3519";"Sprengringe";"26416";"Sprengring"
"3520";"Springseile";"26417";"Springseil"
"3521";"Spritzbeutel";"26418";"Spritzbeutel"
"3522";"Spritzen";"26419";"Absaugspritze"
"3522";"Spritzen";"26421";"Einwegspritze"
"3522";"Spritzen";"26422";"Feindosierspritze"
"3522";"Spritzen";"26420";"Marinierspritze"
"3523";"Spritzschutzwände";"26427";"Badrückwand"
"3523";"Spritzschutzwände";"26426";"Duschrückwand"
"3523";"Spritzschutzwände";"26423";"Küchenrückwand"
"3523";"Spritzschutzwände";"26424";"Spritzschutz"
"3523";"Spritzschutzwände";"26425";"WC-Rückwand"
"3524";"Spritztüllen";"26429";"Kartuschentülle"
"3524";"Spritztüllen";"26430";"Spritztülle"
"3524";"Spritztüllen";"26428";"Spritztüllen"
"3525";"Sprudelmatten";"26431";"Whirlpoolmatte"
"3526";"Sprühpistolen";"26438";"Airbrushpistole"
"3526";"Sprühpistolen";"26434";"Ausblaspistole"
"3526";"Sprühpistolen";"26432";"Bauschaumpistole"
"3526";"Sprühpistolen";"26435";"Blaspistole"
"3526";"Sprühpistolen";"26437";"Farbsprühaufsatz"
"3526";"Sprühpistolen";"26433";"Farbsprühpistole"
"3526";"Sprühpistolen";"26440";"Lackierpistole"
"3526";"Sprühpistolen";"26439";"Sandstrahlpistole"
"3526";"Sprühpistolen";"26436";"Sprühlanze"
"3527";"Sprühwischer";"26441";"Sprühwischer"
"3528";"Spulen";"26447";"Fadenkopf"
"3528";"Spulen";"26442";"Fadenspule"
"3528";"Spulen";"26445";"Nähmaschinen-Spule"
"3528";"Spulen";"26444";"Rasentrimmer-Ersatzspule"
"3528";"Spulen";"26443";"Rollladen-Gurtscheibe"
"3528";"Spulen";"26446";"Spulenkapsel"
"3529";"Spulenwickler";"26448";"Angelschnurwickler"
"3530";"Spülkästen";"26449";"Spülkasten"
"3530";"Spülkästen";"26451";"Unterputz-Spülkasten"
"3530";"Spülkästen";"26450";"Vorwandelement WC"
"3531";"Spülrohrverbinder";"26454";"Gummi-Spülrohrverbinder"
"3531";"Spülrohrverbinder";"26452";"Spülrohrverbinder"
"3531";"Spülrohrverbinder";"26455";"Spülrohrverlängerung"
"3531";"Spülrohrverbinder";"26453";"Winkel-Spülrohrverbinder"
"3532";"Staffeleien";"26467";"Akademiestaffelei"
"3532";"Staffeleien";"26468";"Aquarellstaffelei"
"3532";"Staffeleien";"26456";"Atelierstaffelei"
"3532";"Staffeleien";"26460";"Feldstaffelei"
"3532";"Staffeleien";"26463";"Kinderstaffelei"
"3532";"Staffeleien";"26458";"Kofferstaffelei"
"3532";"Staffeleien";"26462";"Leinwandstaffelei"
"3532";"Staffeleien";"26466";"Mini Staffelei"
"3532";"Staffeleien";"26461";"Präsentationsstaffelei"
"3532";"Staffeleien";"26465";"Staffelei"
"3532";"Staffeleien";"26464";"Standstaffelei"
"3532";"Staffeleien";"26457";"Studiostaffelei"
"3532";"Staffeleien";"26459";"Tischstaffelei"
"3533";"Stahlfedern";"26471";"Boxsackfeder"
"3533";"Stahlfedern";"26469";"Druckfeder"
"3533";"Stahlfedern";"26473";"Fadenanzugsfeder"
"3533";"Stahlfedern";"26474";"Federsattelstütze-Ersatzfeder"
"3533";"Stahlfedern";"26470";"Trampolinsprungfeder"
"3533";"Stahlfedern";"26472";"Zugfeder"
"3534";"Stahlhalter";"26478";"Bohrstahlhalter"
"3534";"Stahlhalter";"26476";"Drehstahlhalter"
"3534";"Stahlhalter";"26479";"Mehrfach-Stahlhalter"
"3534";"Stahlhalter";"26477";"Rückzugstahlhalter"
"3534";"Stahlhalter";"26475";"Schnellwechsel-Stahlhalter"
"3535";"Standfüße";"26483";"Heizkörper-Standfuß"
"3535";"Standfüße";"26482";"Leiterntraverse"
"3535";"Standfüße";"26480";"Standfuß"
"3535";"Standfüße";"26481";"Wechselfuß"
"3536";"Standschirmbespannungen";"26486";"Ampelschirmbespannung"
"3536";"Standschirmbespannungen";"26484";"Ersatzschirmbespannung"
"3536";"Standschirmbespannungen";"26487";"Schirmbespannung"
"3536";"Standschirmbespannungen";"26485";"Standschirmbespannung"
"3537";"Standschirme";"26489";"Ampelschirm"
"3537";"Standschirme";"26491";"Balkonschirm"
"3537";"Standschirme";"26488";"Marktschirm"
"3537";"Standschirme";"26490";"Rechteckschirm"
"3537";"Standschirme";"26492";"Sonnenschirm"
"3538";"Standuhren";"26493";"Standuhr"
"3539";"Stapelspielzeug";"26494";"Stapelspielzeug"
"3540";"Stationärtelefone";"26496";"DECT-Telefon"
"3540";"Stationärtelefone";"26498";"Festnetztelefon"
"3540";"Stationärtelefone";"26503";"Freisprechclip"
"3540";"Stationärtelefone";"26501";"Großtastentelefon"
"3540";"Stationärtelefone";"26495";"Kabelgebundenes Telefon"
"3540";"Stationärtelefone";"26497";"Konferenztelefon"
"3540";"Stationärtelefone";"26502";"Schnurloses DECT-Telefon"
"3540";"Stationärtelefone";"26500";"Schnurloses Mobilteil"
"3540";"Stationärtelefone";"26499";"Seniorentelefon"
"3541";"Stative";"26511";"Camcorderstativ"
"3541";"Stative";"26505";"Dreibeinstativ"
"3541";"Stative";"26512";"Einbeinstativ"
"3541";"Stative";"26510";"Galgenstativ"
"3541";"Stative";"26513";"Handstativ"
"3541";"Stative";"26515";"Kamerastativ"
"3541";"Stative";"26517";"Klemmstativ"
"3541";"Stative";"26509";"Lampenstativ"
"3541";"Stative";"26507";"Ministativ"
"3541";"Stative";"26514";"Säulenstativ"
"3541";"Stative";"26506";"Schwebestativ"
"3541";"Stative";"26508";"Stativbeine"
"3541";"Stative";"26516";"Stativhalterung"
"3541";"Stative";"26504";"Tischstativ"
"3542";"Stativköpfe";"26526";"2-Wege-Neiger"
"3542";"Stativköpfe";"26522";"3-Wege-Neiger"
"3542";"Stativköpfe";"26520";"Fluid-Video-Neiger"
"3542";"Stativköpfe";"26521";"Getriebeneiger"
"3542";"Stativköpfe";"26519";"Kardankopf"
"3542";"Stativköpfe";"26524";"Kugelkopf"
"3542";"Stativköpfe";"26518";"Motor-Stativkopf"
"3542";"Stativköpfe";"26527";"Panoramakopf"
"3542";"Stativköpfe";"26523";"Pistolengriff"
"3542";"Stativköpfe";"26525";"Videoneiger"
"3543";"Stativschellen";"26528";"Stativschelle"
"3544";"Staubbeutel";"26529";"Staubsaugerbeutel"
"3545";"Staubsaugerdüsen";"26541";"2-in-1 Kombibürste"
"3545";"Staubsaugerdüsen";"26563";"2-in-1 Kombidüse"
"3545";"Staubsaugerdüsen";"26543";"3-in-1 Kombibürste"
"3545";"Staubsaugerdüsen";"26560";"Autosaugdüse"
"3545";"Staubsaugerdüsen";"26571";"Bodendüse"
"3545";"Staubsaugerdüsen";"26533";"Bürste"
"3545";"Staubsaugerdüsen";"26559";"Bürsteneinheit"
"3545";"Staubsaugerdüsen";"26530";"Bürstenrolle"
"3545";"Staubsaugerdüsen";"26557";"Bürstenwalze"
"3545";"Staubsaugerdüsen";"26542";"Delta-Aufsatz"
"3545";"Staubsaugerdüsen";"26545";"Elektrosaugbürste"
"3545";"Staubsaugerdüsen";"26540";"Extra-hart Bürste"
"3545";"Staubsaugerdüsen";"26564";"Fugendüse"
"3545";"Staubsaugerdüsen";"26570";"Haarschneider für Bürstenrollen"
"3545";"Staubsaugerdüsen";"26535";"Hartbodendüse"
"3545";"Staubsaugerdüsen";"26552";"Kombibodendüse"
"3545";"Staubsaugerdüsen";"26554";"Kombidüse"
"3545";"Staubsaugerdüsen";"26537";"lange Fugendüse"
"3545";"Staubsaugerdüsen";"26534";"Matratzendüse"
"3545";"Staubsaugerdüsen";"26566";"Mini-Turbinendüse"
"3545";"Staubsaugerdüsen";"26562";"Mini-Turbobürste"
"3545";"Staubsaugerdüsen";"26565";"Mini-Turbodüse"
"3545";"Staubsaugerdüsen";"26576";"Möbelbürste"
"3545";"Staubsaugerdüsen";"26572";"Möbeldüse"
"3545";"Staubsaugerdüsen";"26573";"Möbelpinsel"
"3545";"Staubsaugerdüsen";"26575";"Nasssaugdüse"
"3545";"Staubsaugerdüsen";"26558";"Parkettdüse"
"3545";"Staubsaugerdüsen";"26549";"Polsterdüse"
"3545";"Staubsaugerdüsen";"26553";"Ritzendüse"
"3545";"Staubsaugerdüsen";"26536";"Rollendüse"
"3545";"Staubsaugerdüsen";"26561";"Saugdüse"
"3545";"Staubsaugerdüsen";"26544";"Saugpinsel"
"3545";"Staubsaugerdüsen";"26538";"Saugroboter Zubehör-Set"
"3545";"Staubsaugerdüsen";"26569";"Siphondüse"
"3545";"Staubsaugerdüsen";"26547";"Softdüse"
"3545";"Staubsaugerdüsen";"26567";"Staubpinsel"
"3545";"Staubsaugerdüsen";"26550";"Staubsaugerdüsen-Set"
"3545";"Staubsaugerdüsen";"26574";"Staubwedel-Aufsatz"
"3545";"Staubsaugerdüsen";"26539";"Teppichdüse"
"3545";"Staubsaugerdüsen";"26556";"Tierhaardüse"
"3545";"Staubsaugerdüsen";"26531";"Tierhaarpolsterdüse"
"3545";"Staubsaugerdüsen";"26546";"Turbobürste"
"3545";"Staubsaugerdüsen";"26548";"Turbodüse"
"3545";"Staubsaugerdüsen";"26551";"Universalbodendüse"
"3545";"Staubsaugerdüsen";"26568";"UV-Milbendüse"
"3545";"Staubsaugerdüsen";"26532";"Wischdüse"
"3545";"Staubsaugerdüsen";"26577";"Wischtuchwalze"
"3545";"Staubsaugerdüsen";"26555";"XXL-Polsterdüse"
"3546";"Staubsaugerrohre";"26578";"Staubsauger-Verlängerungsrohr"
"3546";"Staubsaugerrohre";"26580";"Staubsaugerrohr"
"3546";"Staubsaugerrohre";"26579";"Teleskoprohr"
"3547";"Staubwischer";"26583";"Staubbesen"
"3547";"Staubwischer";"26581";"Staubwedel"
"3547";"Staubwischer";"26582";"Staubwischer"
"3548";"Staueinsätze";"26584";"Staueinsatz"
"3549";"Stechhilfen";"26585";"Stechhilfe"
"3550";"Steckdosen";"26589";"Antennensteckdose"
"3550";"Steckdosen";"26590";"Aufputz-Einspeise-Steckdose"
"3550";"Steckdosen";"26591";"Aufputz-Steckdose"
"3550";"Steckdosen";"26588";"Gartensteckdose"
"3550";"Steckdosen";"26586";"Steckdose"
"3550";"Steckdosen";"26587";"Unterputz-Steckdose"
"3551";"Steckdosenblenden";"26592";"Abdeckrahmen"
"3551";"Steckdosenblenden";"26593";"Steckdosenblende"
"3552";"Steckdosenleisten";"26597";"Einbau-Tischsteckdose"
"3552";"Steckdosenleisten";"26598";"Einbau-Tischsteckdosenleiste"
"3552";"Steckdosenleisten";"26594";"Kabeltrommel"
"3552";"Steckdosenleisten";"26599";"Mehrfachsteckdose"
"3552";"Steckdosenleisten";"26596";"Steckdosenleiste"
"3552";"Steckdosenleisten";"26595";"Steckdosenverteiler"
"3553";"Steckdosenschalter";"26607";"Anlaufautomatik"
"3553";"Steckdosenschalter";"26603";"Funksteckdose"
"3553";"Steckdosenschalter";"26606";"Personenschutzstecker"
"3553";"Steckdosenschalter";"26602";"Steckdosen-Hygrostat"
"3553";"Steckdosenschalter";"26600";"Steckdosen-Thermostat"
"3553";"Steckdosenschalter";"26605";"Steckdosenschalter"
"3553";"Steckdosenschalter";"26604";"WLAN-Steckdose"
"3553";"Steckdosenschalter";"26601";"WLAN-Steckdosenleiste"
"3554";"Steckenpferde";"26608";"Steckenpferd"
"3555";"Stecker";"26619";"CEE-Kupplung"
"3555";"Stecker";"26618";"CEE-Stecker"
"3555";"Stecker";"26609";"Cinch-Stecker"
"3555";"Stecker";"26611";"DIN-Stecker"
"3555";"Stecker";"26617";"Euroflachstecker"
"3555";"Stecker";"26616";"F-Stecker"
"3555";"Stecker";"26610";"Klinkenstecker"
"3555";"Stecker";"26615";"Lautsprecherstecker"
"3555";"Stecker";"26613";"Netzwerkstecker"
"3555";"Stecker";"26620";"Schuko-Kupplung"
"3555";"Stecker";"26612";"Schuko-Stecker"
"3555";"Stecker";"26614";"USB-Konfektionsstecker"
"3556";"Stecknüsse";"26621";"Stecknuss"
"3556";"Stecknüsse";"26622";"Stecknüsse"
"3556";"Stecknüsse";"26623";"Zündkerzennuss"
"3557";"Steckspielzeug";"26624";"Steckspielzeug"
"3558";"Stehsammler";"26625";"Stehsammler"
"3559";"Stehtiere";"26629";"Holzpferd"
"3559";"Stehtiere";"26627";"Reitpferd"
"3559";"Stehtiere";"26626";"Reittier"
"3559";"Stehtiere";"26628";"Stehpferd"
"3559";"Stehtiere";"26630";"Stehtier"
"3560";"Steigbügel";"26631";"Steigbügel"
"3561";"Steigeisen";"26632";"Steigeisen"
"3562";"Steine";"26642";"Deko-Granulate"
"3562";"Steine";"26639";"Dekokies"
"3562";"Steine";"26638";"Gabionensteine"
"3562";"Steine";"26636";"Kieselsteine"
"3562";"Steine";"26635";"Lavasteine"
"3562";"Steine";"26634";"Salzkristalle"
"3562";"Steine";"26641";"Saunasteine"
"3562";"Steine";"26637";"Stein"
"3562";"Steine";"26633";"Teichkies"
"3562";"Steine";"26640";"Zierkies"
"3563";"Steintrenner";"26643";"Steintrenner"
"3564";"Stellwände";"26645";"Paravent"
"3564";"Stellwände";"26644";"Schutzwand"
"3564";"Stellwände";"26646";"Stellwand"
"3565";"Stempel";"26647";"Golfballstempel"
"3565";"Stempel";"26649";"Grillbrandeisen"
"3565";"Stempel";"26650";"Paginierstempel"
"3565";"Stempel";"26648";"Stempel"
"3566";"Stepper";"26654";"Mini-Stepper"
"3566";"Stepper";"26652";"Power-Stepper"
"3566";"Stepper";"26653";"Stepboard"
"3566";"Stepper";"26651";"Stepper"
"3567";"Sterilisatoren";"26655";"Dampfsterilisator"
"3567";"Sterilisatoren";"26657";"Mikrowellen-Dampfsterilisator"
"3567";"Sterilisatoren";"26656";"Rasierer-Reinigungsstation"
"3567";"Sterilisatoren";"26659";"UV-Sterilisator"
"3567";"Sterilisatoren";"26660";"UV-Zahnbürstenhalter"
"3567";"Sterilisatoren";"26658";"Wassersterilisiergerät"
"3568";"Sternfräsen";"26661";"Sternfräse"
"3569";"Stickmaschinen";"26662";"Stickmaschine"
"3570";"Stiele";"26665";"Besenstiel"
"3570";"Stiele";"26664";"Griffverlängerung"
"3570";"Stiele";"26667";"Lenkstange"
"3570";"Stiele";"26666";"Stiel"
"3570";"Stiele";"26663";"Teleskopstiel"
"3571";"Stifte";"26695";"Aquarellstifte"
"3571";"Stifte";"26669";"Bleistift"
"3571";"Stifte";"26697";"Buntstift"
"3571";"Stifte";"26668";"Copic Marker"
"3571";"Stifte";"26676";"Drehkugelschreiber"
"3571";"Stifte";"26684";"Druckbleistift"
"3571";"Stifte";"26674";"Druckkugelschreiber"
"3571";"Stifte";"26696";"Fallminenstift"
"3571";"Stifte";"26691";"Faserstift"
"3571";"Stifte";"26686";"Fettstift"
"3571";"Stifte";"26671";"Filzstift"
"3571";"Stifte";"26670";"Fineliner"
"3571";"Stifte";"26711";"Folienstift"
"3571";"Stifte";"26688";"Füller"
"3571";"Stifte";"26679";"Füllfederhalter"
"3571";"Stifte";"26678";"Füllhalter"
"3571";"Stifte";"26712";"Geldscheinprüfstift"
"3571";"Stifte";"26694";"Gelroller"
"3571";"Stifte";"26704";"Gelschreiber"
"3571";"Stifte";"26708";"Golfballmarkierstift"
"3571";"Stifte";"26705";"Kalligraphie-Stift"
"3571";"Stifte";"26702";"Kohlestift"
"3571";"Stifte";"26680";"Kopierstift"
"3571";"Stifte";"26699";"Kreidemarker"
"3571";"Stifte";"26710";"Kugelschreiber"
"3571";"Stifte";"26693";"Künstlerstift"
"3571";"Stifte";"26692";"Lackmarker"
"3571";"Stifte";"26677";"Leermarker"
"3571";"Stifte";"26703";"Malkreide"
"3571";"Stifte";"26709";"Malstift"
"3571";"Stifte";"26672";"Marker"
"3571";"Stifte";"26689";"Permanentmarker"
"3571";"Stifte";"26681";"Pinselstift"
"3571";"Stifte";"26701";"Polychromos"
"3571";"Stifte";"26698";"Reifenstift"
"3571";"Stifte";"26707";"Retuschierstift"
"3571";"Stifte";"26687";"Saitenstift"
"3571";"Stifte";"26675";"Textilmarker"
"3571";"Stifte";"26706";"Tintenfeinschreiber"
"3571";"Stifte";"26673";"Tintenkiller"
"3571";"Stifte";"26690";"Tintenroller"
"3571";"Stifte";"26700";"Wachsmalstift"
"3571";"Stifte";"26685";"Whiteboard Marker"
"3571";"Stifte";"26682";"Zeichenfeder"
"3571";"Stifte";"26683";"Zeichenkohle"
"3572";"Stiftminen";"26714";"Ersatzmine"
"3572";"Stiftminen";"26713";"Kugelschreibermine"
"3572";"Stiftminen";"26715";"Stiftmine"
"3573";"Stimmgeräte";"26716";"Stimmgerät"
"3574";"Stoffe";"26717";"Stoff"
"3575";"Stollen";"26719";"Golf-Spike"
"3575";"Stollen";"26718";"Stolle"
"3590";"Stöpsel";"26790";"Badewannenstöpsel"
"3590";"Stöpsel";"26788";"Stöpsel"
"3590";"Stöpsel";"26789";"Überlaufclip"
"3590";"Stöpsel";"26791";"Waschbeckenstöpsel"
"3592";"Stößel";"26797";"Stößel"
"3591";"Stövchen";"26794";"Kaffeestövchen"
"3591";"Stövchen";"26792";"Kannenstövchen"
"3591";"Stövchen";"26796";"Speisenwärmer"
"3591";"Stövchen";"26793";"Stövchen"
"3591";"Stövchen";"26795";"Teestövchen"
"3576";"Strahlregler";"26720";"Strahlregler"
"3577";"Strandkörbe";"26721";"Haustierstrandkorb"
"3577";"Strandkörbe";"26722";"Sitzlaube"
"3577";"Strandkörbe";"26723";"Strandkorb"
"3578";"Streaming-Boxen";"26724";"Apple TV"
"3578";"Streaming-Boxen";"26726";"Streaming Boxen"
"3578";"Streaming-Boxen";"26727";"Streaming-Box"
"3578";"Streaming-Boxen";"26725";"Streaming-Stick"
"3579";"Streuwagen";"26728";"Streuaufsatz"
"3579";"Streuwagen";"26729";"Streuwagen"
"3580";"Strickjacken";"26731";"2-in-1-Strickjacke"
"3580";"Strickjacken";"26737";"Ajourstrickjacke"
"3580";"Strickjacken";"26738";"Bolero"
"3580";"Strickjacken";"26733";"Cardigan"
"3580";"Strickjacken";"26743";"Jacquardstrickjacke"
"3580";"Strickjacken";"26742";"Kapuzenstrickjacke"
"3580";"Strickjacken";"26740";"Longstrickjacke"
"3580";"Strickjacken";"26739";"Rautenstrickjacke"
"3580";"Strickjacken";"26734";"Rhombenstrickjacke"
"3580";"Strickjacken";"26730";"Strickcape"
"3580";"Strickjacken";"26744";"Strickjacke"
"3580";"Strickjacken";"26735";"Trachtenstrickjacke"
"3580";"Strickjacken";"26741";"Umstandscardigan"
"3580";"Strickjacken";"26736";"Umstandsstrickjacke"
"3580";"Strickjacken";"26732";"Wickelstrickjacke"
"3581";"Strickmaschinen";"26746";"Strickmaschine"
"3581";"Strickmaschinen";"26747";"Strickmaschinen-Doppelbett"
"3581";"Strickmaschinen";"26745";"Strickmaschinenerweiterung"
"3582";"Stromerzeuger";"26748";"Stromerzeuger"
"3582";"Stromerzeuger";"26749";"Stromgenerator"
"3583";"Stromschienensysteme";"26752";"Schienensystem-Controller"
"3583";"Stromschienensysteme";"26753";"Schienensystem-Einspeiser"
"3583";"Stromschienensysteme";"26750";"Schienensystem-Schienen"
"3583";"Stromschienensysteme";"26754";"Schienensystem-Verbinder"
"3583";"Stromschienensysteme";"26751";"Stromschienensystem"
"3584";"Stromverbrauchsmessgeräte";"26755";"Drehstromzähler"
"3584";"Stromverbrauchsmessgeräte";"26759";"Energiekostenmessgerät"
"3584";"Stromverbrauchsmessgeräte";"26757";"Strommessgerät"
"3584";"Stromverbrauchsmessgeräte";"26758";"Stromverbrauchszähler"
"3584";"Stromverbrauchsmessgeräte";"26756";"Wechselstromzähler"
"3585";"Strumpfhalter";"26762";"Strapsgürtel"
"3585";"Strumpfhalter";"26761";"Strumpfband"
"3585";"Strumpfhalter";"26760";"Strumpfhalter"
"3586";"Strumpfhosen";"26776";"Bodystocking"
"3586";"Strumpfhosen";"26763";"Bodystocking-Ouvert"
"3586";"Strumpfhosen";"26777";"Feinstrumpf-Kurzhose"
"3586";"Strumpfhosen";"26768";"Feinstrumpfhose"
"3586";"Strumpfhosen";"26764";"Feinstrumpfleggings"
"3586";"Strumpfhosen";"26774";"Highwaist Strumpfhose"
"3586";"Strumpfhosen";"26770";"Netzstrumpfhose"
"3586";"Strumpfhosen";"26773";"Ouvert Strumpfhose"
"3586";"Strumpfhosen";"26765";"Overknee-Strumpfhose"
"3586";"Strumpfhosen";"26778";"Shaping-Strumpfhose"
"3586";"Strumpfhosen";"26767";"Strickstrumpfhose"
"3586";"Strumpfhosen";"26771";"Strickstrumpfleggings"
"3586";"Strumpfhosen";"26772";"Strumpfhose"
"3586";"Strumpfhosen";"26769";"Stützstrumpfhose"
"3586";"Strumpfhosen";"26775";"Thermostrumpfhose"
"3586";"Strumpfhosen";"26766";"Umstandsstrumpfhose"
"3587";"Stubenwagen";"26779";"Stubenwagen"
"3593";"Stühle";"26806";"4-Fußstuhl"
"3593";"Stühle";"26820";"Angelstuhl"
"3593";"Stühle";"26825";"Armlehnstuhl"
"3593";"Stühle";"26818";"Besucherstuhl"
"3593";"Stühle";"26816";"Bistrostuhl"
"3593";"Stühle";"26826";"Bürostuhl"
"3593";"Stühle";"26830";"Campingstuhl"
"3593";"Stühle";"26802";"Chefsessel"
"3593";"Stühle";"26817";"Drehstuhl"
"3593";"Stühle";"26822";"Esszimmerstuhl"
"3593";"Stühle";"26798";"Faltstuhl"
"3593";"Stühle";"26823";"Freischwinger"
"3593";"Stühle";"26799";"Gaming Chair"
"3593";"Stühle";"26821";"Gaming-Stuhl"
"3593";"Stühle";"26800";"Gartenstuhl"
"3593";"Stühle";"26828";"Hochlehner"
"3593";"Stühle";"26803";"Hochstuhl"
"3593";"Stühle";"26809";"Holzstuhl"
"3593";"Stühle";"26813";"Kinderklappstuhl"
"3593";"Stühle";"26831";"Kinderstuhl"
"3593";"Stühle";"26814";"Klappstuhl"
"3593";"Stühle";"26827";"Kombihochstuhl"
"3593";"Stühle";"26829";"Küchenstuhl"
"3593";"Stühle";"26801";"Kufenstuhl"
"3593";"Stühle";"26808";"Polsterstuhl"
"3593";"Stühle";"26824";"Rattanstuhl"
"3593";"Stühle";"26807";"Regiestuhl"
"3593";"Stühle";"26819";"Reisehochstuhl"
"3593";"Stühle";"26810";"Schalenstuhl"
"3593";"Stühle";"26815";"Schaukelstuhl"
"3593";"Stühle";"26811";"Schreibtischstuhl"
"3593";"Stühle";"26804";"Stapelstuhl"
"3593";"Stühle";"26805";"Stehhilfe"
"3593";"Stühle";"26812";"Stuhl"
"3588";"Stulpen";"26782";"Armlinge"
"3588";"Stulpen";"26784";"Armstulpen"
"3588";"Stulpen";"26781";"Beinlinge"
"3588";"Stulpen";"26780";"Beinstulpen"
"3588";"Stulpen";"26786";"Gelenkwärmer"
"3588";"Stulpen";"26785";"Loaferl"
"3588";"Stulpen";"26783";"Stütz-Stulpen"
"3594";"Stützelemente";"26833";"Carport-Stützelement"
"3594";"Stützelemente";"26834";"Gewächshaus-Stützelement"
"3594";"Stützelemente";"26832";"Stützelement"
"3594";"Stützelemente";"26835";"Stützfuß"
"3589";"Stutzenhalter";"26787";"Schienbeinschonerhalter"
"3595";"Surfsport-Gabelbäume";"26836";"Windsurf Gabelbaum"
"3596";"Sweatjacken";"26841";"Funktions-Kapuzensweatjacke"
"3596";"Sweatjacken";"26837";"Kapuzensweatjacke"
"3596";"Sweatjacken";"26839";"Sweatjacke"
"3596";"Sweatjacken";"26840";"Umstandssweatjacke"
"3596";"Sweatjacken";"26838";"Yoga-Sweatjacke"
"3597";"Sweatshirts";"26844";"Fleecepullover"
"3597";"Sweatshirts";"26848";"Hoodie"
"3597";"Sweatshirts";"26850";"Kapuzensweatshirt"
"3597";"Sweatshirts";"26847";"Longsweatshirt"
"3597";"Sweatshirts";"26849";"Sweater"
"3597";"Sweatshirts";"26842";"Sweatponcho"
"3597";"Sweatshirts";"26846";"Sweatshirt"
"3597";"Sweatshirts";"26843";"Umstandssweatshirt"
"3597";"Sweatshirts";"26845";"Weihnachtssweatshirt"
"3603";"Tablets/EBookReader";"26917";"E-Book"
"3603";"Tablets/EBookReader";"26918";"Grafiktablett"
"3603";"Tablets/EBookReader";"26916";"Tablet"
"3604";"Tabletts";"26920";"Hochstuhltablett"
"3604";"Tabletts";"26919";"Laptop Tablett"
"3604";"Tabletts";"26921";"Tablett"
"3605";"Tacker";"26922";"Akku-Stauchkopfnagler"
"3605";"Tacker";"26928";"Akku-Tacker"
"3605";"Tacker";"26923";"Druckluft-Tacker"
"3605";"Tacker";"26925";"Elektro-Tacker"
"3605";"Tacker";"26930";"Enthefter"
"3605";"Tacker";"26929";"Hammertacker"
"3605";"Tacker";"26927";"Handheftpistole"
"3605";"Tacker";"26926";"Handtacker"
"3605";"Tacker";"26924";"Heftgerät"
"3606";"Tafeln";"26940";"Info-Schaukasten"
"3606";"Tafeln";"26934";"Magnettafel"
"3606";"Tafeln";"26937";"Memoboard"
"3606";"Tafeln";"26938";"Pinnwand"
"3606";"Tafeln";"26936";"Standtafel"
"3606";"Tafeln";"26939";"T-Kartentafel"
"3606";"Tafeln";"26933";"Tafel"
"3606";"Tafeln";"26931";"Taktiktafel"
"3606";"Tafeln";"26935";"Wandtafel"
"3606";"Tafeln";"26932";"Zaubertafel"
"3607";"Tagesdecken";"26942";"Bettüberwurf"
"3607";"Tagesdecken";"26941";"Tagesdecke"
"3608";"Tankdeckel";"26943";"Tankdeckel"
"3609";"Tanzstangen";"26945";"Ballettstange"
"3609";"Tanzstangen";"26944";"Pole Dance Stange"
"3610";"Tapeten";"26948";"3D-Tapete"
"3610";"Tapeten";"26961";"Bordüre"
"3610";"Tapeten";"26963";"Fototapete"
"3610";"Tapeten";"26952";"Isoliertapete"
"3610";"Tapeten";"26958";"Kindertapete"
"3610";"Tapeten";"26947";"Korktapete"
"3610";"Tapeten";"26956";"Küchentapete"
"3610";"Tapeten";"26960";"Mustertapete"
"3610";"Tapeten";"26951";"Naturwerkstofftapete"
"3610";"Tapeten";"26957";"Papiertapete"
"3610";"Tapeten";"26954";"Prägetapete"
"3610";"Tapeten";"26946";"Satintapete"
"3610";"Tapeten";"26949";"Schaumtapete"
"3610";"Tapeten";"26950";"Strukturtapete"
"3610";"Tapeten";"26955";"Textiltapete"
"3610";"Tapeten";"26953";"Türtapete"
"3610";"Tapeten";"26959";"Vinyltapete"
"3610";"Tapeten";"26962";"Vliestapete"
"3611";"Taschen";"27021";"Abendtasche"
"3611";"Taschen";"26973";"Aktenmappe"
"3611";"Taschen";"27060";"Aktentasche"
"3611";"Taschen";"27095";"Angel-Wiegesack"
"3611";"Taschen";"27018";"Angelrollentasche"
"3611";"Taschen";"27010";"Angelrutentasche"
"3611";"Taschen";"27049";"Arzttasche"
"3611";"Taschen";"27081";"Aufbewahrungstasche"
"3611";"Taschen";"26985";"Auto-Rückenlehnentasche"
"3611";"Taschen";"27092";"Badmintontasche"
"3611";"Taschen";"26981";"Balance Scooter Tasche"
"3611";"Taschen";"27011";"Balltasche"
"3611";"Taschen";"26972";"Basttasche"
"3611";"Taschen";"26969";"Bauchtasche"
"3611";"Taschen";"27024";"Beautycase"
"3611";"Taschen";"26987";"Beintasche"
"3611";"Taschen";"27035";"Betttasche"
"3611";"Taschen";"27053";"Beuteltasche"
"3611";"Taschen";"27077";"Board Bag"
"3611";"Taschen";"27008";"Bowlingtasche"
"3611";"Taschen";"26984";"Box-Clutch"
"3611";"Taschen";"27016";"Businesstasche"
"3611";"Taschen";"27085";"Camcorder-Tasche"
"3611";"Taschen";"27046";"Cartbag"
"3611";"Taschen";"26967";"CD-Player Tasche"
"3611";"Taschen";"27043";"Chalkbag"
"3611";"Taschen";"27075";"Clutch"
"3611";"Taschen";"27090";"Controllertasche"
"3611";"Taschen";"27058";"Dokumententasche"
"3611";"Taschen";"27067";"Drohnen-Tasche"
"3611";"Taschen";"27006";"Drybag"
"3611";"Taschen";"26990";"DVD-Player-Tasche"
"3611";"Taschen";"27073";"E-Reader-Tasche"
"3611";"Taschen";"27082";"Fahrradkorb"
"3611";"Taschen";"27025";"Fahrradtasche"
"3611";"Taschen";"27013";"Festplattentasche"
"3611";"Taschen";"27000";"Flugumhänger"
"3611";"Taschen";"26993";"Fototasche"
"3611";"Taschen";"27040";"Fransentasche"
"3611";"Taschen";"27014";"Freizeittasche"
"3611";"Taschen";"27030";"Gepäckträgertasche"
"3611";"Taschen";"27029";"Gitarrentasche"
"3611";"Taschen";"27017";"Golfballtasche"
"3611";"Taschen";"27079";"Golfreisetasche"
"3611";"Taschen";"26997";"Gürteltasche"
"3611";"Taschen";"26965";"Gymbag"
"3611";"Taschen";"27071";"Gymsack"
"3611";"Taschen";"27015";"Handgelenktasche"
"3611";"Taschen";"27031";"Handtasche"
"3611";"Taschen";"26982";"Handy-Lenkertasche"
"3611";"Taschen";"27001";"Handy-Rahmentasche"
"3611";"Taschen";"27026";"Handytasche"
"3611";"Taschen";"27083";"Henkeltasche"
"3611";"Taschen";"27042";"Hobo"
"3611";"Taschen";"27070";"Hockeytasche"
"3611";"Taschen";"26991";"Kameratasche"
"3611";"Taschen";"27034";"Kindergartentasche"
"3611";"Taschen";"27076";"Kinderwagen-Tasche"
"3611";"Taschen";"27033";"Kinderwagen-Transporttasche"
"3611";"Taschen";"26994";"Kitesurf-Boardbag"
"3611";"Taschen";"27051";"Köchertasche"
"3611";"Taschen";"27023";"Kofferorganizer"
"3611";"Taschen";"27036";"Korbtasche"
"3611";"Taschen";"27063";"Kosmetikkoffer"
"3611";"Taschen";"27084";"Kosmetiktasche"
"3611";"Taschen";"26964";"Kulturbeutel"
"3611";"Taschen";"26995";"Laptoptasche"
"3611";"Taschen";"27064";"Laufradtasche"
"3611";"Taschen";"27056";"Lautsprechertasche"
"3611";"Taschen";"26970";"Leckerlibeutel"
"3611";"Taschen";"27048";"Lenkertasche"
"3611";"Taschen";"27019";"Liquidtasche"
"3611";"Taschen";"26976";"Mast Bag"
"3611";"Taschen";"27037";"Messenger Bag"
"3611";"Taschen";"27005";"Messertasche"
"3611";"Taschen";"27059";"Mini Bag"
"3611";"Taschen";"27072";"Nähmaschinen-Trolley"
"3611";"Taschen";"27065";"Nähmaschinentasche"
"3611";"Taschen";"27078";"Navigationstasche"
"3611";"Taschen";"27054";"Notebook-Rucksack"
"3611";"Taschen";"27022";"Paddle Bag"
"3611";"Taschen";"27094";"Padeltasche"
"3611";"Taschen";"26975";"Pencilbag"
"3611";"Taschen";"27002";"Piano-Transporttasche"
"3611";"Taschen";"27086";"Pickleballtasche"
"3611";"Taschen";"27088";"Picknicktasche"
"3611";"Taschen";"27045";"Rahmentasche"
"3611";"Taschen";"27028";"Reifentasche"
"3611";"Taschen";"27020";"Reisetasche"
"3611";"Taschen";"27093";"Rollstuhltasche"
"3611";"Taschen";"26968";"Rücksitzorganizer"
"3611";"Taschen";"27003";"Runde Tasche"
"3611";"Taschen";"26998";"Satchel"
"3611";"Taschen";"27041";"Sattelstützentasche"
"3611";"Taschen";"27039";"Satteltasche"
"3611";"Taschen";"26979";"Schultertasche"
"3611";"Taschen";"26977";"Scootertasche"
"3611";"Taschen";"27050";"Shopper"
"3611";"Taschen";"26989";"Skate Bag"
"3611";"Taschen";"27089";"Skitasche"
"3611";"Taschen";"27062";"Smartphonemappe"
"3611";"Taschen";"26992";"Smartphonetasche"
"3611";"Taschen";"26996";"Speertasche"
"3611";"Taschen";"27057";"Spielekonsolen-Tasche"
"3611";"Taschen";"27044";"Sporttasche"
"3611";"Taschen";"27007";"Squashtasche"
"3611";"Taschen";"26988";"Standbag"
"3611";"Taschen";"26980";"Staubsaugerzubehörtasche"
"3611";"Taschen";"26971";"Strandtasche"
"3611";"Taschen";"27032";"Studiotasche"
"3611";"Taschen";"27069";"Tabletmappe"
"3611";"Taschen";"27066";"Tablettasche"
"3611";"Taschen";"27074";"Taschenorganizer"
"3611";"Taschen";"26983";"Tennistasche"
"3611";"Taschen";"26966";"Tourbag"
"3611";"Taschen";"27012";"Trachtentasche"
"3611";"Taschen";"27038";"Tragetasche"
"3611";"Taschen";"26999";"Turnbeutel"
"3611";"Taschen";"27052";"Umhängetasche"
"3611";"Taschen";"27091";"Urnentasche"
"3611";"Taschen";"27027";"Vorfachtasche"
"3611";"Taschen";"26978";"VR-Brillen-Tasche"
"3611";"Taschen";"27009";"Weekender"
"3611";"Taschen";"26986";"Wendetasche"
"3611";"Taschen";"26974";"Werkzeugtasche"
"3611";"Taschen";"27047";"Wickeltasche"
"3611";"Taschen";"27055";"Windeltasche"
"3611";"Taschen";"27061";"Windsurf Boardbag"
"3611";"Taschen";"27080";"Windsurf Mastbag"
"3611";"Taschen";"27004";"XL-Strandtasche"
"3611";"Taschen";"27068";"Yogatasche"
"3611";"Taschen";"27087";"Zelttasche"
"3612";"Taschenanhänger";"27096";"Gepäckanhänger"
"3612";"Taschenanhänger";"27098";"Schulterriemen"
"3612";"Taschenanhänger";"27097";"Taschenanhänger"
"3613";"Taschenrechner";"27099";"Taschenrechner"
"3614";"Taschenuhren";"27102";"Kettenuhr"
"3614";"Taschenuhren";"27100";"Krankenpflegeuhr"
"3614";"Taschenuhren";"27101";"Taschenuhr"
"3615";"Tastaturen";"27109";"Apple-Tastatur"
"3615";"Tastaturen";"27114";"ergonomische Tastatur"
"3615";"Tastaturen";"27111";"flexible Tastatur"
"3615";"Tastaturen";"27113";"Gaming-Tastatur"
"3615";"Tastaturen";"27108";"iPad-Tastatur"
"3615";"Tastaturen";"27107";"PC-Tastatur"
"3615";"Tastaturen";"27106";"Slimline-Tastatur"
"3615";"Tastaturen";"27115";"Tablet-Tastatur"
"3615";"Tastaturen";"27116";"Tastatur"
"3615";"Tastaturen";"27103";"Tastatur mit Touchpad"
"3615";"Tastaturen";"27110";"Ultra-Slim-Bluetooth-Tastatur"
"3615";"Tastaturen";"27112";"Ultra-Slim-Tastatur"
"3615";"Tastaturen";"27105";"USB-Tastatur"
"3615";"Tastaturen";"27104";"Wireless-Tastatur"
"3616";"Tasten";"27117";"Tastatur-Tastenkappen"
"3617";"Tasteninstrumente";"27125";"Digitalflügel"
"3617";"Tasteninstrumente";"27128";"Digitalpiano"
"3617";"Tasteninstrumente";"27129";"Entertainer-Keyboard"
"3617";"Tasteninstrumente";"27123";"Flügel Klavier"
"3617";"Tasteninstrumente";"27122";"Home-Keyboard"
"3617";"Tasteninstrumente";"27126";"Klavier"
"3617";"Tasteninstrumente";"27120";"Knopf-Akkordeon"
"3617";"Tasteninstrumente";"27119";"Masterkeyboard"
"3617";"Tasteninstrumente";"27118";"Orgel"
"3617";"Tasteninstrumente";"27121";"Oriental-Keyboard"
"3617";"Tasteninstrumente";"27130";"Stage-Piano"
"3617";"Tasteninstrumente";"27124";"Stagepiano"
"3617";"Tasteninstrumente";"27127";"Synthesizer"
"3618";"Tauchsets";"27131";"Tauchset"
"3619";"Tauchsieder";"27132";"Tauchsieder"
"3620";"Teeautomaten";"27133";"Teeautomat"
"3620";"Teeautomaten";"27135";"Teebereiter"
"3620";"Teeautomaten";"27136";"Teekocher"
"3620";"Teeautomaten";"27134";"Wasser-/Teekocher"
"3621";"Teichdeko";"27139";"Brunnenumrandung"
"3621";"Teichdeko";"27138";"Dekosteine"
"3621";"Teichdeko";"27140";"Seerose"
"3621";"Teichdeko";"27137";"Teichfigur"
"3622";"Teichschalen";"27141";"Fertigteich"
"3623";"Teigportionierer";"27142";"Teigportionierer"
"3624";"Teigroller";"27143";"Nudelholz"
"3624";"Teigroller";"27144";"Pastaroller"
"3624";"Teigroller";"27145";"Teigroller"
"3625";"Teilapparate";"27146";"Teilapparat"
"3626";"Teint-Kosmetika";"27151";"Body-Bronzer"
"3626";"Teint-Kosmetika";"27166";"Bronzer"
"3626";"Teint-Kosmetika";"27164";"Bronzer-Puder"
"3626";"Teint-Kosmetika";"27163";"Bronzing-Palette"
"3626";"Teint-Kosmetika";"27150";"Concealer"
"3626";"Teint-Kosmetika";"27154";"Concealer-Palette"
"3626";"Teint-Kosmetika";"27165";"Contouring-Palette"
"3626";"Teint-Kosmetika";"27148";"Contouring-Puder"
"3626";"Teint-Kosmetika";"27155";"Contouring-Stick"
"3626";"Teint-Kosmetika";"27147";"Fixierspray"
"3626";"Teint-Kosmetika";"27162";"Foundation"
"3626";"Teint-Kosmetika";"27152";"Highlighter"
"3626";"Teint-Kosmetika";"27149";"Highlighter-Palette"
"3626";"Teint-Kosmetika";"27158";"Make-up"
"3626";"Teint-Kosmetika";"27159";"Make-up Set"
"3626";"Teint-Kosmetika";"27157";"Make-up Stick"
"3626";"Teint-Kosmetika";"27156";"Primer"
"3626";"Teint-Kosmetika";"27160";"Puder"
"3626";"Teint-Kosmetika";"27161";"Rouge"
"3626";"Teint-Kosmetika";"27153";"Rouge-Palette"
"3627";"Teleskopauszüge";"27170";"Entnahmegriff"
"3627";"Teleskopauszüge";"27168";"Teleskop-Teilauszug"
"3627";"Teleskopauszüge";"27171";"Teleskop-Vollauszug"
"3627";"Teleskopauszüge";"27169";"Teleskopauszug"
"3627";"Teleskopauszüge";"27167";"VarioClip"
"3628";"Teleskope";"27173";"Achromatischer Refraktor"
"3628";"Teleskope";"27179";"Apochromatischer Refraktor"
"3628";"Teleskope";"27175";"Katadioptrisches Spiegelteleskop"
"3628";"Teleskope";"27172";"Linsenteleskop"
"3628";"Teleskope";"27176";"Maksutov"
"3628";"Teleskope";"27180";"Maksutov-Cassegrain"
"3628";"Teleskope";"27181";"Maksutov-Newton"
"3628";"Teleskope";"27178";"Schmidt-Cassegrain"
"3628";"Teleskope";"27177";"Spiegelteleskop nach Newton"
"3628";"Teleskope";"27174";"Teleskop"
"3629";"Temperaturmessgeräte";"27182";"Aquarienthermometer"
"3629";"Temperaturmessgeräte";"27188";"Backofenthermometer"
"3629";"Temperaturmessgeräte";"27185";"Badethermometer"
"3629";"Temperaturmessgeräte";"27184";"Bodenthermometer"
"3629";"Temperaturmessgeräte";"27201";"Bratenthermometer"
"3629";"Temperaturmessgeräte";"27191";"Fensterthermometer"
"3629";"Temperaturmessgeräte";"27199";"Fieberthermometer"
"3629";"Temperaturmessgeräte";"27187";"Fruchtbarkeitstracker"
"3629";"Temperaturmessgeräte";"27190";"Gartenthermometer"
"3629";"Temperaturmessgeräte";"27200";"Grillthermometer"
"3629";"Temperaturmessgeräte";"27197";"Infrarot-Fieberthermometer"
"3629";"Temperaturmessgeräte";"27183";"Infrarot-Thermometer"
"3629";"Temperaturmessgeräte";"27189";"Kochthermometer"
"3629";"Temperaturmessgeräte";"27194";"Kühlschrankthermometer"
"3629";"Temperaturmessgeräte";"27202";"Ohr-Fieberthermometer"
"3629";"Temperaturmessgeräte";"27196";"Raumthermometer"
"3629";"Temperaturmessgeräte";"27186";"Schnuller-Fieberthermometer"
"3629";"Temperaturmessgeräte";"27198";"Schwimmthermometer"
"3629";"Temperaturmessgeräte";"27193";"Stirn-Fieberthermometer"
"3629";"Temperaturmessgeräte";"27195";"Thermodetektor"
"3629";"Temperaturmessgeräte";"27203";"Wärmebildkamera"
"3629";"Temperaturmessgeräte";"27192";"Weinthermometer"
"3630";"Teppiche";"27231";"Baumteppich"
"3630";"Teppiche";"27220";"Designteppich"
"3630";"Teppiche";"27226";"Fellteppich"
"3630";"Teppiche";"27214";"Flokati-Teppich"
"3630";"Teppiche";"27217";"Frisé-Teppich"
"3630";"Teppiche";"27230";"Fußmatte"
"3630";"Teppiche";"27211";"Hochflor-Läufer"
"3630";"Teppiche";"27213";"Hochflor-Teppich"
"3630";"Teppiche";"27225";"Kinderteppich"
"3630";"Teppiche";"27236";"Küchenläufer"
"3630";"Teppiche";"27209";"Kunstrasen"
"3630";"Teppiche";"27208";"Langflor-Teppich"
"3630";"Teppiche";"27232";"Läufer"
"3630";"Teppiche";"27235";"Lederteppich"
"3630";"Teppiche";"27210";"Nadelvliesteppich"
"3630";"Teppiche";"27212";"Orientteppich"
"3630";"Teppiche";"27222";"Outdoorteppich"
"3630";"Teppiche";"27229";"Rasenteppich"
"3630";"Teppiche";"27216";"Schlingenteppich"
"3630";"Teppiche";"27204";"Seidenteppich"
"3630";"Teppiche";"27224";"Sisalteppich"
"3630";"Teppiche";"27234";"Sofaläufer"
"3630";"Teppiche";"27221";"Stufenmatte"
"3630";"Teppiche";"27206";"Teppich"
"3630";"Teppiche";"27228";"Teppich-Musterstück"
"3630";"Teppiche";"27223";"Teppichboden"
"3630";"Teppiche";"27215";"Teppichfliese"
"3630";"Teppiche";"27205";"Veloursteppich"
"3630";"Teppiche";"27207";"Vinyl-Läufer"
"3630";"Teppiche";"27233";"Vinylteppich"
"3630";"Teppiche";"27218";"Wandteppich"
"3630";"Teppiche";"27219";"Wollteppich"
"3630";"Teppiche";"27227";"Zeltteppiche"
"3631";"Teppichunterlagen";"27237";"Antirutsch Teppichunterlage"
"3631";"Teppichunterlagen";"27238";"Teppichunterlage"
"3632";"Terrassendielen";"27239";"Terrassendielen"
"3633";"Terrassenüberdachungen";"27240";"Anbaudach"
"3633";"Terrassenüberdachungen";"27242";"Terrassendach"
"3633";"Terrassenüberdachungen";"27241";"Wintergarten"
"3634";"Test-Kits";"27250";"Alkohol-Schnelltest"
"3634";"Test-Kits";"27251";"Allergietest"
"3634";"Test-Kits";"27243";"Aquarium-Wassertest"
"3634";"Test-Kits";"27252";"Blutzucker-Teststreifen"
"3634";"Test-Kits";"27244";"Bodentest"
"3634";"Test-Kits";"27253";"Cholesterin-Teststreifen"
"3634";"Test-Kits";"27254";"Darmparasiten-Test"
"3634";"Test-Kits";"27248";"Drogen-Schnelltest"
"3634";"Test-Kits";"27260";"Fertilitätsset"
"3634";"Test-Kits";"27249";"Influenza-Schnelltest"
"3634";"Test-Kits";"27255";"Nährstoffmangeltest"
"3634";"Test-Kits";"27257";"Nikotin-Schnelltest"
"3634";"Test-Kits";"27261";"Ovulationstest"
"3634";"Test-Kits";"27262";"pH-Test"
"3634";"Test-Kits";"27246";"Pool-Wassertest"
"3634";"Test-Kits";"27256";"Schwangerschaftstest"
"3634";"Test-Kits";"27247";"Teich-Wassertest"
"3634";"Test-Kits";"27245";"Trinkwassertest"
"3634";"Test-Kits";"27258";"Unverträglichkeitstest"
"3634";"Test-Kits";"27259";"Vinometer"
"3635";"Thermometerersatzkappen";"27263";"Ersatzschutzkappen"
"3636";"Thermopads";"27265";"Fußwärmer"
"3636";"Thermopads";"27264";"Handwärmer"
"3636";"Thermopads";"27272";"Kalt-Warm-Kompresse"
"3636";"Thermopads";"27267";"Körperwärmer"
"3636";"Thermopads";"27271";"Kühlkappe"
"3636";"Thermopads";"27266";"Kühlpad"
"3636";"Thermopads";"27270";"Kühlpflaster"
"3636";"Thermopads";"27273";"Wärmeleitpad"
"3636";"Thermopads";"27268";"Wärmepad"
"3636";"Thermopads";"27269";"Zehenwärmer"
"3637";"Tiefenanschläge";"27275";"Tiefenanschlag"
"3637";"Tiefenanschläge";"27274";"Tiefenstopp"
"3638";"Tier-Autodecken";"27281";"Ladekantenschutz-Matte"
"3638";"Tier-Autodecken";"27282";"Tier-Autobett"
"3638";"Tier-Autodecken";"27280";"Tier-Autodecke"
"3638";"Tier-Autodecken";"27276";"Tier-Autoschondecke"
"3638";"Tier-Autodecken";"27278";"Tier-Kofferraumdecke"
"3638";"Tier-Autodecken";"27277";"Tier-Kofferraumschutzdecke"
"3638";"Tier-Autodecken";"27279";"Tier-Schondecke"
"3639";"Tier-Halsbänder";"27291";"Flohhalsband"
"3639";"Tier-Halsbänder";"27292";"Hunde-Halsband"
"3639";"Tier-Halsbänder";"27284";"Hundefliege"
"3639";"Tier-Halsbänder";"27294";"Hundehalsband-Anhänger"
"3639";"Tier-Halsbänder";"27286";"Hundekrawatte"
"3639";"Tier-Halsbänder";"27289";"Katzen-Halsband"
"3639";"Tier-Halsbänder";"27287";"Leuchthalsband"
"3639";"Tier-Halsbänder";"27290";"Pferdestirnriemen"
"3639";"Tier-Halsbänder";"27293";"Schutzkragen"
"3639";"Tier-Halsbänder";"27285";"Tier-Halsband"
"3639";"Tier-Halsbänder";"27283";"Tier-Halstuch"
"3639";"Tier-Halsbänder";"27288";"Zeckenhalsband"
"3640";"Tierattrappen";"27297";"Fliegenvertreiber-Glas"
"3640";"Tierattrappen";"27295";"Hornissennestattrappe"
"3640";"Tierattrappen";"27301";"Tierabwehr-Attrappe"
"3640";"Tierattrappen";"27299";"Vogelabwehr-Windmühle"
"3640";"Tierattrappen";"27298";"Vogelabwehr-Windspiel"
"3640";"Tierattrappen";"27300";"Vogelattrappe"
"3640";"Tierattrappen";"27296";"Wespennestattrappe"
"3641";"Tierbarrieren";"27308";"Dornengitter"
"3641";"Tierbarrieren";"27312";"Firstkrone"
"3641";"Tierbarrieren";"27311";"Fugengitter"
"3641";"Tierbarrieren";"27314";"Katzen-Abwehrgürtel"
"3641";"Tierbarrieren";"27304";"Kupferband"
"3641";"Tierbarrieren";"27302";"Kupfernetz"
"3641";"Tierbarrieren";"27303";"Marder-Abwehrgürtel"
"3641";"Tierbarrieren";"27305";"Marder-Schutzgitter"
"3641";"Tierbarrieren";"27310";"Maulwurfgitter"
"3641";"Tierbarrieren";"27315";"Mäusegitter"
"3641";"Tierbarrieren";"27306";"Schneckenkante"
"3641";"Tierbarrieren";"27309";"Schneckenzaun"
"3641";"Tierbarrieren";"27313";"Taubenspikes"
"3641";"Tierbarrieren";"27307";"Teichschutzgitter"
"3642";"Tierbekleidung";"27333";"Hundebademantel"
"3642";"Tierbekleidung";"27323";"Hundehemd"
"3642";"Tierbekleidung";"27336";"Hundejacke"
"3642";"Tierbekleidung";"27329";"Hundekleid"
"3642";"Tierbekleidung";"27319";"Hundekostüm"
"3642";"Tierbekleidung";"27316";"Hundemantel"
"3642";"Tierbekleidung";"27335";"Hundeoverall"
"3642";"Tierbekleidung";"27332";"Hundepullover"
"3642";"Tierbekleidung";"27330";"Hunderegenmantel"
"3642";"Tierbekleidung";"27322";"Hundeshirt"
"3642";"Tierbekleidung";"27325";"Hundewarnweste"
"3642";"Tierbekleidung";"27328";"Hundeweste"
"3642";"Tierbekleidung";"27326";"Hundewindel"
"3642";"Tierbekleidung";"27318";"Kühlweste"
"3642";"Tierbekleidung";"27320";"OP-Body"
"3642";"Tierbekleidung";"27331";"Tierjacke"
"3642";"Tierbekleidung";"27334";"Tierkleid"
"3642";"Tierbekleidung";"27327";"Tiermantel"
"3642";"Tierbekleidung";"27321";"Tieroverall"
"3642";"Tierbekleidung";"27317";"Tierpullover"
"3642";"Tierbekleidung";"27324";"Tierwarnweste"
"3643";"Tierbetten";"27342";"Hunde-Autositz"
"3643";"Tierbetten";"27349";"Hundebett"
"3643";"Tierbetten";"27340";"Hundekorb"
"3643";"Tierbetten";"27338";"Hundematte"
"3643";"Tierbetten";"27348";"Katzen-Hängematte"
"3643";"Tierbetten";"27347";"Katzen-Wandregal"
"3643";"Tierbetten";"27344";"Katzenliege"
"3643";"Tierbetten";"27346";"Kratzbaum-Liegemulde"
"3643";"Tierbetten";"27337";"Tierbett"
"3643";"Tierbetten";"27339";"Tierdecke"
"3643";"Tierbetten";"27345";"Tierkissen"
"3643";"Tierbetten";"27343";"Tierkorb"
"3643";"Tierbetten";"27341";"Tiersofa"
"3644";"Tierfallen";"27350";"Fliegenklatsche"
"3644";"Tierfallen";"27352";"Insektenfalle"
"3644";"Tierfallen";"27353";"Insektenvernichter"
"3644";"Tierfallen";"27351";"Klebefalle"
"3644";"Tierfallen";"27354";"Lebendfalle"
"3645";"Tierfernhaltegeräte";"27363";"Elektrischer Schneckenzaun"
"3645";"Tierfernhaltegeräte";"27355";"Fliegenwedler"
"3645";"Tierfernhaltegeräte";"27362";"Insektenabwehrgerät"
"3645";"Tierfernhaltegeräte";"27356";"Ultraschall-Milbencontroller"
"3645";"Tierfernhaltegeräte";"27357";"Ultraschall-Tierabwehr"
"3645";"Tierfernhaltegeräte";"27358";"Vibrations-Tierabwehr"
"3645";"Tierfernhaltegeräte";"27359";"Vogel-Schreck"
"3645";"Tierfernhaltegeräte";"27361";"Wasserstrahl-Tiervertreiber"
"3645";"Tierfernhaltegeräte";"27360";"Wildwarner"
"3646";"Tiergeschirre";"27380";"Autohundegeschirr"
"3646";"Tiergeschirre";"27375";"Erziehungsgeschirr"
"3646";"Tiergeschirre";"27370";"Fellhalfter"
"3646";"Tiergeschirre";"27364";"Gebissloser Zaum"
"3646";"Tiergeschirre";"27378";"Geschirr"
"3646";"Tiergeschirre";"27366";"Gespreit"
"3646";"Tiergeschirre";"27365";"Halfter"
"3646";"Tiergeschirre";"27385";"Hunde-Erziehungsgeschirr"
"3646";"Tiergeschirre";"27381";"Hunde-Geschirr"
"3646";"Tiergeschirre";"27377";"Hunde-Leuchtgeschirr"
"3646";"Tiergeschirre";"27386";"Hunde-Powergeschirr"
"3646";"Tiergeschirre";"27371";"Hunde-Sicherheitsgeschirr"
"3646";"Tiergeschirre";"27388";"Kandarenzaum"
"3646";"Tiergeschirre";"27389";"Katzen-Geschirr"
"3646";"Tiergeschirre";"27368";"Knotenhalfter"
"3646";"Tiergeschirre";"27373";"Lederhalfter"
"3646";"Tiergeschirre";"27376";"Leuchtgeschirr"
"3646";"Tiergeschirre";"27379";"Norwegergeschirr"
"3646";"Tiergeschirre";"27367";"Powergeschirr"
"3646";"Tiergeschirre";"27369";"Reithalfter"
"3646";"Tiergeschirre";"27387";"Sicherheitsgeschirr"
"3646";"Tiergeschirre";"27372";"Standardhalfter"
"3646";"Tiergeschirre";"27383";"Stirnriemen"
"3646";"Tiergeschirre";"27382";"Trensenzaum"
"3646";"Tiergeschirre";"27374";"Unterleghalfter"
"3646";"Tiergeschirre";"27384";"Y-Geschirr"
"3647";"Tierhäuser";"27394";"Eichhörnchenkobel"
"3647";"Tierhäuser";"27390";"Hühnerstall"
"3647";"Tierhäuser";"27403";"Hundehütte"
"3647";"Tierhäuser";"27391";"Hundezwinger"
"3647";"Tierhäuser";"27392";"Igelhaus"
"3647";"Tierhäuser";"27399";"Indoorhütte"
"3647";"Tierhäuser";"27404";"Katzenhaus"
"3647";"Tierhäuser";"27398";"Katzenzelt"
"3647";"Tierhäuser";"27401";"Kleintierstall"
"3647";"Tierhäuser";"27405";"Legenest"
"3647";"Tierhäuser";"27395";"Nagerhaus"
"3647";"Tierhäuser";"27400";"Nistkasten"
"3647";"Tierhäuser";"27402";"Schlafhöhle"
"3647";"Tierhäuser";"27396";"Tierhaus"
"3647";"Tierhäuser";"27397";"Tierhöhle"
"3647";"Tierhäuser";"27393";"Vogelhaus"
"3649";"Tierkäfige";"27410";"Freigehege"
"3649";"Tierkäfige";"27411";"Kleintierkäfig"
"3649";"Tierkäfige";"27412";"Vogelkäfig"
"3649";"Tierkäfige";"27413";"Voliere"
"3648";"Tierklappen";"27407";"Haustierklappe"
"3648";"Tierklappen";"27409";"Hühnerklappe"
"3648";"Tierklappen";"27408";"Hundeklappe"
"3648";"Tierklappen";"27406";"Katzenklappe"
"3650";"Tierlaufräder";"27415";"Tierlaufrad"
"3650";"Tierlaufräder";"27414";"Tierlaufteller"
"3651";"Tierlockstoffe";"27417";"Fischlockstoff"
"3651";"Tierlockstoffe";"27418";"Lockstoff"
"3651";"Tierlockstoffe";"27416";"Tierfallen-Köder"
"3652";"Tiermatratzen";"27419";"Hundematratze"
"3652";"Tiermatratzen";"27420";"Tiermatratze"
"3653";"Tiernahrung";"27432";"Bienenfutter"
"3653";"Tiernahrung";"27429";"Eichhörnchenfutter"
"3653";"Tiernahrung";"27431";"Ergänzungsfuttermittel"
"3653";"Tiernahrung";"27422";"Fischfutter"
"3653";"Tiernahrung";"27428";"Hühnerfutter"
"3653";"Tiernahrung";"27425";"Hundefutter"
"3653";"Tiernahrung";"27430";"Igelfutter"
"3653";"Tiernahrung";"27426";"Katzenfutter"
"3653";"Tiernahrung";"27424";"Nagerfutter"
"3653";"Tiernahrung";"27427";"Pferdefutter"
"3653";"Tiernahrung";"27423";"Reptilienfutter"
"3653";"Tiernahrung";"27421";"Vogelfutter"
"3654";"Tierspielzeuge";"27449";"Agility-Hürde"
"3654";"Tierspielzeuge";"27451";"Agility-Reifen"
"3654";"Tierspielzeuge";"27440";"Agility-Slalom"
"3654";"Tierspielzeuge";"27448";"Agility-Tunnel"
"3654";"Tierspielzeuge";"27441";"Agility-Wippe"
"3654";"Tierspielzeuge";"27459";"Hunde-Dummy"
"3654";"Tierspielzeuge";"27458";"Katzen-Federwedel"
"3654";"Tierspielzeuge";"27457";"Katzen-Spielschiene"
"3654";"Tierspielzeuge";"27455";"Outdoor-Spielzeug"
"3654";"Tierspielzeuge";"27436";"Plüschmaus"
"3654";"Tierspielzeuge";"27446";"Plüschmäuse"
"3654";"Tierspielzeuge";"27442";"Raschelkissen"
"3654";"Tierspielzeuge";"27443";"Snackball"
"3654";"Tierspielzeuge";"27452";"Spielknochen"
"3654";"Tierspielzeuge";"27435";"Tier-Clicker"
"3654";"Tierspielzeuge";"27438";"Tier-Glöckchen"
"3654";"Tierspielzeuge";"27437";"Tier-Intelligenzspielzeug"
"3654";"Tierspielzeuge";"27445";"Tier-Rasselball"
"3654";"Tierspielzeuge";"27447";"Tier-Spiegel"
"3654";"Tierspielzeuge";"27434";"Tier-Wippe"
"3654";"Tierspielzeuge";"27456";"Tierball"
"3654";"Tierspielzeuge";"27439";"Tierkuscheltier"
"3654";"Tierspielzeuge";"27444";"Tierquietschie"
"3654";"Tierspielzeuge";"27450";"Tierrascheldecke"
"3654";"Tierspielzeuge";"27454";"Tiertau"
"3654";"Tierspielzeuge";"27453";"Tiertaue"
"3654";"Tierspielzeuge";"27433";"Wasserspielzeug"
"3655";"Tierstreu";"27461";"Badesand"
"3655";"Tierstreu";"27464";"Einstreu"
"3655";"Tierstreu";"27470";"Flachs-Einstreu"
"3655";"Tierstreu";"27472";"Hobelspäne"
"3655";"Tierstreu";"27471";"Holzpellet-Einstreu"
"3655";"Tierstreu";"27463";"Hygienestreu"
"3655";"Tierstreu";"27466";"Katzenstreu"
"3655";"Tierstreu";"27467";"Kleintierstreu"
"3655";"Tierstreu";"27473";"Korkgranulat-Einstreu"
"3655";"Tierstreu";"27468";"Natur-Stroh"
"3655";"Tierstreu";"27465";"Nistmaterial"
"3655";"Tierstreu";"27469";"Stroh-Mehl"
"3655";"Tierstreu";"27474";"Strohpellet-Einstreu"
"3655";"Tierstreu";"27475";"Strohpellets"
"3655";"Tierstreu";"27462";"Überstreu"
"3655";"Tierstreu";"27460";"Unterstreu"
"3655";"Tierstreu";"27476";"Waldboden-Einstreu"
"3655";"Tierstreu";"27477";"Weichholz-Einstreu"
"3656";"Tiertoiletten";"27480";"Hundetoilette"
"3656";"Tiertoiletten";"27478";"Katzenecktoilette"
"3656";"Tiertoiletten";"27479";"Katzentoilette"
"3657";"Tiertransportbehälter";"27484";"Hunde-Transportbox"
"3657";"Tiertransportbehälter";"27483";"Tierfahrradkorb"
"3657";"Tiertransportbehälter";"27481";"Tierflugbox"
"3657";"Tiertransportbehälter";"27486";"Tierreisebox"
"3657";"Tiertransportbehälter";"27487";"Tierreisekorb"
"3657";"Tiertransportbehälter";"27485";"Tiertransportbox"
"3657";"Tiertransportbehälter";"27482";"Tiertransporttasche"
"3658";"Tiertunnel";"27488";"Kleintiertunnel"
"3658";"Tiertunnel";"27489";"Tiertunnel"
"3659";"Tintenpatronen";"27493";"Stempelfarbe"
"3659";"Tintenpatronen";"27492";"Stempelkissen"
"3659";"Tintenpatronen";"27490";"Tintenglas"
"3659";"Tintenpatronen";"27491";"Tintenpatrone"
"3660";"Tischbeine";"27494";"Tischbein"
"3661";"Tischdecken";"27498";"Gartentischdecke"
"3661";"Tischdecken";"27499";"Mitteldecke"
"3661";"Tischdecken";"27496";"Tischband"
"3661";"Tischdecken";"27500";"Tischdecke"
"3661";"Tischdecken";"27497";"Tischläufer"
"3661";"Tischdecken";"27495";"Tischschonbezug"
"3662";"Tische";"27515";"Ablagetisch"
"3662";"Tische";"27530";"Arbeitstisch"
"3662";"Tische";"27549";"Balkonhängetisch"
"3662";"Tische";"27539";"Bartisch"
"3662";"Tische";"27516";"Baumkantentisch"
"3662";"Tische";"27551";"Beamertisch"
"3662";"Tische";"27533";"Beistelltisch"
"3662";"Tische";"27542";"Bistrotisch"
"3662";"Tische";"27520";"Blumentisch"
"3662";"Tische";"27518";"Campingtisch"
"3662";"Tische";"27534";"Computertisch"
"3662";"Tische";"27524";"Couchtisch"
"3662";"Tische";"27528";"Doppelschreibtisch"
"3662";"Tische";"27517";"Druckertisch"
"3662";"Tische";"27506";"Eckschreibtisch"
"3662";"Tische";"27503";"Empfangstheke"
"3662";"Tische";"27521";"Esstisch"
"3662";"Tische";"27541";"Gamingtisch"
"3662";"Tische";"27502";"Gartentisch"
"3662";"Tische";"27548";"Glastisch"
"3662";"Tische";"27545";"Grillablagetisch"
"3662";"Tische";"27523";"Kinderschreibtisch"
"3662";"Tische";"27543";"Kindertisch"
"3662";"Tische";"27535";"Klapptisch"
"3662";"Tische";"27513";"Konferenztisch"
"3662";"Tische";"27540";"Konsolentisch"
"3662";"Tische";"27525";"Küchentisch"
"3662";"Tische";"27527";"Kulissen-Esstisch"
"3662";"Tische";"27501";"Kulissentisch"
"3662";"Tische";"27511";"Laptoptisch"
"3662";"Tische";"27526";"Nachttisch"
"3662";"Tische";"27532";"Opiumtisch"
"3662";"Tische";"27508";"Pflanztisch"
"3662";"Tische";"27510";"Regal-Schreibtisch"
"3662";"Tische";"27509";"Satztisch"
"3662";"Tische";"27522";"Säulen-Esstisch"
"3662";"Tische";"27507";"Schminktisch"
"3662";"Tische";"27519";"Schreibtisch"
"3662";"Tische";"27550";"Schweißtisch"
"3662";"Tische";"27552";"Solartisch"
"3662";"Tische";"27546";"Stehpult"
"3662";"Tische";"27512";"Stehtisch"
"3662";"Tische";"27538";"Tabletttisch"
"3662";"Tische";"27547";"Tapeziertisch"
"3662";"Tische";"27544";"Telefontisch"
"3662";"Tische";"27531";"Tischelement"
"3662";"Tische";"27537";"Tischgestell"
"3662";"Tische";"27514";"Tresentisch"
"3662";"Tische";"27504";"Wandregaltisch"
"3662";"Tische";"27536";"Wangentisch"
"3662";"Tische";"27529";"Wohnzimmertisch"
"3662";"Tische";"27505";"Zeichentisch"
"3663";"Tischplatten";"27557";"Arbeitsplatte"
"3663";"Tischplatten";"27555";"Esstischplatte"
"3663";"Tischplatten";"27553";"Schreibtischplatte"
"3663";"Tischplatten";"27556";"Tischplatte"
"3663";"Tischplatten";"27554";"Waschtischplatte"
"3664";"Tischsitze";"27558";"Tischsitz"
"3665";"Tischtennisplatten";"27559";"Mini-Tischtennisplatte"
"3665";"Tischtennisplatten";"27560";"Tischtennisplatte"
"3666";"Tischtennisschläger";"27561";"Tischtennisschläger"
"3667";"Tischtuchklammern";"27562";"Tischtuchklammer"
"3668";"Tischuhren";"27566";"Funktischuhr"
"3668";"Tischuhren";"27563";"Jahresuhr"
"3668";"Tischuhren";"27567";"Pendeltischuhr"
"3668";"Tischuhren";"27565";"Sanduhr"
"3668";"Tischuhren";"27564";"Tischuhr"
"3669";"Toaster";"27570";"2-in-1-Toaster"
"3669";"Toaster";"27568";"Brötchenröster"
"3669";"Toaster";"27571";"Toaster"
"3669";"Toaster";"27569";"Tunnel-Toaster"
"3670";"Toilettenaufsätze";"27572";"Baby-Toilettensitz"
"3670";"Toilettenaufsätze";"27574";"Soft-Toilettensitzerhöhung"
"3670";"Toilettenaufsätze";"27573";"Toilettensitzerhöhung"
"3671";"Toilettenpapierhalter";"27576";"Toiletten-Ersatzrollenhalter"
"3671";"Toilettenpapierhalter";"27575";"Toilettenpapierhalter"
"3672";"Toilettenstühle";"27579";"Dusch-Toilettenrollstuhl"
"3672";"Toilettenstühle";"27577";"Toiletten-Rollstuhl"
"3672";"Toilettenstühle";"27578";"Toiletten-Stuhl"
"3673";"Tonabnehmer";"27580";"Ersatznadel für Tonabnehmer"
"3673";"Tonabnehmer";"27581";"Tonabnehmer"
"3674";"Tonerpatronen";"27583";"Fax Thermotransfer-Rolle"
"3674";"Tonerpatronen";"27584";"Tonerbehälter"
"3674";"Tonerpatronen";"27582";"Tonerkartusche"
"3674";"Tonerpatronen";"27585";"Tonerpatrone"
"3707";"Töpfchen";"27831";"Toilettentrainer"
"3707";"Töpfchen";"27832";"Töpfchen"
"3708";"Töpfe";"27833";"Bratentopf"
"3708";"Töpfe";"27847";"Bräter"
"3708";"Töpfe";"27837";"Dampfgartopf"
"3708";"Töpfe";"27844";"Einkochtopf"
"3708";"Töpfe";"27838";"Feuertopf"
"3708";"Töpfe";"27842";"Fleischtopf"
"3708";"Töpfe";"27849";"Fonduetopf"
"3708";"Töpfe";"27851";"Frittiertopf"
"3708";"Töpfe";"27857";"Gärtopf"
"3708";"Töpfe";"27848";"Gemüsetopf"
"3708";"Töpfe";"27853";"Grilltopf"
"3708";"Töpfe";"27854";"Kasserolle"
"3708";"Töpfe";"27841";"Kochtopf"
"3708";"Töpfe";"27843";"Milchtopf"
"3708";"Töpfe";"27855";"Römertopf"
"3708";"Töpfe";"27834";"Sauteuse"
"3708";"Töpfe";"27852";"Schmortopf"
"3708";"Töpfe";"27856";"Schnellkochtopf"
"3708";"Töpfe";"27840";"Serviertopf"
"3708";"Töpfe";"27835";"Simmertopf"
"3708";"Töpfe";"27836";"Spaghettitopf"
"3708";"Töpfe";"27839";"Spargeltopf"
"3708";"Töpfe";"27850";"Suppentopf"
"3708";"Töpfe";"27846";"Topf-Set"
"3708";"Töpfe";"27845";"Wasserkessel"
"3675";"Topfeinsätze";"27586";"Dämpfeinsatz"
"3675";"Topfeinsätze";"27587";"Dampfgareinsatz"
"3675";"Topfeinsätze";"27588";"Frittiereinsatz"
"3675";"Topfeinsätze";"27589";"Passiermühleneinsatz"
"3676";"Topflappen";"27591";"Grillhandschuhe"
"3676";"Topflappen";"27590";"Topfhandschuhe"
"3676";"Topflappen";"27592";"Topflappen"
"3677";"Topper";"27593";"Micro-Taschenfederkern-Topper"
"3677";"Topper";"27594";"Topper"
"3678";"Tops";"27600";"2-in-1-Tanktop"
"3678";"Tops";"27622";"2-in-1-Top"
"3678";"Tops";"27626";"Babydolltop"
"3678";"Tops";"27603";"Bandeautop"
"3678";"Tops";"27615";"Crop-Top"
"3678";"Tops";"27598";"Dirndltop"
"3678";"Tops";"27595";"Funktionstop"
"3678";"Tops";"27618";"Kapuzentop"
"3678";"Tops";"27597";"Lauftop"
"3678";"Tops";"27607";"Longtop"
"3678";"Tops";"27624";"Mesh-Top"
"3678";"Tops";"27620";"Neckholdertop"
"3678";"Tops";"27609";"One-Shoulder-Top"
"3678";"Tops";"27628";"Pliseetop"
"3678";"Tops";"27602";"Ringertop"
"3678";"Tops";"27605";"Ripptanktop"
"3678";"Tops";"27617";"Rüschentop"
"3678";"Tops";"27629";"Schößchen-Top"
"3678";"Tops";"27596";"Shapingtop"
"3678";"Tops";"27619";"Shirttop"
"3678";"Tops";"27614";"Smoktop"
"3678";"Tops";"27612";"Spaghettitop"
"3678";"Tops";"27627";"Spitzentop"
"3678";"Tops";"27606";"Sporttop"
"3678";"Tops";"27611";"Stilltop"
"3678";"Tops";"27625";"Strandtop"
"3678";"Tops";"27610";"Stricktop"
"3678";"Tops";"27599";"Tanktop"
"3678";"Tops";"27604";"Trachtentop"
"3678";"Tops";"27608";"Trägertop"
"3678";"Tops";"27621";"Trainingstop"
"3678";"Tops";"27601";"Tubetop"
"3678";"Tops";"27623";"Umstandstop"
"3678";"Tops";"27613";"Wendetop"
"3678";"Tops";"27616";"Yogatop"
"3679";"Tore";"27632";"Garagentor"
"3679";"Tore";"27630";"Gartentor"
"3679";"Tore";"27631";"Zaundoppeltür"
"3679";"Tore";"27633";"Zauneinzeltür"
"3680";"Tortenmodellierer";"27636";"Tortenmodellierer"
"3680";"Tortenmodellierer";"27635";"Tortenstecker"
"3680";"Tortenmodellierer";"27634";"Tortenwerkzeug"
"3681";"Tragebänder";"27641";"Brillenband"
"3681";"Tragebänder";"27642";"Brillenkette"
"3681";"Tragebänder";"27637";"Fischgalgen"
"3681";"Tragebänder";"27640";"Gitarrengurt"
"3681";"Tragebänder";"27645";"Hüftgurt"
"3681";"Tragebänder";"27638";"Sporenriemen"
"3681";"Tragebänder";"27639";"Trageband"
"3681";"Tragebänder";"27643";"Tragegurt"
"3681";"Tragebänder";"27644";"Trageschlaufe"
"3682";"Trainingsbänder";"27652";"Expander"
"3682";"Trainingsbänder";"27656";"Flossband"
"3682";"Trainingsbänder";"27655";"Gymnastikband"
"3682";"Trainingsbänder";"27651";"Gymnastikbänder"
"3682";"Trainingsbänder";"27650";"Kraftbänder"
"3682";"Trainingsbänder";"27646";"Physiobänder"
"3682";"Trainingsbänder";"27648";"Schlingentrainer"
"3682";"Trainingsbänder";"27649";"Schwungtrainingsband"
"3682";"Trainingsbänder";"27654";"Shadow Boxer"
"3682";"Trainingsbänder";"27657";"Slackline"
"3682";"Trainingsbänder";"27659";"Stretchband"
"3682";"Trainingsbänder";"27647";"Trainingsband"
"3682";"Trainingsbänder";"27653";"Trainingsbänder"
"3682";"Trainingsbänder";"27658";"Yogagurt"
"3683";"Trainingsbänke";"27663";"Ganzkörpertrainer"
"3683";"Trainingsbänke";"27664";"Hantelbank"
"3683";"Trainingsbänke";"27667";"Pilates-Reformer"
"3683";"Trainingsbänke";"27661";"Rückentrainer"
"3683";"Trainingsbänke";"27660";"Schrägbank"
"3683";"Trainingsbänke";"27662";"Sit-Up Bank"
"3683";"Trainingsbänke";"27665";"Trainingsbank"
"3683";"Trainingsbänke";"27666";"Turnbank"
"3684";"Trainingshilfen-Sets";"27668";"Ausrichtungshilfe"
"3684";"Trainingshilfen-Sets";"27671";"Boxmaschine"
"3684";"Trainingshilfen-Sets";"27670";"Reaktionslichter"
"3684";"Trainingshilfen-Sets";"27669";"Trainingshilfe"
"3685";"Trampoline";"27673";"Bodentrampolin"
"3685";"Trampoline";"27676";"Fitnesstrampolin"
"3685";"Trampoline";"27675";"Gartentrampolin"
"3685";"Trampoline";"27672";"Kindertrampolin"
"3685";"Trampoline";"27674";"Turntrampolin"
"3686";"Transferpressen";"27677";"Transferpresse"
"3687";"Transportboxen";"27678";"Dachbox"
"3687";"Transportboxen";"27681";"Dachkorb"
"3687";"Transportboxen";"27682";"Heckbox"
"3687";"Transportboxen";"27679";"Topcase"
"3687";"Transportboxen";"27680";"Transportbehälter"
"3688";"Transportsäcke";"27684";"Big Bag"
"3688";"Transportsäcke";"27683";"Gewebesack"
"3688";"Transportsäcke";"27687";"Raschelsack"
"3688";"Transportsäcke";"27685";"Sandsack"
"3688";"Transportsäcke";"27686";"Schüttgut-Sack"
"3689";"Transportwagen";"27700";"Ballwagen"
"3689";"Transportwagen";"27696";"Diskuswagen"
"3689";"Transportwagen";"27695";"Golftrolley"
"3689";"Transportwagen";"27691";"Handwagen"
"3689";"Transportwagen";"27697";"Pflanzenroller"
"3689";"Transportwagen";"27692";"Putzwagen"
"3689";"Transportwagen";"27688";"Regaltransportwagen"
"3689";"Transportwagen";"27701";"Reifenwagen"
"3689";"Transportwagen";"27693";"Stoßkugelwagen"
"3689";"Transportwagen";"27698";"SUP-Transportwagen"
"3689";"Transportwagen";"27689";"Tischwagen"
"3689";"Transportwagen";"27699";"Transportkarren"
"3689";"Transportwagen";"27694";"Transportroller"
"3689";"Transportwagen";"27702";"Transportwagen"
"3689";"Transportwagen";"27690";"Wurfhammer-Wagen"
"3690";"Trapezhaken";"27703";"Trapezhaken"
"3691";"Trennscheiben";"27707";"Diamanttrennscheibe"
"3691";"Trennscheiben";"27706";"Schruppscheibe"
"3691";"Trennscheiben";"27704";"Trennscheibe"
"3691";"Trennscheiben";"27705";"Trennscheiben"
"3692";"Treppen";"27713";"Außentreppe"
"3692";"Treppen";"27712";"Betttreppe"
"3692";"Treppen";"27708";"Bodentreppe"
"3692";"Treppen";"27710";"Mittelholmtreppe"
"3692";"Treppen";"27709";"Pooltreppe"
"3692";"Treppen";"27714";"Raumspartreppe"
"3692";"Treppen";"27711";"Spindeltreppe"
"3692";"Treppen";"27715";"Systemtreppe"
"3693";"Treppenstufen";"27716";"Gitterroststufe"
"3693";"Treppenstufen";"27717";"Treppenstufe"
"3693";"Treppenstufen";"27718";"Trimaxstufe"
"3694";"Tresore";"27728";"Autotresor"
"3694";"Tresore";"27730";"Buchtresor"
"3694";"Tresore";"27720";"Einwurftresor"
"3694";"Tresore";"27725";"Feuerschutztresor"
"3694";"Tresore";"27726";"Geschäftstresor"
"3694";"Tresore";"27731";"Kindertresor"
"3694";"Tresore";"27721";"Möbeltresor"
"3694";"Tresore";"27722";"Schlüsseltresor"
"3694";"Tresore";"27719";"Tresor"
"3694";"Tresore";"27727";"Waffenschrank"
"3694";"Tresore";"27729";"Wandtresor"
"3694";"Tresore";"27723";"Wertschutzschrank"
"3694";"Tresore";"27724";"Wertschutztresor"
"3695";"Tretbretter";"27732";"Gleichgewichtstrainer"
"3696";"Tretfahrzeuge";"27736";"Go-Kart"
"3696";"Tretfahrzeuge";"27735";"Tret-Gabelstapler"
"3696";"Tretfahrzeuge";"27734";"Tretfahrzeug"
"3696";"Tretfahrzeuge";"27733";"Trettraktor"
"3697";"Trichter";"27737";"Öltrichter"
"3697";"Trichter";"27738";"Trichter"
"3698";"Triggerstäbe";"27739";"Triggerstab"
"3699";"Trikots";"27750";"Baseballtrikot"
"3699";"Trikots";"27744";"Basketballtrikot"
"3699";"Trikots";"27740";"Eishockeytrikot"
"3699";"Trikots";"27747";"Feldhockeytrikot"
"3699";"Trikots";"27752";"Footballtrikot"
"3699";"Trikots";"27749";"Fußballtrikot"
"3699";"Trikots";"27745";"Handballtrikot"
"3699";"Trikots";"27742";"Radtrikot"
"3699";"Trikots";"27751";"Rugbytrikot"
"3699";"Trikots";"27741";"Schiedsrichtertrikot"
"3699";"Trikots";"27748";"Torwarttrikot"
"3699";"Trikots";"27743";"Turntrikot"
"3699";"Trikots";"27746";"Volleyballtrikot"
"3700";"Trinkblasen";"27757";"Trinkbeutel"
"3700";"Trinkblasen";"27755";"Trinkblase"
"3700";"Trinkblasen";"27756";"Trinkgurt"
"3700";"Trinkblasen";"27754";"Trinkgürtel"
"3700";"Trinkblasen";"27758";"Trinksystem"
"3700";"Trinkblasen";"27753";"Trinkweste"
"3701";"Trinkflaschen";"27764";"Babyflasche"
"3701";"Trinkflaschen";"27760";"Feldflasche"
"3701";"Trinkflaschen";"27759";"Flachmann"
"3701";"Trinkflaschen";"27762";"Isolierflasche"
"3701";"Trinkflaschen";"27763";"Thermoflasche"
"3701";"Trinkflaschen";"27761";"Trinkflasche"
"3702";"Trinkgefäße";"27789";"Aperitifglas"
"3702";"Trinkgefäße";"27798";"Becher"
"3702";"Trinkgefäße";"27771";"Bierglas"
"3702";"Trinkgefäße";"27774";"Bierkrug"
"3702";"Trinkgefäße";"27778";"Cappuccinotasse"
"3702";"Trinkgefäße";"27777";"Champagnerglas"
"3702";"Trinkgefäße";"27769";"Cocktailglas"
"3702";"Trinkgefäße";"27797";"Coffee-to-go-Becher"
"3702";"Trinkgefäße";"27776";"Cognacglas"
"3702";"Trinkgefäße";"27792";"Digestifglas"
"3702";"Trinkgefäße";"27787";"Einwegbecher"
"3702";"Trinkgefäße";"27782";"Einweggläser"
"3702";"Trinkgefäße";"27790";"Einwegtassen"
"3702";"Trinkgefäße";"27793";"Espressoglas"
"3702";"Trinkgefäße";"27804";"Espressotasse"
"3702";"Trinkgefäße";"27805";"Glas"
"3702";"Trinkgefäße";"27799";"Gläser-Set"
"3702";"Trinkgefäße";"27786";"Grappaglas"
"3702";"Trinkgefäße";"27766";"Grogglas"
"3702";"Trinkgefäße";"27794";"Kinderbecher"
"3702";"Trinkgefäße";"27785";"Latte-Macchiato-Glas"
"3702";"Trinkgefäße";"27780";"Latte-Macchiato-Tasse"
"3702";"Trinkgefäße";"27809";"LED-Trinkglas"
"3702";"Trinkgefäße";"27773";"Likörbecher"
"3702";"Trinkgefäße";"27791";"Likörglas"
"3702";"Trinkgefäße";"27802";"Longdrinkglas"
"3702";"Trinkgefäße";"27784";"Martiniglas"
"3702";"Trinkgefäße";"27779";"Portweinglas"
"3702";"Trinkgefäße";"27807";"Rotweinglas"
"3702";"Trinkgefäße";"27765";"Schnabelbecher"
"3702";"Trinkgefäße";"27772";"Schnapsglas"
"3702";"Trinkgefäße";"27768";"Sektglas"
"3702";"Trinkgefäße";"27770";"Sherryglas"
"3702";"Trinkgefäße";"27800";"Tasse"
"3702";"Trinkgefäße";"27788";"Teeglas"
"3702";"Trinkgefäße";"27767";"Teeschale"
"3702";"Trinkgefäße";"27806";"Thermobecher"
"3702";"Trinkgefäße";"27796";"Thermoglas"
"3702";"Trinkgefäße";"27795";"Thermotasse"
"3702";"Trinkgefäße";"27808";"Trinklernbecher"
"3702";"Trinkgefäße";"27775";"Trinkschale"
"3702";"Trinkgefäße";"27783";"Tumbler-Glas"
"3702";"Trinkgefäße";"27801";"Weinglas"
"3702";"Trinkgefäße";"27781";"Weißweinglas"
"3702";"Trinkgefäße";"27803";"Whiskyglas"
"3703";"Trockner";"27811";"Ablufttrockner"
"3703";"Trockner";"27812";"Kondenstrockner"
"3703";"Trockner";"27810";"Wärmepumpentrockner"
"3704";"Truhen";"27813";"Betttruhe"
"3704";"Truhen";"27814";"Schuhtruhe"
"3704";"Truhen";"27816";"Truhe"
"3704";"Truhen";"27815";"Truhentisch"
"3705";"Tuner";"27819";"Dual-Tuner"
"3705";"Tuner";"27821";"HD-Dual-Tuner"
"3705";"Tuner";"27822";"HD-Triple-Tuner"
"3705";"Tuner";"27823";"HD-Twin-Tuner"
"3705";"Tuner";"27818";"Triple-Tuner"
"3705";"Tuner";"27820";"Tuner"
"3705";"Tuner";"27817";"Twin-Tuner"
"3706";"Tuniken";"27829";"Chiffontunika"
"3706";"Tuniken";"27826";"Longtunika"
"3706";"Tuniken";"27825";"Meshtunika"
"3706";"Tuniken";"27824";"Seidentunika"
"3706";"Tuniken";"27830";"Stricktunika"
"3706";"Tuniken";"27827";"Tunika"
"3706";"Tuniken";"27828";"Umstandstunika"
"3709";"Tür-Seitenteile";"27858";"Türseitenteil"
"3710";"Türdämpfer";"27861";"Einzugsdämpfer"
"3710";"Türdämpfer";"27859";"Schubkastendämpfer"
"3710";"Türdämpfer";"27862";"Schwebetürselbsteinzug"
"3710";"Türdämpfer";"27860";"Türdämpfer"
"3710";"Türdämpfer";"27863";"Türfeststeller"
"3711";"Türen";"27882";"Brandschutztür"
"3711";"Türen";"27871";"Doppelflügeltür"
"3711";"Türen";"27877";"Doppelschiebetür"
"3711";"Türen";"27866";"Falttür"
"3711";"Türen";"27879";"Gartenhaustür"
"3711";"Türen";"27875";"Gewächshaustür"
"3711";"Türen";"27865";"Glasschiebetür"
"3711";"Türen";"27884";"Glastür"
"3711";"Türen";"27872";"Haustür"
"3711";"Türen";"27874";"Kamintür"
"3711";"Türen";"27876";"Kellertür"
"3711";"Türen";"27869";"Nebeneingangstür"
"3711";"Türen";"27870";"Ofentür"
"3711";"Türen";"27880";"Rauchschutztür"
"3711";"Türen";"27878";"Revisionsklappe"
"3711";"Türen";"27868";"Revisionstür"
"3711";"Türen";"27883";"Saunatür"
"3711";"Türen";"27864";"Schallschutztür"
"3711";"Türen";"27867";"Schiebetür"
"3711";"Türen";"27873";"Wohnungseingangstür"
"3711";"Türen";"27881";"Zimmertür"
"3712";"Türgriffe";"27887";"Drückergarnitur"
"3712";"Türgriffe";"27892";"Schiebetürmuschel"
"3712";"Türgriffe";"27889";"Schutz-Drückergarnitur"
"3712";"Türgriffe";"27886";"Schutz-Wechselgarnitur"
"3712";"Türgriffe";"27890";"Stoßgriff"
"3712";"Türgriffe";"27885";"Türgriff"
"3712";"Türgriffe";"27888";"Türgriffpaar"
"3712";"Türgriffe";"27891";"Türknauf"
"3713";"Türklingel-Sets";"27893";"Türklingel-Set"
"3719";"Türöffner";"27909";"Türöffner"
"3714";"Türschließer";"27895";"Drehtorantrieb"
"3714";"Türschließer";"27894";"Garagentorantrieb"
"3714";"Türschließer";"27898";"Schiebetorantrieb"
"3714";"Türschließer";"27897";"Torschließer"
"3714";"Türschließer";"27896";"Türschließer"
"3715";"Türschlossantriebe";"27899";"Türschlossantrieb"
"3716";"Türschlösser";"27900";"Aufschraubschloss"
"3716";"Türschlösser";"27901";"Einsteckschloss"
"3716";"Türschlösser";"27903";"Kastenschloss"
"3716";"Türschlösser";"27904";"Rohrrahmenschloss"
"3716";"Türschlösser";"27902";"Schiebetürschloss"
"3717";"Türspione";"27905";"Türspion"
"3718";"Türstopper";"27908";"Bodentürstopper"
"3718";"Türstopper";"27907";"Türstopper"
"3718";"Türstopper";"27906";"Wandtürstopper"
"3602";"TV-Simulatoren";"26915";"TV-Simulator"
"3900";"Überwachungskameras";"28848";"Angelkamera"
"3900";"Überwachungskameras";"28847";"Digitaler Türspion"
"3900";"Überwachungskameras";"28842";"Indoor Kamera"
"3900";"Überwachungskameras";"28849";"IP-Überwachungskamera"
"3900";"Überwachungskameras";"28845";"Smart Home Kamera"
"3900";"Überwachungskameras";"28844";"Smart Home Türklingel"
"3900";"Überwachungskameras";"28840";"Überwachungskamera"
"3900";"Überwachungskameras";"28841";"Überwachungskamera Attrappe"
"3900";"Überwachungskameras";"28846";"Überwachungskamera Zubehör"
"3900";"Überwachungskameras";"28839";"Video-Türsprechanlage"
"3900";"Überwachungskameras";"28843";"Wildkamera"
"3724";"Uhrenarmbänder";"27920";"Smartwatch-Armband"
"3724";"Uhrenarmbänder";"27922";"Uhrenarmband"
"3724";"Uhrenarmbänder";"27923";"Uhrenarmband-Verlängerung"
"3724";"Uhrenarmbänder";"27921";"Wechselarmband"
"3725";"Uhrenbeweger";"27924";"Uhrenbeweger"
"3726";"Ultraschallbäder";"27925";"Ultraschallreiniger"
"3727";"Ultraschallnebler";"27927";"Teich-Nebler"
"3727";"Ultraschallnebler";"27928";"Terrarien-Nebler"
"3727";"Ultraschallnebler";"27926";"Zimmerbrunnen-Nebler"
"3728";"Umbauseiten";"27929";"Umbauseiten"
"3729";"Umlenkrollen";"27930";"Kettenflaschenzug"
"3729";"Umlenkrollen";"27932";"Kettenzug"
"3729";"Umlenkrollen";"27934";"Rollladen-Abdruckrolle"
"3729";"Umlenkrollen";"27931";"Seilzug"
"3729";"Umlenkrollen";"27933";"Umlenkrolle"
"3730";"Umluftmodule";"27936";"Abluft-Set"
"3730";"Umluftmodule";"27935";"Umbauset"
"3730";"Umluftmodule";"27937";"Umluftmodul"
"3731";"Umzugslaternen";"27938";"Umzugslaterne"
"3732";"Unkrautbekämpfungsmittel";"27939";"Unkrautbekämpfungsmittel"
"3733";"Unkrautbrenner";"27940";"Unkrautbrenner"
"3734";"Unkrautstecher";"27942";"Kantenschneider"
"3734";"Unkrautstecher";"27943";"Kantenstecher"
"3734";"Unkrautstecher";"27941";"Unkrautstecher"
"3735";"Unterbaubleche";"27944";"Unterbau"
"3735";"Unterbaubleche";"27945";"Unterbaublech"
"3735";"Unterbaubleche";"27946";"Unterbaublech-Set"
"3736";"Untergestelle";"27955";"Besaitungsmaschinen-Standfuß"
"3736";"Untergestelle";"27954";"Fußverlängerung"
"3736";"Untergestelle";"27952";"Grill Standfuß"
"3736";"Untergestelle";"27948";"Sägeuntergestell"
"3736";"Untergestelle";"27956";"Standplattform"
"3736";"Untergestelle";"27947";"Untergestell"
"3736";"Untergestelle";"27950";"Vogelhausständer"
"3736";"Untergestelle";"27949";"Wannen-Montagerahmen"
"3736";"Untergestelle";"27951";"Wannenständer"
"3736";"Untergestelle";"27953";"Waschmaschinenuntergestell"
"3737";"Unterhemden";"27961";"Achselhemd"
"3737";"Unterhemden";"27960";"Achseltop"
"3737";"Unterhemden";"27963";"Funktionsunterhemd"
"3737";"Unterhemden";"27957";"Shapinghemd"
"3737";"Unterhemden";"27962";"Thermounterhemd"
"3737";"Unterhemden";"27958";"Unterhemd"
"3737";"Unterhemden";"27959";"Unterziehshirt"
"3738";"Unterhosen";"28009";"Bändchenstring"
"3738";"Unterhosen";"28001";"Bikinislip"
"3738";"Unterhosen";"27964";"Boxer"
"3738";"Unterhosen";"28029";"Boxershorts"
"3738";"Unterhosen";"27981";"Brasilslip"
"3738";"Unterhosen";"27982";"Einweg-Slip"
"3738";"Unterhosen";"28020";"Formhose"
"3738";"Unterhosen";"27977";"Formpants"
"3738";"Unterhosen";"28007";"Formslip"
"3738";"Unterhosen";"28018";"Formstring"
"3738";"Unterhosen";"27979";"Funktionsboxer"
"3738";"Unterhosen";"28005";"Funktionsslip"
"3738";"Unterhosen";"27983";"Funktionsunterhose"
"3738";"Unterhosen";"27967";"G-String"
"3738";"Unterhosen";"28011";"High-Waist-Hipster"
"3738";"Unterhosen";"27990";"High-Waist-Panty"
"3738";"Unterhosen";"28013";"High-Waist-Slip"
"3738";"Unterhosen";"28034";"High-Waist-Slip-Ouvert"
"3738";"Unterhosen";"27992";"High-Waist-String"
"3738";"Unterhosen";"27994";"High-Waist-Stringpanty"
"3738";"Unterhosen";"27972";"Hipster"
"3738";"Unterhosen";"27971";"Hosenunterrock"
"3738";"Unterhosen";"28000";"Hüftpanty"
"3738";"Unterhosen";"28026";"Hüftslip"
"3738";"Unterhosen";"27975";"Inkontinenzboxer"
"3738";"Unterhosen";"28023";"Inkontinenzslip"
"3738";"Unterhosen";"27999";"Jazz-Pants Slips"
"3738";"Unterhosen";"28035";"Jazz-Pants-Slip"
"3738";"Unterhosen";"28017";"Lange Unterhose"
"3738";"Unterhosen";"27965";"Langer Boxer"
"3738";"Unterhosen";"28014";"Maxislip"
"3738";"Unterhosen";"28004";"Midislip"
"3738";"Unterhosen";"27973";"Miederhose"
"3738";"Unterhosen";"27987";"Miederslip"
"3738";"Unterhosen";"27993";"Minislip"
"3738";"Unterhosen";"28021";"Ministring"
"3738";"Unterhosen";"28030";"Pagenschlüpfer"
"3738";"Unterhosen";"27978";"Pagenslip"
"3738";"Unterhosen";"27996";"Panty"
"3738";"Unterhosen";"27968";"Panty-Ouvert"
"3738";"Unterhosen";"28033";"Periodenslip"
"3738";"Unterhosen";"27998";"Po-Push-up-Slip"
"3738";"Unterhosen";"27969";"Retro Boxer"
"3738";"Unterhosen";"28028";"Retro Pants"
"3738";"Unterhosen";"28010";"Rioslip"
"3738";"Unterhosen";"28003";"Schlüpfer"
"3738";"Unterhosen";"27997";"Schwangerschaftsslip"
"3738";"Unterhosen";"27995";"Shapinghose"
"3738";"Unterhosen";"28024";"Shapingpants"
"3738";"Unterhosen";"27966";"Shapingslip"
"3738";"Unterhosen";"27974";"Shapingstring"
"3738";"Unterhosen";"28002";"Slip"
"3738";"Unterhosen";"27989";"Slip-Ouvert"
"3738";"Unterhosen";"27970";"String"
"3738";"Unterhosen";"27986";"String-Ouvert"
"3738";"Unterhosen";"27985";"Stringpanty"
"3738";"Unterhosen";"28031";"Stringpanty-Ouvert"
"3738";"Unterhosen";"27984";"Stringrock"
"3738";"Unterhosen";"28008";"Stringtanga"
"3738";"Unterhosen";"28032";"T-String"
"3738";"Unterhosen";"28019";"Tai-Slip"
"3738";"Unterhosen";"27976";"Taillenshaper"
"3738";"Unterhosen";"27988";"Taillenslip"
"3738";"Unterhosen";"28015";"Tanga"
"3738";"Unterhosen";"28022";"Tanga-Ouvert"
"3738";"Unterhosen";"28006";"Tangaslip"
"3738";"Unterhosen";"28012";"Thermounterhose"
"3738";"Unterhosen";"28025";"Trunk"
"3738";"Unterhosen";"27980";"Umstandspanty"
"3738";"Unterhosen";"27991";"Umstandsslip"
"3738";"Unterhosen";"28027";"Webboxer"
"3738";"Unterhosen";"28016";"Weiter Boxer"
"3739";"Unterlegscheiben";"28049";"Dichtring"
"3739";"Unterlegscheiben";"28044";"Fächerscheibe"
"3739";"Unterlegscheiben";"28046";"Federring"
"3739";"Unterlegscheiben";"28039";"Fitschenring"
"3739";"Unterlegscheiben";"28047";"Holzbauscheibe"
"3739";"Unterlegscheiben";"28042";"Karosseriescheibe"
"3739";"Unterlegscheiben";"28053";"Kotflügelscheibe"
"3739";"Unterlegscheiben";"28048";"Kugelscheibe"
"3739";"Unterlegscheiben";"28038";"Passscheibe"
"3739";"Unterlegscheiben";"28050";"Rosette"
"3739";"Unterlegscheiben";"28041";"Senkscheibe"
"3739";"Unterlegscheiben";"28052";"Sicherungsring"
"3739";"Unterlegscheiben";"28045";"Sicherungsscheibe"
"3739";"Unterlegscheiben";"28037";"Spannscheibe"
"3739";"Unterlegscheiben";"28054";"Tellerfeder"
"3739";"Unterlegscheiben";"28051";"Unterlegplatte"
"3739";"Unterlegscheiben";"28043";"Unterlegscheibe"
"3739";"Unterlegscheiben";"28040";"Vierkantscheibe"
"3739";"Unterlegscheiben";"28036";"Zahnscheibe"
"3740";"Untersetzer";"28066";"Becheruntersetzer"
"3740";"Untersetzer";"28058";"Bierdeckel"
"3740";"Untersetzer";"28067";"Blumentopfuntersetzer"
"3740";"Untersetzer";"28061";"Bügeleisenunterlage"
"3740";"Untersetzer";"28068";"Dekomatte"
"3740";"Untersetzer";"28064";"Flaschenuntersetzer"
"3740";"Untersetzer";"28062";"Getränkeuntersetzer"
"3740";"Untersetzer";"28057";"Glasuntersetzer"
"3740";"Untersetzer";"28065";"Kannenuntersetzer"
"3740";"Untersetzer";"28070";"LED-Untersetzer"
"3740";"Untersetzer";"28071";"Mikrowellen-Drehkreuz"
"3740";"Untersetzer";"28072";"Mikrowellen-Drehring"
"3740";"Untersetzer";"28063";"Mühlenuntersetzer"
"3740";"Untersetzer";"28055";"Pfannenschoner"
"3740";"Untersetzer";"28056";"Pfannenuntersetzer"
"3740";"Untersetzer";"28069";"Platzteller"
"3740";"Untersetzer";"28059";"Tassenuntersetzer"
"3740";"Untersetzer";"28060";"Topfuntersetzer"
"3741";"Unterstände";"28073";"Unterstand"
"3742";"Unterwassergehäuse";"28074";"Unterwassergehäuse"
"3743";"Urinale";"28075";"Urinal"
"3720";"USB-Sticks";"27910";"Micro SD-Karte"
"3720";"USB-Sticks";"27913";"Micro-USB-Stick"
"3720";"USB-Sticks";"27914";"Mini-USB-Stick"
"3720";"USB-Sticks";"27911";"USB-Flash-Laufwerk"
"3720";"USB-Sticks";"27912";"USB-Stick"
"3721";"USV-Anlagen";"27915";"USV-Anlage"
"3722";"UV-Leuchtmittel";"27917";"Beamerlampe"
"3722";"UV-Leuchtmittel";"27916";"UVC-Leuchtmittel"
"3723";"UVC-Geräte";"27918";"UVC-Desinfektionsgerät"
"3723";"UVC-Geräte";"27919";"UVC-Klärer"
"3745";"Vakuumierer";"28082";"Einbau-Vakuumierschublade"
"3745";"Vakuumierer";"28083";"Hand-Vakuumierer"
"3745";"Vakuumierer";"28084";"Vakuumierer"
"3746";"Vasen";"28086";"Bodenvase"
"3746";"Vasen";"28087";"Dekovase"
"3746";"Vasen";"28085";"Kugelvase"
"3746";"Vasen";"28089";"Shisha-Ersatzglas"
"3746";"Vasen";"28088";"Tischvase"
"3747";"Ventilatoren";"28092";"Akku-Standventilator"
"3747";"Ventilatoren";"28107";"Akku-Ventilator"
"3747";"Ventilatoren";"28108";"Badlüfter"
"3747";"Ventilatoren";"28102";"Bodenventilator"
"3747";"Ventilatoren";"28093";"Deckenventilator"
"3747";"Ventilatoren";"28096";"Handventilator"
"3747";"Ventilatoren";"28106";"Heizkörperventilator"
"3747";"Ventilatoren";"28094";"Kaminventilator"
"3747";"Ventilatoren";"28097";"Mini USB-Ventilator"
"3747";"Ventilatoren";"28100";"Radialventilator"
"3747";"Ventilatoren";"28098";"Standventilator"
"3747";"Ventilatoren";"28105";"Tischturmventilator"
"3747";"Ventilatoren";"28090";"Tischventilator"
"3747";"Ventilatoren";"28091";"Turboventilator"
"3747";"Ventilatoren";"28095";"Turmventilator"
"3747";"Ventilatoren";"28103";"Umhängeventilator"
"3747";"Ventilatoren";"28104";"Ventilatorkombigerät"
"3747";"Ventilatoren";"28101";"Wandventilator"
"3747";"Ventilatoren";"28099";"Windmaschine"
"3748";"Verdecke";"28109";"Kinderwagen-Verdeck"
"3748";"Verdecke";"28110";"Poolverdeck"
"3749";"Verdünnungsmittel";"28113";"Nitro-Universalverdünner"
"3749";"Verdünnungsmittel";"28115";"Nitro-Verdünner"
"3749";"Verdünnungsmittel";"28111";"PE-Verdünner"
"3749";"Verdünnungsmittel";"28116";"Poly-Verdünner"
"3749";"Verdünnungsmittel";"28117";"Polyurethan-Verdünnung"
"3749";"Verdünnungsmittel";"28114";"Salmiakgeist"
"3749";"Verdünnungsmittel";"28121";"Salzsäure"
"3749";"Verdünnungsmittel";"28118";"Spezialbenzin"
"3749";"Verdünnungsmittel";"28112";"Terpentinersatz"
"3749";"Verdünnungsmittel";"28119";"Universal-Verdünner"
"3749";"Verdünnungsmittel";"28120";"Waschbenzin"
"3750";"Verkleidungen";"28139";"Arzt-Kostüm"
"3750";"Verkleidungen";"28122";"Burgfräulein-Kostüm"
"3750";"Verkleidungen";"28126";"Clown-Kostüm"
"3750";"Verkleidungen";"28130";"Cowboy-Kostüm"
"3750";"Verkleidungen";"28145";"Engel-Kostüm"
"3750";"Verkleidungen";"28138";"Feen-Kostüm"
"3750";"Verkleidungen";"28151";"Hawaii-Kostüm"
"3750";"Verkleidungen";"28124";"Hexen-Kostüm"
"3750";"Verkleidungen";"28149";"Hippie-Kostüm"
"3750";"Verkleidungen";"28147";"König-Kostüm"
"3750";"Verkleidungen";"28137";"Kostüm"
"3750";"Verkleidungen";"28127";"Kostüm-Flügel"
"3750";"Verkleidungen";"28136";"Lebensmittel-Kostüm"
"3750";"Verkleidungen";"28135";"Maskottchen-Kostüm"
"3750";"Verkleidungen";"28125";"Mönch-Kostüm"
"3750";"Verkleidungen";"28129";"Monster-Kostüm"
"3750";"Verkleidungen";"28146";"Morphsuit"
"3750";"Verkleidungen";"28143";"Nonnen-Kostüm"
"3750";"Verkleidungen";"28148";"Partyanzug"
"3750";"Verkleidungen";"28132";"Piraten-Kostüm"
"3750";"Verkleidungen";"28131";"Polizei-Kostüm"
"3750";"Verkleidungen";"28123";"Prinzessin-Kostüm"
"3750";"Verkleidungen";"28128";"Ritter-Kostüm"
"3750";"Verkleidungen";"28140";"Teufel-Kostüm"
"3750";"Verkleidungen";"28150";"Trachten-Kostüm"
"3750";"Verkleidungen";"28133";"Umhang"
"3750";"Verkleidungen";"28142";"Vampir-Kostüm"
"3750";"Verkleidungen";"28141";"Wikinger-Kostüm"
"3750";"Verkleidungen";"28144";"Zauberer-Kostüm"
"3750";"Verkleidungen";"28134";"Zombie-Kostüm"
"3751";"Verkleidungsmasken";"28152";"Verkleidungsmaske"
"3752";"Verpackungen";"28154";"Bienenwachstuch"
"3752";"Verpackungen";"28153";"Bienenwachstücher"
"3753";"Verriegelungen";"28168";"Aussperrschutz"
"3753";"Verriegelungen";"28158";"Bodenschieber"
"3753";"Verriegelungen";"28164";"Bolzenriegel"
"3753";"Verriegelungen";"28155";"Fensterzusatzschloss"
"3753";"Verriegelungen";"28166";"Gitterrostsicherung"
"3753";"Verriegelungen";"28167";"Kastenriegelschloss"
"3753";"Verriegelungen";"28162";"Panzerriegel"
"3753";"Verriegelungen";"28165";"Rolladensicherung"
"3753";"Verriegelungen";"28169";"Schlagladenüberwurf"
"3753";"Verriegelungen";"28163";"Sicherheits-Stallriegel"
"3753";"Verriegelungen";"28157";"Tür-Sicherungsstange"
"3753";"Verriegelungen";"28156";"Türbandseitensicherung"
"3753";"Verriegelungen";"28161";"Türkette"
"3753";"Verriegelungen";"28159";"Türriegel"
"3753";"Verriegelungen";"28160";"Verschluss-Überfalle"
"3754";"Versandtaschen";"28170";"Versandtasche"
"3755";"Verschlussklammern";"28173";"Musterbeutelklammern"
"3755";"Verschlussklammern";"28171";"Rouladenklammer"
"3755";"Verschlussklammern";"28172";"Verschlussklammer"
"3756";"Verstärker";"28185";"Audioverstärker"
"3756";"Verstärker";"28180";"Aufsprechverstärker"
"3756";"Verstärker";"28187";"Endverstärker"
"3756";"Verstärker";"28184";"Entzerrer"
"3756";"Verstärker";"28177";"Kopfhörerverstärker"
"3756";"Verstärker";"28174";"Leistungsverstärker"
"3756";"Verstärker";"28178";"Mischverstärker"
"3756";"Verstärker";"28179";"Modulationsverstärker"
"3756";"Verstärker";"28182";"Schneidverstärker"
"3756";"Verstärker";"28181";"Steuerverstärker"
"3756";"Verstärker";"28175";"Verstärker"
"3756";"Verstärker";"28188";"Verzerrer"
"3756";"Verstärker";"28186";"Vollverstärker"
"3756";"Verstärker";"28183";"Vorverstärker"
"3756";"Verstärker";"28176";"Zwischenverstärker"
"3757";"Verteiler";"28198";"AC-Verteilerblock"
"3757";"Verteiler";"28199";"Heizkreisverteiler"
"3757";"Verteiler";"28196";"Lampen-Verteiler"
"3757";"Verteiler";"28189";"NV-Verteiler"
"3757";"Verteiler";"28195";"SAT-Multischalter"
"3757";"Verteiler";"28190";"SAT-Verteiler"
"3757";"Verteiler";"28191";"Stromverteiler"
"3757";"Verteiler";"28193";"USB-Verteiler"
"3757";"Verteiler";"28192";"Verteiler"
"3757";"Verteiler";"28197";"Y-Verteiler"
"3757";"Verteiler";"28194";"Zigarettenanzünder-Verteiler"
"3758";"Vertikutierer";"28207";"Akku-Rasenlüfter"
"3758";"Vertikutierer";"28208";"Akku-Vertikutierer"
"3758";"Vertikutierer";"28206";"Akku-Vertikutierer / Lüfter"
"3758";"Vertikutierer";"28204";"Benzin-Rasenlüfter"
"3758";"Vertikutierer";"28210";"Benzin-Vertikutierer"
"3758";"Vertikutierer";"28200";"Benzin-Vertikutierer / Lüfter"
"3758";"Vertikutierer";"28205";"Elektro-Rasenlüfter"
"3758";"Vertikutierer";"28209";"Elektro-Vertikutierer"
"3758";"Vertikutierer";"28201";"Elektro-Vertikutierer / Lüfter"
"3758";"Vertikutierer";"28202";"Rasenlüfter"
"3758";"Vertikutierer";"28203";"Vertikutierer"
"3759";"Vibrationsplatten";"28211";"Vibrationsplatte"
"3760";"Videokassetten";"28212";"Videokassette"
"3761";"Visitenkarten";"28213";"Visitenkarten"
"3762";"Vivarien";"28217";"Aquarien-Set"
"3762";"Vivarien";"28215";"Aquarium"
"3762";"Vivarien";"28216";"Fischturm"
"3762";"Vivarien";"28219";"Paludarium"
"3762";"Vivarien";"28218";"Reptilieninkubator"
"3762";"Vivarien";"28214";"Terrarium"
"3763";"Vivarien-Steuergeräte";"28220";"Aquarium-Beleuchtungssteuerung"
"3763";"Vivarien-Steuergeräte";"28221";"Aquarium-Heizungssteuerung"
"3763";"Vivarien-Steuergeräte";"28222";"Aquarium-Pumpensteuerung"
"3763";"Vivarien-Steuergeräte";"28223";"Terrarium-Beleuchtungssteuerung"
"3763";"Vivarien-Steuergeräte";"28224";"Terrarium-Klimasteuerung"
"3763";"Vivarien-Steuergeräte";"28225";"Vivarien-Beleuchtungssteuerung"
"3763";"Vivarien-Steuergeräte";"28226";"Vivarien-Heizungssteuerung"
"3764";"Vivarienrückwände";"28229";"Aquarienrückwand"
"3764";"Vivarienrückwände";"28227";"Paludarienrückwand"
"3764";"Vivarienrückwände";"28228";"Terrarienrückwand"
"3764";"Vivarienrückwände";"28230";"Vivarienrückwand"
"3765";"Vliese";"28237";"Bodenschutzvlies"
"3765";"Vliese";"28232";"Gartenvlies"
"3765";"Vliese";"28240";"Glasfasergewebe"
"3765";"Vliese";"28238";"Kokosmatte"
"3765";"Vliese";"28241";"Kokosscheibe"
"3765";"Vliese";"28233";"Malervlies"
"3765";"Vliese";"28236";"Reparaturvlies"
"3765";"Vliese";"28234";"Rovinggewebe"
"3765";"Vliese";"28239";"Unkrautvlies"
"3765";"Vliese";"28235";"Winterschutzvlies"
"3765";"Vliese";"28231";"Wintervlies"
"3766";"Vordächer";"28243";"Balken-Vordach"
"3766";"Vordächer";"28245";"Bogenvordach"
"3766";"Vordächer";"28248";"Pultvordach"
"3766";"Vordächer";"28244";"Rechteckvordach"
"3766";"Vordächer";"28242";"Rundbogenvordach"
"3766";"Vordächer";"28247";"Vordach"
"3766";"Vordächer";"28246";"Vordach-Seitenteil"
"3767";"Vorhängeschlösser";"28251";"Diskussschloss"
"3767";"Vorhängeschlösser";"28249";"Smart-Home-Vorhängeschloss"
"3767";"Vorhängeschlösser";"28252";"TSA-Vorhängeschloss"
"3767";"Vorhängeschlösser";"28250";"Vorhängeschloss"
"3768";"Vorsatztüren";"28256";"Funkenschutztür"
"3768";"Vorsatztüren";"28255";"Kühlschrankfront"
"3768";"Vorsatztüren";"28254";"Umrüstsatz"
"3768";"Vorsatztüren";"28253";"Vorsatztür"
"3744";"VR-Brillen";"28081";"Augmented-Reality-Brille"
"3744";"VR-Brillen";"28076";"Augmented-Reality-Brillenglas"
"3744";"VR-Brillen";"28078";"Linsen"
"3744";"VR-Brillen";"28079";"Virtual-Reality-Brille"
"3744";"VR-Brillen";"28077";"Virtual-Reality-Headset"
"3744";"VR-Brillen";"28080";"Virtual-Reality-Helm"
"3773";"Wachs-Haarentfernungsgeräte";"28270";"Warmwachs-Haarentferner"
"3774";"Wachskämme";"28271";"Wachskamm"
"3775";"Waffeleisen";"28281";"2-in-1-Kombi-Waffeleisen"
"3775";"Waffeleisen";"28273";"3-in-1-Kombi-Waffeleisen"
"3775";"Waffeleisen";"28282";"Cakepop-Maker"
"3775";"Waffeleisen";"28276";"Churro-Maker"
"3775";"Waffeleisen";"28283";"Cupcake-Maker"
"3775";"Waffeleisen";"28280";"Donut-Maker"
"3775";"Waffeleisen";"28272";"Gugelhupf-Maker"
"3775";"Waffeleisen";"28278";"Muffin-Maker"
"3775";"Waffeleisen";"28275";"Multibäcker"
"3775";"Waffeleisen";"28274";"Omelette-Maker"
"3775";"Waffeleisen";"28279";"Pancake-Maker"
"3775";"Waffeleisen";"28277";"Waffeleisen"
"3775";"Waffeleisen";"28284";"Zaubernussbäcker"
"3847";"Wählmarken";"28555";"Schiedsrichter-Wählmarke"
"3776";"Walzenhülsen";"28285";"Walzenhülse"
"3848";"Wälzlager";"28557";"Fahrrad-Kugellager"
"3848";"Wälzlager";"28558";"Kugellager"
"3848";"Wälzlager";"28556";"Wandlager"
"3777";"Wandabschlussleisten";"28288";"Abschlussleiste"
"3777";"Wandabschlussleisten";"28287";"Deckenleiste"
"3777";"Wandabschlussleisten";"28290";"Fensterleiste"
"3777";"Wandabschlussleisten";"28289";"Kantenleiste"
"3777";"Wandabschlussleisten";"28291";"Stuckleiste"
"3777";"Wandabschlussleisten";"28286";"Zierleiste"
"3778";"Wanddekoobjekte";"28293";"Decken-Rosette"
"3778";"Wanddekoobjekte";"28292";"Wanddekoobjekt"
"3779";"Wanddurchführungen";"28294";"Doppelwandfutter"
"3779";"Wanddurchführungen";"28295";"Kamindurchführung"
"3779";"Wanddurchführungen";"28296";"Wandfutter"
"3780";"Wandler";"28300";"Audio-Wandler"
"3780";"Wandler";"28297";"Spannungswandler"
"3780";"Wandler";"28299";"Wandler"
"3780";"Wandler";"28298";"Wechselrichter"
"3781";"Wandtattoos";"28304";"3D-Wandtattoo"
"3781";"Wandtattoos";"28303";"Wandspruch"
"3781";"Wandtattoos";"28302";"Wandsticker"
"3781";"Wandtattoos";"28301";"Wandtattoo"
"3782";"Wanduhren";"28306";"Badezimmeruhr"
"3782";"Wanduhren";"28305";"Funk-Pendelwanduhr"
"3782";"Wanduhren";"28311";"Funkwanduhr"
"3782";"Wanduhren";"28308";"Pendelwanduhr"
"3782";"Wanduhren";"28307";"Regulator"
"3782";"Wanduhren";"28309";"Sauna-Sanduhr"
"3782";"Wanduhren";"28310";"Uhr"
"3782";"Wanduhren";"28312";"Wanduhr"
"3783";"Wanneneinlagen";"28314";"Antirutsch-Aufkleber"
"3783";"Wanneneinlagen";"28315";"Duscheinlage"
"3783";"Wanneneinlagen";"28313";"Wanneneinlage"
"3784";"Wannenschürzen";"28318";"Eckschürze"
"3784";"Wannenschürzen";"28319";"Frontschürze"
"3784";"Wannenschürzen";"28316";"Seitenschürze"
"3784";"Wannenschürzen";"28317";"Wannenträger"
"3849";"Wärmekissen";"28559";"Thermo-Gurt"
"3849";"Wärmekissen";"28560";"Thermo-Manschette"
"3849";"Wärmekissen";"28561";"Wärmekissen"
"3850";"Wärmelampen";"28563";"Infrarot-Wärmestrahler"
"3850";"Wärmelampen";"28564";"Infrarotlampe"
"3850";"Wärmelampen";"28562";"Insektenstichheiler"
"3850";"Wärmelampen";"28565";"Rotlicht-Panel"
"3851";"Wärmeleitpasten";"28566";"Wärmeleitpaste"
"3852";"Wärmepumpen";"28570";"Erdwärmepumpe"
"3852";"Wärmepumpen";"28571";"Grundwasserwärmepumpe"
"3852";"Wärmepumpen";"28569";"Luft-Wasser-Wärmepumpe"
"3852";"Wärmepumpen";"28567";"Luftwärmepumpe"
"3852";"Wärmepumpen";"28568";"Pool-Wärmepumpe"
"3852";"Wärmepumpen";"28572";"Warmwasser-Wärmepumpe"
"3853";"Wärmespeichersteine";"28573";"Wärmespeicherstein"
"3854";"Wärmflaschen";"28574";"Nacken-Wärmflasche"
"3854";"Wärmflaschen";"28575";"Wärmflasche"
"3785";"Warnaufsteller";"28320";"Warndreieck"
"3855";"Wäschekugeln";"28577";"Trocknerball"
"3855";"Wäschekugeln";"28576";"Wäschekugel"
"3859";"Wäschesäckchen";"28607";"Sockenklammer"
"3859";"Wäschesäckchen";"28606";"Wäschenetz"
"3859";"Wäschesäckchen";"28604";"Wäschesäckchen"
"3859";"Wäschesäckchen";"28605";"Wäschesafe"
"3856";"Wäschesammler";"28580";"Ausziehwäschekorb"
"3856";"Wäschesammler";"28582";"Flaschensammler"
"3856";"Wäschesammler";"28579";"Wäschebox"
"3856";"Wäschesammler";"28587";"Wäschekorb"
"3856";"Wäschesammler";"28584";"Wäschesack"
"3856";"Wäschesammler";"28586";"Wäschesortierer"
"3856";"Wäschesammler";"28581";"Wäschetasche"
"3856";"Wäschesammler";"28585";"Wäschetonne"
"3856";"Wäschesammler";"28583";"Wäschetruhe"
"3856";"Wäschesammler";"28578";"Wäschewanne"
"3857";"Wäscheschleudern";"28589";"Vortrockner"
"3857";"Wäscheschleudern";"28588";"Wäscheschleuder"
"3858";"Wäscheständer";"28603";"Badewannen-Wäscheständer"
"3858";"Wäscheständer";"28598";"Balkonwäschetrockner"
"3858";"Wäscheständer";"28594";"Deckenwäschetrockner"
"3858";"Wäscheständer";"28602";"Elektrischer Wäscheständer"
"3858";"Wäscheständer";"28597";"Elektrischer Wäschetrockner"
"3858";"Wäscheständer";"28599";"Flügelwäschetrockner"
"3858";"Wäscheständer";"28592";"Heizkörper-Wäschetrockner"
"3858";"Wäscheständer";"28596";"Heizungs- und Balkonwäschetrockner"
"3858";"Wäscheständer";"28590";"Heizungswäschetrockner"
"3858";"Wäscheständer";"28593";"Turmwäscheständer"
"3858";"Wäscheständer";"28595";"Wand-Wäscheleine"
"3858";"Wäscheständer";"28600";"Wandwäschetrockner"
"3858";"Wäscheständer";"28601";"Wäschespinne"
"3858";"Wäscheständer";"28591";"Wäscheständer"
"3786";"Waschmaschinen";"28321";"Einbauwaschmaschine"
"3786";"Waschmaschinen";"28325";"Mini-Waschmaschine"
"3786";"Waschmaschinen";"28323";"TwinWash Waschmaschine"
"3786";"Waschmaschinen";"28324";"Waschmaschine"
"3786";"Waschmaschinen";"28322";"Waschmaschine Toplader"
"3787";"Waschmaschinen-Trockner-Sets";"28326";"Waschmaschinen-Trockner-Set"
"3788";"Waschtischaufsätze";"28328";"Tropfschutzblech"
"3788";"Waschtischaufsätze";"28327";"Waschtischaufsatz"
"3789";"Waschtische";"28333";"Aufsatzwaschbecken"
"3789";"Waschtische";"28335";"Doppelwaschbecken"
"3789";"Waschtische";"28334";"Doppelwaschtisch"
"3789";"Waschtische";"28329";"Einbauwaschbecken"
"3789";"Waschtische";"28330";"Waschbecken"
"3789";"Waschtische";"28331";"Waschschüssel"
"3789";"Waschtische";"28332";"Waschtisch"
"3790";"Waschtrockner";"28339";"Einbauwaschtrockner"
"3790";"Waschtrockner";"28337";"TwinWash Waschtrockner"
"3790";"Waschtrockner";"28336";"Waschtrockner"
"3790";"Waschtrockner";"28338";"Waschtrockner Toplader"
"3791";"Wasserabzieher";"28343";"Duschabzieher"
"3791";"Wasserabzieher";"28342";"Fenstersauger-Abziehlippen"
"3791";"Wasserabzieher";"28340";"Schweißabzieher"
"3791";"Wasserabzieher";"28341";"Wasserabzieher"
"3792";"Wasserbahnen";"28345";"Wasserbahn"
"3792";"Wasserbahnen";"28344";"Wasserspieltisch"
"3793";"Wasserbereitergeräte";"28348";"Elektrischer Wasserhahn"
"3793";"Wasserbereitergeräte";"28350";"Osmoseanlage"
"3793";"Wasserbereitergeräte";"28347";"Untertisch-Trinkwassersystem"
"3793";"Wasserbereitergeräte";"28346";"Wasserbar"
"3793";"Wasserbereitergeräte";"28349";"Wasserdestilliergerät"
"3794";"Wasserbetten";"28351";"Wasserbett"
"3795";"Wasserkocher";"28354";"Heißwasserspender"
"3795";"Wasserkocher";"28355";"Reise-Wasserkocher"
"3795";"Wasserkocher";"28352";"Samowar"
"3795";"Wasserkocher";"28353";"Wasserkocher"
"3796";"Wassermengenzähler";"28357";"Kaltwasserzähler"
"3796";"Wassermengenzähler";"28356";"Warmwasserzähler"
"3797";"Wasserpflegemittel";"28358";"Algenbekämpfung"
"3797";"Wasserpflegemittel";"28359";"Algenschutz"
"3797";"Wasserpflegemittel";"28362";"Aquariumpflege"
"3797";"Wasserpflegemittel";"28363";"Chlorgranulat"
"3797";"Wasserpflegemittel";"28361";"Chlortabletten"
"3797";"Wasserpflegemittel";"28365";"Filterstarter"
"3797";"Wasserpflegemittel";"28364";"Poolpflege"
"3797";"Wasserpflegemittel";"28360";"Teichpflege"
"3798";"Wasserrutschen";"28366";"Wasserrutsche"
"3799";"Wasserspeier";"28367";"Fontänenaufsatz"
"3799";"Wasserspeier";"28369";"Poolsprüher"
"3799";"Wasserspeier";"28368";"Poolwasserfall"
"3799";"Wasserspeier";"28370";"Wasserspeier"
"3800";"Wasserspiele";"28372";"Gartenbrunnen"
"3800";"Wasserspiele";"28373";"Wasserfall"
"3800";"Wasserspiele";"28371";"Wasserspiel"
"3800";"Wasserspiele";"28374";"Zimmerbrunnen"
"3801";"Wasserspielzeuge";"28378";"Badeplüschtier"
"3801";"Wasserspielzeuge";"28375";"Badespielzeug"
"3801";"Wasserspielzeuge";"28377";"Kinderspielboot"
"3801";"Wasserspielzeuge";"28376";"Spiel-Wassersprenkler"
"3802";"Wassersport-Trapeze";"28379";"Kite Trapez"
"3802";"Wassersport-Trapeze";"28380";"Windsurf Trapez"
"3803";"Wassersportboards";"28384";"Bodyboard"
"3803";"Wassersportboards";"28388";"Inflatable SUP-Board"
"3803";"Wassersportboards";"28381";"Kiteboard"
"3803";"Wassersportboards";"28383";"Kneeboard"
"3803";"Wassersportboards";"28389";"SUP-Board"
"3803";"Wassersportboards";"28387";"Wakeboard"
"3803";"Wassersportboards";"28382";"Wakesurfboard"
"3803";"Wassersportboards";"28386";"Wellenreiter"
"3803";"Wassersportboards";"28385";"Windsurfboard"
"3804";"Wassersprudler";"28390";"Wassersprudler"
"3805";"Wassertestgeräte";"28395";"Elektro-Pooltester"
"3805";"Wassertestgeräte";"28396";"Leitwertmessgerät"
"3805";"Wassertestgeräte";"28394";"pH-Messgerät"
"3805";"Wassertestgeräte";"28392";"Photometer"
"3805";"Wassertestgeräte";"28393";"Pooltester"
"3805";"Wassertestgeräte";"28391";"Trinkwasser-Analysegerät"
"3806";"Wasserwaagen";"28401";"Laserwasserwaage"
"3806";"Wasserwaagen";"28400";"Pfostenwasserwaage"
"3806";"Wasserwaagen";"28397";"Schlauchwasserwaage"
"3806";"Wasserwaagen";"28398";"Torpedowasserwaage"
"3806";"Wasserwaagen";"28399";"Wasserwaage"
"3769";"WC-Komplettsets";"28257";"WC-Komplettset"
"3770";"WC-Sitze";"28261";"Dusch-WC-Sitz"
"3770";"WC-Sitze";"28259";"Kinder-WC-Sitz"
"3770";"WC-Sitze";"28258";"Urinaldeckel"
"3770";"WC-Sitze";"28260";"WC-Sitz"
"3771";"WCs";"28265";"Dusch-WC"
"3771";"WCs";"28263";"Flachspül-WC"
"3771";"WCs";"28264";"Kinder-WC"
"3771";"WCs";"28262";"Tiefspül-WC"
"3807";"Wecker";"28413";"Funk-Radiowecker"
"3807";"Wecker";"28407";"Funk-Reisewecker"
"3807";"Wecker";"28405";"Funkwecker"
"3807";"Wecker";"28415";"Glockenwecker"
"3807";"Wecker";"28403";"Kinderwecker"
"3807";"Wecker";"28404";"Küchentimer"
"3807";"Wecker";"28410";"Kurzzeitmesser"
"3807";"Wecker";"28414";"Projektionswecker"
"3807";"Wecker";"28408";"Quarzwecker"
"3807";"Wecker";"28402";"Radiowecker"
"3807";"Wecker";"28409";"Reisewecker"
"3807";"Wecker";"28411";"Schellenwecker"
"3807";"Wecker";"28412";"Schlafphasenwecker"
"3807";"Wecker";"28416";"Tageslichtwecker"
"3807";"Wecker";"28406";"Wecker"
"3808";"Weidezaungeräte";"28417";"Weidezaungerät"
"3812";"Weihnachtsbäume";"28428";"Echter Weihnachtsbaum"
"3812";"Weihnachtsbäume";"28429";"Künstlicher Weihnachtsbaum"
"3809";"Weihnachtsbaumkugeln";"28418";"Weihnachtsbaumkugel"
"3809";"Weihnachtsbaumkugeln";"28419";"Weihnachtskugelständer"
"3810";"Weihnachtsbaumschmuck";"28422";"Christbaumschmuck"
"3810";"Weihnachtsbaumschmuck";"28424";"Christbaumspitze"
"3810";"Weihnachtsbaumschmuck";"28426";"Girlanden"
"3810";"Weihnachtsbaumschmuck";"28420";"Lametta"
"3810";"Weihnachtsbaumschmuck";"28425";"Weihnachtsbaumdecke"
"3810";"Weihnachtsbaumschmuck";"28423";"Weihnachtsbaumklammer"
"3810";"Weihnachtsbaumschmuck";"28421";"Weihnachtsbaumschleife"
"3811";"Weihnachtsbaumständer";"28427";"Christbaumständer"
"3813";"Weihnachtsdörfer";"28430";"Weihnachtsdorf"
"3813";"Weihnachtsdörfer";"28431";"Weihnachtshaus"
"3813";"Weihnachtsdörfer";"28433";"Weihnachtsstadt"
"3813";"Weihnachtsdörfer";"28432";"Weihnachtsszene"
"3813";"Weihnachtsdörfer";"28434";"Winterlandschaft"
"3814";"Weihnachtskrippen";"28435";"Krippe"
"3815";"Weihnachtspyramiden";"28436";"Weihnachtspyramide"
"3816";"Weinkühlschränke";"28438";"Einbauweinkühlschrank"
"3816";"Weinkühlschränke";"28437";"Einbauweintemperierschrank"
"3816";"Weinkühlschränke";"28442";"Getränke- und Dosenkühler"
"3816";"Weinkühlschränke";"28441";"Outdoorkühlschrank"
"3816";"Weinkühlschränke";"28439";"Unterbauweintemperierschrank"
"3816";"Weinkühlschränke";"28443";"Weinkühlschrank"
"3816";"Weinkühlschränke";"28440";"Weintemperierschrank"
"3817";"Werkbänke";"28445";"Hobelbank"
"3817";"Werkbänke";"28446";"Werkbank"
"3817";"Werkbänke";"28444";"Werkstatt-Set"
"3818";"Werkstattkräne";"28448";"Gegengewichtskran"
"3818";"Werkstattkräne";"28447";"Werkstattkran"
"3819";"Werkstattpressen";"28451";"Handpresse"
"3819";"Werkstattpressen";"28452";"Spindelpresse"
"3819";"Werkstattpressen";"28450";"Werkstattpresse"
"3819";"Werkstattpressen";"28449";"Ziehpresse"
"3820";"Werkstattwagen";"28453";"Werkstattwagen"
"3820";"Werkstattwagen";"28454";"Werkzeugwagen"
"3821";"Werkzeughalterungen";"28458";"Bohrerleiste"
"3821";"Werkzeughalterungen";"28459";"Klemmhalter"
"3821";"Werkzeughalterungen";"28455";"Lochwand-Ausstattung"
"3821";"Werkzeughalterungen";"28456";"Magnet-Werkzeugleiste"
"3821";"Werkzeughalterungen";"28457";"Werkzeughalter"
"3822";"Werkzeugmaschinen-Sets";"28461";"Druckluftgeräte-Set"
"3822";"Werkzeugmaschinen-Sets";"28460";"Elektrowerkzeug-Set"
"3823";"Werkzeugsets";"28462";"Bördelwerkzeug"
"3823";"Werkzeugsets";"28467";"Druckluftwerkzeug"
"3823";"Werkzeugsets";"28463";"Fahrradwerkzeugset"
"3823";"Werkzeugsets";"28464";"Malerset"
"3823";"Werkzeugsets";"28465";"Renovierungsset"
"3823";"Werkzeugsets";"28466";"Werkzeugset"
"3824";"Westen";"28480";"Anglerweste"
"3824";"Westen";"28471";"Anzugweste"
"3824";"Westen";"28492";"Arbeitsweste"
"3824";"Westen";"28499";"Cordweste"
"3824";"Westen";"28487";"Daunenweste"
"3824";"Westen";"28501";"Fellimitatweste"
"3824";"Westen";"28488";"Fellweste"
"3824";"Westen";"28483";"Fleeceweste"
"3824";"Westen";"28477";"Frackweste"
"3824";"Westen";"28500";"Fransenweste"
"3824";"Westen";"28472";"Funktionsweste"
"3824";"Westen";"28485";"Golfweste"
"3824";"Westen";"28468";"Jagdweste"
"3824";"Westen";"28481";"Jeansweste"
"3824";"Westen";"28486";"Jerseyweste"
"3824";"Westen";"28494";"Karoweste"
"3824";"Westen";"28474";"Kurzweste"
"3824";"Westen";"28478";"Lederimitatweste"
"3824";"Westen";"28484";"Lederweste"
"3824";"Westen";"28482";"Longweste"
"3824";"Westen";"28475";"Motorradweste"
"3824";"Westen";"28479";"Plüschweste"
"3824";"Westen";"28476";"Reitweste"
"3824";"Westen";"28498";"Satinweste"
"3824";"Westen";"28489";"Shirtweste"
"3824";"Westen";"28473";"Smokingweste"
"3824";"Westen";"28497";"Softshellweste"
"3824";"Westen";"28490";"Steppweste"
"3824";"Westen";"28469";"Strickweste"
"3824";"Westen";"28470";"Sweatweste"
"3824";"Westen";"28493";"Trachtenweste"
"3824";"Westen";"28495";"Umstandsweste"
"3824";"Westen";"28496";"Warnweste"
"3824";"Westen";"28491";"Wendeweste"
"3825";"Wetterstationen";"28506";"Außenwetterstation"
"3825";"Wetterstationen";"28503";"Funkwetterstation"
"3825";"Wetterstationen";"28502";"Innenwetterstation"
"3825";"Wetterstationen";"28504";"Regenmesser"
"3825";"Wetterstationen";"28505";"Satellitenwetterstation"
"3825";"Wetterstationen";"28507";"Wetterstation"
"3826";"Whirlpools";"28508";"Whirlpool"
"3827";"Wickelauflagen";"28510";"Bade- und Wickelkombination"
"3827";"Wickelauflagen";"28509";"Wickelauflage"
"3828";"Wickelauflagenbezüge";"28511";"Wickelauflagenbezug"
"3829";"Wickelaufsätze";"28512";"Wickelaufsatz"
"3829";"Wickelaufsätze";"28514";"Wickelbrett"
"3829";"Wickelaufsätze";"28513";"Wickelplatte"
"3830";"Wickelkommoden";"28515";"Wickelkommode"
"3831";"Wickeltische";"28518";"Bade- und Wickelregal"
"3831";"Wickeltische";"28516";"Wickelregal"
"3831";"Wickeltische";"28517";"Wickeltisch"
"3832";"Wimpernzangen";"28519";"Wimpernzange"
"3833";"Windeln";"28520";"Stoffwindeln"
"3833";"Windeln";"28521";"Windeln"
"3834";"Winden";"28524";"Planenaufroller"
"3834";"Winden";"28525";"Rauchabzugskurbel"
"3834";"Winden";"28522";"Seilwinde"
"3834";"Winden";"28523";"Winde"
"3835";"Windgeneratoren";"28526";"Windgenerator"
"3838";"Windsäcke";"28532";"Windsack"
"3836";"Windschilde";"28530";"Auto-Windschutz"
"3836";"Windschilde";"28527";"Fahrrad-Windschild"
"3836";"Windschilde";"28528";"Grill-Windschutz"
"3836";"Windschilde";"28529";"Motorradhelm-Visier"
"3837";"Windspiele";"28531";"Windspiel"
"3839";"Winkelmesser";"28533";"Winkelmesser"
"3840";"Wippen";"28535";"Federwippe"
"3840";"Wippen";"28534";"Wippe"
"3841";"Wirbel";"28536";"Angelwirbel"
"3842";"Wischbezügehalterungen";"28537";"Wischbezughalterung"
"3843";"Wischblätter";"28538";"Scheibenwischblätter"
"3772";"WLAN-Dongles";"28267";"WLAN-Adapter"
"3772";"WLAN-Dongles";"28268";"WLAN-Dongle"
"3772";"WLAN-Dongles";"28269";"WLAN-Modul"
"3772";"WLAN-Dongles";"28266";"WLAN-Stick"
"3844";"Wohndecken";"28543";"Babydecke"
"3844";"Wohndecken";"28551";"Babylammfell"
"3844";"Wohndecken";"28545";"Einschlagdecke"
"3844";"Wohndecken";"28548";"Foulard"
"3844";"Wohndecken";"28539";"Kinderdecke"
"3844";"Wohndecken";"28550";"Kniedecke"
"3844";"Wohndecken";"28540";"Krabbeldecke"
"3844";"Wohndecken";"28546";"Outdoordecke"
"3844";"Wohndecken";"28542";"Picknickdecke"
"3844";"Wohndecken";"28547";"Plaid"
"3844";"Wohndecken";"28549";"Überwurf"
"3844";"Wohndecken";"28544";"Wohndecke"
"3844";"Wohndecken";"28541";"Wolldecke"
"3845";"Wundertüten";"28552";"Wundertüte"
"3846";"Wurfscheiben";"28553";"Diskusscheibe"
"3846";"Wurfscheiben";"28554";"Wurfscheibe"
"3860";"Yoga-Blöcke";"28609";"Balance Pad"
"3860";"Yoga-Blöcke";"28608";"Yogablock"
"3861";"Zahnbleachingmittel";"28616";"White Stripes"
"3861";"Zahnbleachingmittel";"28613";"Zahnbleaching-Gel"
"3861";"Zahnbleachingmittel";"28617";"Zahnbleaching-Kit"
"3861";"Zahnbleachingmittel";"28611";"Zahnbleaching-Paste"
"3861";"Zahnbleachingmittel";"28610";"Zahnbleaching-Pulver"
"3861";"Zahnbleachingmittel";"28612";"Zahnbleaching-Schaum"
"3861";"Zahnbleachingmittel";"28615";"Zahnbleaching-Schiene"
"3861";"Zahnbleachingmittel";"28614";"Zahnbleaching-Stift"
"3862";"Zahnbürsten";"28623";"Einbüschelbürste"
"3862";"Zahnbürsten";"28618";"Interdentalbürsten"
"3862";"Zahnbürsten";"28619";"Lernzahnbürste"
"3862";"Zahnbürsten";"28620";"Tier-Fingerzahnbürste"
"3862";"Zahnbürsten";"28621";"Tierzahnbürste"
"3862";"Zahnbürsten";"28622";"Zahnbürste"
"3863";"Zahnbürstenköpfe";"28624";"Aufsteckbürste"
"3863";"Zahnbürstenköpfe";"28625";"Aufsteckbürsten"
"3863";"Zahnbürstenköpfe";"28627";"Mundduschen-Ersatzdüse"
"3863";"Zahnbürstenköpfe";"28626";"Zungenreinigeraufsatz"
"3864";"Zahnkränze";"28628";"Zahnkranz"
"3865";"Zahnpastas";"28631";"Tier-Zahncreme"
"3865";"Zahnpastas";"28629";"Tier-Zahnpflegeset"
"3865";"Zahnpastas";"28630";"Zahnpasta"
"3866";"Zahnputzbecher";"28633";"Zahnbürstenhalter"
"3866";"Zahnputzbecher";"28632";"Zahnputzbecher"
"3867";"Zahnriemen";"28634";"Zahnriemen"
"3868";"Zahnseiden";"28635";"Zahnseide"
"3868";"Zahnseiden";"28636";"Zahnseide-Stick"
"3869";"Zangen";"28652";"Abisolierzange"
"3869";"Zangen";"28677";"Abmantelungszange"
"3869";"Zangen";"28663";"Aderendhülsenzange"
"3869";"Zangen";"28653";"Angelhakenauslöser"
"3869";"Zangen";"28648";"Anglerzange"
"3869";"Zangen";"28646";"Besaitungszange"
"3869";"Zangen";"28651";"Blindnietzange"
"3869";"Zangen";"28665";"Bowdenzugschneider"
"3869";"Zangen";"28674";"Crimpzange"
"3869";"Zangen";"28676";"Eckrohrzange"
"3869";"Zangen";"28637";"Elektro-Installationszange"
"3869";"Zangen";"28647";"Fischgreifer"
"3869";"Zangen";"28666";"Flachrundzange"
"3869";"Zangen";"28658";"Flachzange"
"3869";"Zangen";"28656";"Greifarm"
"3869";"Zangen";"28675";"Greifzange"
"3869";"Zangen";"28639";"Gripzange"
"3869";"Zangen";"28662";"Kabelzange"
"3869";"Zangen";"28645";"Kettenschlosszange"
"3869";"Zangen";"28642";"Klemmhülsenzange"
"3869";"Zangen";"28644";"Kneifzange"
"3869";"Zangen";"28668";"Kombizange"
"3869";"Zangen";"28641";"Kraftzange"
"3869";"Zangen";"28649";"Lochzange"
"3869";"Zangen";"28657";"Monierzange"
"3869";"Zangen";"28667";"Montagezange"
"3869";"Zangen";"28670";"Ohrklemmenzange"
"3869";"Zangen";"28660";"Ösenzange"
"3869";"Zangen";"28678";"Pressmaschine"
"3869";"Zangen";"28679";"Presszange"
"3869";"Zangen";"28673";"Revolverlochzange"
"3869";"Zangen";"28638";"Rohrzange"
"3869";"Zangen";"28659";"Rundzange"
"3869";"Zangen";"28672";"Schlauchklemmenzange"
"3869";"Zangen";"28643";"Schraubzange"
"3869";"Zangen";"28640";"Seitenschneider"
"3869";"Zangen";"28650";"Sicherungsringzange"
"3869";"Zangen";"28661";"Siphonzange"
"3869";"Zangen";"28655";"Spitzzange"
"3869";"Zangen";"28654";"Telefonzange"
"3869";"Zangen";"28669";"Wasserpumpenzange"
"3869";"Zangen";"28671";"Zangenschlüssel"
"3869";"Zangen";"28664";"Zangenset"
"3870";"Zapfanlagen";"28681";"Bierzapfanlage"
"3870";"Zapfanlagen";"28682";"Bottoms-up-Zapfanlage"
"3870";"Zapfanlagen";"28680";"Getränkespender"
"3870";"Zapfanlagen";"28684";"Zapfanlage"
"3870";"Zapfanlagen";"28683";"Zapfsäule"
"3871";"Zapfhähne";"28685";"Zapfhahn"
"3872";"Zauberkästen";"28687";"Zauberkäfig"
"3872";"Zauberkästen";"28688";"Zauberkasten"
"3872";"Zauberkästen";"28686";"Zauberstab"
"3873";"Zaunelemente";"28696";"Bohlenzaun"
"3873";"Zaunelemente";"28689";"Dichtzaun"
"3873";"Zaunelemente";"28691";"Doppelstabmattenzaun"
"3873";"Zaunelemente";"28712";"Einstabmattenzaun"
"3873";"Zaunelemente";"28705";"Gabionenzaun"
"3873";"Zaunelemente";"28709";"Gartenzaun"
"3873";"Zaunelemente";"28713";"Geflechtzaun"
"3873";"Zaunelemente";"28718";"Glaszaun"
"3873";"Zaunelemente";"28690";"Hasendraht"
"3873";"Zaunelemente";"28703";"Holzzaun"
"3873";"Zaunelemente";"28715";"Hühnerzaun"
"3873";"Zaunelemente";"28717";"Jägerzaun"
"3873";"Zaunelemente";"28716";"Kunsthecken-Sichtschutz"
"3873";"Zaunelemente";"28719";"Lamellenzaun"
"3873";"Zaunelemente";"28721";"Lattenzaun"
"3873";"Zaunelemente";"28701";"Maschendrahtzaun"
"3873";"Zaunelemente";"28714";"Metallzaun"
"3873";"Zaunelemente";"28720";"Schmuckzaun"
"3873";"Zaunelemente";"28711";"Schweißgitter"
"3873";"Zaunelemente";"28694";"Sechseckgeflecht"
"3873";"Zaunelemente";"28710";"Sichtschutzelement"
"3873";"Zaunelemente";"28695";"Sichtschutzstreifen"
"3873";"Zaunelemente";"28702";"Sichtschutzzaunmatten"
"3873";"Zaunelemente";"28707";"Staketenzaun"
"3873";"Zaunelemente";"28698";"Steinsäule"
"3873";"Zaunelemente";"28697";"Teichzaun"
"3873";"Zaunelemente";"28699";"Volierendraht"
"3873";"Zaunelemente";"28706";"Weidenzaun"
"3873";"Zaunelemente";"28704";"Wildzaun"
"3873";"Zaunelemente";"28692";"Zaun"
"3873";"Zaunelemente";"28693";"Zaunaußenecke"
"3873";"Zaunelemente";"28708";"Zaunverbinderset"
"3873";"Zaunelemente";"28700";"Zierzaun"
"3874";"Zaunpfosten";"28724";"Eckpfosten"
"3874";"Zaunpfosten";"28723";"Endpfosten"
"3874";"Zaunpfosten";"28722";"Zaunpfosten"
"3874";"Zaunpfosten";"28725";"Zaunriegel"
"3875";"Zehenkorrektoren";"28731";"Finger-& Zehenschutz"
"3875";"Zehenkorrektoren";"28734";"Fussballenpolster"
"3875";"Zehenkorrektoren";"28727";"Fußpolster"
"3875";"Zehenkorrektoren";"28726";"Hallux-Bandage"
"3875";"Zehenkorrektoren";"28729";"Hammerzehen-Korrektor"
"3875";"Zehenkorrektoren";"28732";"Überbeinschutz"
"3875";"Zehenkorrektoren";"28728";"Zehenkorrektor"
"3875";"Zehenkorrektoren";"28733";"Zehenschutzpolster"
"3875";"Zehenkorrektoren";"28730";"Zehenspreizer"
"3876";"Zehenringe";"28736";"Zehenring"
"3876";"Zehenringe";"28735";"Zehenring Set"
"3877";"Zeichenblöcke";"28740";"Aquarellblock"
"3877";"Zeichenblöcke";"28742";"Malblock"
"3877";"Zeichenblöcke";"28741";"Skizzenblock"
"3877";"Zeichenblöcke";"28737";"Transparentpapierblock"
"3877";"Zeichenblöcke";"28739";"Zeichenblock"
"3877";"Zeichenblöcke";"28738";"Zeichenkartonblock"
"3878";"Zeitschaltuhren";"28744";"Funk-Zeitschaltuhr"
"3878";"Zeitschaltuhren";"28745";"Tageszeitschaltuhr"
"3878";"Zeitschaltuhren";"28746";"Wochenzeitschaltuhr"
"3878";"Zeitschaltuhren";"28743";"Zeitschaltuhr"
"3879";"Zeitungsständer";"28747";"Zeitungsständer"
"3880";"Zelte";"28770";"Angelzelt"
"3880";"Zelte";"28765";"aufblasbares Zelt"
"3880";"Zelte";"28763";"Auto-Faltgarage"
"3880";"Zelte";"28756";"Bikerzelt"
"3880";"Zelte";"28750";"Biwakzelt"
"3880";"Zelte";"28764";"Buszelt"
"3880";"Zelte";"28758";"Dachzelt"
"3880";"Zelte";"28773";"Einbogenzelt"
"3880";"Zelte";"28774";"Faltzelt"
"3880";"Zelte";"28757";"Firstzelt"
"3880";"Zelte";"28762";"Geodätzelt"
"3880";"Zelte";"28759";"Gerätezelt"
"3880";"Zelte";"28751";"Gruppenzelt"
"3880";"Zelte";"28778";"Hängezelt"
"3880";"Zelte";"28775";"Hauszelt"
"3880";"Zelte";"28755";"Igluzelt"
"3880";"Zelte";"28754";"Innenzelt"
"3880";"Zelte";"28777";"Küchenzelt"
"3880";"Zelte";"28769";"Kuppelzelt"
"3880";"Zelte";"28772";"Lichtzelt"
"3880";"Zelte";"28779";"Markisenvorzelt"
"3880";"Zelte";"28760";"Poolüberdachung"
"3880";"Zelte";"28753";"Prahmzelt"
"3880";"Zelte";"28766";"Pyramidenzelt"
"3880";"Zelte";"28780";"Saunazelt"
"3880";"Zelte";"28748";"Schirmzelt"
"3880";"Zelte";"28749";"Strandmuschel"
"3880";"Zelte";"28761";"Tarp-Zelt"
"3880";"Zelte";"28768";"Tipi-Zelt"
"3880";"Zelte";"28771";"Tunnelzelt"
"3880";"Zelte";"28752";"Vorzelt"
"3880";"Zelte";"28776";"Windschutz"
"3880";"Zelte";"28767";"Wurfzelt"
"3881";"Zeltheringe";"28781";"LED-Zelthering"
"3881";"Zeltheringe";"28782";"Zelthering"
"3882";"Zeltstangen";"28783";"Schleusenstab"
"3882";"Zeltstangen";"28784";"Zeltstange"
"3883";"Zement";"28788";"Ausgleichsmasse"
"3883";"Zement";"28785";"Beton"
"3883";"Zement";"28786";"Estrich"
"3883";"Zement";"28787";"Trockenbeton"
"3883";"Zement";"28789";"Zement"
"3884";"Zentrifugen";"28791";"Honigschleuder"
"3884";"Zentrifugen";"28790";"Laborzentrifuge"
"3884";"Zentrifugen";"28792";"Milchzentrifuge"
"3885";"Zerkleinerer";"28795";"Akku-Smoothie-Maker"
"3885";"Zerkleinerer";"28802";"Akku-Zerkleinerer"
"3885";"Zerkleinerer";"28803";"Elektrischer Shaker"
"3885";"Zerkleinerer";"28800";"Fleischwolf"
"3885";"Zerkleinerer";"28798";"Gemüsehacker"
"3885";"Zerkleinerer";"28799";"Gemüseschneider"
"3885";"Zerkleinerer";"28796";"Smoothie-Maker"
"3885";"Zerkleinerer";"28797";"Spiralschneider"
"3885";"Zerkleinerer";"28793";"Standmixer"
"3885";"Zerkleinerer";"28794";"Zerkleinerer"
"3885";"Zerkleinerer";"28801";"Zwiebelhacker"
"3886";"Zielscheiben";"28808";"3D-Ziel"
"3886";"Zielscheiben";"28804";"Dartscheibe"
"3886";"Zielscheiben";"28806";"Kugelfang"
"3886";"Zielscheiben";"28805";"Zielscheibe"
"3886";"Zielscheiben";"28807";"Zielscheibenauflage"
"3887";"Zirkel";"28810";"Spitzzirkel"
"3887";"Zirkel";"28809";"Zirkel"
"3888";"Zuckerstreuer";"28811";"Puderzuckerstreuer"
"3888";"Zuckerstreuer";"28812";"Zuckerstreuer"
"3889";"Zuckerwattemaschinen";"28813";"Zuckerwattemaschine"
"3890";"Zugeisen";"28814";"Zugeisen"
"3897";"Zündkerzen";"28830";"Zündkerze"
"3891";"Zweiraddoppelständer";"28816";"Fahrrad-Doppelständer"
"3891";"Zweiraddoppelständer";"28815";"Motorrad-Hauptständer"
"3892";"Zweiradseitenständer";"28818";"Fahrrad-Hinterbauständer"
"3892";"Zweiradseitenständer";"28817";"Fahrrad-Mittelbauständer"
"3892";"Zweiradseitenständer";"28819";"Fahrrad-Seitenständer"
"3892";"Zweiradseitenständer";"28820";"Motorrad-Seitenständer"
"3893";"Zwiebelpflanzer";"28821";"Pflanzer"
"3894";"Zwingen";"28827";"Eckenspanner"
"3894";"Zwingen";"28822";"Einhandzwinge"
"3894";"Zwingen";"28824";"Klemmzwinge"
"3894";"Zwingen";"28826";"Schraubzwinge"
"3894";"Zwingen";"28825";"Spannzwinge"
"3894";"Zwingen";"28823";"Zwinge"
"3895";"Zwischenbaurahmen";"28828";"Zwischenbaurahmen"
"3896";"Zyklusmessgeräte";"28829";"Fertilitätsmonitor"
