"ean";"product_count";"active_product_count";"source_ids";"product_numbers"
"4062292000003";"2";"2";"117781|320498";"CouchtischCT9010|4062292000003"
"4062292000010";"2";"2";"117845|320505";"CouchtischCT9012|4062292000010"
"4062292000027";"2";"2";"118068|453580";"SofaF3014B|4062292000027"
"4062292000041";"2";"2";"122178|463143";"SofaF3014D|4062292000041"
"4062292000058";"2";"2";"122253|462858";"SofaF3008|4062292000058"
"4062292000065";"2";"2";"122330|463116";"SofaF3008B|4062292000065"
"4062292000072";"2";"2";"122407|463165";"SofaF3008C|4062292000072"
"4062292000089";"2";"2";"122484|463091";"SofaF3008D|4062292000089"
"4062292000096";"2";"2";"122559|463264";"SofaF3011|4062292000096"
"4062292000102";"2";"2";"122636|463119";"SofaF3011B|4062292000102"
"4062292000119";"2";"2";"122714|454377";"SofaF3011C|4062292000119"
"4062292000126";"2";"2";"122992|463164";"SofaF3012|4062292000126"
"4062292000133";"2";"2";"123262|454155";"SofaF3013|4062292000133"
"4062292000140";"2";"2";"123538|453964";"SofaF3014|4062292000140"
"4062292000157";"2";"2";"123615|453962";"SofaF3015|4062292000157"
"4062292000164";"2";"2";"123692|463062";"SofaF3016|4062292000164"
"4062292000171";"2";"2";"123769|462856";"SofaF3017|4062292000171"
"4062292000201";"2";"2";"124000|453194";"SofaF3018|4062292000201"
"4062292000218";"2";"2";"124481|463176";"SofaG8001|4062292000218"
"4062292000225";"2";"2";"124560|463117";"SofaG8001B|4062292000225"
"4062292000232";"2";"2";"124837|463133";"SofaG8001C|4062292000232"
"4062292000249";"2";"2";"124914|453452";"SofaG8001D|4062292000249"
"4062292000256";"2";"2";"124989|453960";"SofaG8001E|4062292000256"
"4062292000263";"2";"2";"125598|462853";"SofaG8002B|4062292000263"
"4062292000270";"2";"2";"125675|453455";"SofaG8002C|4062292000270"
"4062292000287";"2";"1";"125752|434806";"SofaG8002D|JVM4062292000287"
"4062292000294";"2";"2";"126029|453957";"SofaG8002E|4062292000294"
"4062292000300";"2";"2";"126266|463196";"SofaG8003|4062292000300"
"4062292000317";"2";"2";"126564|453963";"SofaG8003B|4062292000317"
"4062292000324";"2";"2";"126664|453458";"SofaG8003C|4062292000324"
"4062292000331";"2";"2";"126741|463160";"SofaG8003D|4062292000331"
"4062292000348";"2";"2";"126816|462852";"SofaG8003E|4062292000348"
"4062292000355";"2";"2";"135661|462855";"SofaG8004|4062292000355"
"4062292000379";"2";"2";"135815|453577";"Sofa8004C|4062292000379"
"4062292000386";"2";"2";"136208|453673";"SofaG8004D|4062292000386"
"4062292000393";"2";"2";"136441|453670";"SofaG8004F|4062292000393"
"4062292000409";"2";"2";"136834|316315";"PufaFT01|4062292000409"
"4062292000416";"2";"2";"136888|316234";"PufaFT002|4062292000416"
"4062292000423";"2";"2";"136942|316241";"PufaFT003|4062292000423"
"4062292000430";"2";"2";"136996|316172";"PufaFT004|4062292000430"
"4062292000447";"2";"2";"137050|316186";"PufaFT006|4062292000447"
"4062292000454";"2";"2";"137104|316193";"PufaFT007|4062292000454"
"4062292000461";"2";"2";"137158|316200";"PufaFT008|4062292000461"
"4062292000478";"3";"3";"137371|316227|468120";"PufaFT009|4062292000478|JVM4062292000478"
"4062292000867";"2";"2";"137583|452975";"Sofa1201B|4062292000867"
"4062292000874";"2";"2";"137856|452890";"Sofa1504B|4062292000874"
"4062292000881";"2";"2";"138128|452928";"Sofa1504C|4062292000881"
"4062292000898";"2";"2";"138401|452959";"Sofa1505ANG|4062292000898"
"4062292000911";"2";"2";"138803|452894";"Sofa1530B|4062292000911"
"4062292000928";"2";"2";"139248|452929";"Sofa1541|4062292000928"
"4062292000935";"2";"2";"139349|343251";"Sofa1554|4062292000935"
"4062292000942";"2";"2";"139450|452886";"Sofa2227|4062292000942"
"4062292000959";"2";"2";"139551|452904";"Sofa2235|4062292000959"
"4062292000966";"3";"2";"140168|452893|469648";"Sofa2236|4062292000966|JVM_4062292000966"
"4062292000973";"3";"3";"141878|452884|469060";"Sofa2242|4062292000973|JVM4062292000973"
"4062292000980";"2";"2";"141979|452883";"Sofa2263|4062292000980"
"4062292001000";"2";"2";"142181|452877";"Sofa2276|4062292001000"
"4062292001017";"2";"2";"142282|452899";"Sofa2278|4062292001017"
"4062292001024";"3";"3";"142383|452863|469630";"Sofa2280|4062292001024|JVM_4062292001024"
"4062292001055";"2";"2";"142705|452859";"Sofa2512|4062292001055"
"4062292001215";"2";"2";"132636|475847";"4062292001215|JVM4062292001215"
"4062292001291";"2";"1";"129476|325121";"4062292001291|JVM4062292001291"
"4062292001826";"3";"3";"107638|462871|469635";"Sofa|4062292001826|JVM_4062292001826"
"4062292001833";"2";"2";"107715|453565";"SofaA1109|4062292001833"
"4062292001857";"2";"2";"107867|462865";"SofaA1111|4062292001857"
"4062292001864";"2";"2";"107944|453175";"SofaA1112|4062292001864"
"4062292001871";"2";"2";"108021|453973";"SofaA1116|4062292001871"
"4062292001888";"2";"2";"108098|462869";"SofaA1120|4062292001888"
"4062292001895";"2";"2";"108478|462868";"SofaA1121|4062292001895"
"4062292001901";"2";"2";"108555|453665";"SofaA1121B|4062292001901"
"4062292001918";"2";"2";"108638|463146";"SofaA1121C|4062292001918"
"4062292001925";"2";"2";"108911|462861";"SofaA1122|4062292001925"
"4062292001932";"2";"2";"109104|453971";"SofaA1126|4062292001932"
"4062292001949";"2";"2";"109265|453969";"SofaA1127|4062292001949"
"4062292001956";"2";"2";"109342|463123";"SofaA1128|4062292001956"
"4062292001963";"2";"2";"109619|463099";"SofaA1130|4062292001963"
"4062292001970";"2";"2";"109696|462867";"SofaA1131|4062292001970"
"4062292001987";"2";"2";"110255|463063";"SofaA1146|4062292001987"
"4062292001994";"2";"2";"110454|463122";"SofaA1147|4062292001994"
"4062292002007";"2";"2";"107559|462866";"SofaA1159|4062292002007"
"4062292002014";"3";"1";"154949|344647|435573";"4062292002014|JVM4062292002014|JVM_4062292002014"
"4062292002045";"2";"2";"110721|453714";"SofaA1163|4062292002045"
"4062292002052";"2";"2";"110808|462864";"SofaA1163B|4062292002052"
"4062292002069";"2";"2";"110885|462863";"SofaA1163C|4062292002069"
"4062292002076";"2";"2";"110962|453167";"SofaA1163D|4062292002076"
"4062292002083";"2";"2";"111039|454158";"SofaA1163E|4062292002083"
"4062292002090";"2";"2";"111116|463120";"SofaB2006|4062292002090"
"4062292002106";"2";"2";"111193|453169";"SofaB2006B|4062292002106"
"4062292002113";"2";"2";"111472|453193";"SofaB2011|4062292002113"
"4062292002137";"2";"2";"112011|463121";"SofaB2017B|4062292002137"
"4062292002144";"2";"2";"112088|462857";"SofaB2021|4062292002144"
"4062292002151";"2";"2";"112165|454157";"SofaB2023|4062292002151"
"4062292002168";"2";"2";"112240|462860";"SofaB2027|4062292002168"
"4062292002199";"2";"2";"112673|463118";"SofaC4011|4062292002199"
"4062292002205";"2";"2";"112751|463251";"SofaC4011B|4062292002205"
"4062292002212";"2";"2";"113034|453465";"SofaC4011C|4062292002212"
"4062292002229";"2";"2";"113123|320512";"CouchtischCT9001|4062292002229"
"4062292002236";"2";"2";"113388|320543";"CouchtischCT9002|4062292002236"
"4062292002243";"2";"2";"113452|320550";"CouchtischCT9003|4062292002243"
"4062292002250";"2";"2";"117220|320573";"CouchtischCT9004|4062292002250"
"4062292002267";"2";"2";"117375|320404";"CouchtischCT9005|4062292002267"
"4062292002274";"2";"2";"117460|320414";"CouchtischCT9006|4062292002274"
"4062292002281";"2";"2";"117524|320425";"CouchtischCT9007|4062292002281"
"4062292002298";"2";"2";"117588|320437";"CouchtischCT9008|4062292002298"
"4062292002304";"2";"2";"117652|320484";"CouchtischCT9008B|4062292002304"
"4062292002311";"2";"2";"117716|320491";"CouchtischCT9009|4062292002311"
"4062292004407";"2";"2";"148179|456834";"4062292004407|JVM4062292004407"
"4062292004698";"2";"1";"210439|456832";"4062292004698|JVM4062292004698"
"4062292004872";"2";"2";"146256|162938";"4062292004872|JVM4062292004872"
"4062292005091";"3";"2";"146268|469415|469459";"4062292005091|JVM4062292005091|JVM_4062292005091"
"4062292005107";"2";"2";"148167|434440";"4062292005107|JVM4062292005107"
"4062292005138";"2";"1";"146217|249431";"4062292005138|JVM4062292005138"
"4062292005152";"2";"2";"148401|398294";"4062292005152|JVM4062292005152"
"4062292005176";"2";"1";"146160|474965";"4062292005176|JVM4062292005176"
"4062292005220";"2";"1";"146187|456814";"4062292005220|JVM4062292005220"
"4062292005336";"2";"2";"146085|311056";"4062292005336|JVM4062292005336"
"4062292005510";"2";"2";"147780|441361";"4062292005510|JVM4062292005510"
"4062292005541";"2";"2";"147861|441364";"4062292005541|JVM4062292005541"
"4062292005763";"2";"2";"147723|469377";"4062292005763|JVM4062292005763"
"4062292005916";"2";"2";"146469|191327";"4062292005916|JVM4062292005916"
"4062292006234";"2";"1";"146367|249475";"4062292006234|JVM4062292006234"
"4062292006258";"2";"2";"146412|157485";"4062292006258|4062292006258Sofort"
"4062292006296";"2";"2";"455179|455190";"4062292006296|4062292006289"
"4062292006418";"2";"2";"148041|434292";"4062292006418|JVM4062292006418"
"4062292006425";"2";"2";"145662|434541";"4062292006425|JVM4062292006425"
"4062292006524";"2";"2";"145647|474789";"4062292006524|JVM4062292006524"
"4062292006692";"2";"1";"145850|438838";"4062292006692|JVM4062292006692"
"4062292006784";"2";"2";"145875|455879";"4062292006784|JVM4062292006784"
"4062292006883";"2";"1";"145872|435747";"4062292006883|JVM4062292006883"
"4062292007040";"2";"2";"162930|162931";"4062292007040|JVM4062292007040"
"4062292007149";"3";"3";"145829|147615|469401";"4062292007149|JVM4062292007149|JVM_4062292007149"
"4062292007156";"2";"2";"148191|441182";"4062292007156|JVM4062292007156"
"4062292010026";"2";"2";"149146|183549";"4062292010026|JV4062292010026"
"4062292011702";"2";"2";"109773|249638";"4062292011702|JVM4062292011702"
"4062292012723";"2";"2";"118661|469651";"4062292012723|JVM_4062292012723"
"4062292012945";"2";"2";"119267|343719";"4062292012945|JVM4062292012945"
"4062292013027";"2";"2";"135503|183566";"4062292013027|JV4062292013027"
"4062292013157";"2";"1";"137187|405585";"4062292013157|JVM4062292013157"
"4062292013188";"2";"2";"140397|458424";"4062292013188|JVM4062292013188"
"4062292013201";"2";"2";"140514|441228";"4062292013201|JVM4062292013201"
"4062292013348";"2";"2";"141620|475060";"4062292013348|JVM4062292013348"
"4062292013355";"2";"2";"137400|256421";"4062292013355|JVM4062292013355"
"4062292013652";"2";"2";"129676|343970";"4062292013652|JVM4062292013652"
"4062292013812";"2";"2";"114917|475343";"4062292013812|JVM4062292013812"
"4062292014246";"2";"1";"120488|350283";"4062292014246|JVM4062292014246"
"4062292014291";"2";"2";"120967|474990";"4062292014291|JVM4062292014291"
"4062292014918";"2";"1";"348691|365450";"JVM4062292014918|JVM_4062292014918"
"4062292014932";"2";"2";"344674|469061";"4062292014932|JVM4062292014932"
"4062292015038";"2";"1";"345273|365451";"4062292015038|JVM4062292015038"
"4062292015700";"2";"1";"151555|468779";"4062292015700|JVM4062292015700"
"4062292015847";"2";"1";"150273|336099";"4062292015847|JVM4062292015847"
"4062292015991";"2";"2";"150333|468805";"4062292015991|JVM4062292015991"
"4062292016370";"2";"2";"149977|343250";"4062292016370|JVM4062292016370"
"4062292016486";"2";"2";"149887|312709";"062292016486|4062292016486"
"4062292016691";"2";"2";"151636|435605";"4062292016691|JVM_4062292016691"
"4062292016912";"2";"2";"144754|415268";"4062292016912|JVM4062292016912"
"4062292017520";"2";"1";"144723|342398";"4062292017520|JVM4062292017520"
"4062292017537";"2";"2";"144724|469315";"4062292017537|JVM4062292017537"
"4062292017568";"2";"2";"144726|191336";"4062292017568|JVM4062292017568"
"4062292017650";"2";"1";"144735|469265";"4062292017650|JVM4062292017650"
"4062292017964";"2";"2";"144411|191338";"4062292017964|JVM4062292017964"
"4062292018411";"2";"2";"144359|454640";"Design-Esszimmer-Garnitur-Stuhl-Set-Tisch-12|4062292018411"
"4062292018749";"2";"1";"148242|344648";"4062292018749|JVM4062292018749"
"4062292019296";"2";"1";"145536|434291";"4062292019296|JVM4062292019296"
"4062292019593";"2";"2";"146052|441025";"4062292019593|JVM4062292019593"
"4062292019630";"2";"1";"145566|441022";"4062292019630|JVM4062292019630"
"4062292019708";"2";"2";"146247|314452";"4062292019708|JVM4062292019708"
"4062292020162";"2";"2";"183591|343243";"JV4062292020162|4067282389939"
"4062292020681";"2";"1";"146442|470074";"4062292020681|JVM4062292020681"
"4062292020803";"2";"1";"148029|433108";"4062292020803|JVM4062292020803"
"4062292020957";"2";"1";"146586|456831";"4062292020957|JVM4062292020957"
"4062292021497";"2";"2";"147381|313545";"4062292021497|JVM4062292021497"
"4062292022159";"2";"1";"147852|351879";"4062292022159|JVM4062292022159"
"4062292022463";"2";"2";"145716|145725";"4062292022463|JVM4062292022463"
"4062292022470";"2";"1";"145758|469412";"4062292022470|JVM4062292022470"
"4062292023187";"2";"2";"146655|146718";"4062292023187|JVM4062292023187"
"4062292024153";"2";"1";"147060|441342";"4062292024153|JVM4062292024153"
"4062292024238";"2";"2";"147507|338432";"4062292024238|JVM4062292024238"
"4062292024528";"2";"2";"210405|210411";"4062292024528|JVM4062292024528"
"4062292024917";"2";"2";"147129|147132";"4062292024917|4062292023774"
"4062292024948";"2";"2";"147525|469390";"4062292024948|JVM4062292024948"
"4062292026454";"3";"1";"151439|339673|437428";"4062292026454|JVM4062292026454|JVM4260499877538"
"4062292028175";"2";"2";"150868|385930";"4062292028175|JVM4062292028175"
"4062292028502";"2";"1";"150847|285926";"4062292028502|JVM4062292028502"
"4062292028571";"2";"2";"150752|441217";"4062292028571|JVM4062292028571"
"4062292028601";"2";"2";"151251|468070";"4062292028601|JVM4062292028601"
"4062292028632";"2";"1";"150800|441227";"4062292028632|JVM4062292028632"
"4062292029332";"2";"1";"150770|468043";"4062292029332|JVM4062292029332"
"4062292029363";"2";"1";"150854|339828";"4062292029363|JVM4062292029363"
"4062292029646";"2";"1";"150836|438855";"4062292029646|JVM4062292029646"
"4062292031250";"2";"2";"151293|283536";"4062292031250|JVM4062292031250"
"4062292031496";"2";"2";"151412|468044";"4062292031496|JVM4062292031496"
"4062292031779";"2";"1";"151066|462521";"4062292031779|JVM4062292031779"
"4062292031908";"2";"2";"151484|351542";"4062292031908|JVM4062292031908"
"4062292031977";"2";"1";"151022|331841";"4062292031977|JVM4062292031977"
"4062292032059";"3";"3";"151473|163681|183552";"4062292032059|JVM4062292032059|JV4062292032059"
"4062292032677";"2";"2";"151112|469406";"4062292032677|JVM4062292032677"
"4062292032707";"2";"2";"455236|475987";"4062292032707|JVM4062292032707"
"4062292033209";"2";"2";"150991|469264";"4062292033209|JVM4062292033209"
"4062292033469";"2";"2";"150980|296643";"4062292033469|JVM4062292033469"
"4062292033537";"2";"2";"150981|294628";"4062292033537|JVM4062292033537"
"4062292033933";"2";"2";"151240|191331";"4062292033933|JVM4062292033933"
"4062292033940";"2";"2";"151239|191332";"4062292033940|JVM4062292033940"
"4062292034565";"2";"2";"151267|351540";"4062292034565|JVM4062292034565"
"4062292034596";"2";"2";"151359|250629";"4062292034596|JVM4062292034596"
"4062292034602";"2";"1";"151191|440935";"4062292034602|JVM4062292034602"
"4062292034794";"2";"2";"151225|468042";"4062292034794|JVM4062292034794"
"4062292036798";"2";"1";"145470|441583";"4062292036798|JVM4062292036798"
"4062292037061";"2";"2";"153176|469044";"4062292037061|JVM4062292037061"
"4062292037313";"2";"2";"152962|440887";"4062292037313|JVM4062292037313"
"4062292037627";"2";"2";"152477|435743";"4062292037627|JVM4062292037627"
"4062292038129";"2";"2";"152188|340104";"4062292038129|JVM4062292038129"
"4062292039638";"2";"2";"178541|450671";"406229203963|4062292039638"
"4062292039690";"2";"2";"178535|250711";"4062292039690|JVM4062292039690"
"4062292042263";"2";"1";"147738|469423";"4062292042263|JVM4062292042263"
"4062292042621";"2";"2";"150767|470041";"4062292042621|JVM4062292042621"
"4062292043987";"2";"2";"150580|339674";"4062292043987|JVM4062292043987"
"4062292044021";"2";"1";"150594|468041";"4062292044021|JVM4062292044021"
"4062292045196";"2";"2";"150459|469512";"4062292045196|JVM4062292045196"
"4062292048494";"2";"1";"347124|468427";"4062292048494|JVM4062292048494"
"4062292048524";"2";"1";"161595|343061";"4062292048524|JVM4062292048524"
"4062292051357";"2";"2";"162236|474739";"4062292051357|JVM4062292051357"
"4062292051470";"2";"2";"163552|438603";"4062292051470|JVM4062292051470"
"4062292063589";"2";"2";"177453|339824";"4062292063589|JVM4062292063589"
"4062292063602";"2";"2";"177451|447037";"4062292063602|JVM4062292063602"
"4062292063671";"2";"2";"177444|340001";"4062292063671|JVM4062292063671"
"4062292065736";"2";"1";"176843|345889";"4062292065736|JVM_4062292065736"
"4062292065781";"2";"2";"176838|351875";"4062292065781|JVM4062292065781"
"4062292067570";"2";"2";"171201|289688";"4062292067570|JVM4062292067570"
"4062292067693";"2";"2";"171188|171189";"4062292067709|4062292067693"
"4062292069024";"2";"2";"170672|250615";"4062292069024|JVM4062292069024"
"4062292070396";"2";"1";"170075|250633";"4062292070396|JVM4062292070396"
"4062292071423";"2";"2";"475753|475754";"4062292071423|JVM4062292071423"
"4062292072543";"2";"2";"166653|249519";"4062292072543|JVM4062292072543"
"4062292073175";"2";"1";"166372|391332";"4062292073175|JVM4062292073175"
"4062292074769";"2";"1";"163359|348706";"4062292074769|JVM4062292074769"
"4062292075438";"2";"2";"185221|192783";"4062292075438|JVM4062292075438"
"4062292075506";"2";"2";"184976|192701";"4062292075506|4062292700705"
"4062292076114";"2";"2";"192761|475181";"4062292076114|JVM4062292076114"
"4062292076329";"2";"2";"184459|475713";"4062292076329|JVM4062292076329"
"4062292076336";"3";"3";"192749|343230|351500";"4062292076336|JVM4062292076336|JVM_4062292076336"
"4062292089091";"2";"2";"161071|343262";"4062292089091|JVM4062292089091"
"4062292090035";"2";"2";"160507|340227";"4062292090035|JVM4062292090035"
"4062292090134";"2";"2";"183359|311728";"JVM4062292090134|JVM_4062292090134"
"4062292090189";"2";"1";"160417|303725";"4062292090189|JVM4062292090189"
"4062292090264";"2";"2";"160363|160369";"4062292090264|JVM4062292090264"
"4062292090387";"2";"2";"160297|433109";"4062292090387|JVM4062292090387"
"4062292090646";"2";"2";"160141|160147";"4062292090646|JVM4062292090646"
"4062292091049";"2";"2";"159907|326645";"4062292091049|JVM4062292091049"
"4062292091063";"2";"2";"159895|327253";"4062292091063|JVM4062292091063"
"4062292091070";"2";"2";"159241|326642";"4062292091070|JVM4062292091070"
"4062292091247";"2";"2";"159787|340098";"4062292091247|JVM4062292091247"
"4062292091445";"2";"2";"159661|159667";"4062292091445|JVM4062292091445"
"4062292091452";"2";"2";"159655|343274";"4062292091452|JVM4062292091452"
"4062292091469";"2";"1";"159649|475848";"4062292091469|JVM4062292091469"
"4062292091506";"2";"2";"159625|327252";"4062292091506|JVM4062292091506"
"4062292091513";"2";"2";"159619|343206";"4062292091513|JVM4062292091513"
"4062292091568";"2";"1";"159589|343203";"4062292091568|JVM4062292091568"
"4062292091575";"2";"2";"159583|345733";"4062292091575|JVM4062292091575"
"4062292091582";"2";"2";"159577|344131";"4062292091582|JVM4062292091582"
"4062292092152";"2";"2";"159235|327319";"4062292092152|JVM4062292092152"
"4062292092381";"2";"2";"159097|311352";"4062292092381|JVM4062292092381"
"4062292092541";"2";"2";"159001|302879";"4062292092541|4062292349881"
"4062292092763";"2";"2";"158875|327194";"4062292092763|JVM4062292092763"
"4062292093623";"2";"2";"158371|327297";"4062292093623|JVM4062292093623"
"4062292093708";"2";"2";"158323|340007";"4062292093708|JVM4062292093708"
"4062292093753";"2";"2";"158299|158305";"4062292093753|JVM4062292093753"
"4062292093869";"3";"3";"158227|418273|435572";"4062292093869|JVM4062292093869|JVM_4062292093869"
"4062292094088";"2";"2";"158106|340235";"4062292094088|JVM4062292094088"
"4062292094095";"2";"2";"158100|326600";"4062292094095|JVM4062292094095"
"4062292094149";"2";"2";"161317|327192";"4062292094149|JVM4062292094149"
"4062292094279";"2";"2";"158016|327173";"4062292094279|JVM4062292094279"
"4062292094767";"2";"2";"157854|182913";"4062292094767|JVM4062292094767"
"4062292094798";"2";"2";"161209|468034";"4062292094798|JVM4062292094798"
"4062292094842";"2";"2";"157830|344661";"4062292094842|JVM4062292094842"
"4062292094927";"2";"2";"157788|448904";"4062292094927|JVM4062292094927"
"4062292095009";"2";"2";"157740|337223";"4062292095009|JVM4062292095009"
"4062292095092";"2";"2";"157686|345235";"4062292095092|JVM4062292095092"
"4062292095122";"2";"2";"157668|344660";"4062292095122|JVM4062292095122"
"4062292095177";"2";"2";"157644|440071";"4062292095177|JVM4062292095177"
"4062292095375";"2";"1";"157524|381393";"4062292095375|JVM4062292095375"
"4062292095399";"2";"2";"157500|343201";"4062292095399|JVM4062292095399"
"4062292096471";"2";"1";"163242|250410";"4062292096471|JVM4062292096471"
"4062292098222";"2";"2";"163072|315973";"4062292098222|JVM4062292098222"
"4062292100932";"2";"2";"22743|181765";"4260454041851|4062292100932"
"4062292101274";"2";"2";"161407|469418";"4062292101274|JVM4062292101274"
"4062292101359";"2";"2";"161385|469385";"4062292101359|JVM4062292101359"
"4062292101441";"2";"1";"161402|344656";"4062292101441|JVM4062292101441"
"4062292101687";"2";"2";"162971|469617";"4062292101687|JVM4062292101687"
"4062292101779";"2";"2";"162962|469350";"4062292101779|JVM4062292101779"
"4062292101809";"2";"2";"162959|334386";"4062292101809|JVM4062292101809"
"4062292101892";"2";"2";"162950|191303";"4062292101892|JVM4062292101892"
"4062292101915";"2";"2";"162948|469430";"4062292101915|JVM4062292101915"
"4062292102110";"2";"2";"163651|351900";"4062292102110|JVM4062292102110"
"4062292103223";"2";"2";"161411|475184";"4062292103223|JVM4062292103223"
"4062292103605";"2";"1";"183451|389611";"4062292103605|JVM4062292103605"
"4062292103612";"2";"2";"183452|191321";"4062292103612|JVM4062292103612"
"4062292104145";"2";"1";"181733|339979";"4062292104145|JVM4062292104145"
"4062292104244";"2";"1";"181723|342584";"4062292104244|JVM4062292104244"
"4062292104251";"2";"2";"181721|181722";"4062292104251|JVM4062292104251"
"4062292104640";"2";"2";"177065|177142";"4062292104640|JVM4062292104640"
"4062292104770";"2";"2";"175994|469752";"4062292104770|JVM_4062292104770"
"4062292105265";"2";"1";"174501|343257";"4062292105265|JVM4062292105265"
"4062292105616";"2";"2";"173427|173504";"4062292105616|JVM4062292105616"
"4062292115813";"2";"2";"188982|469484";"4062292115813|JVM4062292115813"
"4062292120176";"2";"2";"188626|468424";"4062292120176|JVM4062292120176"
"4062292120480";"2";"2";"188622|188694";"4062292120480|4062292119330"
"4062292122927";"2";"1";"183364|350246";"4062292122927|JVM4062292122927"
"4062292122996";"2";"2";"183356|249430";"4062292122996|JVM4062292122996"
"4062292123085";"2";"1";"183348|338640";"4062292123085|JVM4062292123085"
"4062292124457";"2";"2";"183105|293443";"4062292124457|JVM4062292124457"
"4062292126666";"2";"2";"182885|249495";"4062292126666|JVM4062292126666"
"4062292127175";"2";"2";"182837|435753";"4062292127175|JVM4062292127175"
"4062292128844";"2";"1";"182563|469426";"4062292128844|JVM4062292128844"
"4062292129834";"2";"2";"183706|183926";"4062292129872|4062292129834"
"4062292129933";"2";"1";"183921|346509";"4062292129933|JVM4062292129933"
"4062292129964";"2";"1";"183700|435691";"4062292129964|JVM4062292129964"
"4062292130090";"2";"2";"183913|339851";"4062292130090|JVM4062292130090"
"4062292130113";"2";"2";"183906|450950";"4062292130113|JVM4062292130113"
"4062292130120";"2";"1";"183907|438637";"4062292130120|JVM4062292130120"
"4062292130779";"2";"1";"183667|329136";"4062292130779|JVM4062292130779"
"4062292131714";"2";"1";"183835|339846";"4062292131714|JVM4062292131714"
"4062292131752";"2";"2";"183831|314451";"4062292131752|JVM4062292131752"
"4062292132001";"2";"1";"183818|350371";"4062292132001|JVM4062292132001"
"4062292132193";"2";"2";"183796|183805";"4062292132308|4062292132193"
"4062292132469";"2";"2";"183787|339632";"4062292132469|JVM4062292132469"
"4062292132490";"2";"2";"183628|440161";"4062292132490|JVM4062292132490"
"4062292132681";"2";"1";"183779|276467";"4062292132681|JVM4062292132681"
"4062292133619";"23";"23";"336867|336868|336869|336870|336871|336872|336873|336874|336875|336876|336878|336919|336920|336921|336923|336924|336925|336926|336927|336928|336929|336930|338237";"4062292133619|4062292133671|4062292133794|4062292133855|4062292133626|4062292134227|4062292134395|4062292134272|4062292134159|4062292134210|4062292134388|4062292133510|4062292133602|4062292133664|4062292133787|4062292133961|4062292133725|4062292133909|4062292134203|4062292134142|4062292134326|4062292134258|4067282619364"
"4062292134654";"2";"2";"191278|211101";"JVM4062292134654|4062292134654"
"4062292135491";"2";"2";"183202|191323";"4062292135491|JVM4062292135491"
"4062292135538";"2";"2";"182098|464055";"4062292135538|4062292109997"
"4062292135545";"2";"2";"182136|467207";"4062292135545|4062292109591"
"4062292135804";"2";"2";"182062|464063";"4062292135804|4062292120626"
"4062292137341";"2";"2";"186729|469396";"4062292137341|JVM4062292137341"
"4062292137358";"2";"2";"186728|469395";"4062292137358|JVM4062292137358"
"4062292139161";"2";"2";"330552|330827";"4062292139161|4062292169434"
"4062292139567";"2";"2";"186504|321103";"4062292139567|4067282425415"
"4062292139703";"2";"2";"186421|211123";"4062292139703|JVM4062292139703"
"4062292140112";"2";"2";"186227|186361";"4062292140631|4062292140112"
"4062292140990";"2";"1";"463178|469072";"4062292140990|JVM4062292140990"
"4062292142390";"2";"2";"186066|453558";"4062292142390|4067282570290"
"4062292142406";"2";"2";"186065|457612";"4062292142406|4067282570283"
"4062292142901";"2";"2";"186055|453414";"4062292142901|4067282570344"
"4062292142918";"2";"2";"186054|453142";"4062292142918|4067282570368"
"4062292142925";"2";"2";"186053|453137";"4062292142925|4067282570375"
"4062292142956";"2";"2";"186050|475755";"4062292142956|JVM4062292142956"
"4062292142963";"2";"2";"186049|453140";"4062292142963|4067282570313"
"4062292142970";"2";"2";"186048|453139";"4062292142970|4067282570306"
"4062292143397";"2";"2";"186009|453742";"4062292143397|4067282570351"
"4062292143458";"2";"2";"186003|453048";"4062292143458|4067282570276"
"4062292143472";"2";"2";"186001|453047";"4062292143472|4067282570252"
"4062292143496";"2";"2";"185999|453046";"4062292143496|4067282570269"
"4062292143526";"2";"2";"185996|453529";"4062292143526|4067282570320"
"4062292143533";"2";"2";"185995|453044";"4062292143533|4067282570238"
"4062292143564";"2";"2";"185992|453040";"4062292143564|4067282570337"
"4062292144325";"2";"2";"453907|462788";"4062292144325|4067282198906"
"4062292144653";"2";"2";"453866|462765";"4062292144653|4067282201668"
"4062292144875";"2";"2";"453493|469068";"4062292144875|JVM4062292144875"
"4062292145940";"2";"2";"452932|462684";"4062292145940|4067282198982"
"4062292146091";"2";"2";"348871|462733";"4062292146091|4067282201422"
"4062292146237";"2";"2";"453911|462726";"4062292146237|4067282200500"
"4062292147081";"2";"2";"186613|186614";"4062292147081|JVM4062292147081"
"4062292155529";"2";"2";"186521|313320";"4062292155529|JVM4062292155529"
"4062292157783";"2";"1";"186199|346507";"4062292157783|JVM4062292157783"
"4062292158018";"2";"2";"186160|470072";"4062292158018|JVM4062292158018"
"4062292161292";"2";"2";"216980|452439";"4062292161292|JVM4062292161292"
"4062292161711";"2";"2";"216607|469407";"4062292161711|JVM4062292161711"
"4062292161926";"2";"2";"187076|474792";"4062292161926|JVM4062292161926"
"4062292162534";"2";"2";"187005|191298";"4062292162534|JVM4062292162534"
"4062292163586";"2";"1";"192463|435306";"4062292163586|JVM4062292163586"
"4062292166419";"2";"2";"346093|455259";"4062292166419|4062292166402"
"4062292169267";"2";"2";"323306|415358";"4062292169267|JVM4062292169267"
"4062292177477";"2";"2";"245843|250566";"4062292177477|JVM4062292177477"
"4062292177668";"2";"2";"245822|302098";"4062292177668|JVM4062292177668"
"4062292177934";"2";"1";"245787|468059";"4062292177934|JVM4062292177934"
"4062292178818";"2";"2";"245710|250565";"4062292178818|JVM4062292178818"
"4062292179273";"2";"1";"245690|441318";"4062292179273|JVM4062292179273"
"4062292179280";"2";"1";"245660|250534";"4062292179280|JVM4062292179280"
"4062292180385";"2";"1";"188588|375469";"4062292180385|JVM4062292180385"
"4062292181214";"2";"2";"188539|188540";"4062292181214|JVM4062292181214"
"4062292181221";"2";"2";"188538|188542";"4062292181221|JVM4062292181221"
"4062292181900";"2";"2";"256998|396677";"4062292181900|JVM4062292181900"
"4062292182501";"2";"2";"451863|469137";"4062292182501|JVM4062292182501"
"4062292182846";"2";"2";"234672|234687";"4062292182846|4062292182648"
"4062292185076";"2";"2";"345917|346060";"4062292185076|4062292185045"
"4062292191114";"2";"2";"192121|469135";"4062292191114|JVM4062292191114"
"4062292192760";"2";"1";"187095|469367";"4062292192760|JVM4062292192760"
"4062292198991";"2";"2";"192085|469267";"4062292198991|JVM4062292198991"
"4062292202728";"2";"2";"189762|191890";"4062292202728|JVM4062292202728"
"4062292202773";"2";"2";"189521|190219";"4062292202773|JVM4062292202773"
"4062292202780";"2";"2";"189515|190225";"4062292202780|JVM4062292202780"
"4062292202902";"2";"2";"189557|190189";"4062292202902|JVM4062292202902"
"4062292202919";"2";"2";"189551|190195";"4062292202919|JVM4062292202919"
"4062292202926";"2";"2";"189545|190110";"4062292202926|JVM4062292202926"
"4062292202940";"2";"2";"189605|190122";"4062292202940|JVM4062292202940"
"4062292202957";"2";"2";"189599|190128";"4062292202957|JVM4062292202957"
"4062292202964";"2";"2";"189593|464088";"4062292202964|4062292546211"
"4062292202988";"2";"2";"189581|190050";"4062292202988|JVM4062292202988"
"4062292203008";"2";"2";"189641|190056";"4062292203008|JVM4062292203008"
"4062292203046";"2";"2";"189617|190068";"4062292203046|JVM4062292203046"
"4062292203060";"2";"2";"189683|190080";"4062292203060|JVM4062292203060"
"4062292203077";"2";"2";"190086|354138";"JVM4062292203077|4062292203077"
"4062292203367";"2";"1";"220417|450719";"4062292203367|JVM4062292203367"
"4062292203411";"2";"2";"192742|327274";"4062292203411|JVM4062292203411"
"4062292203466";"2";"2";"220407|328704";"4062292203466|JVM4062292203466"
"4062292203558";"2";"2";"192743|346531";"4062292203558|JVM4062292203558"
"4062292203565";"2";"1";"308667|457547";"4062292203565|JVM4062292203565"
"4062292203756";"2";"1";"220366|468764";"4062292203756|JVM4062292203756"
"4062292203787";"2";"2";"220391|249472";"4062292203787|JVM4062292203787"
"4062292203831";"2";"2";"234670|381150";"4062292203831|JVM4062292203831"
"4062292204050";"2";"2";"220356|469877";"4062292204050|JVM4062292204050"
"4062292204135";"2";"1";"220364|374571";"4062292204135|JVM4062292204135"
"4062292205439";"2";"2";"469394|469398";"JVM4062292205439|JVM_4062292205439"
"4062292207150";"2";"2";"220595|475173";"4062292207150|JVM_4062292207150"
"4062292207235";"2";"1";"220601|334001";"4062292207235|JVM4062292207235"
"4062292209178";"2";"2";"90448|188006";"JVM4062292003349|4062292209178"
"4062292213434";"2";"1";"224396|385944";"4062292213434|JVM4062292213441"
"4062292213472";"2";"2";"224399|468469";"4062292213472|JVM4062292213472"
"4062292213489";"2";"2";"224400|435750";"4062292213489|JVM4062292213489"
"4062292213526";"2";"1";"224403|355453";"4062292213526|JVM4062292213526"
"4062292213670";"2";"1";"224384|468278";"4062292213670|JVM4062292213670"
"4062292213700";"2";"1";"211186|438647";"4062292213700|JVM4062292213700"
"4062292213786";"2";"1";"211171|468477";"4062292213786|JVM4062292213786"
"4062292213854";"2";"1";"211191|260356";"4062292213854|JVM4062292213854"
"4062292213946";"2";"1";"211174|442385";"4062292213946|JVM4062292213946"
"4062292214318";"2";"2";"224357|344555";"4062292214318|JVM4062292214318"
"4062292214431";"2";"2";"211206|428797";"4062292214431|JVM4062292214431"
"4062292214608";"2";"2";"224308|343818";"4062292214608|JVM4062292214608"
"4062292214622";"2";"2";"224310|343894";"4062292214622|JVM4062292214622"
"4062292214790";"2";"1";"346584|440118";"4062292214790|JVM4062292214790"
"4062292215537";"2";"1";"211236|435510";"4062292215537|JVM4062292215537"
"4062292215544";"2";"1";"195834|340089";"4062292215544|JVM4062292215544"
"4062292216251";"2";"1";"211231|468132";"4062292216251|JVM4062292216251"
"4062292216732";"2";"1";"193365|456827";"4062292216732|JVM4062292216732"
"4062292216756";"2";"2";"193496|469846";"4062292216756|JVM_4062292216756"
"4062292217135";"2";"2";"220691|469352";"4062292217135|JVM4062292217135"
"4062292217159";"3";"2";"245429|346514|440905";"4062292217159|JVM4062292217159|JVM_4062292217159"
"4062292217326";"2";"2";"220679|475994";"4062292217326|JVM4062292217326"
"4062292217845";"2";"2";"220640|435745";"4062292217845|JVM4062292217845"
"4062292218125";"2";"1";"220612|428190";"4062292218125|JVM4062292218125"
"4062292218293";"2";"2";"346709|441335";"4062292218293|JVM4062292218293"
"4062292219535";"2";"1";"192568|439255";"4062292219535|JVM4062292219535"
"4062292219542";"2";"1";"192569|322799";"4062292219542|JVM4062292219542"
"4062292219559";"2";"2";"192570|341583";"4062292219559|JVM4062292219559"
"4062292221392";"2";"2";"216686|338641";"4062292221392|JVM4062292221392"
"4062292221552";"2";"1";"216624|419494";"4062292221552|JVM4062292221552"
"4062292221804";"2";"1";"216746|433107";"4062292221804|JVM4062292221804"
"4062292221828";"2";"1";"216744|437828";"4062292221828|JVM4062292221828"
"4062292221835";"2";"1";"216591|434547";"4062292221835|JVM4062292221835"
"4062292222078";"2";"1";"216725|342394";"4062292222078|JVM4062292222078"
"4062292222139";"2";"2";"216583|250596";"4062292222139|JVM4062292222139"
"4062292222573";"2";"1";"216712|283949";"4062292222573|JVM4062292222573"
"4062292222856";"2";"1";"216730|278458";"4062292222856|JVM4062292222856"
"4062292223013";"2";"2";"216742|216791";"4062292223051|4062292223013"
"4062292223044";"2";"2";"216621|374546";"4062292223044|JVM4062292223044"
"4062292223105";"2";"1";"216698|422104";"4062292223105|JVM4062292223105"
"4062292226823";"2";"0";"311995|325095";"JVM4062292226823|JVM_4062292226823"
"4062292226854";"3";"1";"256393|377120|469232";"4062292226854|JVM4062292226854|JVM_4062292226854"
"4062292226885";"2";"1";"257477|469316";"4062292226885|JVM4062292226885"
"4062292227325";"2";"2";"220783|338298";"4062292227325|JVM4062292227325"
"4062292227639";"2";"1";"220774|468045";"4062292227639|JVM4062292227639"
"4062292227646";"3";"2";"220775|469213|469329";"4062292227646|JVM_4062292227646|_JVM_4062292227646_"
"4062292251191";"2";"1";"210628|285424";"4062292251191|JVM4062292251191"
"4062292252839";"2";"2";"210489|346065";"4062292252839|JVM4062292252839"
"4062292254079";"2";"2";"452118|468002";"4062292254079|JVM4062292254079"
"4062292255786";"2";"1";"451874|464117";"4062292255786|JVM4062292255786"
"4062292258640";"2";"1";"451759|470143";"4062292258640|JVM4062292258640"
"4062292258824";"2";"2";"451736|470127";"4062292258824|JVM4062292258824"
"4062292259067";"2";"1";"332830|435803";"4062292259067|JVM4062292259067"
"4062292259289";"2";"1";"332704|470077";"4062292259289|JVM4062292259289"
"4062292260261";"2";"2";"338643|469486";"JVM4062292260261|4260439212658"
"4062292260483";"2";"2";"245929|469483";"4062292260483|JVM4062292260483"
"4062292260735";"2";"2";"220298|257449";"4062292260735|JVM4062292260735"
"4062292260759";"2";"2";"220300|456953";"JVM4062292260742|4062292260759"
"4062292261121";"2";"1";"220258|309709";"4062292261121|JVM4062292261121"
"4062292261558";"2";"1";"220220|331203";"4062292261558|JVM4062292261558"
"4062292261756";"2";"1";"226440|435590";"4062292261756|JVM4062292261756"
"4062292261770";"2";"2";"232199|435591";"4062292261770|JVM4062292261770"
"4062292261855";"2";"2";"234819|350331";"4062292261855|JVM4062292261855"
"4062292262067";"2";"2";"234790|475747";"4062292262067|JVM4062292262067"
"4062292262326";"2";"1";"234774|437824";"4062292262326|JVM_4062292262326"
"4062292262456";"2";"2";"234786|234795";"4062292262456|4062292262111"
"4062292274220";"2";"2";"257274|398341";"4062292274220|JVM4062292274220"
"4062292274336";"2";"1";"256706|328636";"4062292274336|JVM4062292274336"
"4062292274961";"2";"1";"257175|468346";"4062292274961|JVM4062292274961"
"4062292275081";"2";"2";"246520|469351";"4062292275081|JVM4062292275081"
"4062292275340";"2";"1";"246499|421383";"4062292275340|JVM4062292275340"
"4062292275869";"2";"1";"246463|396625";"4062292275869|JVM4062292275869"
"4062292278419";"2";"2";"251422|468033";"4062292278419|JVM4062292278419"
"4062292278631";"2";"2";"251287|468467";"4062292278631|JVM4062292278631"
"4062292279522";"2";"1";"250970|438897";"4062292279522|JVM4062292279522"
"4062292279539";"2";"2";"251094|423577";"4062292279539|JVM4062292279539"
"4062292279928";"2";"1";"249750|475249";"4062292279928|JVM4062292279928"
"4062292279966";"2";"2";"249753|292880";"4062292279966|JVM4062292279966"
"4062292282317";"2";"2";"268157|341510";"4062292282317|JVM4062292282317"
"4062292283239";"2";"1";"251756|469266";"4062292283239|JVM4062292283239"
"4062292283307";"2";"2";"249355|340244";"JVM4062292283307|4062292283307"
"4062292284298";"2";"2";"220746|312710";"JVM4062292773464|4062292284298"
"4062292284304";"2";"2";"211190|310214";"4062292213830|4062292284304"
"4062292284359";"2";"2";"82718|453178";"4260533182512A|4062292284359"
"4062292284366";"2";"2";"163184|312583";"JVM4062292097065|4062292284366"
"4062292285486";"2";"2";"343025|343033";"JVM4062292285486|JVM_4062292285486"
"4062292285837";"2";"2";"170726|313371";"4062292068478|4062292285837"
"4062292289699";"2";"2";"291079|469243";"4062292289699|JVM4062292289699"
"4062292289880";"2";"2";"288448|325110";"4062292289880|JVM4062292289880"
"4062292290558";"2";"2";"288216|291321";"4062292290558|JVM4062292290558"
"4062292290909";"4";"4";"287975|287994|287995|287996";"4062292290909|4062292290916|4062292290923|4062292290930"
"4062292291630";"2";"2";"285609|285630";"4062292291630|JVM4062292291630"
"4062292291661";"3";"3";"285564|285565|448932";"4062292291661|JVM4062292291661|4062292291678"
"4062292300998";"2";"2";"190327|190333";"4062292300998|JVM4062292300998"
"4062292301131";"2";"2";"190615|345189";"4062292301131|JVM4062292301131"
"4062292301209";"4";"4";"190585|191936|464105|464135";"4062292301209|JVM4062292301209|4062292301193|4062292301186"
"4062292301520";"2";"2";"190633|190657";"4062292301520|JVM4062292301520"
"4062292302282";"2";"1";"192016|415257";"4062292302282|JVM4062292302282"
"4062292302664";"2";"2";"190183|191203";"4062292302664|JVM4062292302664"
"4062292302688";"2";"2";"190237|191191";"4062292302688|JVM4062292302688"
"4062292302701";"2";"2";"190249|191215";"4062292302701|JVM4062292302701"
"4062292302718";"2";"2";"190255|191221";"4062292302718|JVM4062292302718"
"4062292302732";"2";"2";"191227|191966";"JVM4062292302732|4062292302732"
"4062292302749";"2";"2";"190201|191233";"4062292302749|JVM4062292302749"
"4062292302855";"2";"2";"189013|191245";"4062292302855|JVM4062292302855"
"4062292302862";"2";"2";"189019|191251";"4062292302862|JVM4062292302862"
"4062292302879";"2";"2";"189025|191257";"4062292302879|JVM4062292302879"
"4062292302886";"2";"2";"189031|191155";"4062292302886|JVM4062292302886"
"4062292302893";"2";"2";"188955|191161";"4062292302893|JVM4062292302893"
"4062292302909";"2";"2";"188954|191167";"4062292302909|JVM4062292302909"
"4062292302916";"2";"2";"188953|191173";"4062292302916|JVM4062292302916"
"4062292302930";"2";"2";"189364|191179";"4062292302930|JVM4062292302930"
"4062292302947";"2";"2";"189358|191185";"4062292302947|JVM4062292302947"
"4062292303036";"2";"2";"189235|233962";"JVM4062292303036|4062292303036"
"4062292306440";"2";"1";"257482|469389";"4062292306440|JVM4062292306440"
"4062292306655";"2";"1";"257736|374449";"4062292306655|JVM4062292306655"
"4062292307331";"2";"2";"268072|469393";"4062292307331|JVM4062292307331"
"4062292311079";"2";"2";"234421|327307";"4062292311079|JVM4062292311079"
"4062292311253";"2";"2";"234390|326579";"4062292311253|JVM4062292311253"
"4062292311765";"2";"2";"234355|341518";"4062292311765|JVM4062292311765"
"4062292312168";"2";"2";"234235|234315";"4062292313240|4062292312168"
"4062292312267";"2";"2";"234325|327299";"4062292312267|JVM4062292312267"
"4062292312625";"2";"2";"234269|343605";"4062292312625|JVM4062292312625"
"4062292312977";"2";"2";"234241|327296";"4062292312977|JVM4062292312977"
"4062292313738";"2";"2";"234157|343603";"4062292313738|JVM4062292313738"
"4062292314155";"2";"2";"234137|468444";"4062292314155|JVM4062292314155"
"4062292314285";"2";"2";"234120|343216";"4062292314285|JVM4062292314285"
"4062292314292";"2";"2";"234121|340233";"4062292314292|JVM4062292314292"
"4062292314643";"2";"2";"234063|327291";"4062292314643|JVM4062292314643"
"4062292314650";"2";"2";"234064|327293";"4062292314650|JVM4062292314650"
"4062292322297";"2";"2";"468942|469494";"JVM4062292322297|4062292322297"
"4062292323805";"2";"2";"245542|488301";"4062292323805|JVM4062292323805"
"4062292323843";"2";"1";"245546|389124";"4062292323843|JVM4062292323843"
"4062292330285";"2";"2";"309274|309307";"4062292330285|JVM4062292330285"
"4062292330780";"2";"1";"309233|441555";"4062292330780|JVM4062292330780"
"4062292331022";"2";"2";"276138|339833";"4062292331022|JVM4062292331022"
"4062292332845";"2";"2";"267825|324429";"4062292332845|JVM4062292332845"
"4062292333200";"2";"2";"268099|447036";"4062292333200|JVM4062292333200"
"4062292333569";"2";"1";"267957|469357";"4062292333569|JVM4062292333569"
"4062292334238";"2";"2";"276221|276222";"4062292334269|4062292334238"
"4062292334399";"2";"1";"299549|391316";"4062292334399|JVM4062292334399"
"4062292334528";"2";"2";"300548|468788";"4062292334528|JVM4062292334528"
"4062292335945";"2";"2";"250484|335246";"4062292335945|JVM4062292335945"
"4062292336393";"2";"2";"251364|458519";"4062292338557|4062292336393"
"4062292337536";"2";"1";"250497|440934";"4062292337536|JVM4062292337536"
"4062292337581";"2";"2";"250433|338642";"4062292337581|JVM4062292337581"
"4062292347896";"2";"2";"285895|455615";"4062292347896|4062292347876"
"4062292349355";"2";"2";"300190|469832";"4062292349355|JVM_4062292349355"
"4062292349560";"2";"2";"301612|301624";"4062292349560|4062292349607"
"4062292350627";"2";"1";"278813|407284";"4062292350627|JVM4062292350627"
"4062292350801";"2";"2";"300079|300088";"4062292350801|4062292347153"
"4062292350863";"2";"2";"285979|298939";"4062292350863|JVM4062292350863"
"4062292351808";"2";"1";"257659|346982";"4062292351808|JVM4062292351808"
"4062292352850";"2";"1";"262040|389662";"4062292352850|JVM4062292352850"
"4062292353499";"2";"1";"256836|440973";"4062292353499|JVM4062292353499"
"4062292354236";"2";"2";"251086|447002";"4062292354236|JVM4062292354236"
"4062292354977";"2";"2";"253310|474746";"4062292354977|JVM4062292354977"
"4062292355745";"2";"2";"266606|475056";"4062292355745|JVM4062292355745"
"4062292355752";"2";"2";"267484|284504";"4062292355752|JVM4062292355752"
"4062292356209";"2";"1";"266618|330162";"4062292356209|JVM4062292356209"
"4062292356964";"2";"2";"250722|468466";"4062292356964|JVM4062292356964"
"4062292357138";"2";"2";"250728|468049";"4062292357138|JVM4062292357138"
"4062292359613";"2";"2";"267169|405772";"4062292359613|JVM4062292359613"
"4062292359958";"2";"2";"249005|343606";"4062292359958|JVM4062292359958"
"4062292363597";"2";"2";"247007|343636";"4062292363597|JVM4062292363597"
"4062292364020";"2";"1";"279336|441185";"4062292364020|JVM4062292364020"
"4062292364587";"2";"2";"275906|462391";"4062292364587|JVM4062292364587"
"4062292364693";"3";"2";"278297|441312|470109";"4062292364693|JVM4062292364693|JVM_1_4062292364693"
"4062292365867";"2";"1";"256867|462386";"4062292365867|JVM4062292365867"
"4062292366093";"2";"1";"256407|256882";"4062292366093|JVM4062292366093"
"4062292366246";"2";"1";"256338|448905";"4062292366246|JVM4062292366246"
"4062292366253";"2";"1";"256335|468068";"4062292366253|JVM4062292366253"
"4062292366475";"2";"2";"249639|469346";"4062292366475|JVM4062292366475"
"4062292371165";"2";"1";"250816|468575";"4062292371165|JVM4062292371165"
"4062292371400";"2";"2";"250735|475591";"4062292371400|JVM4062292371400"
"4062292372018";"2";"2";"266608|418681";"4062292372018|JVM4062292372018"
"4062292372025";"2";"2";"257606|468576";"4062292372025|JVM4062292372025"
"4062292372155";"2";"2";"257699|440910";"4062292372155|JVM4062292372155"
"4062292372186";"2";"1";"257657|438333";"4062292372186|JVM4062292372186"
"4062292372285";"2";"2";"267215|355737";"4062292372285|JVM4062292372285"
"4062292372483";"2";"2";"325692|469128";"4062292372483|JVM4062292372483"
"4062292421013";"2";"2";"268012|327214";"4062292421013|JVM4062292421013"
"4062292421167";"2";"2";"268047|341585";"4062292421167|JVM4062292421167"
"4062292421235";"2";"2";"257585|340223";"4062292421235|JVM4062292421235"
"4062292421334";"2";"2";"275703|343604";"4062292421334|JVM4062292421334"
"4062292490767";"2";"2";"46406|453263";"138571221WeitaoU-FormHallstadtSchwarzWeiss|4062292490767"
"4062292490842";"2";"1";"191337|351883";"JVM4062292005756|JVM4062292490842"
"4062292490873";"2";"2";"46669|463168";"138567958WeitaoFellenU-FormOrange|4062292490873"
"4062292490927";"2";"2";"146283|455249";"4062292005008|4062292490927"
"4062292490934";"2";"2";"148248|455255";"4062292004476|4062292490934"
"4062292490941";"2";"2";"148317|455257";"JVM4062292004476|4062292490941"
"4062292490996";"2";"2";"30013|319552";"128868670WTSB775|4062292490996"
"4062292491016";"2";"2";"182917|464093";"JVM4062292094729|4062292491016"
"4062292493058";"2";"1";"325094|469409";"4062292493058|JVM4062292493058"
"4062292509773";"2";"2";"308827|469269";"JVM4062292723797|JVM4062292509773"
"4062292544040";"2";"1";"325949|435505";"4062292544040|JVM4062292544040"
"4062292545672";"2";"1";"256136|323246";"4062292545672|JVM4062292545672"
"4062292546006";"2";"1";"251742|438595";"4062292546006|JVM4062292546006"
"4062292546020";"2";"2";"251735|389721";"4062292546020|JVM4062292546020"
"4062292546044";"2";"1";"251726|440991";"4062292546044|JVM4062292546044"
"4062292546174";"2";"2";"189611|464068";"4062292202933|4062292546174"
"4062292546181";"2";"2";"190231|464087";"4062292302671|4062292546181"
"4062292546198";"2";"2";"189001|464073";"4062292302848|4062292546198"
"4062292546204";"2";"2";"189587|464067";"4062292202971|4062292546204"
"4062292546402";"2";"2";"256677|353882";"4062292546402|JVM4062292546402"
"4062292546426";"2";"2";"256673|470121";"4062292546426|JVM4062292546426"
"4062292546464";"2";"2";"256598|358152";"4062292546464|JVM4062292546464"
"4062292546532";"2";"2";"183149|464106";"JVM4062292092275|4062292546532"
"4062292550676";"2";"2";"282943|368837";"4062292550676|JVM4062292550676"
"4062292551413";"2";"1";"282860|452968";"4062292551413|JVM4062292551413"
"4062292554520";"2";"2";"452990|474749";"4062292554520|JVM4062292554520"
"4062292554766";"2";"2";"325637|435584";"4062292554766|JVM_4062292554766"
"4062292555633";"2";"1";"296710|438718";"4062292555633|JVM4062292555633"
"4062292555756";"2";"2";"296720|434941";"4062292555756|JVM4062292555756"
"4062292555763";"2";"2";"296673|475679";"4062292555763|JVM4062292555763"
"4062292555787";"2";"1";"296440|468828";"4062292555787|JVM4062292555787"
"4062292555817";"2";"1";"296405|475712";"4062292555817|JVM4062292555817"
"4062292556449";"2";"1";"284667|342277";"4062292556449|JVM4062292556449"
"4062292557521";"2";"2";"286317|286345";"4062292557538|4062292557521"
"4062292558627";"3";"1";"283582|440252|448912";"4062292558627|JVM4062292558627|JVM_4062292558627"
"4062292558641";"2";"1";"283909|359545";"4062292558641|JVM4062292558641"
"4062292558696";"2";"1";"283977|440832";"4062292558696|JVM4062292558696"
"4062292558719";"2";"2";"284061|475592";"4062292558719|JVM4062292558719"
"4062292558726";"3";"2";"284077|434296|469105";"4062292558726|JVM4062292558726|JVM_4062292558726"
"4062292558788";"2";"2";"296374|417799";"4062292558788|JVM4062292558788"
"4062292558832";"3";"1";"296234|440127|474753";"4062292558832|JVM4062292558832|JVM_4062292558832"
"4062292558856";"2";"1";"296452|394535";"4062292558856|JVM4062292558856"
"4062292558863";"2";"1";"296644|441308";"4062292558863|JVM4062292558863"
"4062292562877";"2";"2";"313343|474759";"4062292562877|JVM4062292562877"
"4062292562907";"2";"1";"313485|432701";"4062292562907|JVM4062292562907"
"4062292563027";"2";"2";"313462|351502";"4062292563027|JVM4062292563027"
"4062292569388";"2";"1";"353339|388697";"4062292569388|JVM4062292569388"
"4062292569470";"2";"1";"337504|440899";"4062292569470|JVM4062292569470"
"4062292569708";"2";"2";"339569|475815";"4062292569708|JVM4062292569708"
"4062292569722";"2";"2";"339297|441544";"4062292569722|JVM4062292569722"
"4062292575471";"2";"2";"297734|470140";"4062292575471|JVM4062292575471"
"4062292577918";"2";"1";"294944|468765";"4062292577918|JVM4062292577918"
"4062292578076";"2";"2";"296019|454109";"4062292578076|JVM4062292578076"
"4062292578113";"2";"2";"295905|438936";"4062292578113|JVM4062292578113"
"4062292578168";"2";"1";"296082|441016";"4062292578168|JVM4062292578168"
"4062292578182";"2";"2";"295820|447001";"4062292578182|JVM4062292578182"
"4062292578229";"2";"1";"295892|441345";"4062292578229|JVM4062292578229"
"4062292578762";"2";"2";"326812|475659";"JVM4062292578762|4062292578762_sofort"
"4062292578779";"2";"1";"298871|440147";"4062292578779|JVM__4062292578779_"
"4062292581458";"2";"2";"302897|460797";"4062292581458|JVM4062292581458"
"4062292582479";"2";"2";"301261|468017";"4062292582479|JVM4062292582479"
"4062292583087";"2";"2";"293607|326324";"4062292583087|JVM4062292583087"
"4062292583216";"2";"1";"283815|474992";"4062292583216|JVM4062292583216"
"4062292583223";"2";"1";"283822|440653";"4062292583223|JVM4062292583223"
"4062292583353";"2";"2";"283901|475756";"4062292583353|JVM4062292583353"
"4062292583407";"2";"2";"284084|333487";"4062292583407|JVM4062292583407"
"4062292583452";"2";"2";"283538|469142";"4062292583452|JVM4062292583452"
"4062292583483";"2";"2";"282386|469014";"4062292583483|JVM4062292583483"
"4062292583568";"2";"1";"282054|348690";"4062292583568|JVM4062292583568"
"4062292584121";"2";"1";"293619|441497";"4062292584121|JVM4062292584121"
"4062292584282";"2";"2";"293311|423553";"4062292584282|JVM4062292584282"
"4062292592515";"2";"2";"299141|334399";"4062292592515|JVM4062292592515"
"4062292592959";"2";"2";"298093|335232";"4062292592959|JVM4062292592959"
"4062292632655";"2";"2";"301388|301391";"4062292632655|JV4062292632655"
"4062292634369";"2";"2";"386928|440923";"4062292634369|JVM4062292634369"
"4062292636493";"2";"2";"310895|313029";"JVM4062292636493|4062292636486"
"4062292642418";"2";"1";"305088|435470";"4062292642418|JVM4062292642418"
"4062292642456";"2";"2";"304088|391457";"4062292642456|JVM4062292642456"
"4062292642562";"2";"2";"304502|438892";"4062292642562|JVM4062292642562"
"4062292644917";"3";"3";"304992|305092|452702";"4062292644917|JVM4062292644917|4062292645051"
"4062292645099";"2";"2";"305004|323671";"4062292645099|JVM4062292645099"
"4062292700712";"2";"1";"192702|337494";"4062292700712|JVM4062292700712"
"4062292700897";"2";"2";"281563|435506";"4062292700897|JVM4062292700897"
"4062292701047";"2";"1";"279894|335680";"4062292701047|JVM4062292701047"
"4062292701054";"3";"3";"280180|333628|333684";"4062292701054|JVM4062292701054|JVM_4062292701054"
"4062292701146";"2";"2";"280378|441556";"4062292701146|JVM4062292701146"
"4062292701269";"2";"2";"279771|333559";"4062292701269|JVM4062292701269"
"4062292701412";"2";"1";"279665|468531";"4062292701412|JVM4062292701412"
"4062292701788";"2";"2";"191351|191871";"JVM4062292701788|4062292701788"
"4062292701801";"2";"1";"191853|438325";"4062292701801|JVM4062292701801"
"4062292702297";"2";"1";"191801|342569";"4062292702297|JVM4062292702297"
"4062292702495";"4";"4";"191790|441340|469242|469489";"4062292702495|JVM4062292702495|JVM_4062292702495|JVM_1_4062292702495"
"4062292704055";"2";"2";"191633|404649";"4062292704055|JVM4062292704055"
"4062292704529";"2";"2";"191596|468832";"4062292704529|JVM4062292704529"
"4062292704543";"2";"1";"191598|474756";"4062292704543|JVM4062292704543"
"4062292710698";"2";"2";"451597|469263";"4062292710698|JVM4062292710698"
"4062292711039";"2";"2";"451548|475740";"4062292711039|JVM4062292711039"
"4062292717475";"2";"1";"206911|469323";"4062292717475|JVM4062292717475"
"4062292717581";"2";"2";"206896|475059";"4062292717581|JVM4062292717581"
"4062292717604";"2";"1";"206898|298666";"4062292717604|JVM4062292717604"
"4062292717673";"2";"2";"206905|475055";"4062292717673|JVM4062292717673"
"4062292717703";"2";"1";"206889|441317";"4062292717703|JVM4062292717703"
"4062292717819";"2";"1";"203254|412193";"4062292717819|JVM4062292717819"
"4062292717871";"2";"2";"206854|428794";"4062292717871|JVM4062292717871"
"4062292717956";"2";"2";"206862|468824";"4062292717956|JVM4062292717956"
"4062292717970";"2";"1";"206864|468277";"4062292717970|JVM4062292717970"
"4062292718496";"2";"2";"203218|325570";"4062292718496|JVM4062292718496"
"4062292718595";"2";"1";"203226|434460";"4062292718595|JVM4062292718595"
"4062292719721";"2";"2";"195857|440937";"4062292719721|JVM4062292719721"
"4062292719912";"2";"1";"195843|468363";"4062292719912|JVM4062292719912"
"4062292720307";"2";"1";"220502|441220";"4062292720307|JVM4062292720307"
"4062292720369";"2";"1";"220508|426803";"4062292720369|JVM4062292720369"
"4062292720499";"2";"1";"220481|440920";"4062292720499|JVM4062292720499"
"4062292721519";"2";"2";"188844|454207";"4062292721519|JVM4062292721519"
"4062292721687";"2";"1";"216928|339993";"4062292721687|JVM4062292721687"
"4062292722868";"2";"1";"216848|470096";"4062292722868|JVM4062292722868"
"4062292722875";"2";"2";"216822|350264";"4062292722875|JVM4062292722875"
"4062292722912";"2";"1";"220290|441020";"4062292722912|JVM4062292722912"
"4062292723483";"2";"2";"217300|440226";"4062292723483|JVM4062292723483"
"4062292723872";"2";"1";"216844|257448";"4062292723872|JVM4062292723872"
"4062292723957";"2";"2";"216875|469140";"4062292723957|JVM4062292723957"
"4062292724022";"2";"2";"216905|343038";"4062292724022|JVM4062292724022"
"4062292724350";"2";"1";"216839|326631";"4062292724350|JVM4062292724350"
"4062292724558";"2";"1";"216838|468347";"4062292724558|JVM4062292724558"
"4062292724565";"2";"1";"217009|475316";"4062292724565|JVM4062292724565"
"4062292724961";"2";"1";"216816|292878";"4062292724961|JVM4062292724961"
"4062292724985";"2";"2";"216853|475750";"4062292724985|JVM4062292724985"
"4062292725173";"2";"2";"216932|469311";"4062292725173|JVM4062292725173"
"4062292725470";"2";"1";"216855|365043";"4062292725470|JVM_4062292725470"
"4062292725555";"2";"2";"220293|440192";"4062292725555|JVM4062292725555"
"4062292726033";"2";"1";"217258|277276";"4062292726033|JVM4062292726033"
"4062292726163";"2";"2";"216994|441349";"4062292726163|JVM4062292726163"
"4062292726194";"2";"2";"216897|441216";"4062292726194|JVM4062292726194"
"4062292727078";"2";"2";"234593|438888";"4062292727078|JVM4062292727078"
"4062292727375";"2";"2";"234549|234550";"4062292727375|4062292727382"
"4062292728839";"2";"1";"210773|278448";"4062292728839|JVM4062292728839"
"4062292729430";"2";"2";"210717|475818";"4062292729430|JVM4062292729430"
"4062292733062";"2";"1";"298177|456821";"4062292733062|JVM4062292733062"
"4062292733079";"2";"2";"299101|475804";"4062292733079|JVM4062292733079"
"4062292733123";"2";"2";"299728|469095";"4062292733123|JVM4062292733123"
"4062292733437";"2";"2";"298550|468565";"4062292733437|JVM4062292733437"
"4062292733833";"2";"2";"224311|447026";"4062292733833|JVM4062292733833"
"4062292734014";"2";"1";"298972|338381";"4062292734014|JVM4062292734014"
"4062292747632";"5";"2";"396790|470093|470099|470102|470105";"4062292747632|JVM4062292747632|JVM_4062292747632|JVM_4062292747632_|JVM4062292747632_"
"4062292747687";"2";"2";"394569|440982";"4062292747687|JVM4062292747687"
"4062292774041";"2";"1";"220702|432712";"4062292774041|JVM4062292774041"
"4062292774522";"2";"2";"313007|468912";"4062292774522|JVM4062292774522"
"4062292774669";"2";"2";"313015|475248";"4062292774669|JVM4062292774669"
"4062292775321";"2";"2";"251939|435549";"4062292775321|JVM4062292775321"
"4062292776380";"2";"2";"302185|302728";"4062292776380|4062292775420"
"4062292776960";"2";"2";"234932|474590";"4062292776960|JVM4062292776960"
"4062292777363";"2";"2";"234892|325497";"4062292777363|JVM4062292777363"
"4062292777400";"2";"1";"251622|433573";"4062292777400|JVM4062292777400"
"4062292777417";"2";"2";"251624|468221";"4062292777417|JVM4062292777417"
"4062292778070";"2";"1";"251492|441112";"4062292778070|JVM4062292778070"
"4062292778261";"2";"2";"251469|415070";"4062292778261|JVM4062292778261"
"4062292778445";"2";"2";"234837|446924";"4062292778445|JVM4062292778445"
"4062292782961";"2";"1";"246573|469347";"4062292782961|JVM4062292782961"
"4062292783166";"2";"1";"246546|348601";"4062292783166|JVM4062292783166"
"4067282003392";"2";"2";"314355|441586";"4067282003392|JVM4067282003392"
"4067282006201";"2";"1";"315301|438831";"4067282006201|JVM4067282006201"
"4067282040571";"2";"1";"296709|335236";"4067282040571|JVM4067282040571"
"4067282068919";"2";"0";"340046|340083";"4067282068919|JVM4067282068919"
"4067282068926";"2";"2";"340050|340078";"4067282068926|JVM4067282068926"
"4067282074132";"2";"1";"312974|321721";"4067282074132|JVM4067282074132"
"4067282076457";"2";"2";"312255|312257";"4067282076457|JVM4067282076457"
"4067282080270";"2";"1";"314505|348602";"4067282080270|JVM4067282080270"
"4067282080638";"2";"1";"314950|438140";"4067282080638|JVM4067282080638"
"4067282087590";"2";"2";"398850|468446";"4067282087590|JVM4067282087590"
"4067282087828";"2";"2";"398809|438832";"4067282087828|JVM4067282087828"
"4067282088047";"2";"2";"398853|468532";"4067282088047|JVM4067282088047"
"4067282089099";"2";"2";"399106|468021";"4067282089099|JVM4067282089099"
"4067282090941";"2";"1";"368868|441360";"4067282090941|JVM4067282090941"
"4067282091627";"2";"2";"368870|454972";"4067282091627|4067282091610"
"4067282109322";"2";"1";"301944|448900";"4067282109322|JVM4067282109322"
"4067282109490";"2";"1";"301844|448899";"4067282109490|JVM4067282109490"
"4067282109940";"2";"1";"301759|422093";"4067282109940|JVM4067282109940"
"4067282115019";"2";"2";"305308|366799";"4067282115019|JVM4067282115019"
"4067282115033";"2";"1";"305357|366801";"4067282115033|JVM4067282115033"
"4067282115071";"2";"2";"305052|435534";"4067282115071|JVM4067282115071"
"4067282115750";"2";"1";"304918|441341";"4067282115750|JVM4067282115750"
"4067282115859";"2";"2";"308692|438860";"4067282115859|JVM4067282115859"
"4067282115873";"2";"2";"309187|446894";"4067282115873|JVM4067282115873"
"4067282115989";"2";"2";"303088|415057";"4067282115989|JVM4067282115989"
"4067282116658";"2";"1";"310333|405574";"4067282116658|JVM4067282116658"
"4067282117433";"2";"1";"315768|415390";"4067282117433|JVM4067282117433"
"4067282117679";"2";"2";"315737|433106";"4067282117679|JVM4067282117679"
"4067282117907";"2";"2";"312796|398321";"4067282117907|JVM4067282117907"
"4067282119352";"2";"1";"314299|350240";"4067282119352|JVM4067282119352"
"4067282126718";"2";"1";"312318|404230";"4067282126718|JVM4067282126718"
"4067282126954";"2";"2";"321981|323338";"4260606050441|4067282126954"
"4067282127241";"2";"1";"353265|475993";"4067282127241|JVM4067282127241"
"4067282148567";"2";"0";"324093|469515";"4067282148567|JVM4067282148567"
"4067282148666";"2";"0";"315491|447021";"4067282148666|JVM4067282148666"
"4067282149601";"2";"0";"314347|391471";"4067282149601|JVM4067282149601"
"4067282151130";"2";"2";"412562|440928";"4067282151130|JVM4067282151130"
"4067282152304";"2";"2";"452966|475729";"4067282152304|4067282152304_SOFORT"
"4067282169364";"2";"1";"302041|391446";"4067282169364|JVM4067282169364"
"4067282174726";"2";"1";"401623|468604";"4067282174726|JVM4067282174726"
"4067282179455";"2";"2";"395236|452944";"4067282179455|JVM4067282179455"
"4067282182660";"2";"1";"395726|447003";"4067282182660|JVM4067282182660"
"4067282182684";"2";"2";"395717|441332";"4067282182684|JVM4067282182684"
"4067282182837";"2";"2";"395518|433119";"4067282182837|JVM4067282182837"
"4067282182943";"2";"2";"395200|435749";"4067282182943|JVM4067282182943"
"4067282183148";"2";"2";"395747|468071";"4067282183148|JVM4067282183148"
"4067282183995";"2";"2";"450247|469141";"4067282183995|JVM4067282183995"
"4067282184015";"2";"2";"450245|469139";"4067282184015|JVM4067282184015"
"4067282184084";"2";"2";"436904|474989";"4067282184084|JVM4067282184084"
"4067282184398";"2";"1";"450158|468055";"4067282184398|JVM4067282184398"
"4067282184473";"2";"2";"449869|475232";"4067282184473|JVM4067282184473"
"4067282184688";"2";"2";"450170|475821";"4067282184688|JVM4067282184688"
"4067282184701";"2";"2";"449851|475668";"4067282184701|JVM4067282184701"
"4067282186132";"2";"1";"452989|468473";"4067282186132|JVM4067282186132"
"4067282188853";"2";"1";"310851|469491";"4067282188853|JVM4067282188853"
"4067282190597";"2";"2";"355766|462515";"4067282190597|4067282190481"
"4067282190856";"2";"2";"372077|372176";"4067282190856|4067282270619"
"4067282192928";"3";"3";"331851|469488|469490";"4067282192928|JVM4067282192928|JVM_4067282192928"
"4067282201736";"2";"2";"249406|454316";"4260499874254|4067282201736"
"4067282202078";"2";"2";"220162|337146";"4062292142161|4067282202078"
"4067282202252";"2";"2";"220170|337149";"4062292142246|4067282202252"
"4067282202269";"2";"2";"220163|337150";"4062292142178|4067282202269"
"4067282202276";"2";"2";"220173|337135";"4062292142277|4067282202276"
"4067282202306";"2";"2";"220182|337141";"4062292141898|4067282202306"
"4067282202313";"2";"2";"220181|337142";"4062292141881|4067282202313"
"4067282202344";"2";"2";"220198|337151";"4062292142055|4067282202344"
"4067282202504";"2";"2";"454053|475998";"4067282202504|JVM4067282202504"
"4067282202719";"2";"2";"98448|454046";"4260174423432A|4067282202719"
"4067282203211";"2";"2";"135738|453039";"SofaG8004B|4067282203211"
"4067282203228";"2";"2";"123846|453041";"SofaF3017B|4067282203228"
"4067282203303";"2";"2";"123923|453135";"SofaF3017C|4067282203303"
"4067282203488";"2";"2";"97636|453712";"4260174423197A|4067282203488"
"4067282203549";"2";"2";"46016|453265";"138580221WeitaoL-FormLimaDunkelgrau|4067282203549"
"4067282204973";"2";"1";"311474|448898";"4067282204973|JVM4067282204973"
"4067282207691";"2";"2";"323639|469088";"4067282207691|JVM4067282207691"
"4067282207745";"2";"1";"324082|440163";"4067282207745|JVM4067282207745"
"4067282207844";"2";"2";"324012|468369";"4067282207844|JVM4067282207844"
"4067282207943";"2";"2";"323905|386531";"4067282207943|JVM4067282207943"
"4067282216921";"2";"2";"469420|469421";"4067282216921|JVM4067282216921"
"4067282217683";"2";"2";"315102|441218";"4067282217683|JVM4067282217683"
"4067282217973";"2";"1";"348584|475639";"JVM4067282217973|JVM4067282217973_1"
"4067282218079";"2";"2";"315486|474946";"4067282218079|JVM4067282218079"
"4067282218529";"2";"2";"315426|469310";"4067282218529|JVM4067282218529"
"4067282218543";"2";"2";"314844|351466";"4067282218543|JVM4067282218543"
"4067282218550";"2";"1";"314955|325562";"4067282218550|JVM4067282218550"
"4067282218710";"2";"2";"315011|348595";"4067282218710|JVM4067282218710"
"4067282219878";"2";"2";"314768|475700";"4067282219878|JVM4067282219878"
"4067282220263";"2";"2";"314956|448906";"4067282220263|JVM4067282220263"
"4067282256422";"2";"2";"311511|434940";"4067282256422|JVM4067282256422"
"4067282256965";"2";"2";"453439|469383";"4067282256965|JVM4067282256965"
"4067282257382";"2";"2";"323791|457473";"4067282257382|4067282257375"
"4067282258778";"2";"2";"416159|475726";"4067282258778|4067282258778_SOFORT"
"4067282258921";"2";"2";"323448|339750";"4067282258921|4067282508521"
"4067282259263";"2";"1";"325070|468443";"4067282259263|JVM4067282259263"
"4067282259478";"2";"1";"325323|415392";"4067282259478|JVM4067282259478"
"4067282259553";"2";"2";"339859|405757";"4067282259553|JVM4067282259553"
"4067282260177";"2";"1";"352206|438841";"4067282260177|JVM4067282260177"
"4067282262812";"2";"1";"325124|433702";"4067282262812|JVM4067282262812"
"4067282263208";"2";"1";"323996|468338";"4067282263208|JVM4067282263208"
"4067282263710";"2";"1";"323956|418751";"4067282263710|JVM4067282263710"
"4067282264694";"2";"2";"410259|475582";"4067282264694|JVM4067282264694"
"4067282264878";"2";"2";"315257|346067";"4067282264878|JVM4067282264878"
"4067282266131";"3";"3";"315425|441313|469476";"4067282266131|JVM4067282266131|JVM_4067282266131"
"4067282266452";"2";"1";"315417|406673";"4067282266452|JVM4067282266452"
"4067282266834";"3";"3";"320448|440159|469384";"4067282266834|JVM4067282266834|JVM_4067282266834"
"4067282268395";"2";"1";"333144|439148";"4067282268395|JVM4067282268395"
"4067282275140";"2";"2";"324268|334494";"4067282275157|4067282275140"
"4067282282063";"2";"1";"345826|468438";"4067282282063|JVM4067282282063"
"4067282282391";"2";"2";"334961|456946";"4067282282391|4067282282384"
"4067282291454";"2";"2";"351518|440154";"4067282291454|JVM4067282291454"
"4067282305724";"2";"2";"325321|325335";"4067282305724|4067282305571"
"4067282305762";"2";"2";"324976|324977";"4067282305762|4067282305540"
"4067282305793";"2";"2";"325284|325286";"4067282305793|4067282305618"
"4067282305953";"3";"3";"325287|418817|469322";"4067282305953|JVM4067282305953|JVM_4067282305953"
"4067282305977";"2";"2";"345269|345270";"4067282305977|4067282305984"
"4067282307438";"2";"2";"370658|371081";"4067282307438|4067282307407"
"4067282307643";"2";"1";"339789|391487";"4067282307643|JVM4067282307643"
"4067282307667";"2";"2";"368549|440988";"4067282307667|JVM4067282307667"
"4067282330092";"2";"1";"340307|456817";"4067282330092|JVM4067282330092"
"4067282332058";"2";"2";"440070|440162";"JVM4067282332058|4067282332058"
"4067282352025";"2";"1";"338554|468029";"4067282352025|4067282352025sofort"
"4067282427198";"2";"2";"466727|466728";"4067282427198|4067282427204"
"4067282429253";"3";"3";"333939|452526|452748";"4067282429253|4067282291935|4067282292093"
"4067282429512";"2";"1";"334229|448903";"4067282429512|JVM4067282429512"
"4067282429680";"5";"1";"329312|470085|470090|470091|470092";"4067282429680|JVM4067282429680|JVM_4067282429680|JVM_4067282429680_|JVM4067282429680_"
"4067282437494";"2";"2";"335593|469214";"4067282437494|JVM4067282437494"
"4067282437555";"2";"1";"335313|468003";"4067282437555|JVM4067282437555"
"4067282437852";"3";"3";"337509|469431|469445";"4067282437852|JVM4067282437852|JVM_4067282437852"
"4067282446083";"2";"1";"326803|468413";"4067282446083|JVM4067282446083"
"4067282446540";"2";"2";"341001|441545";"4067282446540|JVM4067282446540"
"4067282450820";"2";"1";"325475|329132";"4067282450820|JVM4067282450820"
"4067282464506";"2";"1";"449918|475721";"4067282464506|4067282464506_SOFORT"
"4067282464605";"2";"2";"449893|468536";"4067282464605|JVM4067282464605"
"4067282464834";"2";"1";"449570|468445";"4067282464834|JVM4067282464834"
"4067282464896";"2";"2";"394590|440148";"JVM4067282464896|JVM_4067282464896"
"4067282466067";"2";"1";"436739|468067";"4067282466067|JVM4067282466067"
"4067282466180";"2";"2";"398333|436715";"JVM4067282466180|4067282466180"
"4067282466623";"2";"2";"436613|468412";"4067282466623|JVM4067282466623"
"4067282467835";"2";"2";"404271|436430";"JVM4067282467835|4067282467835"
"4067282468566";"2";"1";"332317|468804";"4067282468566|JVM4067282468566"
"4067282468894";"2";"1";"357688|437897";"4067282468894|JVM4067282468894"
"4067282469891";"4";"3";"357590|469041|469055|469115";"4067282469891|JVM4067282469891|JVM_4067282469891|JVM_4067282469891_1"
"4067282470262";"2";"2";"336640|440190";"4067282470262|JVM4067282470262"
"4067282470309";"2";"1";"336655|435783";"4067282470309|JVM4067282470309"
"4067282470873";"2";"2";"374034|435552";"4067282470873|JVM4067282470873"
"4067282474710";"2";"1";"364226|418743";"4067282474710|JVM4067282474710"
"4067282476134";"2";"2";"380783|475043";"4067282476134|JVM4067282476134"
"4067282483804";"2";"1";"383534|396641";"4067282483804|JVM4067282483804"
"4067282485778";"2";"2";"388142|441154";"4067282485778|JVM4067282485778"
"4067282487291";"2";"2";"392768|392787";"4067282487291|4067282487512"
"4067282488960";"2";"2";"399440|447031";"4067282488960|JVM4067282488960"
"4067282490512";"2";"2";"407569|474736";"4067282490512|JVM4067282490512"
"4067282490901";"2";"2";"412990|475661";"4067282490901|JVM4067282490901"
"4067282491366";"2";"2";"407501|440967";"4067282491366|JVM4067282491366"
"4067282494121";"2";"2";"424692|475724";"4067282494121|4067282494121_SOFORT"
"4067282494220";"2";"2";"426059|475864";"4067282494220|JVM4067282494220"
"4067282499331";"2";"2";"327302|337991";"4067282499331|JVM4067282499331"
"4067282499591";"2";"2";"330908|469075";"4067282499591|JVM4067282499591"
"4067282505087";"2";"2";"359001|359013";"4067282505087|4067282449206"
"4067282506534";"2";"2";"351353|469136";"4067282506534|JVM4067282506534"
"4067282508316";"2";"2";"336999|340264";"JVM4067282508316|4067282508316"
"4067282512658";"2";"2";"337949|338216";"4067282512658|4067282425545"
"4067282514942";"2";"2";"359983|365216";"4067282516472|4067282514942"
"4067282515109";"2";"2";"365648|469424";"4067282515109|JVM4067282515109"
"4067282515659";"2";"1";"395627|440970";"4067282515659|JVM4067282515659"
"4067282515666";"2";"1";"395562|438634";"4067282515666|JVM4067282515666"
"4067282515673";"2";"1";"395590|447039";"4067282515673|JVM4067282515673"
"4067282515680";"2";"1";"395567|447038";"4067282515680|JVM4067282515680"
"4067282515895";"2";"2";"373073|475654";"4067282515895|4067282515895_SOFORT"
"4067282515949";"2";"2";"373082|440901";"4067282515949|JVM4067282515949"
"4067282517806";"2";"1";"397198|438856";"4067282517806|JVM4067282517806"
"4067282517813";"2";"1";"416129|441587";"4067282517813|JVM4067282517813"
"4067282517899";"2";"1";"416153|455682";"4067282517899|JVM4067282517899"
"4067282517912";"2";"1";"416545|440150";"4067282517912|JVM4067282517912"
"4067282518261";"2";"1";"384568|468025";"4067282518261|JVM4067282518261"
"4067282519008";"2";"2";"415018|464030";"4067282519008|JVM4067282519008"
"4067282519121";"2";"2";"414076|441346";"4067282519121|JVM4067282519121"
"4067282519138";"2";"2";"414077|440199";"4067282519138|JVM4067282519138"
"4067282519213";"2";"2";"414491|474667";"4067282519213|JVM4067282519213"
"4067282519237";"2";"2";"453627|475866";"4067282519237|JVM4067282519237"
"4067282522367";"2";"2";"385823|454745";"4067282522367|4067282522381"
"4067282522893";"2";"2";"378978|465375";"4067282522893|JVM4067282522893"
"4067282523081";"3";"3";"388949|475140|475143";"4067282523081|JVM_4067282523081|JVM4067282523081"
"4067282524781";"2";"2";"436358|469529";"4067282524781|JVM4067282524781"
"4067282534469";"2";"1";"328063|469375";"4067282534469|JVM4067282534469"
"4067282534797";"3";"3";"339981|469487|470108";"JVM4067282534797|4067282534797|JVM_1_4067282534797"
"4067282535008";"2";"2";"333561|333563";"4067282535008|JVM4067282535008"
"4067282535015";"2";"0";"333564|333566";"4067282535015|JVM4067282535015"
"4067282535879";"2";"2";"336154|345599";"4067282535879|JVM4067282535879"
"4067282535886";"2";"2";"336158|345601";"4067282535886|JVM4067282535886"
"4067282535893";"2";"1";"336348|345586";"4067282535893|JVM4067282535893"
"4067282536876";"2";"1";"338781|469481";"JVM4067282536876|JVM_4067282536876"
"4067282547322";"2";"2";"335008|453797";"4067282547322|4067282547315"
"4067282549920";"2";"1";"357345|435298";"4067282549920|JVM4067282549920"
"4067282553385";"3";"3";"342066|342085|453492";"4067282553385|4067282677012|4067282553378"
"4067282554085";"2";"2";"372688|372689";"4067282554085|4067282554092"
"4067282554160";"2";"2";"379014|453495";"4067282554160|4067282554153"
"4067282554627";"2";"2";"373765|440909";"4067282554627|JVM4067282554627"
"4067282554702";"2";"1";"373965|438877";"4067282554702|JVM4067282554702"
"4067282556744";"2";"2";"377859|377862";"4067282556744|4067282556751"
"4067282557239";"2";"2";"375361|375367";"4067282557239|4067282557246"
"4067282557673";"2";"2";"375821|375827";"4067282557673|4067282557680"
"4067282559530";"2";"1";"354109|446915";"4067282559530|JVM4067282559530"
"4067282560666";"2";"1";"374472|470123";"4067282560666|JVM4067282560666"
"4067282560710";"2";"2";"374496|475989";"4067282560710|JVM4067282560710"
"4067282569805";"2";"1";"351951|440880";"4067282569805|JVM4067282569805"
"4067282569829";"2";"1";"368890|435689";"4067282569829|JVM4067282569829"
"4067282571082";"2";"2";"370767|452576";"4067282571082|4067282571068"
"4067282572577";"2";"1";"393538|437900";"4067282572577|JVM4067282572577"
"4067282586789";"2";"2";"409996|468343";"4067282586789|JVM4067282586789"
"4067282586901";"2";"2";"384356|475664";"4067282586901|JVM4067282586901"
"4067282590052";"2";"1";"423499|468046";"4067282590052|JVM4067282590052"
"4067282590137";"2";"2";"454425|469013";"4067282590137|JVM4067282590137"
"4067282591172";"2";"2";"382370|440976";"4067282591172|JVM4067282591172"
"4067282595194";"2";"1";"372319|474986";"4067282595194|JVM4067282595194"
"4067282595231";"2";"2";"372487|467994";"4067282595231|JVM4067282595231"
"4067282598805";"2";"2";"436296|452972";"4067282598805|JVM4067282598805"
"4067282599093";"2";"2";"436243|441028";"4067282599093|JVM4067282599093"
"4067282599765";"2";"2";"436149|468607";"4067282599765|JVM4067282599765"
"4067282600768";"2";"2";"435994|439453";"4067282600768|JVM4067282600768"
"4067282601062";"2";"1";"436026|438709";"4067282601062|JVM4067282601062"
"4067282601079";"2";"2";"436027|456837";"4067282601079|JVM4067282601079"
"4067282604124";"2";"2";"336341|475722";"4067282604124|4067282604124_SOFORT"
"4067282604568";"2";"1";"381890|468342";"4067282604568|JVM4067282604568"
"4067282604988";"2";"1";"384885|435692";"4067282604988|JVM4067282604988"
"4067282605459";"2";"2";"358941|475644";"4067282605459|JVM4067282605459"
"4067282605473";"2";"1";"358836|474768";"4067282605473|JVM4067282605473"
"4067282607613";"3";"3";"360867|418216|469410";"4067282607613|JVM4067282607613|JVM_4067282607613"
"4067282607903";"2";"2";"360446|475442";"4067282607903|JVM4067282607903"
"4067282609495";"2";"2";"356593|469372";"4067282609495|JVM4067282609495"
"4067282610606";"2";"2";"434820|436076";"JVM4067282610606|4067282610606"
"4067282611863";"2";"2";"398012|460972";"4067282611863|4067282991163"
"4067282612761";"2";"1";"409541|475718";"4067282612761|4067282612761_SOFORT"
"4067282617964";"2";"2";"361243|435311";"4067282617964|JVM4067282617964"
"4067282618206";"2";"2";"359453|359457";"4067282618206|4067282617865"
"4067282623705";"3";"2";"338877|423566|469073";"4067282623705|JVM4067282623705|JVM_4067282623705"
"4067282623866";"2";"2";"405889|469123";"4067282623866|JVM4067282623866"
"4067282624009";"2";"1";"435571|441107";"4067282624009|JVM4067282624009"
"4067282624245";"2";"1";"405824|469364";"4067282624245|JVM4067282624245"
"4067282624252";"3";"2";"406702|434938|441507";"4067282624252|JVM4067282624252|JVM4069424181791"
"4067282628786";"2";"1";"350269|469361";"JVM4067282628786|JVM_4067282628786"
"4067282630994";"2";"1";"377787|468339";"4067282630994|JVM4067282630994"
"4067282642324";"2";"1";"372229|440924";"4067282642324|JVM4067282642324"
"4067282643260";"2";"2";"343015|343218";"4067282643260|4067282642638"
"4067282643994";"2";"1";"342286|421411";"4067282643994|JVM4067282643994"
"4067282644366";"2";"2";"352594|474583";"4067282644366|JVM4067282644366"
"4067282644397";"2";"1";"352598|441170";"4067282644397|JVM4067282644397"
"4067282644748";"2";"2";"351936|453739";"4067282644748|4067282644755"
"4067282644809";"2";"2";"351942|475309";"4067282644809|JVM4067282644809"
"4067282655676";"2";"2";"351160|475223";"4067282655676|JVM4067282655676"
"4067282655690";"2";"1";"351167|447020";"4067282655690|JVM4067282655690"
"4067282660526";"2";"2";"392771|462380";"4067282660526|4067282660519"
"4067282663732";"2";"2";"382062|469368";"4067282663732|JVM4067282663732"
"4067282664210";"2";"2";"451412|474797";"4067282664685|4067282664210"
"4067282666870";"2";"1";"406738|446916";"4067282666870|JVM4067282666870"
"4067282666924";"2";"2";"407831|441108";"4067282666924|JVM4067282666924"
"4067282666948";"2";"1";"407835|440906";"4067282666948|JVM4067282666948"
"4067282666986";"2";"1";"407311|440919";"4067282666986|JVM4067282666986"
"4067282667396";"2";"1";"368103|441324";"4067282667396|JVM4067282667396"
"4067282667600";"2";"1";"408218|456970";"4067282667600|JVM4067282667600"
"4067282667884";"2";"1";"432713|433118";"JVM4067282667884|JVM_4067282667884"
"4067282670068";"2";"2";"384768|457486";"4067282670068|4067282670075"
"4067282670143";"2";"2";"369277|407297";"4067282670143|JVM4067282670143"
"4067282670617";"2";"2";"369142|475040";"4067282670617|JVM4067282670617"
"4067282670846";"2";"2";"457478|468465";"4067282670846|JVM4067282670846"
"4067282671980";"2";"2";"335097|335100";"4067282671980|4067282671997"
"4067282672697";"2";"2";"335625|335628";"4067282672697|4067282672703"
"4067282674295";"2";"2";"351917|351923";"4067282675216|4067282674295"
"4067282675797";"2";"2";"400344|435613";"4067282675797|JVM4067282675797"
"4067282676268";"2";"2";"407008|475714";"4067282676268|JVM4067282676268"
"4067282676299";"2";"2";"405740|440253";"4067282676299|JVM4067282676299"
"4067282676305";"3";"3";"359519|469122|469241";"4067282676305|JVM4067282676305|JVM_4067282676305"
"4067282676329";"2";"1";"407332|435688";"4067282676329|JVM4067282676329"
"4067282676411";"2";"1";"405703|469236";"4067282676411|JVM4067282676411"
"4067282680463";"2";"1";"404231|440047";"4067282680463|JVM4067282680463"
"4067282680562";"2";"1";"404257|475445";"4067282680562|JVM4067282680562"
"4067282686793";"2";"2";"350511|475725";"4067282686793|4067282686793_SOFORT"
"4067282688094";"2";"2";"350294|468470";"4067282688094|JVM4067282688094"
"4067282693609";"2";"2";"422542|468380";"4067282693609|JVM4067282693609"
"4067282694125";"2";"2";"438627|439959";"JVM4067282694125|4067282694125"
"4067282704947";"2";"1";"352947|352949";"JVM4067282704947|JVM_4067282704947"
"4067282704961";"2";"0";"352975|435551";"JVM4067282704961|JVM_4067282704961"
"4067282711211";"2";"2";"380875|470319";"4067282711211|JVM4067282711211"
"4067282712294";"3";"2";"353157|441355|469502";"JVM4067282712294|JVM_4067282712294|4067282712294"
"4067282716261";"2";"0";"413051|469371";"JVM4067282716261|JVM_4067282716261"
"4067282717381";"2";"2";"417389|469880";"JVM4067282717381|4067282717381"
"4067282725188";"2";"1";"399854|469386";"4067282725188|JVM4067282725188"
"4067282725355";"2";"2";"410131|441319";"4067282725355|JVM4067282725355"
"4067282729315";"2";"2";"397876|434885";"4067282729315|JVM4067282729315"
"4067282731479";"2";"2";"437499|439484";"4067282731479|4067282693838"
"4067282746350";"2";"2";"438728|470073";"4067282746350|JVM4067282746350"
"4067282746664";"2";"2";"456438|475652";"4067282746664|JVM4067282746664"
"4067282759947";"2";"2";"382923|469478";"4067282759947|JVM4067282759947"
"4067282759978";"2";"1";"383136|468381";"4067282759978|JVM4067282759978"
"4067282802353";"2";"2";"438528|475997";"4067282802353|JVM4067282802353"
"4067282804494";"2";"2";"36575|463637";"2211830212201601|4067282804494"
"4067282804500";"2";"2";"23182|463634";"2211830605201614|4067282804500"
"4067282804517";"2";"2";"23188|463631";"2211830605201617|4067282804517"
"4067282804524";"2";"2";"16823|463624";"2211830807201505593|4067282804524"
"4067282804531";"2";"2";"12481|463621";"22118313032015011514565|4067282804531"
"4067282804548";"2";"2";"12529|463617";"22118313032015014499|4067282804548"
"4067282805149";"2";"2";"12496|463613";"22118313032015014561256|4067282805149"
"4067282805156";"2";"2";"11911|463601";"221183130320150154444|4067282805156"
"4067282805163";"2";"2";"17096|463610";"2211831508201501|4067282805163"
"4067282805187";"2";"2";"34827|463607";"2211832409201601|4067282805187"
"4067282805194";"2";"2";"10695|463605";"2211832502201503|4067282805194"
"4067282805217";"2";"2";"34771|463598";"2211832508201604|4067282805217"
"4067282805224";"2";"2";"58220|463593";"22118326102017105310|4067282805224"
"4067282805231";"2";"2";"38259|463589";"2302201701|4067282805231"
"4067282815117";"2";"2";"58867|61540";"2402201804|2602201868"
"4067282871656";"2";"2";"460990|461057";"4067282871656|4067282871663"
"4067282873360";"2";"2";"458885|458899";"4067282873377|4067282873360"
"4067282874756";"2";"2";"458916|458921";"4067282874763|4067282874756"
"4067282915008";"2";"2";"455820|475667";"4067282915008|JVM4067282915008"
"4067282983076";"2";"2";"459427|459432";"4067282983069|4067282983076"
"4067282984400";"2";"2";"459189|459196";"4067282984417|4067282984400"
"4069424181975";"2";"2";"441533|469360";"JVM4069424181975|JVM_4069424181975"
"4069424183092";"2";"2";"456437|456599";"4069424183108|4069424183092"
"4069424184068";"2";"2";"456549|456553";"4069424184075|4069424184068"
"4069424184556";"3";"3";"461490|461502|461516";"4069424736458|4069424184556|4069424736441"
"4069424737370";"2";"2";"466877|466878";"4069424737387|4069424737370"
"4069424739732";"2";"0";"441485|469069";"4069424739732|JVM4069424739732"
"4069943003505";"2";"2";"467506|475660";"4069943003505|JVM4069943003505"
"4069943011678";"2";"1";"467724|469404";"4069943011678|JVM4069943011678"
"4069943029055";"4";"4";"469040|474982|475151|475239";"JVM4069943029055|4069943029055|4069943029055_1|JV4069943029055"
"4069943367867";"3";"3";"472837|472838|472839";"4069943367867|4069943367904|4069943367850"
"4069943375039";"2";"2";"470566|475849";"4069943375039|JVM4069943375039"
"4069943386158";"2";"2";"471879|475741";"4069943386158|JVM4069943386158"
"4069943387582";"2";"2";"474516|475723";"4069943387582|4069943387582_SOFORT"
"4069943878172";"2";"2";"469882|469883";"4069943878172|JVM4069943878172"
"4069943953060";"2";"2";"486520|486521";"4069943953060|4069943953060"
"4260174420004";"2";"2";"2929|453247";"8338247|4260174420004"
"4260174420059";"2";"2";"2702|454170";"33853801|4260174420059"
"4260174420202";"2";"2";"4319|7087";"39784091|BERLIN5SITZER"
"4260174420233";"2";"2";"3638|453237";"35172413|4260174420233"
"4260174420240";"2";"2";"4414|454228";"35892797|4260174420240"
"4260174420257";"2";"2";"3584|454084";"35893216|4260174420257"
"4260174420264";"2";"2";"2448|454175";"34056449|4260174420264"
"4260174420271";"2";"2";"2688|454188";"15878323|4260174420271"
"4260174420288";"3";"3";"2633|11677|454091";"33901385|ColoSCHWARZWEISSSOFORT|4260174420288"
"4260174420295";"2";"2";"4262|453280";"39790747|4260174420295"
"4260174420301";"2";"2";"2770|453233";"11031004|4260174420301"
"4260174420318";"2";"2";"4069|453232";"39460692|4260174420318"
"4260174420325";"2";"2";"4332|453241";"21476144|4260174420325"
"4260174420332";"2";"2";"2714|453216";"12998769|4260174420332"
"4260174420349";"2";"2";"4234|462903";"39860492|4260174420349"
"4260174420363";"2";"2";"10889|466604";"22118325022015035545|4260174420363"
"4260174420424";"3";"2";"2759|453278|468968";"33824977|4067282202962|4260174420424"
"4260174420431";"2";"2";"2679|454172";"11996031|4260174420431"
"4260174420448";"2";"2";"2669|453234";"13056955|4067282203679"
"4260174420462";"2";"1";"2672|298912";"13056960|4260174420462"
"4260174420479";"3";"2";"2761|454214|468954";"33760724|4260174420479|JVM4260174420479"
"4260174420486";"3";"3";"7431|38244|454081";"28562902|2211831002201702|4260174420486"
"4260174420509";"3";"3";"4964|466560|469405";"chesterfieldsofort|4260174420509|JVM4260174420509"
"4260174420516";"2";"2";"4207|462910";"39823221|4260174420516"
"4260174420523";"2";"2";"4205|462909";"39823226|4260174420523"
"4260174420554";"2";"2";"10940|466582";"22118325022015035548|4260174420554"
"4260174420653";"2";"2";"4989|462904";"135315367|4260174420653"
"4260174420691";"2";"2";"4990|453214";"40207843|4260174420691"
"4260174420714";"2";"2";"4991|453218";"40054577|4260174420714"
"4260174420790";"2";"2";"8162|343059";"22118311081401|4260174420790"
"4260174420837";"2";"2";"8166|289426";"22118311081405|4260174420837"
"4260174420875";"2";"2";"7821|462896";"5998499|4260174420875"
"4260174420882";"2";"2";"7822|462900";"7578578|4260174420882"
"4260174420899";"2";"2";"7645|466600";"4555557855|4260174420899"
"4260174420905";"2";"2";"11750|466596";"22118313032015015645|4260174420905"
"4260174420912";"2";"2";"7656|466601";"45886655|4260174420912"
"4260174420929";"2";"2";"7620|466571";"45585562|4260174420929"
"4260174420936";"2";"2";"7614|466640";"556515|4260174420936"
"4260174420974";"2";"2";"7618|466595";"565852556|4260174420974"
"4260174420998";"2";"2";"7609|466569";"39703855|4260174420998"
"4260174421001";"2";"2";"8083|466555";"221119832107201403|4260174421001"
"4260174421025";"2";"2";"8082|466603";"2211830608201402|4260174421025"
"4260174421049";"3";"3";"8080|25437|466563";"2211832807201401|2211831807201601|4260174421049"
"4260174421063";"2";"2";"8184|341844";"2211832008211401|JVM4260174421063"
"4260174421070";"2";"2";"8181|466585";"2211832008201401|4260174421070"
"4260174421094";"2";"2";"8182|466561";"2211832008201402|4260174421094"
"4260174421155";"2";"2";"4206|453239";"39823225|4260174421155"
"4260174421179";"2";"2";"4440|453288";"41937388|4260174421179"
"4260174421230";"2";"2";"7644|466579";"454596566|4260174421230"
"4260174421261";"2";"2";"43199|340242";"136918344JosephineChaisess-fabrykaSOFORT-LIEFERBAR|JVM4260174421261"
"4260174421278";"3";"3";"7621|466574|469376";"555458885|4260174421278|JVM4260174421278"
"4260174421285";"2";"2";"7623|340101";"5548546655|JVM4260174421285"
"4260174421292";"2";"2";"7805|466577";"7845152|4260174421292"
"4260174421308";"2";"2";"13695|466584";"SSYALE|4260174421308"
"4260174421315";"3";"3";"6921|466550|469358";"16164949|4260174421315|JVM4260174421315"
"4260174421322";"2";"2";"7643|466575";"455695852|4260174421322"
"4260174421339";"3";"3";"7624|158124|466562";"561554665|561554665sofort|4260174421339"
"4260174421346";"2";"2";"7650|466581";"455556|4260174421346"
"4260174421353";"2";"2";"7613|466568";"458685656|4260174421353"
"4260174421360";"2";"2";"7625|466567";"4588475856|4260174421360"
"4260174421377";"2";"2";"7612|466594";"39703879RobertSS|4260174421377"
"4260174421384";"2";"2";"4268|345195";"39849927|4260174421384"
"4260174421391";"2";"2";"7627|466565";"56985565|4260174421391"
"4260174421414";"7";"7";"2701|4009|7851|249574|344107|344129|469874";"8343430|8343430-1|4585265555|4260174421414|4260174421414_JVM|JVM_4260174421414|JVM_1_4260174421414"
"4260174421421";"2";"2";"8186|454166";"5151555655|4260174421421"
"4260174421438";"2";"2";"9641|466551";"2211198331121401|4260174421438"
"4260174421445";"2";"2";"3016|466580";"17592532|4260174421445"
"4260174421575";"2";"2";"57373|91727";"138563558NBBerlinIIL-FormWeissSchwarz|4260174421575A"
"4260174421612";"3";"3";"8187|454212|469074";"0909201401|4260174421612|JVM4260174421612"
"4260174421643";"2";"2";"13112|455102";"StolwitCREMONA3|4260174421643"
"4260174421650";"2";"2";"13111|455128";"EleganceCREMONA2|4260174421650"
"4260174421667";"2";"2";"13110|455100";"EleganceCREMONA|4260174421667"
"4260174421735";"2";"1";"7913|250407";"221183290620141|4260174421735"
"4260174421742";"2";"2";"6109|453324";"40020372|4260174421742"
"4260174421759";"2";"2";"4416|454090";"40021562|4260174421759"
"4260174421766";"3";"3";"7628|14754|453326";"5454445585|Pisa321Sitzer|4260174421766"
"4260174421773";"2";"2";"6188|454108";"39895455|4260174421773"
"4260174422220";"2";"2";"11899|452365";"TarankoWersalZB-1|4260174422220"
"4260174422251";"2";"2";"11287|454825";"prosperok42|4260174422251"
"4260174422268";"2";"2";"11286|454861";"prosperok41|4260174422268"
"4260174422282";"2";"2";"11284|454880";"prosperok37|4260174422282"
"4260174422305";"2";"2";"11282|454947";"prosperok34|4260174422305"
"4260174422329";"2";"2";"11280|454865";"prosperok30|4260174422329"
"4260174422398";"2";"2";"8772|345175";"22118320112014|4260174422398"
"4260174422404";"2";"2";"8773|466590";"221183201120142|4260174422404"
"4260174422435";"2";"2";"9058|453238";"22118303122014|4260174422435"
"4260174422442";"2";"2";"8696|453236";"221183101183|4260174422442"
"4260174422466";"2";"2";"8623|454202";"29101422118302|4260174422466"
"4260174422473";"2";"2";"7830|296047";"7386778|JVM4260174422473"
"4260174422480";"2";"2";"7828|453243";"7386545|4260174422480"
"4260174422497";"2";"2";"7831|462907";"8328942|4260174422497"
"4260174422503";"2";"2";"7829|454058";"16405355|4260174422503"
"4260174422541";"2";"2";"7818|453228";"39791622|4260174422541"
"4260174422558";"2";"2";"7819|453226";"39789265|4260174422558"
"4260174422633";"2";"2";"9632|466606";"221183011214455010204|4260174422633"
"4260174422657";"2";"2";"7886|454208";"455455555|4260174422657"
"4260174422664";"2";"2";"7887|454181";"4949595599|4260174422664"
"4260174422671";"2";"2";"10353|454218";"LINZIV|4260174422671"
"4260174422725";"2";"2";"9156|466597";"LIEGEOVIEDO|4260174422725"
"4260174422756";"2";"2";"9626|466599";"22118330121402|4260174422756"
"4260174422770";"2";"2";"7820|462895";"13531536777|4260174422770"
"4260174422787";"2";"2";"11278|454881";"prosperok27|4260174422787"
"4260174422855";"2";"2";"11250|454841";"ProsperoK05|4260174422855"
"4260174422886";"2";"2";"57953|97349";"138564479CH321SitzerDavosWeissSchwarz|4260174422886A"
"4260174422893";"2";"1";"11897|250621";"TarankoWersalW-BA|JVM4260174422893"
"4260174422909";"2";"2";"11896|452355";"TarankoWersalW-L3|4260174422909"
"4260174422923";"2";"2";"11265|454660";"prosperos19|4260174422923"
"4260174422947";"2";"2";"57909|155334";"138564500CH321SitzerDavosRotSchwarz|4260174422947"
"4260174422978";"2";"2";"11262|454652";"prosperos18|4260174422978"
"4260174423005";"2";"2";"11895|452362";"TarankoWersalW-L2|4260174423005"
"4260174423012";"2";"2";"11321|454828";"prosperoz31|4260174423012"
"4260174423036";"2";"2";"11319|454853";"prosperoz29|4260174423036"
"4260174423050";"2";"2";"11317|454807";"prosperoz27|4260174423050"
"4260174423067";"2";"2";"11316|454831";"prosperoz26|4260174423067"
"4260174423159";"2";"2";"11894|452369";"TarankoWersalW-L1|4260174423159"
"4260174423500";"2";"2";"14013|466541";"080615025655591445556|4260174423500"
"4260174423517";"2";"2";"14016|466554";"0806150256555914455565556|4260174423517"
"4260174423524";"2";"2";"13972|466549";"0806150256555914|4260174423524"
"4260174423579";"2";"2";"7413|8514";"32FRANCO|4260174423579"
"4260174423593";"2";"2";"4966|453223";"64664665|4260174423593"
"4260174423784";"2";"2";"11329|454821";"prosperoz41|4260174423784"
"4260174423883";"2";"2";"11230|454943";"prosperos23|4260174423883"
"4260174424019";"2";"2";"100180|147033";"4260174424019|JVM4260174424019"
"4260174424149";"2";"2";"7304|454086";"515515695|4260174424149"
"4260174424316";"2";"2";"4429|454179";"35364822|4260174424316"
"4260174424323";"3";"2";"13219|455021|469121";"StolwitCZAN1|4260174424323|JVM4260174424323"
"4260174424330";"2";"2";"13220|455044";"StolwitCZAN2|4260174424330"
"4260174424422";"2";"2";"12972|466587";"2211830705201503|4260174424422"
"4260174424439";"2";"2";"7816|453222";"39799252|4260174424439"
"4260174424453";"2";"2";"7306|453230";"455692556|4260174424453"
"4260174424545";"2";"2";"77070|87301";"4260174424545|4260174424545A"
"4260174428383";"2";"2";"7393|453229";"39469032|4260174428383"
"4260174428420";"2";"2";"11307|454863";"prosperoz16|4260174428420"
"4260174428468";"2";"2";"11302|454843";"prosperoz11|4260174428468"
"4260174428475";"2";"2";"11301|454868";"prosperoz10|4260174428475"
"4260174428482";"2";"1";"11300|375393";"prosperoz09|JVM4260174428482"
"4260174428499";"2";"2";"7305|453235";"556458155|4260174428499"
"4260174428628";"2";"2";"46929|85545";"138567104WeitaoEltmannU-FormBraun|4260174428628A"
"4260174428666";"2";"2";"4413|454234";"40763329|4260174428666"
"4260174428727";"2";"2";"11323|454801";"prosperoz33|4260174428727"
"4260174428734";"2";"2";"11251|454658";"prosperos11-o|4260174428734"
"4260174428741";"2";"2";"11324|454848";"prosperoz34|4260174428741"
"4260174428840";"2";"2";"46773|75542";"138567828WeitaoEppsteinU-FormBraunBeige|4260174428840"
"4260174428871";"3";"3";"46695|86313|468609";"138567864WeitaoFellenU-FormBraun|4260174428871A|JVM4260174428871"
"4260174428932";"2";"2";"11893|452352";"TarankoWersalW-LP|4260174428932"
"4260174428949";"2";"2";"87763|144563";"4260174428949A|JV4260174428949"
"4260174428963";"2";"2";"11892|452359";"TarankoWersalW-WP|4260174428963"
"4260174428987";"2";"2";"46617|87917";"138569685Weitao321SitzerFrancoBSchwarz|4260174428987A"
"4260174429007";"2";"2";"11888|452367";"TarankoWersalW-N3|4260174429007"
"4260174429014";"2";"2";"11887|452351";"TarankoWersalW-N3B|4260174429014"
"4260174429038";"2";"2";"11885|452363";"TarankoWersalW-NL-Kr|4260174429038"
"4260174429045";"2";"2";"46591|87992";"138569728Weitao321SitzerFrancoBDunkelbraun|4260174429045A"
"4260174429052";"3";"3";"11884|340404|435683";"TarankoWersalW-S|4260174429052|JVM4260174429052"
"4260174429120";"2";"2";"7658|453292";"58211034|4260174429120"
"4260174429151";"2";"2";"7186|453211";"55151375|4260174429151"
"4260174429274";"2";"2";"46565|453482";"138569844Weitao321SitzerFrancoBWeiss|4260174429274"
"4260174429281";"2";"2";"46539|88169";"138570262WeitaoL-FormFrancoDBraun|4260174429281A"
"4260174429304";"2";"2";"4272|466558";"39870854|4260174429304"
"4260174429342";"2";"2";"4267|466564";"39849869|4260174429342"
"4260174429359";"2";"2";"4149|466557";"39688120|4260174429359"
"4260174429489";"2";"2";"2536|464175";"16313884|4260174429489"
"4260174429502";"3";"3";"2539|343300|475669";"16313890|4260174429502|JVM4260174429502"
"4260174429533";"2";"2";"7690|453208";"58211064|4260174429533"
"4260174429625";"2";"2";"6020|453231";"53301317|4260174429625"
"4260174429632";"2";"2";"4431|453217";"40052151|4260174429632"
"4260174429649";"2";"2";"7292|453244";"56955265|4260174429649"
"4260174429656";"2";"2";"6228|453303";"39473732|4260174429656"
"4260174429663";"2";"2";"7185|462906";"5658545|4260174429663"
"4260174429731";"3";"3";"12923|23235|453528";"22118327041501|2211832906201602|4260174429731"
"4260174429762";"2";"2";"11881|452360";"TarankoWersalW-K4|4260174429762"
"4260174429847";"2";"2";"7633|332445";"BXBAVERO|4260174429472"
"4260174429946";"2";"2";"4208|462908";"39466195|4260174429946"
"4260174429977";"2";"2";"3525|454185";"35889399|4260174429977"
"4260174429984";"2";"2";"12895|453505";"22118325022015035545454|4260174429984"
"4260439210005";"2";"2";"46487|89320";"138570456WeitaoL-FormHaidBraun|4260439210005A"
"4260439210029";"2";"2";"14149|343177";"LUXURWASSERBETT|4260439210029"
"4260439210043";"2";"2";"14522|327342";"Chesterfield3SitzerBoston|4260439210043"
"4260439210050";"2";"2";"14555|466426";"ChesterfieldTrobay|4260439210050"
"4260439210067";"2";"2";"14511|466430";"ChesterfieldBoston|4260439210067"
"4260439210074";"3";"3";"14500|41055|466509";"ChesterfieldCambridge|136449483CHESTERFIELD321CAMBRIDGESofort|4260439210074"
"4260439210081";"3";"3";"8081|466559|475751";"2211830608201401|4260439210081|JVM4260439210081"
"4260439210098";"2";"2";"14489|466536";"ChesterfieldNewcastle|4260439210098"
"4260439210104";"2";"2";"14588|466435";"ChesterfieldLeicester|4260439210104"
"4260439210111";"2";"2";"14467|466535";"ChesterfieldBirmingham|4260439210111"
"4260439210128";"2";"2";"14466|466540";"ChesterfieldBigKing|4260439210128"
"4260439210135";"2";"2";"14433|327344";"Chesterfield3SitzerCromer2|4260439210135"
"4260439210142";"2";"2";"14422|466537";"CHESTERFIELDBIRKENHEAD|4260439210142"
"4260439210166";"2";"2";"23191|453295";"211832806201601555|4260439210166"
"4260439210173";"2";"2";"14694|453291";"LFormPisa|4260439210173"
"4260439210180";"2";"2";"14658|462920";"PISA|4260439210180"
"4260439210197";"2";"2";"14657|454088";"H2209|4260439210197"
"4260439210203";"2";"2";"14621|462899";"Colo3|4260439210203"
"4260439210210";"2";"2";"14336|453526";"BenixLOTOS|4260439210210"
"4260439210258";"2";"2";"11880|452343";"TarankoWersalW-K3C|4260439210258"
"4260439210265";"2";"2";"14346|466552";"CHESTERFIELDCROMER|4260439210265"
"4260439210272";"2";"2";"14368|466543";"Chesterfield3-SitzerCromer|4260439210272"
"4260439210333";"2";"2";"14170|466547";"2211830807201501|4260439210333"
"4260439210340";"2";"2";"11879|233997";"TarankoWersalW-K3B|4260439210340"
"4260439210357";"2";"2";"11878|452357";"TarankoWersalW-K3A|4260439210357"
"4260439210364";"2";"2";"11877|452340";"TarankoWersalW-K3|4260439210364"
"4260439210371";"2";"2";"16589|453225";"2211830807201505585|4260439210371"
"4260439210388";"2";"2";"16666|454221";"2211830807201505591|4260439210388"
"4260439210395";"2";"2";"16772|453207";"2211830807201505592|4260439210395"
"4260439210470";"2";"2";"15301|458226";"WASSERBETTSenegal|4260439210470"
"4260439210494";"2";"2";"26756|26850";"128770042WTV015C|128772197WTWetzlarB"
"4260439210531";"2";"2";"7630|466572";"4648665|4260439210531"
"4260439210548";"2";"2";"2874|454211";"23291609|4260439210548"
"4260439210562";"2";"2";"13258|455073";"EleganceROMA|4260439210562"
"4260439210586";"2";"2";"13256|455076";"ElegancePRINCESSA|4260439210586"
"4260439210609";"2";"2";"11876|452349";"TarankoWersalW-RTV-M|4260439210609"
"4260439210616";"2";"2";"13270|455055";"EleganceOSLOFDFH|4260439210616"
"4260439210623";"2";"2";"13271|455048";"EleganceOSLOFH|4260439210623"
"4260439210630";"2";"2";"13272|455046";"ElegancePARIS|4260439210630"
"4260439210692";"2";"2";"15910|466429";"WASSERBETTElizabethSimple|4260439210692"
"4260439210791";"2";"2";"11875|452353";"TarankoWersalW-RTV-D|4260439210791"
"4260439210852";"2";"2";"13427|455070";"EleganceKONTYNENTALNEB|4260439210852"
"4260439210876";"2";"2";"13428|455041";"EleganceKONTYNENTALNEC|4260439210876"
"4260439210890";"2";"2";"13429|455067";"EleganceKONTYNENTALNED|4260439210890"
"4260439210906";"2";"2";"13430|455039";"EleganceKONTYNENTALNEROYALB|4260439210906"
"4260439210913";"2";"2";"13431|455034";"EleganceKONTYNENTALNEROYALC|4260439210913"
"4260439210937";"2";"2";"14850|454226";"WASSERBETTIrina|4260439210937"
"4260439211255";"2";"2";"13266|464035";"EleganceLOUISIANA|4260439211255"
"4260439211262";"2";"2";"11874|452272";"TarankoWersalW-RTV|4260439211262"
"4260439211286";"2";"2";"11873|452266";"TarankoWersalW-K2B|4260439211286"
"4260439211347";"2";"2";"13262|455064";"EleganceCapri|4260439211347"
"4260439211453";"2";"2";"13955|466406";"0806150256555565|4260439211453"
"4260439211460";"2";"2";"11872|452280";"TarankoWersalW-K2A|4260439211460"
"4260439211477";"2";"2";"11871|452264";"TarankoWersalW-Ksz|4260439211477"
"4260439211484";"2";"2";"11870|452263";"TarankoWersalW-W-NM|4260439211484"
"4260439211507";"3";"3";"11868|452274|452276";"TarankoWersalW-W3-4|4260439211507|4260439211491"
"4260439211514";"2";"2";"11867|452256";"TarankoWersalW-WN|4260439211514"
"4260439211521";"2";"2";"11866|452257";"TarankoWersalW-W3|4260439211521"
"4260439211545";"2";"2";"11864|452248";"TarankoWersalW1-2|4260439211545"
"4260439211552";"2";"2";"11863|452262";"TarankoWersalW-W2L|4260439211552"
"4260439211569";"2";"2";"11862|452244";"TarankoWersalW-W2|4260439211569"
"4260439211897";"2";"2";"17307|466399";"ChesterfieldMorpeth|4260439211897"
"4260439211903";"2";"2";"17340|466421";"ChesterfieldNewport|4260439211903"
"4260439211910";"2";"2";"17301|340094";"CHESTERFIELDTOULON|JVM4260439211910"
"4260439211927";"2";"2";"17283|466410";"ChesterfieldBarrow|4260439211927"
"4260439211934";"2";"2";"17268|279417";"ChesterfieldKingston|4260439211934"
"4260439211941";"2";"2";"17316|340096";"ChesterfieldWilliamIII|JVM4260439211941"
"4260439211958";"2";"2";"17274|466381";"ChesterfieldPreston|4260439211958"
"4260439211965";"2";"2";"17259|466404";"CHESTERFIELDFALMOUTH|4260439211965"
"4260439211972";"2";"2";"17232|466379";"ChesterfieldBANTRY3Sitzer|4260439211972"
"4260439211989";"2";"2";"17221|466389";"CHESTERFIELDBANTRY|4260439211989"
"4260439211996";"2";"2";"17212|466402";"ChesterfieldA922|4260439211996"
"4260439212009";"2";"2";"17205|466376";"ChesterfieldKleopatra|4260439212009"
"4260439212016";"2";"2";"17180|466386";"ChesterfieldWHITTBY|4260439212016"
"4260439212023";"2";"2";"17153|466391";"ChesterfieldARRAU|4260439212023"
"4260439212030";"2";"2";"17142|466362";"ChestefieldHastings|4260439212030"
"4260439212054";"2";"2";"17126|466369";"CHESTERFIELDKLEOPATRAII|4260439212054"
"4260439212061";"3";"3";"17133|466385|469851";"ChesterfieldLuton|4260439212061|JVM_4260439212061"
"4260439212078";"2";"2";"17103|466373";"CHESTERFIELDLEICESTERII|4260439212078"
"4260439212085";"2";"2";"17369|466414";"ChesterfieldCrotone|4260439212085"
"4260439212108";"2";"2";"13261|455091";"EleganceACAPULCO|4260439212108"
"4260439212276";"3";"3";"13451|455026|469359";"EleganceSTANDARD|4260439212276|JVM4260439212276"
"4260439212344";"2";"2";"13435|455058";"EleganceCALGARYY|4260439212344"
"4260439212375";"3";"2";"13450|455036|470133";"EleganceNachttischeROMA|4260439212375|JVM4260439212375"
"4260439212443";"2";"2";"12946|452255";"TarankoPrato3|4260439212443"
"4260439212498";"3";"2";"13418|455030|459070";"ElegancePARISLUX|4260439212498|JVM4260439212498"
"4260439212504";"2";"2";"13416|455053";"ElegancePARISCLASSIC|4260439212504"
"4260439212573";"2";"2";"13234|455104";"jvmoebel|4260439212573"
"4260439212702";"2";"2";"17909|466325";"ChesterfieldCHESTER19|4260439212702"
"4260439212719";"2";"2";"17917|466347";"ChesterfieldCHESTER18|4260439212719"
"4260439212726";"2";"2";"17924|466335";"ChesterfieldCHESTER17|4260439212726"
"4260439212733";"2";"2";"17931|466327";"ChesterfieldTORBAYIII|4260439212733"
"4260439212740";"2";"2";"17938|466350";"ChesterfieldTORBAYII|4260439212740"
"4260439213341";"2";"2";"18328|466351";"ChesterfieldDock|4260439213341"
"4260439213358";"2";"2";"18307|466358";"ChesterfieldEAST|4260439213358"
"4260439213372";"2";"2";"17945|466337";"ChesterfieldLUTONII|4260439213372"
"4260439213389";"2";"2";"17961|466353";"ChesterfieldCHESTER16|4260439213389"
"4260439213396";"2";"2";"17967|466341";"ChesterfieldC.15|4260439213396"
"4260439213402";"2";"2";"17973|466331";"ChesterfieldC.14|4260439213402"
"4260439213419";"2";"2";"17982|441111";"ChesterfieldCHESTER13|JVM4260439213419"
"4260439213426";"2";"2";"17989|466355";"ChesterfieldKINGS3|4260439213426"
"4260439213433";"2";"2";"17997|466343";"ChesterfieldCHESTER12|4260439213433"
"4260439213440";"2";"2";"18004|466334";"ChesterfieldHASTINGSII|4260439213440"
"4260439213457";"2";"2";"18015|466357";"ChesterfieldCHESTER11|4260439213457"
"4260439213464";"2";"2";"18040|466345";"ChesterfieldC.10|4260439213464"
"4260439213495";"2";"2";"18321|466375";"ChesterfieldLiverpool|4260439213495"
"4260439213501";"2";"2";"18314|466348";"ChesterfieldKINGSII|4260439213501"
"4260439213549";"2";"2";"18063|466336";"ChesterfieldCHESTER9|4260439213549"
"4260439213556";"2";"2";"18075|466361";"ChesterfieldCHESTER8|4260439213556"
"4260439213563";"2";"2";"18107|466339";"ChesterfieldCHESTER6|4260439213563"
"4260439213570";"2";"2";"18132|466364";"ChesterfieldCHESTER5|4260439213570"
"4260439213587";"2";"2";"18157|466352";"ChesterfieldCHESTER4|4260439213587"
"4260439213594";"2";"2";"18182|466342";"ChesterfieldCHESTER3|4260439213594"
"4260439213600";"2";"2";"18207|466367";"ChesterfieldCHESTER2|4260439213600"
"4260439213617";"2";"2";"18232|466356";"ChesterfieldCHESTER1|4260439213617"
"4260439213624";"2";"2";"18282|466370";"ChesterfieldTorbay|4260439213624"
"4260439213631";"2";"2";"18335|466382";"ChesterfieldCowes|4260439213631"
"4260439213648";"2";"2";"46461|90223";"138570516WeitaoL-FormHaidOrange|4260439213648A"
"4260439214126";"2";"2";"14478|466548";"ChesterfieldNewton|4260439214126"
"4260439214430";"2";"2";"18731|454205";"2211830110201506|4260439214430"
"4260454040007";"2";"2";"19324|466326";"Skornyswiat26|4260454040007"
"4260454040014";"2";"2";"19366|466317";"Skornyswiat25|4260454040014"
"4260454040021";"3";"2";"19384|466308|469873";"Skornyswiat24|4260454040021|JVM4260454040021"
"4260454040045";"2";"2";"19421|466320";"Skornyswiat22|4260454040045"
"4260454040052";"2";"2";"19446|466310";"Skornyswiat21|4260454040052"
"4260454040069";"2";"2";"19466|466333";"Skornyswiat20|4260454040069"
"4260454040076";"2";"2";"19491|466323";"Skornyswiat18|4260454040076"
"4260454040083";"2";"2";"19500|466313";"Skornyswiat16|4260454040083"
"4260454040090";"2";"2";"19310|466315";"SkornyswiatLAGRAND|4260454040090"
"4260454040106";"2";"2";"19302|466324";"SS30|4260454040106"
"4260454040205";"2";"2";"19556|466300";"Skornyswiat31|4260454040205"
"4260454040250";"2";"1";"19580|342645";"Skornyswiat14|4260454040250"
"4260454040267";"2";"2";"19594|345162";"Skornyswiat12|4260454040267"
"4260454040274";"2";"2";"19602|344547";"Skornyswiat11|JVM4260454040274"
"4260454040281";"2";"2";"19608|466338";"Skornyswiat10|4260454040281"
"4260454040298";"3";"2";"19615|37822|344544";"Skornyswiat9|19122016B|JVM4260454040298"
"4260454040304";"2";"2";"19622|466319";"Skornyswiat8|4260454040304"
"4260454040311";"2";"2";"19637|466340";"Skornyswiat7|4260454040311"
"4260454040328";"2";"2";"19645|466328";"Skornyswiat6|4260454040328"
"4260454040335";"2";"2";"19652|466322";"Skornyswiat4|4260454040335"
"4260454040342";"2";"2";"19660|466332";"Skornyswiat2|4260454040342"
"4260454040366";"2";"2";"26117|453328";"39694056LeMansSimilar|4260454040366"
"4260454040380";"2";"2";"208216|340221";"4260454040380|JVM4260454040380"
"4260454040403";"2";"2";"19706|466503";"123934951|4260454040403"
"4260454040410";"2";"2";"19705|466501";"123934994|4260454040410"
"4260454040632";"2";"2";"19880|466298";"Skornyswiat47|4260454040632"
"4260454040649";"2";"2";"19887|466285";"Skornyswiat46|4260454040649"
"4260454040656";"2";"2";"19891|466311";"Skornyswiat45|4260454040656"
"4260454040663";"2";"2";"19895|466301";"Skornyswiat44|4260454040663"
"4260454040694";"2";"2";"20620|466288";"Skornyswiat43|4260454040694"
"4260454040717";"2";"2";"20636|466303";"Skornyswiat41|4260454040717"
"4260454040922";"2";"2";"21898|466316";"SkornyswiatNapoliMIXTEXTILKUNSTLEDERSS|4260454040922"
"4260454040939";"2";"2";"21904|466306";"SkornyswiatWILLIAMIISS|4260454040939"
"4260454040960";"2";"2";"21908|466293";"SkornyswiatChesterfieldA5SS311|4260454040960"
"4260454041028";"2";"2";"21433|453209";"Super-SofaHAMBURGVINB-AngelK|4260454041028"
"4260454041035";"2";"2";"21487|454180";"Super-SofaMadagaskarNB|4260454041035"
"4260454041042";"2";"2";"21539|454189";"Super-SofaMadagaskarMaxNB|4260454041042"
"4260454041059";"2";"2";"21591|454184";"Super-SofaMadagaskarIINB|4260454041059"
"4260454041066";"2";"2";"21642|454186";"Super-SofaMadagaskarL-FormNB|4260454041066"
"4260454041073";"2";"2";"21915|466318";"Skornyswiat321SS36|4260454041073"
"4260454041097";"2";"2";"21925|466296";"SkornyswiatKonigsbergU-FormS34SS|4260454041097"
"4260454041103";"2";"2";"21932|466321";"SkornyswiatEcksofaChesterfieldSS33|4260454041103"
"4260454041110";"2";"2";"21938|466312";"SkornyswiatSS32|4260454041110"
"4260454041141";"2";"2";"21174|453205";"Super-SofaRonaldoNBL-FormLeder|4260454041141"
"4260454041158";"2";"2";"21224|454177";"Super-SofaRonaldMiniNB|4260454041158"
"4260454041165";"2";"2";"21278|462893";"Super-SofaHamburgAngelU-FormNB|4260454041165"
"4260454041172";"2";"2";"21329|462894";"Super-SofaHamburgAngelMaxU-FormNB|4260454041172"
"4260454041189";"2";"2";"21121|249405";"Super-SofaRonaldoMaxU-FormNB|4260454041189"
"4260454041196";"2";"2";"21380|453224";"Super-SofaHamburgIIAngelLNB|4260454041196"
"4260454041219";"2";"2";"20997|462892";"Super-SofaBerlinIIIKNBTextil|4260454041219"
"4260454041226";"2";"2";"21695|82332";"2211833012201503|4260454041226A"
"4260454041271";"2";"2";"23539|453329";"2680BellenbergC36223307|4260454041271"
"4260454041295";"2";"2";"22456|454080";"NordMebel124928951|4260454041295"
"4260454041301";"2";"2";"22208|463069";"124854372|4260454041301"
"4260454041400";"2";"2";"22168|453327";"124854767|4260454041400"
"4260454041417";"2";"2";"22248|454232";"124853266|4260454041417"
"4260454041509";"2";"2";"20705|462913";"NordMebelBerlin2016|4260454041509"
"4260454041523";"2";"2";"21020|462897";"Super-SofaVigoU-FormNBK|4260454041523"
"4260454041530";"2";"2";"20925|453221";"Super-SofaBerlinIITextilNBK|4260454041530"
"4260454041547";"2";"2";"20948|453206";"Super-SofaBerlinIILederNBK|4260454041547"
"4260454041554";"2";"2";"20874|453203";"Super-SofaLeMansIIKNB|4260454041554"
"4260454041561";"2";"2";"20825|462890";"Super-SofaBerlinVILederSofaNBK|4260454041561"
"4260454041578";"2";"1";"20805|447006";"Super-SofaBerlinVITextilSofaNBK|JVM4260454041578"
"4260454041585";"2";"2";"20755|454082";"Super-SofaLeMansU-FormKNB|4260454041585"
"4260454041592";"2";"2";"22473|81027";"2211831901201607|4260454041592A"
"4260454041721";"2";"2";"22592|378950";"4260454041721|JVM4260454041721"
"4260454042384";"3";"1";"4420|342396|342397";"40052268|4260454042384|JVM4260454042384"
"4260454042711";"3";"3";"7293|7294|7295";"BETAIISCHWARZWEISS|BETAIIWEISSSCHWARZ|BETAIIWEISS"
"4260454042780";"2";"2";"351077|470117";"4260454042780|JVM4260454042780"
"4260454042803";"4";"4";"3885|3886|3887|249483";"39491879|39410997|39410946|4260454042803"
"4260454042810";"4";"4";"3798|3799|3800|3801";"39460111|39460112|39460115|39003932"
"4260454043091";"2";"2";"21070|454171";"Super-SofaU-FormSofaRonaldoLederNBK|4260454043091"
"4260454043107";"2";"2";"18742|454204";"2211830110201507|4260454043107"
"4260454043169";"2";"2";"15130|454215";"WASSERBETTMicha|4260454043169"
"4260454043176";"2";"2";"15009|454223";"WASSERBETTMorskie|4260454043176"
"4260454043183";"2";"2";"14988|454224";"WASSERBETTMaurice|4260454043183"
"4260454043190";"2";"2";"16512|454227";"2211830807201505590|4260454043190"
"4260454043206";"2";"2";"16452|317621";"2211830807201505584|4260454043206"
"4260454043220";"2";"2";"7254|462898";"55167371|4260454043220"
"4260454043237";"2";"2";"7220|453213";"55166800|4260454043237"
"4260454043244";"2";"2";"5984|453215";"53301026|4260454043244"
"4260454043251";"2";"2";"4439|454089";"41937326|4260454043251"
"4260454043268";"2";"2";"4438|462902";"41932404|4260454043268"
"4260454043275";"2";"2";"4437|453212";"41931356|4260454043275"
"4260454043282";"2";"2";"4436|453284";"41924917|4260454043282"
"4260454043299";"2";"2";"3585|454216";"35895241|4260454043299"
"4260454043305";"2";"2";"3524|454230";"35890877|4260454043305"
"4260454043329";"2";"2";"4002|453282";"39555748|4260454043329"
"4260454043336";"2";"2";"4435|462905";"40240024|4260454043336"
"4260454043343";"2";"2";"7303|462901";"515565446469|4260454043343"
"4260454043367";"2";"2";"4236|453220";"39860521|4260454043367"
"4260454043374";"2";"2";"4214|454085";"39844120|4260454043374"
"4260454043381";"2";"2";"2736|453240";"33859991|4260454043381"
"4260454043404";"2";"2";"8621|453227";"2211832710201401|4260454043404"
"4260454043411";"2";"2";"7817|453242";"39799012|4260454043411"
"4260454043428";"2";"2";"4946|316776";"39784543|4260454043428"
"4260454043435";"2";"2";"4313|320523";"40033094|4260454043435"
"4260454043466";"3";"3";"3740|43604|454237";"38906615|331|4260454043466"
"4260454043473";"2";"2";"7082|316952";"46919129|4260454043473"
"4260454043480";"2";"1";"2855|468403";"21466865|JVM4260454043480"
"4260454043497";"2";"2";"2743|309143";"33851316|4260454043497"
"4260454043503";"2";"2";"2443|454178";"34056636|4260454043503"
"4260454043534";"2";"2";"7081|316165";"469496|4260454043534"
"4260454043541";"2";"2";"46435|155180";"138571080WeitaoL-FormHaidGrau|4260454043541"
"4260454043565";"2";"2";"11299|454851";"prospreroz08|4260454043565"
"4260454043572";"2";"2";"11271|454649";"prosperok13|4260454043572"
"4260454043671";"2";"2";"46380|90609";"138571279WeitaoU-FormHallstadtBraunWeiss|4260454043671A"
"4260454043695";"2";"2";"46354|90684";"138571321Weitao321SitzerHombergBeige|4260454043695A"
"4260454043701";"2";"2";"46328|91145";"138571345Weitao321SitzerHombergBraun|JV4260454043701"
"4260454043718";"2";"2";"46302|88321";"138571378Weitao321SitzerHombergSchwarz|4260454043718A"
"4260454043725";"2";"2";"46276|88444";"138571394Weitao321SitzerHombergOrange|4260454043725A"
"4260454043732";"2";"2";"46250|88569";"138571443Weitao321SitzerHuttenDunkelgrauBraun|4260454043732A"
"4260454043763";"2";"2";"46224|88092";"138571559Weitao321SitzerHuttenGrauBeige|4260454043763A"
"4260454043770";"2";"2";"19708|466508";"123934877|4260454043770"
"4260454043787";"2";"2";"19709|466281";"Skornyswiat49|4260454043787"
"4260454043794";"2";"2";"19713|466309";"Skornyswiat48|4260454043794"
"4260454043800";"2";"2";"19656|466344";"Skornyswiat3|4260454043800"
"4260454043817";"2";"2";"17952|466330";"ChestefieldPrestonII|4260454043817"
"4260454043824";"2";"2";"18082|466349";"ChesterfieldCHESTER7|4260454043824"
"4260454043831";"2";"2";"18257|466346";"ChesterfieldIslesI|4260454043831"
"4260454043848";"2";"2";"16020|466405";"WASSERBETTOXFORD|4260454043848"
"4260454043855";"2";"2";"14171|466538";"2211830807201502|4260454043855"
"4260454043862";"2";"2";"7083|466553";"49469491919|4260454043862"
"4260454043879";"2";"2";"7086|466592";"56598547|4260454043879"
"4260454043893";"2";"2";"7085|466593";"589956949|4260454043893"
"4260454043916";"2";"2";"7657|466576";"454851465|4260454043916"
"4260454043923";"2";"2";"7801|466602";"455145585|4260454043923"
"4260454043930";"2";"2";"9595|466578";"221183011214455010203|4260454043930"
"4260454043947";"2";"2";"9584|466586";"2211830112144550123|4260454043947"
"4260454044043";"2";"2";"13225|455080";"EleganceAPOLLOS|4260454044043"
"4260454044081";"2";"2";"15682|455083";"WASSERBETTAPOLLOS|4260454044081"
"4260454044166";"2";"2";"13149|455089";"StolwitNEWYORK|4260454044166"
"4260454044432";"2";"2";"13029|103756";"PlastikoSLEEPCAR|4260454044432"
"4260454044463";"2";"2";"13690|466556";"08061503|4260454044463"
"4260454044470";"2";"2";"148377|469234";"4260454044470|JVM4260454044470"
"4260454044661";"3";"3";"146910|148209|455254";"4260454044661|JVM4260454044661|4260484864550"
"4260454044784";"2";"2";"23583|453305";"2680BellenbergB123916429|4260454044784"
"4260454044944";"2";"2";"11729|466588";"22118325022015035545455455544|4260454044944"
"4260454045231";"2";"2";"457659|469039";"4260454045231|JVM4260454045231"
"4260454045347";"2";"2";"165115|183560";"JVM4260454045347|JV4260454045347"
"4260454045415";"2";"2";"18570|319065";"221183758724721|4260454045415"
"4260454045736";"2";"2";"23135|466492";"127300810Chesterfield3Napoli|4260454045736"
"4260454045743";"2";"2";"23128|466488";"127301589ChesterfieldQueenNo25SS|4260454045743"
"4260454045750";"2";"2";"208222|340225";"4260454045750|JVM4260454045750"
"4260454045767";"2";"2";"23112|466485";"127303356Chesterfield3SitzerRobertII|4260454045767"
"4260454045828";"2";"2";"22999|453830";"127313746BettMax5|4260454045828"
"4260454045934";"2";"2";"12413|452338";"TarankoMilano8|4260454045934"
"4260454045965";"3";"3";"12410|452348|475651";"TarankoMilano5|4260454045965|JVM4260454045965"
"4260454045989";"2";"2";"11588|452350";"TarankoMilanoMI-Bett3|4260454045989"
"4260454045996";"2";"2";"11585|452334";"TarankoMilanoMI-SZN|4260454045996"
"4260454046009";"2";"2";"11583|452345";"TarankoMilanoMI-S|4260454046009"
"4260454046016";"2";"2";"11581|452347";"TarankoMilanoMI-2SN|4260454046016"
"4260454046023";"2";"2";"11580|452331";"TarankoMilanoCL|4260454046023"
"4260454046030";"2";"2";"11579|452341";"TarankoMilanoMi2|4260454046030"
"4260454046047";"2";"2";"11578|452346";"TarankoMilanoMI-Bank|4260454046047"
"4260454046054";"2";"2";"11577|452329";"TarankoMilanoMI-1|4260454046054"
"4260454046061";"2";"2";"11576|452337";"TarankoMilanoMI-2|4260454046061"
"4260454046078";"2";"2";"11575|452344";"TarantoMilanoMI-RTVD|4260454046078"
"4260454046085";"2";"2";"11574|452326";"TarankoMilanoMI-RTVA|4260454046085"
"4260454046092";"2";"2";"11573|452335";"TarankoMilanoMI-4D|4260454046092"
"4260454046108";"2";"2";"11572|452342";"TarankoMilanoMI-3DL|4260454046108"
"4260454046115";"2";"2";"11571|452323";"TarankoMilanoMI-3D|4260454046115"
"4260454046122";"2";"2";"11570|452333";"TarankoMilanoMI-2D|4260454046122"
"4260454046139";"2";"2";"11569|452339";"TarankoMilanoMI-KBD|4260454046139"
"4260454046146";"2";"2";"11568|452320";"TarankoMilanoMI-KB|4260454046146"
"4260454046153";"2";"2";"11567|452330";"TarankoMilanoMI-K3sz|4260454046153"
"4260454046160";"2";"2";"11566|452336";"TarankoMilanoMI-K2sz|4260454046160"
"4260454046177";"2";"2";"11565|452317";"tarankomilanomi-k2|4260454046177"
"4260454046184";"2";"2";"11564|452328";"tarankomilanomi-w2|4260454046184"
"4260454046191";"2";"2";"11563|452332";"tarankomilanomiwn|4260454046191"
"4260454046207";"2";"2";"11562|468001";"TarankoMilanoM12|4260454046207"
"4260454046238";"2";"2";"12512|452451";"TarankoVerona14|4260454046238"
"4260454046245";"2";"2";"12502|452452";"TarankoVerona13|4260454046245"
"4260454046252";"2";"2";"12495|452316";"TarankoVerona12|4260454046252"
"4260454046269";"2";"2";"12480|452325";"TarankoVerona11|4260454046269"
"4260454046276";"2";"2";"12479|452327";"TarankoVerona10|4260454046276"
"4260454046283";"2";"2";"12427|452315";"TarankoVerona9|4260454046283"
"4260454046290";"2";"2";"12426|452322";"TarankoVerona8|4260454046290"
"4260454046306";"2";"2";"12425|452324";"TarankoVerona7|4260454046306"
"4260454046313";"2";"2";"12424|452314";"TarankoVerona6|4260454046313"
"4260454046320";"2";"2";"12423|452318";"TarankoVerona5|4260454046320"
"4260454046337";"2";"2";"12422|452321";"TarankoVerona4|4260454046337"
"4260454046344";"2";"2";"12421|452313";"TarankoVerona3|4260454046344"
"4260454046375";"2";"2";"11669|452319";"TarankoVeronaV-18N-Eckregal|4260454046375"
"4260454046382";"2";"2";"11668|452312";"TarankoVeronaV1D-13|4260454046382"
"4260454046399";"2";"2";"11667|340427";"TarankoVeronaV1D-12|4260454046399"
"4260454046405";"2";"2";"11666|340414";"TarankoVeronaV1D-11|4260454046405"
"4260454046412";"2";"2";"11665|452308";"TarankoVeronaV2D-17|4260454046412"
"4260454046429";"2";"2";"11664|452448";"TarankoVeronaV2D-16|4260454046429"
"4260454046436";"2";"2";"11663|452449";"TArankoVeronaV2D-10|4260454046436"
"4260454046443";"2";"2";"11662|340426";"TarankoVeronaV2D-09|4260454046443"
"4260454046467";"2";"2";"11660|340412";"TarankoVeronaV-15-N|4260454046467"
"4260454046474";"2";"2";"11659|452305";"TarankoVeronaV2D-14PSchrankfrontvoll|4260454046474"
"4260454046481";"2";"2";"11658|340413";"TarankoVeronaV2D-14frontSpiegel|4260454046481"
"4260454046498";"2";"2";"11657|452577";"TarankoVeronaV1D-08L-PSchrankfrontvoll|4260454046498"
"4260454046504";"2";"2";"11656|452301";"TarankoVeronaV1D-07L-PSchrankfrontvoll|4260454046504"
"4260454046511";"2";"2";"11655|452309";"TarankoVeronaV1D-07L-P|4260454046511"
"4260454046528";"2";"2";"11654|452447";"TarankoVeronaV1D-06L-P|4260454046528"
"4260454046535";"2";"2";"11653|452299";"TarankoVeronaV2D-05-LSpiegelmitBeleuchtung|4260454046535"
"4260454046542";"2";"2";"11652|452524";"TarankoVeronaV2D-05|4260454046542"
"4260454046559";"2";"2";"11651|340425";"TarankoVeronaV2D-04|4260454046559"
"4260454046566";"2";"2";"11649|452297";"TarankoVeronaV2D-02|4260454046566"
"4260454046573";"2";"2";"11648|452304";"TarankoVeronaV2D-01|4260454046573"
"4260454046610";"2";"2";"11644|452311";"TarankoVeronaV-Schrank-3D-G|4260454046610"
"4260454046627";"2";"2";"11643|452295";"TarankoVeronaV-Schrank-4D-G|4260454046627"
"4260454046634";"2";"2";"11642|452302";"TarankoVeronaV-Ottomane|4260454046634"
"4260454046641";"2";"2";"11641|452310";"TarankoVeronaV-Frisiertisch|4260454046641"
"4260454046658";"2";"2";"11640|340424";"TarankoVeronaV-Standspiegel|4260454046658"
"4260454046665";"2";"2";"11639|452300";"TarankoVeronaV-SznNachtschrank|4260454046665"
"4260454046672";"2";"2";"11637|452307";"TarankoVeronaV-O-N|4260454046672"
"4260454046689";"2";"2";"11636|452293";"TarankoVeronaV-P-N|4260454046689"
"4260454046696";"2";"2";"11635|452298";"TarankoVeronaV-2T|4260454046696"
"4260454046702";"2";"2";"11634|452306";"TarankoVeronaV-T|4260454046702"
"4260454046719";"2";"2";"11632|452291";"TarankoVeronaV-A-N|4260454046719"
"4260454046726";"2";"2";"11631|452296";"TarankoVeronaV-A|4260454046726"
"4260454046733";"2";"2";"11630|452303";"TarankoVeronaT|4260454046733"
"4260454046740";"2";"2";"11670|340409";"TarankoVeronaV-2D-01-02-09|4260454046740"
"4260454046757";"2";"2";"11671|340410";"TarankoVeronaV-B-V-2D-01-02-09|4260454046757"
"4260454046764";"2";"2";"11672|340411";"TarankoVeronaV-F-V-1D-06-07-11|4260454046764"
"4260454046788";"2";"2";"11674|452289";"TarankoVeronaV-D|4260454046788"
"4260454046795";"2";"2";"11675|452446";"TArankoVeronaV-E|4260454046795"
"4260454046801";"2";"2";"11678|452292";"TarankoVeronaV-Sitzkastenleder|4260454046801"
"4260454046818";"2";"2";"11679|452445";"TarankoVeroneV-K-GKommode|4260454046818"
"4260454046825";"2";"2";"11680|340415";"TarankoVeronaV|4260454046825"
"4260454046849";"2";"2";"11682|340416";"TarankoVeronaV-Pfeiler|4260454046849"
"4260454046856";"2";"2";"11683|340418";"TarankoVeronaV-Seitenabschlussteil|4260454046856"
"4260454046863";"2";"2";"11687|340417";"TarankoVeronaV-LP|4260454046863"
"4260454046887";"2";"2";"11685|340420";"TarankoVeronaV-Abschlussseitenwand|4260454046887"
"4260454046894";"2";"2";"11688|340423";"TarankoVeronaV-Eckpfeiler|4260454046894"
"4260454046900";"2";"2";"11689|340422";"TarankoVeronaV-Kronenaufsatz|4260454046900"
"4260454046917";"2";"2";"11690|340421";"TarankoVeronaV-Saule|4260454046917"
"4260454046931";"2";"2";"11629|452429";"TarankoVeronaV1|4260454046931"
"4260454046948";"2";"2";"11628|452427";"TarankoVeronaS1|4260454046948"
"4260454046955";"2";"2";"11627|452433";"TarankoVeronaS|4260454046955"
"4260454046962";"2";"2";"11626|452426";"TarankoVeronaV-Spiegel|4260454046962"
"4260454046979";"2";"2";"11625|452425";"TarankoVeronaV-Ellipse|4260454046979"
"4260454046986";"2";"2";"11624|452432";"TarankoVeronaV-9|4260454046986"
"4260454046993";"2";"2";"11623|452424";"TarankoVeronaV-8|4260454046993"
"4260454047006";"2";"2";"11622|452422";"TarankoVeronaV-7|4260454047006"
"4260454047013";"2";"2";"11621|452431";"TarankoVeronaV-6|4260454047013"
"4260454047020";"3";"3";"11620|467998|469400";"TarankoVeronaV-5B|4260454047020|JVM4260454047020"
"4260454047037";"2";"2";"11619|452420";"TarankoVeronaV-5AKleinerTischGlas|4260454047037"
"4260454047044";"2";"2";"11618|467999";"TarankoVeronaV-4|4260454047044"
"4260454047051";"2";"2";"11617|452419";"TarankoVeronaV-3|4260454047051"
"4260454047068";"2";"2";"11616|452417";"TarankoVeronaV-2|4260454047068"
"4260454047075";"2";"2";"11615|452430";"TArankoVeronaV-1|4260454047075"
"4260454047082";"2";"2";"11614|452414";"TarankoVeronaV-P3|4260454047082"
"4260454047099";"2";"2";"11613|452415";"TarankoVeronaV-P1|4260454047099"
"4260454047105";"2";"2";"11612|452428";"TarankoVeronaV-K4|4260454047105"
"4260454047112";"2";"2";"11611|467997";"TarankoVeronaV-KG-3sz|4260454047112"
"4260454047129";"2";"2";"11610|452413";"TarankoVeronaV-K3sz|4260454047129"
"4260454047143";"2";"2";"11608|340407";"TarankoVeronaV-RTV-M|4260454047143"
"4260454047150";"2";"2";"11607|452409";"TarankoVeronaV-RTV-D|4260454047150"
"4260454047167";"2";"2";"11606|452411";"TarankoVeronaV-RTV-B|4260454047167"
"4260454047174";"2";"2";"11605|452423";"TarankoVeronaV-RTV-A|4260454047174"
"4260454047181";"2";"2";"11604|452406";"TarankoVeronaV-W3-4Vitrine|4260454047181"
"4260454047204";"2";"2";"11602|452408";"TarankoVeronaV-Ksz|4260454047204"
"4260454047211";"2";"2";"11601|452421";"TarankoVeronaV-KB|4260454047211"
"4260454047235";"2";"2";"11599|452403";"TarankoVeronavk3m|4260454047235"
"4260454047242";"2";"2";"11598|452405";"TarankoVeronaV-K3|4260454047242"
"4260454047259";"2";"2";"11597|452418";"TarankoVeronaV-WNVitrine|4260454047259"
"4260454047266";"2";"2";"11596|452399";"TarankoVeronaV-KN|4260454047266"
"4260454047273";"2";"2";"11595|452402";"TarankoVeronaV-W1Vitrine|4260454047273"
"4260454047280";"2";"2";"11594|452416";"TarankoVeronaV-W2Vitrinen|4260454047280"
"4260454047297";"2";"2";"11593|467996";"TarankoVeronaVW3Vitrine|4260454047297"
"4260480945741";"2";"2";"12943|452401";"TarankoWersal14|4260480945741"
"4260480945758";"2";"2";"12942|452412";"TarankoWersal13|4260480945758"
"4260480945765";"2";"2";"12941|452394";"TarankoWersal12|4260480945765"
"4260480945789";"2";"2";"12706|452398";"TarankoWersal10|4260480945789"
"4260480945796";"2";"2";"12705|452410";"TarankoWersal9|4260480945796"
"4260480945802";"2";"2";"12704|452390";"TarankoWersal8|4260480945802"
"4260480945819";"2";"2";"12543|452396";"TarankoWersal7|4260480945819"
"4260480945826";"2";"2";"12542|452407";"TarankoWersal6|4260480945826"
"4260480945833";"2";"2";"12541|452388";"TarankoWersal5|4260480945833"
"4260480945840";"2";"2";"12540|452393";"TarankoWersal4|4260480945840"
"4260480945857";"2";"2";"12539|452404";"TarankoWersal3|4260480945857"
"4260480945871";"2";"2";"12537|452385";"TarankoWersal1|4260480945871"
"4260480945888";"2";"2";"12122|452391";"TarankoWersalW-2C|4260480945888"
"4260480945895";"2";"2";"12121|452400";"TarankoWersalW-Ho|4260480945895"
"4260480945901";"2";"2";"12120|452383";"TarankoWersalW-Bsz|4260480945901"
"4260480945918";"2";"2";"12119|452387";"TarankoWersal|4260480945918"
"4260480945925";"2";"2";"12118|452397";"TarankoWersalW-S-S|4260480945925"
"4260480945932";"2";"2";"12117|452381";"TarankoWersalW-S160x200-180x200|4260480945932"
"4260480945963";"2";"2";"12114|340405";"TarankoWersalW-BettF|4260480945963"
"4260480945970";"2";"2";"12113|452395";"TarankoWersalW-Tl|4260480945970"
"4260480945987";"2";"2";"12112|452379";"TarankoWersalW-LTN|4260480945987"
"4260480945994";"2";"2";"12111|340406";"TarankoWersalW-SZN|4260480945994"
"4260480946007";"2";"2";"12110|452392";"TarankoWersalW-K2sz|4260480946007"
"4260480946014";"2";"2";"12109|452377";"TarankoWersalW-2Dh|4260480946014"
"4260480946021";"2";"2";"12108|452380";"TarankoWersalW-2D|4260480946021"
"4260480946038";"2";"2";"12107|452389";"TarankoWersalW-3D|4260480946038"
"4260480946045";"2";"2";"12106|452374";"TarankoWersalW-4D|4260480946045"
"4260480946052";"2";"2";"12105|467995";"TarankoWersalW-5D|4260480946052"
"4260480946069";"2";"2";"12104|452386";"TarankoWersalW-03|4260480946069"
"4260480949879";"2";"2";"12103|452371";"TarankoWersalW-Sofa3|4260480949879"
"4260480949886";"2";"2";"12102|452375";"TarankoWersalW-Sofa2|4260480949886"
"4260480949893";"2";"2";"12098|452384";"TarankoWersalW1|4260480949893"
"4260480949909";"2";"2";"12097|452366";"TarankoWersalO|4260480949909"
"4260480949923";"2";"2";"12073|452372";"TarankoWersalW-02|4260480949923"
"4260480949930";"2";"2";"12072|452382";"TarankoWersalW-01|4260480949930"
"4260480949947";"2";"2";"12071|452364";"TarankoWersalW-Bl2|4260480949947"
"4260480949954";"2";"2";"12052|452370";"TarankoWersalW-Bl|4260480949954"
"4260480949992";"2";"2";"11902|452368";"TarankoWersalZB-7|4260480949992"
"4260484862358";"2";"2";"34891|452275";"130182376TarankoFlorenzFLpufa|4260484862358"
"4260484862365";"2";"2";"34890|452285";"130184144TarankoTorinoTO-W12LP|4260484862365"
"4260484862372";"2";"2";"35042|452269";"130187275TarankoTorinoTO-W2|4260484862372"
"4260484862389";"2";"2";"34889|452282";"130188958TarankoTorinoTO-RTVD|4260484862389"
"4260484862396";"2";"2";"34926|452270";"130194473TarankoTorinoTO-RTVM|4260484862396"
"4260484862402";"2";"2";"34888|452267";"130194574TarankoTorinoTO-K3|4260484862402"
"4260484862419";"2";"2";"34925|452277";"130194640TarankoTorinoTO-K2|4260484862419"
"4260484862426";"2";"2";"34887|452261";"130194666TarankoTorinoTO-KBD|4260484862426"
"4260484862433";"2";"2";"35040|452259";"130194673TarankoTorinoTO-KBL|4260484862433"
"4260484862440";"2";"2";"34886|452260";"130194674TarankoTorinoTO-K3sz|4260484862440"
"4260484862457";"2";"2";"34885|452271";"130194675TarankoTorinoTO-K2sz|4260484862457"
"4260484862464";"2";"2";"35013|452253";"130194676TarankoTorinoTO-P1polka|4260484862464"
"4260484862471";"2";"2";"34954|452254";"130194677TarankoTorinoTO-Panel|4260484862471"
"4260484862488";"2";"2";"34953|452268";"130233075TarankoTorinoTO-L1Lustro|4260484862488"
"4260484862495";"2";"2";"35041|452249";"130233085TarankoTorinoTO-S1|4260484862495"
"4260484862501";"2";"2";"34884|452251";"130233088TarankoTorinoTO-S2|4260484862501"
"4260484862518";"2";"2";"34952|452265";"130233090TarankoTorinoTO-13|4260484862518"
"4260484862525";"2";"2";"35012|452246";"130233091TarankoTorinoKrzesloU1|4260484862525"
"4260484862532";"2";"2";"34951|452243";"130233117TarankoTorinoKrzesloU2|4260484862532"
"4260484862549";"2";"2";"35011|452444";"130233150TarankoTorinoKrzesloU3|4260484862549"
"4260484862556";"2";"2";"34883|452258";"130233154TarankoComoCM-W12APLwitryna|4260484862556"
"4260484862563";"2";"2";"34882|452240";"130233155TarankoComoCM-W34PLwitryna|4260484862563"
"4260484862570";"2";"2";"34881|452238";"130233156TarankoComoCM-K3komoda|4260484862570"
"4260484862587";"2";"2";"34880|452252";"130233166TarankoComoCM-K2komodaPL|4260484862587"
"4260484862594";"2";"2";"34879|452237";"130241998TarankoComoCM-RTVDstolik|4260484862594"
"4260484862600";"2";"2";"34924|452232";"130242214TarankoComoCM-RTVMstolikPL|4260484862600"
"4260484862617";"2";"2";"35010|452245";"130242866TarankoComoCM-P1polka|4260484862617"
"4260484862624";"2";"2";"35009|452228";"130242884TarankoComoCM-P2polka|4260484862624"
"4260484862631";"2";"2";"34950|452229";"130242908TarankoComoCM-PanelPL|4260484862631"
"4260484862648";"2";"2";"35039|452224";"130242911TarankoComoCM-S1stol|4260484862648"
"4260484862655";"2";"2";"34878|452218";"130259381TarankoComoCM-S2stol|4260484862655"
"4260484862662";"2";"2";"34923|452212";"130259384TarankoComoCMS3stolik|4260484862662"
"4260484862679";"2";"2";"34877|452211";"130259388TarankoComoCMS4stolik|4260484862679"
"4260484862686";"2";"2";"35038|452204";"130259396TarankoComoCMloze1|4260484862686"
"4260484862693";"2";"2";"35037|452202";"130259629TarankoComoCMloze2|4260484862693"
"4260484862709";"2";"2";"35036|452198";"130259633TarankoComoCMloze3|4260484862709"
"4260484862716";"2";"2";"35035|452210";"130259636TarankoComoCMloze4|4260484862716"
"4260484862723";"2";"2";"34876|452203";"130259641TarankoComoCMSZNszafkanocna|4260484862723"
"4260484862730";"2";"2";"35034|452200";"130259644TarankoComoCM2Dszafa|4260484862730"
"4260484862747";"3";"3";"35033|452175|469104";"130259645TarankoComoCM3Dszafa|4260484862747|JVM4260484862747"
"4260484862754";"2";"2";"35032|452192";"130259646TarankoComoCM4Dszafa|4260484862754"
"4260484862761";"2";"2";"34875|452179";"130259667TarankoComoKrzesloU1|4260484862761"
"4260484862778";"2";"2";"34874|452177";"130259668TarankoComoKrzesloU2|4260484862778"
"4260484862785";"2";"2";"34873|452165";"130259669TarankoComoKrzesloU3|4260484862785"
"4260484863010";"3";"3";"23361|462919|475992";"128654865WT219EinsteinA|4260484863010|JVM4260484863010"
"4260484863027";"2";"2";"23405|462918";"128658018WT219EinsteinB|4260484863027"
"4260484863034";"2";"2";"23449|453318";"128668934WT219EinsteinC|4260484863034"
"4260484863041";"2";"2";"23713|453312";"128674453WT2674WiesA|4260484863041"
"4260484863065";"2";"2";"23897|453325";"128675982WT2674WiesC|4260484863065"
"4260484863072";"2";"2";"24601|25351";"128702064WT2710BernB|128733942WTAlfredA"
"4260484863171";"2";"2";"24560|454101";"128701749WT2710BernA|4260484863171"
"4260484863201";"2";"2";"24683|453310";"128702086WT2711WinterthurB|4260484863201"
"4260484863218";"2";"2";"24726|453323";"128702198WT2711WinterthurC|4260484863218"
"4260484863225";"2";"2";"24769|454106";"128702207WT2711WinterthurD|4260484863225"
"4260484863232";"2";"2";"24806|453314";"128702209WT2719JenaA|4260484863232"
"4260484863249";"2";"2";"24843|453308";"128702450WT2719JenaB|4260484863249"
"4260484863256";"2";"2";"24882|453306";"128702894WT2719JenaC|4260484863256"
"4260484863263";"2";"2";"24921|454098";"128702895WT2719JenaD|4260484863263"
"4260484863270";"2";"2";"24964|453322";"128702898WT2723Dittfurt|4260484863270"
"4260484863287";"2";"2";"25007|453307";"128702906WT2723DittfurtB|4260484863287"
"4260484863294";"2";"2";"25048|454099";"128702948WT2724TrierA|4260484863294"
"4260484863300";"2";"2";"25091|453320";"128703004WT2724TrierB|4260484863300"
"4260484863317";"2";"2";"25134|462917";"128731118WT2725LausanneA|4260484863317"
"4260484863324";"2";"2";"25177|453301";"128731443WT2725LausanneB|4260484863324"
"4260484863331";"2";"2";"25222|453299";"128732155WT2725LausanneC|4260484863331"
"4260484863348";"2";"2";"25267|453316";"128732476WT348Brest|4260484863348"
"4260484863355";"2";"2";"25308|454104";"128733483WT842Julia|4260484863355"
"4260484863379";"2";"2";"25394|453302";"128736413WTAlfredB|4260484863379"
"4260484863386";"2";"2";"25446|453297";"128743087WTALFREDC|4260484863386"
"4260484863393";"2";"2";"25489|453315";"128743684WTAlfredD|4260484863393"
"4260484863409";"2";"2";"25526|454097";"128744883WTBS217Similar|4260484863409"
"4260484863416";"2";"2";"25571|462912";"128745641WTCornol|4260484863416"
"4260484863492";"2";"2";"25903|453300";"128748995WTDetmoldA|4260484863492"
"4260484863508";"2";"2";"25945|462916";"128749462WTDetmoldB|4260484863508"
"4260484863515";"2";"2";"25988|454103";"128749543WTH2210|4260484863515"
"4260484863522";"2";"2";"26031|462915";"128750817WTH2211|4260484863522"
"4260484863539";"2";"2";"26074|453294";"128751210WTH2211B|4260484863539"
"4260484863577";"2";"2";"26246|462911";"128752887WTPH2030Similar|4260484863577"
"4260484863584";"2";"2";"26291|462914";"128753750WTPH2673Ehingen|4260484863584"
"4260484863621";"2";"2";"26457|453298";"128754839WTPH739LuganA|4260484863621"
"4260484863638";"2";"2";"26498|453293";"128755571WTPH739LuganB|4260484863638"
"4260484863645";"2";"2";"26541|453311";"128756159WTPH739LuganC|4260484863645"
"4260484863669";"2";"2";"26627|454095";"128767927WTTrier2|4260484863669"
"4260484863676";"2";"2";"26672|454094";"128768725WTV015A|4260484863676"
"4260484863683";"2";"2";"26715|453309";"128769911WTV015B|4260484863683"
"4260484863706";"2";"2";"26801|454102";"128771254WTWetzlarA|4260484863706"
"4260484863720";"2";"2";"26895|453290";"128773920WTWetzlarC|4260484863720"
"4260484863737";"2";"2";"12945|452242";"TarankoPrato2|4260484863737"
"4260484863744";"2";"2";"12944|452236";"TarankoPrato1|4260484863744"
"4260484863751";"2";"2";"11707|452250";"TarankoPratoPR-09|4260484863751"
"4260484863768";"2";"2";"11706|452233";"TarankoPratoPR-L1|4260484863768"
"4260484863775";"2";"2";"11705|452235";"TarankoPratoZB-3|4260484863775"
"4260484863782";"2";"2";"11704|452247";"TarankoPratoZB-4|4260484863782"
"4260484863799";"2";"2";"11703|452230";"TarankoPratoPR-2|4260484863799"
"4260484863911";"2";"2";"27403|452997";"128796352WT1094|4260484863911"
"4260484863928";"2";"2";"27440|454093";"128796378WT1103|4260484863928"
"4260484863942";"2";"2";"27518|454087";"128797291ColoIII|4260484863942"
"4260484863973";"2";"2";"27670|466480";"128797406WT1669|4260484863973"
"4260484863997";"2";"2";"27745|466478";"128797724WT1672|4260484863997"
"4260484864024";"2";"2";"27860|453304";"128798441WT2705|4260484864024"
"4260484864079";"2";"2";"28067|453289";"128798810WT3371|4260484864079"
"4260484864086";"2";"2";"28112|466481";"128798824WT4733|4260484864086"
"4260484864147";"2";"2";"28356|466470";"128800338WT4757|4260484864147"
"4260484864154";"2";"2";"28393|321900";"128800340WT4761|4260484864154"
"4260484864208";"2";"2";"28638|466475";"128800385WT4777|4260484864208"
"4260484864215";"2";"2";"28685|466471";"128800393WT4787|4260484864215"
"4260484864246";"2";"2";"28822|466469";"128800431WT4795|4260484864246"
"4260484864383";"2";"2";"29279|454163";"128823295NordMebelStuttgartNEWNB|4260484864383"
"4260484864505";"2";"2";"29788|320398";"128833508WTHamburgSBA1A|4260484864505"
"4260484864512";"2";"2";"29839|454100";"128833637WTKelcherUForm|4260484864512"
"4260484864536";"2";"2";"29908|319066";"128847209WTSB26|4260484864536"
"4260484864543";"2";"2";"40459|319067";"128868186WTSB3009|4260484864543"
"4260484864567";"3";"3";"29978|43606|319068";"128868614WTSB6108|137313937WTSB6108SOFORTLIEFERBAR|4260484864567"
"4260484864581";"2";"2";"23279|320392";"128868732WTSB8009|4260484864581"
"4260484864598";"2";"2";"30048|320609";"128869635WTTV3009|4260484864598"
"4260484864604";"2";"2";"30083|320628";"128882780WTTV403|4260484864604"
"4260484864611";"2";"2";"30118|320634";"128883187WTTV6108|4260484864611"
"4260484864628";"2";"2";"30153|454092";"128884298WTWiblingenH2218|4260484864628"
"4260484864635";"2";"2";"30194|452994";"128889013WT5102|4260484864635"
"4260484864666";"2";"2";"331943|415579";"4260484864666|JVM4260484864666"
"4260484864673";"2";"2";"39198|454789";"135749114RobertoMTischeS18-70x120|4260484864673"
"4260484864727";"2";"2";"39209|454830";"135748772RobertoMTischeS13-90x160x200|4260484864727"
"4260484864741";"2";"2";"30315|454168";"128896511NBCharly541Textil|4260484864741"
"4260484864765";"2";"2";"331522|475730";"4260484864765|4260484864765_SOFORT"
"4260484864888";"2";"2";"38296|466513";"135679020WTBettS-9270white|4260484864888"
"4260484864895";"2";"2";"38315|466515";"135678894WTBettS-9270black|4260484864895"
"4260484864918";"2";"2";"38353|466511";"135678292WTBettS-9231|4260484864918"
"4260484864956";"2";"2";"38429|466516";"135677899WTBettS-9111|4260484864956"
"4260484865267";"2";"2";"30495|453285";"128927124WTT777|4260484865267"
"4260484865281";"2";"2";"30544|344087";"128940705RochesterRC2|JVM4260484865281"
"4260484865298";"2";"2";"30545|466466";"128954458ChaiseloungeRC3|4260484865298"
"4260484865304";"2";"2";"30546|344091";"128955990Forrest321WTRC4|JVM4260484865304"
"4260484865311";"2";"2";"30547|466468";"128956843RochesterLiverpool32WTRC5|4260484865311"
"4260484865335";"2";"2";"30549|466472";"128959904Chesterfield321ArlingtonWTRC7|4260484865335"
"4260484865359";"3";"3";"30551|191316|344085";"128960250Liverpool321RochesterWTWC11|4260484865359|JVM4260484865359"
"4260484865366";"2";"2";"30552|466462";"128960527RochesterWTWC12|4260484865366"
"4260484865397";"2";"2";"30555|466459";"128973349RochesterOhrensesselAscotWingWTWC15|4260484865397"
"4260484865403";"2";"2";"11702|452241";"TarankoPratoPR-1|4260484865403"
"4260484865410";"2";"2";"11701|340396";"TarankoPratoPR-RTV-M|4260484865410"
"4260484865427";"2";"2";"11700|452226";"TarankoPratoPR-RTV-D|4260484865427"
"4260484865434";"2";"2";"11699|452239";"TarankoPratoPR-KB|4260484865434"
"4260484865458";"2";"2";"11697|468000";"TarankoPratoPR-K3|4260484865458"
"4260484865472";"2";"2";"11695|452221";"TarankoPratoPR-W3|4260484865472"
"4260484865489";"2";"2";"11694|452222";"TarankoPratoPR-W2|4260484865489"
"4260484865496";"2";"2";"11693|452234";"TarankoPratoPR-W1-2|4260484865496"
"4260484865502";"2";"2";"11692|452219";"TarankoPratoPR-W-N|4260484865502"
"4260484865809";"2";"2";"12952|452231";"TarankoZefir2|4260484865809"
"4260484865816";"2";"2";"12951|452217";"TarankoZefir1|4260484865816"
"4260484865823";"2";"2";"11769|452215";"TarankoZefirZ-L2|4260484865823"
"4260484865830";"2";"2";"11768|452227";"TarankoZefirZ-L1|4260484865830"
"4260484865847";"2";"2";"11767|452214";"TarankoZefirZ1-RTV|4260484865847"
"4260484865854";"2";"2";"11766|452225";"TarankoZefirZ-RTV|4260484865854"
"4260484865977";"2";"2";"11754|452223";"TarankoZefirZ-K1P|4260484865977"
"4260484866011";"2";"2";"11747|452201";"TarankoZefirZ-KS2|4260484866011"
"4260484866028";"2";"2";"11746|452213";"TarankoZefirZ-KS1|4260484866028"
"4260484866035";"2";"2";"11745|452199";"TArankoZefirZ-K5|4260484866035"
"4260484866042";"2";"2";"11744|452194";"TarankoZefirZ-W3|4260484866042"
"4260484866059";"2";"2";"11743|452197";"TarankoZefirZ-K4|4260484866059"
"4260484866073";"2";"2";"11741|452205";"TarankoZefirZ-K-NM|4260484866073"
"4260484866080";"2";"2";"11740|452193";"TarankoZefirZ-WN|4260484866080"
"4260484866097";"2";"2";"11739|452183";"TarankoZefirZ-W2|4260484866097"
"4260484866103";"2";"2";"11738|452173";"TarankoZefirZ-W1|4260484866103"
"4260484866158";"2";"2";"11803|452189";"TarankoNeptunN1sz|4260484866158"
"4260484866172";"2";"2";"11801|452176";"TarankoNeptunN|4260484866172"
"4260484866189";"2";"2";"11800|452170";"TarankoNeptunN-LT|4260484866189"
"4260484866196";"2";"2";"11799|340389";"TarankoNeptunN-SzN|4260484866196"
"4260484866202";"2";"2";"11798|452164";"TarankoNeptunN-BettT|4260484866202"
"4260484866219";"2";"2";"11797|452163";"TarankoNeptunN-BettP|4260484866219"
"4260484866226";"2";"2";"11796|452160";"TarankoNeptunW-05|4260484866226"
"4260484866233";"2";"2";"11795|452166";"TarankoNeptunW-04|4260484866233"
"4260484866271";"2";"2";"11791|452147";"TarankoNeptunN-4D|4260484866271"
"4260484866288";"2";"2";"11790|452130";"TarankoNeptunN-3D|4260484866288"
"4260484866295";"2";"2";"11789|452142";"TarankoNeptunN-2D|4260484866295"
"4260484866301";"2";"2";"11788|452127";"TArankoNeptunN-L2|4260484866301"
"4260484866318";"2";"2";"11787|452161";"TarankoNeptun|4260484866318"
"4260484866325";"2";"2";"11786|452122";"TarankoNeptunN-LP|4260484866325"
"4260484866332";"2";"2";"11785|452107";"TarankoNeptunN-WP|4260484866332"
"4260484866356";"2";"2";"11783|452102";"TarankoNeptunN-RTV-D|4260484866356"
"4260484866363";"2";"2";"11782|452132";"TarankoNeptunN-RTV|4260484866363"
"4260484866370";"2";"2";"11781|452104";"TarankoNeptunN-K6B|4260484866370"
"4260484866387";"2";"2";"11780|452437";"TarankoNeptunN-K6A|4260484866387"
"4260484866394";"2";"2";"11779|452125";"TarankoNeptunN-K4B|4260484866394"
"4260484866417";"2";"2";"11777|452099";"TarankoNeptunN-K4|4260484866417"
"4260484866424";"2";"2";"11776|452082";"TarankoNeptunN-K3|4260484866424"
"4260484866431";"2";"2";"11775|452117";"TarankoNeptunN-K2|4260484866431"
"4260484866448";"2";"2";"11774|452090";"TarankoNeptunN-KB|4260484866448"
"4260484866462";"2";"2";"11772|452059";"TarankoNeptunN-WN|4260484866462"
"4260484866479";"2";"2";"11771|452071";"TarankoNeptunN-W1-2|4260484866479"
"4260484866486";"2";"2";"11770|452052";"TarankoNeptunN-W2|4260484866486"
"4260484866523";"2";"2";"11835|340388";"TarankoOrfeuszOL3|4260484866523"
"4260484866554";"2";"2";"11832|452033";"TarankoOrfeuszOL1|4260484866554"
"4260484866578";"2";"2";"11830|452057";"TarankoOrfeuszOB|4260484866578"
"4260484866585";"2";"2";"11829|452038";"TarankoOrfeuszO6D|4260484866585"
"4260484866592";"2";"2";"11828|452027";"TarankoOrfeuszO4D|4260484866592"
"4260484866608";"2";"2";"11827|452025";"TarankoOrfeuszO2D|4260484866608"
"4260484866615";"2";"2";"11826|452022";"TarankoOrfeuszOP|4260484866615"
"4260484866622";"2";"2";"11825|452017";"TarankoOrfeuszOSZB|4260484866622"
"4260484866639";"2";"2";"11824|452007";"TarankoOrfeuszOSZN|4260484866639"
"4260484866653";"2";"2";"11822|451996";"TarankoOrfeuszORTV|4260484866653"
"4260484866721";"2";"2";"11815|451983";"TarankoOrfeuszOK5|4260484866721"
"4260484866738";"2";"2";"11814|451977";"TarankoOrfeusz|4260484866738"
"4260484866745";"2";"2";"11813|451950";"TarankoOrfeuszOW-N|4260484866745"
"4260484866752";"2";"2";"23988|453507";"129098679BenixAsti|4260484866752"
"4260484866806";"2";"2";"24034|312175";"129100704BenixLagos|4260484866806"
"4260484866820";"2";"2";"24052|453513";"129101216BenixLoretto|4260484866820"
"4260484866837";"2";"2";"24059|453521";"129101246BenixMartina|4260484866837"
"4260484866868";"2";"2";"24078|453509";"129102596BenixPanama|4260484866868"
"4260484866875";"2";"2";"24088|453519";"129106107BenixPiano|4260484866875"
"4260484866882";"2";"2";"24097|453503";"129106133BenixPlay|4260484866882"
"4260484866929";"2";"2";"11812|340330";"TarankoOrfeuszOW2A|4260484866929"
"4260484866936";"2";"2";"11811|451979";"TarankoOrfeuszOW1A|4260484866936"
"4260484866943";"2";"2";"11810|451946";"TarankoOrfeuszOK3|4260484866943"
"4260484866950";"2";"2";"11809|451938";"TarankoOrfeuszOK2|4260484866950"
"4260484867322";"2";"2";"12405|452185";"TarankoBarcelonaBA-30|4260484867322"
"4260484867339";"2";"2";"12404|452178";"TarankoBarcelonaBA-29|4260484867339"
"4260484867346";"2";"2";"12403|452195";"TarankoBarcelonaBA-28|4260484867346"
"4260484867643";"2";"2";"30656|466467";"129387484WT9230|4260484867643"
"4260484867650";"2";"2";"12401|452186";"TarankoBarcelonaBA-26|4260484867650"
"4260484867667";"2";"2";"12400|452167";"TarankoBarcelonaBA-25|4260484867667"
"4260484867674";"2";"2";"12399|452184";"TarankoBarcelonaBA-24|4260484867674"
"4260484867681";"2";"2";"12398|452172";"TarankoBarcelonaBA-23|4260484867681"
"4260484867704";"2";"2";"12396|452180";"TarankoBarcelonaBA-21|4260484867704"
"4260484867711";"2";"2";"12395|452169";"TarankoBarcelonaBA-20|4260484867711"
"4260484867728";"2";"2";"12394|452162";"TarankoBarcelonaBA-19|4260484867728"
"4260484867735";"2";"2";"12393|452158";"TarankoBarcelonaBA-18|4260484867735"
"4260484867742";"2";"2";"12392|452171";"TarankoBarcelonaBA-Sc2|4260484867742"
"4260484867759";"2";"2";"12391|452168";"TarankoBarcelonaBA-Sc|4260484867759"
"4260484867766";"2";"2";"12390|452140";"TarankoBarcelonaBA-KB|4260484867766"
"4260484867773";"2";"2";"12389|452120";"TarankoBarcelonaBA-K3|4260484867773"
"4260484867780";"2";"2";"12388|452156";"TarankoBarcelonaBA-17|4260484867780"
"4260484867797";"2";"2";"12387|452113";"TarankoBarcelonaBA-K3P|4260484867797"
"4260484867803";"2";"2";"12386|452149";"TarankoBarcelonaBA-16|4260484867803"
"4260484867810";"2";"2";"12385|452145";"TarankoBarcelonaBA-NRTV|4260484867810"
"4260484867827";"2";"2";"12384|452115";"TarankoBarcelonaB-N2|4260484867827"
"4260484867834";"2";"2";"12383|452135";"TarankoBarcelonaBA-RTV15|4260484867834"
"4260484867841";"2";"2";"12382|452110";"TarankoBarcelonaBA-14|4260484867841"
"4260484867858";"2";"2";"12381|452097";"TarankoBarcelonaBA-13|4260484867858"
"4260484867865";"2";"2";"12380|452095";"TarankoBarcelonaBA-12|4260484867865"
"4260484867872";"2";"2";"12379|452108";"TarankoBarcelonaBA-11|4260484867872"
"4260484867889";"2";"2";"12378|452076";"TarankoBarcelonaBA-10|4260484867889"
"4260484867896";"2";"2";"12377|452085";"TarankoBarcelonaBA-9|4260484867896"
"4260484867902";"2";"2";"12376|452092";"TarankoBarcelonaBA-8|4260484867902"
"4260484867919";"2";"2";"12375|452080";"TarankoBarcelonaBA-7|4260484867919"
"4260484867926";"2";"2";"12374|452068";"TarankoBarcelonaBA-6|4260484867926"
"4260484867933";"2";"2";"12373|452088";"TarankoBarcelonaBA-5|4260484867933"
"4260484867940";"2";"2";"12372|452078";"TarankoBarcelonaBA-4|4260484867940"
"4260484867957";"2";"2";"12371|452066";"TarankoBarcelonaBA-3|4260484867957"
"4260484867964";"2";"2";"12370|452086";"TarankoBarcelonaBA-2|4260484867964"
"4260484867971";"2";"2";"12272|452073";"TarankoBarcelonaBA-1|4260484867971"
"4260484867988";"2";"2";"12173|452062";"TarankoSenatorSEst|4260484867988"
"4260484867995";"2";"2";"12172|452049";"TarankoSenatorSE-st-A-N|4260484867995"
"4260484868008";"2";"2";"12171|340329";"TarankoSenatorSE-LN-S1010|4260484868008"
"4260484868015";"2";"2";"12170|452055";"TarankoSenatorSE-LN-S507|4260484868015"
"4260484868022";"2";"2";"12169|452041";"TarankoSenatorSE-L4|4260484868022"
"4260484868060";"2";"2";"12165|452044";"TarankoSenatorSE-2K|4260484868060"
"4260484868077";"2";"2";"12164|452030";"TarankoSenatorSE-S3|4260484868077"
"4260484868091";"2";"2";"12162|452021";"TarankoSenatorSE-S1|4260484868091"
"4260484868107";"2";"2";"12161|452012";"TarankoSenatorSE-S|4260484868107"
"4260484868114";"2";"2";"12160|452014";"TarankoSenatorSE-6|4260484868114"
"4260484868121";"2";"2";"12159|451998";"TarankoSenatorSE-5|4260484868121"
"4260484868138";"2";"2";"12158|452009";"TarankoSenatorSE|4260484868138"
"4260484868145";"2";"2";"12157|452001";"TarankoSenatorSE-4|4260484868145"
"4260484868152";"2";"2";"12156|451993";"TarankoSenatorSE-3|4260484868152"
"4260484868169";"2";"2";"12155|452004";"TarankoSenatorSE-2|4260484868169"
"4260484868176";"2";"2";"12154|452436";"TarankoSenatorSE-1|4260484868176"
"4260484868183";"2";"2";"11861|82409";"TarankoFuksF-P5|4260484868183A"
"4260484868213";"2";"2";"11858|81256";"TarankoFuksF-P2|4260484868213A"
"4260484868220";"2";"2";"11857|81795";"TarankoFuksF-P1|4260484868220A"
"4260484868237";"2";"2";"11856|82255";"TarankoFuksF-S1|4260484868237A"
"4260484868268";"2";"1";"11853|355778";"TarankoFuksF-1|JVM4260484868268"
"4260484868299";"2";"2";"11850|147048";"TarankoFuksF-RTV-A|4260484868299"
"4260484868305";"2";"2";"11849|154643";"TarankoFuksF-RTV|4260484868305"
"4260484868589";"3";"3";"31679|466463|468372";"129881162WTS-9056|4260484868589|JVM4260484868589"
"4260484869180";"2";"2";"34571|466615";"129933289WTS-9178B|4260484869180"
"4260484869210";"2";"2";"34715|466465";"129934136WTS-9189|4260484869210"
"4260484869395";"2";"2";"39309|466464";"129935458WTBettS-9270|4260484869395"
"4260484869463";"2";"2";"35054|451972";"129958444TarankoClassicCL-loze4|4260484869463"
"4260484869487";"2";"2";"35052|451965";"129959184TarankoClassicCL-loze1|4260484869487"
"4260484869494";"2";"2";"35051|451982";"129959475TarankoClassicCL-loze2|4260484869494"
"4260484869517";"2";"2";"34963|451955";"129960537TarankoClassicCL-fotel2bezpodlokietnikow|4260484869517"
"4260484869524";"2";"2";"34962|451980";"130120574TarankoClassicCL-Fotelminidzieciecy|4260484869524"
"4260484869531";"2";"2";"35049|451970";"130120584TarankoClassicCL-Fotel|4260484869531"
"4260484869548";"2";"2";"34778|451975";"130120642TarankoFlorenzFL-W3|4260484869548"
"4260484869555";"2";"2";"34779|451963";"130120688TarankoFlorenzFL-W3G|4260484869555"
"4260484869562";"2";"2";"34780|451967";"130120694TarankoFlorenzFL-W2|4260484869562"
"4260484869579";"2";"2";"34781|451930";"130120699TarankoFlorenzFL-W1|4260484869579"
"4260484869586";"2";"2";"34782|451957";"130120705TarankoFlorenzFL-WN|4260484869586"
"4260484869609";"2";"2";"34784|451948";"130120712TarankoFlorenzFL-K4|4260484869609"
"4260484869616";"2";"2";"34785|451907";"130121332TarankoFlorenzFL-KBsz|4260484869616"
"4260484869623";"2";"2";"34786|451941";"130121333TarankoFlorenzFL-KB|4260484869623"
"4260484869647";"2";"2";"35048|451936";"130121335TarankoFlorenzFL-WM|4260484869647"
"4260484869654";"2";"2";"35018|451903";"130121336TarankoFlorenzFL-L1Lustro|4260484869654"
"4260484869661";"2";"2";"34961|451933";"130121337TarankoFlorenzFL-L2Lustro|4260484869661"
"4260484869678";"2";"2";"34788|452435";"130121338TarankoFlorenzFL-K3|4260484869678"
"4260484869685";"2";"2";"34789|451900";"130121339TarankoFlorenzFL-K2|4260484869685"
"4260484869692";"2";"2";"34790|451927";"130121340TarankoFlorenzFL-K2A|4260484869692"
"4260484869708";"2";"2";"34791|451895";"130121341TarankoFlorenzFL-RTVD|4260484869708"
"4260484869715";"2";"2";"34792|451893";"130121342TarankoFlorenzFL-RTV|4260484869715"
"4260484869722";"2";"2";"34793|451915";"130129485TarankoFlorenzFL-S1|4260484869722"
"4260484869739";"2";"2";"34794|451890";"130129729TarankoFlorenzFL-S2|4260484869739"
"4260484869746";"2";"2";"34795|451888";"130129975TarankoFlorenzFL-S3|4260484869746"
"4260484869753";"2";"2";"34960|451910";"130130260TarankoFlorenzFL-14|4260484869753"
"4260484869760";"2";"2";"34796|451884";"130146155TarankoFlorenzFL-D4|4260484869760"
"4260484869777";"2";"2";"34797|451880";"130146906TarankoFlorenzFL-D3|4260484869777"
"4260484869784";"2";"2";"34798|451904";"130147060TarankoFlorenzFL-D2|4260484869784"
"4260484869791";"2";"2";"35047|452434";"130147489TarankoFlorenzFL-1Dszafa|4260484869791"
"4260484869807";"2";"2";"35046|451877";"130147911TarankoFlorenzFL-Regal|4260484869807"
"4260484869814";"2";"2";"34959|451897";"130147972TarankoFlorenzFL-L3lustro|4260484869814"
"4260484869821";"2";"2";"34800|452284";"130148017TarankoFlorenzFL-B1|4260484869821"
"4260484869838";"2";"2";"35045|452288";"130148018TarankoFlorenzFL-loze2|4260484869838"
"4260484869852";"2";"2";"35044|452294";"130148661TarankoFlorenzFL-K4SZ|4260484869852"
"4260484869869";"2";"2";"34958|452281";"130148664TarankoFlorenzFL-Toaletka|4260484869869"
"4260484869876";"2";"2";"34957|452286";"130148665TarankoFlorenzFL-SZN|4260484869876"
"4260484869883";"2";"2";"34956|452290";"130148666TarankoFlorenzFL-StolikNocny|4260484869883"
"4260484869906";"2";"2";"34928|452279";"130180328TarankoFlorenzFL-PufaGieta|4260484869906"
"4260484869913";"2";"2";"34927|452283";"130180387TarankoFlorenzFL-PufaOkragla|4260484869913"
"4260484869975";"2";"2";"34802|452278";"130182098TarankoFlorenzFL-3Siz|4260484869975"
"4260484869982";"2";"2";"34803|452287";"130182182TarankoFlorenzFL-2Siz|4260484869982"
"4260484869999";"2";"2";"35043|452273";"130182299TarankoFlorenzFLfotel|4260484869999"
"4260499870478";"2";"2";"34918|80733";"130534704TarankoIvaI-Regal|4260499870478A"
"4260499870485";"2";"2";"34996|81870";"130535287TarankoIvaI-L1lustro|4260499870485A"
"4260499870522";"2";"2";"34917|80810";"130537329TarankoIvaI-K2komoda|4260499870522A"
"4260499870539";"2";"2";"34941|82487";"130541930TarankoIvaI-RTVMstolik|4260499870539A"
"4260499870546";"2";"2";"34916|82178";"130542227TarankoIvaI-RTVDstolik|4260499870546A"
"4260499870553";"2";"2";"34995|81333";"130542345TarankoIvaI-nadstawkaRTVLP|4260499870553A"
"4260499870577";"2";"2";"34994|81641";"130542989TarankoIvaI-polka|4260499870577A"
"4260499870584";"2";"2";"34940|81179";"130543731Tarankolval-laweczka|4260499870584A"
"4260499870591";"2";"2";"34993|76687";"130545686TarankoIvaI-konsola|4260499870591"
"4260499870614";"2";"2";"34939|81102";"130546930TarankoIvaI-S2KleinerTisch|4260499870614A"
"4260499870621";"2";"2";"34992|81718";"130547516TarankoIvaI-S3KleinerTisch|4260499870621A"
"4260499870638";"2";"2";"34991|40424";"130548522TarankoIvaI-12Stuhl|130548522Modell700Stolwit"
"4260499871178";"2";"2";"12047|452378";"TarankoWersalZB-8|4260499871178"
"4260499871185";"2";"2";"11903|452361";"TarankoWersalZB-5|4260499871185"
"4260499871192";"2";"2";"11901|452376";"TarankoWersalZB-2|4260499871192"
"4260499871208";"2";"2";"11900|452358";"TarankoWersalZB-6|4260499871208"
"4260499871215";"2";"2";"11898|452373";"TarankoW-KleinerTisch-SatzABC-Satz|4260499871215"
"4260499871222";"2";"2";"11886|452356";"TarankoWersalW-NL|4260499871222"
"4260499871246";"2";"2";"11882|452354";"TarankoWersalW-K4Sz|4260499871246"
"4260499871253";"3";"3";"11584|34865|452174";"TarankoMilanoMI-B|130825849TarankoMilanoMI-B|4260499871253"
"4260499871260";"2";"2";"11582|452151";"TarankoMilanoMI-1Wandregal|4260499871260"
"4260499871277";"2";"2";"12420|340290";"TarankoVerona2|4260499871277"
"4260499871284";"2";"2";"11650|452154";"TarankoVeronaV2D-03|4260499871284"
"4260499871291";"2";"2";"11633|452137";"TarankoVeronaV-AP-N|4260499871291"
"4260499871321";"2";"2";"35482|466450";"132690704Chesterfield161013-03|4260499871321"
"4260499871338";"2";"2";"35488|466614";"132690849Chesterfield161013-04|4260499871338"
"4260499871345";"2";"2";"35501|466457";"132690957Chesterfield161013-06|4260499871345"
"4260499871352";"2";"2";"35507|326646";"132691060Chesterfield161013-08|4260499871352"
"4260499871369";"2";"2";"35513|466453";"132691639Chesterfield161013-09|4260499871369"
"4260499871376";"2";"2";"35519|345226";"132691701Chesterfield161013-10|4260499871376"
"4260499871383";"2";"2";"35525|466445";"132691743Chesterfield161013-11|4260499871383"
"4260499871390";"2";"2";"35494|466452";"132691969Chesterfield161013-05|4260499871390"
"4260499871413";"2";"2";"35537|327250";"132713840Chesterfield161013-13|4260499871413"
"4260499871420";"2";"2";"35543|466455";"132713867Chesterfield161013-14|4260499871420"
"4260499871437";"2";"2";"35549|279695";"132713887Chesterfield161013-15|4260499871437"
"4260499871444";"2";"2";"35555|466447";"132713973Chesterfield161013-16|4260499871444"
"4260499871451";"2";"2";"35561|466454";"132714003Chesterfield161013-17|4260499871451"
"4260499871468";"2";"2";"35567|466437";"132714025Chesterfield161013-18|4260499871468"
"4260499871475";"2";"2";"35573|466432";"132714128Chesterfield161013-20|4260499871475"
"4260499871482";"2";"2";"35579|466439";"132714153Chesterfield161013-19|4260499871482"
"4260499871499";"2";"2";"35585|466448";"132714696Chesterfield161013-21|4260499871499"
"4260499871505";"2";"2";"35591|340240";"132715013Chesterfield161013-22|JVM4260499871505"
"4260499871512";"2";"2";"35597|466438";"132715095Chesterfield161013-23|4260499871512"
"4260499871529";"2";"2";"35603|466446";"132715237Chesterfield161013-24|4260499871529"
"4260499871536";"2";"2";"35609|466436";"132770864Chesterfield161013-25|4260499871536"
"4260499871543";"2";"2";"35615|466425";"132771041Chesterfield161013-26|4260499871543"
"4260499871550";"2";"2";"35621|340247";"132776103Chesterfield161013-27|JVM4260499871550"
"4260499871567";"2";"2";"35627|345507";"132783539Chesterfield161013-28|JVM4260499871567"
"4260499871574";"2";"2";"35633|466420";"132783757Chesterfield161013-29|4260499871574"
"4260499871598";"2";"2";"35653|466412";"132784398Chesterfield2016-01|4260499871598"
"4260499871604";"2";"2";"35659|344664";"132784399Chesterfield2016-03|JVM4260499871604"
"4260499871611";"2";"2";"37401|464168";"132784457Chesterfield2016-04|4260499871611"
"4260499871628";"2";"2";"36569|466428";"132784458Chesterfield2016-05|4260499871628"
"4260499871635";"2";"2";"36563|466409";"132784474Chesterfield2016-06|4260499871635"
"4260499871642";"2";"2";"36554|466418";"132784475Chesterfield2016-07|4260499871642"
"4260499871659";"2";"1";"36545|343666";"132784479Chesterfield2016-08|JVM4260499871659"
"4260499871666";"2";"2";"36539|344665";"132784481Chesterfield2016-09|JVM4260499871666"
"4260499871673";"2";"2";"36533|466417";"132784483Chesterfield2016-10|4260499871673"
"4260499871680";"2";"2";"36527|466422";"132784484Chesterfield2016-11|4260499871680"
"4260499871697";"2";"2";"36521|466411";"132784504Chesterfield2016-12|4260499871697"
"4260499871703";"2";"2";"37798|466419";"132850870Chesterfield2016-013|4260499871703"
"4260499871710";"2";"2";"36851|464159";"132850991Chesterfield2016-14|4260499871710"
"4260499871727";"2";"2";"37792|466620";"132851054Chesterfield2016-015|4260499871727"
"4260499871734";"2";"2";"37786|466395";"132851100Chesterfield2016-016|4260499871734"
"4260499871741";"2";"2";"37780|466416";"132851141Chesterfield2016-017|4260499871741"
"4260499871758";"2";"2";"35868|466392";"132851218Chesterfield2016-18|4260499871758"
"4260499871765";"2";"2";"35857|466403";"132851276Chesterfield2016-19|4260499871765"
"4260499871772";"2";"2";"35848|466413";"132851349Chesterfield2016-02|4260499871772"
"4260499871789";"2";"2";"35842|466390";"132851365Chesterfield2016-20|4260499871789"
"4260499871796";"2";"2";"35833|466401";"132851366Chesterfield2016-21|4260499871796"
"4260499871833";"2";"2";"35811|466394";"132851373Chesterfield2016-25|4260499871833"
"4260499871840";"2";"2";"35805|466407";"132851374Chesterfield2016-26|4260499871840"
"4260499871864";"2";"2";"35793|466377";"132851376Chesterfield2016-28|4260499871864"
"4260499871901";"2";"2";"35769|466393";"132854831Chesterfield2016-032|4260499871901"
"4260499871918";"2";"2";"35763|466368";"132855036Chesterfield2016-033|4260499871918"
"4260499871925";"2";"2";"35757|466365";"132855072Chesterfield2016-034|4260499871925"
"4260499871949";"2";"2";"35745|466388";"132855486Chesterfield2016-037|4260499871949"
"4260499871956";"2";"2";"35739|466366";"132855595Chesterfield2016-038|4260499871956"
"4260499871963";"2";"2";"35733|466354";"132855635Chesterfield2016-039|4260499871963"
"4260499871970";"2";"2";"35727|466363";"132855994Chesterfield2016-040|4260499871970"
"4260499871987";"2";"2";"35721|466378";"132856004Chesterfield2016-041|4260499871987"
"4260499871994";"2";"2";"35715|466360";"132856006Chesterfield2016-042|4260499871994"
"4260499872007";"2";"2";"35709|466546";"132856008Chesterfield2016-043|4260499872007"
"4260499872014";"2";"2";"37774|466533";"132871649Chesterfield2016-044|4260499872014"
"4260499872021";"2";"2";"35703|466531";"132871653Chesterfield2016-045|4260499872021"
"4260499872038";"2";"2";"35697|466544";"132873884Chesterfield2016-046|4260499872038"
"4260499872052";"2";"2";"35691|466532";"132873947Chesterfield2016-048|4260499872052"
"4260499872069";"2";"2";"35685|466529";"132873949Chesterfield2016-049|4260499872069"
"4260499872076";"2";"2";"35679|466542";"132874213Chesterfield2016-050|4260499872076"
"4260499872083";"2";"2";"35673|466530";"132874216Chesterfield2016-051|4260499872083"
"4260499872090";"2";"2";"35667|466527";"132874221Chesterfield2016-052|4260499872090"
"4260499872106";"2";"2";"37768|466539";"132874257Chesterfield2016-053|4260499872106"
"4260499872113";"2";"2";"37395|464188";"132874293Chesterfield2016-054|4260499872113"
"4260499872120";"2";"2";"37762|466528";"132874679Chesterfield2016-055|4260499872120"
"4260499872137";"2";"2";"37756|466526";"132874951Chesterfield2016-056|4260499872137"
"4260499872144";"2";"2";"37750|327217";"132875086Chesterfield2016-058|4260499872144"
"4260499872151";"2";"2";"37744|466617";"132900646Chesterfield2016-059|4260499872151"
"4260499872175";"2";"2";"37738|466524";"132900758Chesterfield2016-061|4260499872175"
"4260499872182";"2";"2";"37732|466534";"132900769Chesterfield2016-062|4260499872182"
"4260499872199";"2";"2";"37726|466525";"132900949Chesterfield2016-063|4260499872199"
"4260499872205";"2";"2";"37975|464155";"132901144Chesterfield2016-064|4260499872205"
"4260499872212";"2";"2";"37720|466523";"132901173Chesterfield2016-065|4260499872212"
"4260499872229";"2";"2";"37714|440149";"132901186Chesterfield2016-066|4260499872229"
"4260499872236";"2";"2";"36845|345246";"132901279Chesterfield2016-067|4260499872236"
"4260499872243";"2";"2";"37708|466522";"132901283Chesterfield2016-068|4260499872243"
"4260499872250";"2";"2";"37702|466519";"132901330Chesterfield2016-069|4260499872250"
"4260499872267";"2";"2";"37696|466616";"132901335Chesterfield2016-070|4260499872267"
"4260499872274";"2";"2";"37690|466520";"132901338Chesterfield2016-071|4260499872274"
"4260499872281";"2";"2";"37684|466517";"132901353Chesterfield2016-072|4260499872281"
"4260499872298";"2";"2";"37678|466521";"132901377Chesterfield2016-073|4260499872298"
"4260499872304";"2";"2";"36839|464164";"132901378Chesterfield2016-074|4260499872304"
"4260499872359";"2";"2";"36515|464152";"133055724ChesterfieldSofaTextil1soulsofas|4260499872359"
"4260499872366";"2";"2";"36509|464183";"133056237ChesterfieldSofaTextil2Soulsofas|4260499872366"
"4260499872373";"2";"2";"36503|462924";"133056317ChesterfieldSofaTextil3Soulsofas|4260499872373"
"4260499872380";"2";"2";"36497|464150";"133056587ChesterfieldSofaTextil4Soulsofas|4260499872380"
"4260499872397";"2";"2";"36491|464179";"133057047ChesterfieldSofaTextil5soulsofas|4260499872397"
"4260499872403";"2";"2";"36485|464161";"133057216ChesterfieldSofaTextil6Soulsofas|4260499872403"
"4260499872410";"2";"2";"36479|464146";"133082807ChesterfieldSofaTextil7Soulsofas|4260499872410"
"4260499872427";"2";"2";"36473|464176";"133082808ChesterfieldSofaTextil8Soulsofa|4260499872427"
"4260499872434";"2";"2";"36467|464157";"133082809ChesterfieldSofaTextil9Soulsofas|4260499872434"
"4260499872441";"3";"2";"36461|343292|394519";"133082813ChesterfieldSofaTextil10Soulsofas|4260499872441|JVM4260499872441"
"4260499872458";"2";"2";"36455|464173";"133082817ChesterfieldSofaTextil11|4260499872458"
"4260499872465";"2";"2";"36347|464162";"133099418ChesterfieldSofaTextil12Soulsofa3|4260499872465"
"4260499872472";"2";"2";"36339|464139";"133131724ChesterfieldSofaTextil13Soulsofa-3|4260499872472"
"4260499872489";"2";"2";"36449|464156";"133083118ChesterfieldSofaTextil14|4260499872489"
"4260499872496";"2";"2";"36443|464141";"133083120ChesterfieldSofaTextil15SoulsofaM-7|4260499872496"
"4260499872502";"2";"2";"36437|464171";"133083132ChesterfieldSofaTextil16SoulsofasM7|4260499872502"
"4260499872519";"2";"2";"36431|464153";"133083133ChesterfieldSofaTextil17SoulsofasM.7|4260499872519"
"4260499872526";"2";"2";"36425|464138";"133083134ChesterfieldSofaTextil18SoulsofasM.7|4260499872526"
"4260499872533";"2";"2";"36419|464169";"133083135ChesterfieldSofaTextil19Soulsofa8|4260499872533"
"4260499872540";"2";"2";"36413|464151";"133083139ChesterfieldSofaTextil20SoulsofasM.8|4260499872540"
"4260499872557";"2";"2";"36407|464136";"133083140ChesterfieldSofaTextil22SoulsofasM.8|4260499872557"
"4260499872564";"2";"2";"36401|464167";"133083142ChesterfieldSofaTextil23SoulsofasM.8|4260499872564"
"4260499872571";"2";"2";"36395|464147";"133083152ChesterfieldSofaTextil24SoulsofasM.4|4260499872571"
"4260499872588";"2";"2";"36389|464132";"133083163ChesterfieldSofaTextil25Soulsofas4|4260499872588"
"4260499872595";"2";"2";"36383|464165";"133083164ChesterfieldSofaTextil26Soulsofas4|4260499872595"
"4260499872601";"2";"2";"36377|464144";"133083166ChesterfieldSofaTextil27Soulsofa4|4260499872601"
"4260499872618";"2";"2";"36371|464130";"133083168ChesterfieldSofaTextil28SoulsofaM.8|4260499872618"
"4260499872625";"2";"2";"36365|464163";"133083169ChesterfieldSofaTextil29SoulsofaM.8|4260499872625"
"4260499872632";"2";"2";"36359|464142";"133083170ChesterfieldSofaTextil30Soulsofam.8|4260499872632"
"4260499872649";"2";"2";"36353|464127";"133083171ChesterfieldSofaTextil31SoulsofasM.8|4260499872649"
"4260499872656";"2";"2";"36336|464126";"133132319ChesterfieldSofaModel10Soulsofa32|4260499872656"
"4260499872663";"2";"2";"36333|464160";"133132593ChesterfieldSofaModel10Soulsofa33|4260499872663"
"4260499872670";"2";"2";"36325|464137";"133132648ChesterfieldSofaModel10Soulsofa|4260499872670"
"4260499872687";"2";"2";"36317|464120";"133178719ChesterfieldSofaTextil36Soulsofas|4260499872687"
"4260499872694";"2";"2";"37670|464158";"133178861ChesterfieldSLSofa1|4260499872694"
"4260499872700";"2";"2";"37662|464134";"133179162ChesterfieldSLSofa2|4260499872700"
"4260499872717";"2";"2";"37378|464118";"133179306ChesterfieldSLSofa3|4260499872717"
"4260499872724";"2";"2";"37654|464154";"133179533ChesterfieldSLSofa4|4260499872724"
"4260499872731";"2";"2";"37372|464131";"133179568ChesterfieldSLSofa5|4260499872731"
"4260499872748";"2";"2";"36830|464114";"133179720ChesterfieldSLSofa6|4260499872748"
"4260499872755";"2";"2";"37363|343637";"133179864ChesterfieldSLSofa7|JVM4260499872755"
"4260499872762";"2";"2";"37648|464129";"133184076ChesterfieldSLSofa8|4260499872762"
"4260499872779";"2";"2";"37357|464112";"133184184Chesterfield32SLSofa9|4260499872779"
"4260499872786";"2";"2";"37351|464149";"133184239ChesterfieldSL31SitzerSofa10|4260499872786"
"4260499872793";"2";"2";"36822|345257";"133184259ChesterfieldSLSofa11|4260499872793"
"4260499872809";"2";"2";"37642|326503";"133184521ChesterfieldSLSofa12|4260499872809"
"4260499872816";"2";"2";"37342|464145";"133185634ChesterfieldSLSofa13|4260499872816"
"4260499872823";"2";"2";"37636|464123";"133186286ChesterfieldSLSofa14|4260499872823"
"4260499872830";"2";"2";"37630|464109";"133186881ChesterfieldSLSofa15|4260499872830"
"4260499872847";"2";"2";"37624|327346";"133187226ChesterfieldSLSofa16|4260499872847"
"4260499872854";"2";"2";"37618|464107";"133187227ChesterfieldSLSofa17|4260499872854"
"4260499872861";"2";"2";"37608|464140";"133187230ChesterfieldSLSofa18|4260499872861"
"4260499872878";"2";"2";"37332|464116";"133187233ChesterfieldSLSofa19|4260499872878"
"4260499872885";"2";"2";"37326|464103";"133187235ChesterfieldSLSofa20|4260499872885"
"4260499872892";"2";"2";"37320|464133";"133187237ChesterfieldSLSofa21|4260499872892"
"4260499872908";"2";"2";"37314|464110";"133187238ChesterfieldSLSofa22|4260499872908"
"4260499872915";"2";"2";"37308|464102";"133187240ChesterfieldSLSofa23|4260499872915"
"4260499872922";"2";"2";"37302|464125";"133187242ChesterfieldSLSofa24|4260499872922"
"4260499872939";"2";"2";"37296|464104";"133187244ChesterfieldSLSofa25|4260499872939"
"4260499872946";"2";"2";"37290|464121";"133187246ChesterfieldSLSofa26|4260499872946"
"4260499872953";"2";"2";"37548|464099";"133187297ChesterfieldSLSofa27|4260499872953"
"4260499872960";"2";"2";"37542|464095";"133187298ChesterfieldSLSofa28|4260499872960"
"4260499872977";"2";"2";"37536|464115";"133187299ChesterfieldSLSofa29|4260499872977"
"4260499872984";"2";"2";"37530|464101";"133187300ChesterfieldSLSofa30|4260499872984"
"4260499872991";"2";"2";"37524|464092";"133187301ChesterfieldSLSofa31|4260499872991"
"4260499873004";"2";"2";"37518|464113";"133187302ChesterfieldSLSofa32|4260499873004"
"4260499873011";"2";"2";"37512|464097";"133187303ChesterfieldSLSofa33|4260499873011"
"4260499873028";"2";"2";"37506|464091";"133187304ChesterfieldSLSofa34|4260499873028"
"4260499873035";"2";"2";"37500|464111";"133187305ChesterfieldSLSofa35|4260499873035"
"4260499873042";"2";"2";"37494|464096";"133187306ChesterfieldSLSofa36|4260499873042"
"4260499873059";"2";"2";"37488|464094";"133187307ChesterfieldSLSofa37|4260499873059"
"4260499873066";"2";"2";"37482|464090";"133187308ChesterfieldSLSofa38|4260499873066"
"4260499873073";"2";"2";"37476|464108";"133188261ChesterfieldSLSofa39|4260499873073"
"4260499873080";"2";"2";"37470|464263";"133188273ChesterfieldSLSofa40|4260499873080"
"4260499873097";"2";"2";"37464|464261";"133188275ChesterfieldSLSofa41|4260499873097"
"4260499873103";"2";"2";"37458|464275";"133188292ChesterfieldSLSofa42|4260499873103"
"4260499873110";"2";"2";"37452|464260";"133188295ChesterfieldSLSofa43|4260499873110"
"4260499873127";"2";"2";"37446|464258";"133188300ChesterfieldSLSofa44|4260499873127"
"4260499873134";"2";"2";"37440|464274";"133188303ChesterfieldSLSofa45|4260499873134"
"4260499873141";"2";"2";"37434|464257";"133188348ChesterfieldSLSofa46|4260499873141"
"4260499873158";"2";"2";"37428|464253";"133188361ChesterfieldSLSofa47|4260499873158"
"4260499873165";"2";"2";"37422|464273";"133188368ChesterfieldSLSofa48|4260499873165"
"4260499873172";"2";"2";"37416|464254";"133188386ChesterfieldSLSofa49|4260499873172"
"4260499873189";"2";"2";"37410|464251";"133188387ChesterfieldSLSofa50|4260499873189"
"4260499873196";"2";"2";"37602|464272";"133188392ChesterfieldSLIIISofa1|4260499873196"
"4260499873202";"2";"2";"37594|464252";"133188395ChesterfieldSLIIISofa2|4260499873202"
"4260499873219";"2";"2";"37586|464247";"133188867ChesterfieldSLIIISofa3|4260499873219"
"4260499873226";"2";"2";"37578|464271";"133189340ChesterfieldSLIIISofa4|4260499873226"
"4260499873233";"2";"2";"37570|464249";"133189341ChesterfieldSLIIISofa5|4260499873233"
"4260499873240";"2";"2";"37562|464245";"133189344ChesterfieldSLIIISofa6|4260499873240"
"4260499873257";"2";"2";"37554|464270";"133190274ChesterfieldSLIIISofa7|4260499873257"
"4260499873264";"2";"2";"36309|464244";"133190307ChesterfieldSLIIISofa8|4260499873264"
"4260499873271";"2";"2";"36301|464241";"133190332ChesterfieldSLIIISofa9|4260499873271"
"4260499873288";"2";"2";"36293|464269";"133192152ChesterfieldSLIIISofa10|4260499873288"
"4260499873295";"2";"2";"36285|464243";"133192793ChesterfieldSLIIISofa11|4260499873295"
"4260499873301";"2";"2";"36277|464238";"133193753ChesterfieldSLIIISofa12|4260499873301"
"4260499873318";"2";"2";"36269|464268";"133194120ChesterfieldSLIIISofa13|4260499873318"
"4260499873325";"2";"2";"36261|464240";"133194150ChesterfieldSLIIISofa14|4260499873325"
"4260499873332";"2";"2";"36253|464235";"133194233ChesterfieldSLIIISofa15|4260499873332"
"4260499873349";"2";"2";"36245|464267";"133194521ChesterfieldSLIIISofa16|4260499873349"
"4260499873356";"2";"2";"36233|464237";"133194549ChesterfieldSLIIISofa17|4260499873356"
"4260499873363";"2";"2";"36221|464231";"133194630ChesterfieldSLIIISofa18|4260499873363"
"4260499873370";"2";"2";"36211|464266";"133195035ChesterfieldSLIIISofa19|4260499873370"
"4260499873387";"2";"2";"36201|464234";"133195065ChesterfieldSLIIISofa20|4260499873387"
"4260499873394";"2";"2";"36191|464228";"133195099ChesterfieldSLIIISofa21|4260499873394"
"4260499873400";"2";"2";"36181|464265";"133195120ChesterfieldSLIIISofa22|4260499873400"
"4260499873417";"2";"2";"36171|464232";"133195145ChesterfieldSLIIISofa23|4260499873417"
"4260499873424";"2";"2";"36161|464225";"133195175ChesterfieldSLIIISofa24|4260499873424"
"4260499873431";"2";"2";"36151|464264";"133195203ChesterfieldSLIIISofa25|4260499873431"
"4260499873448";"2";"2";"36141|464230";"133195227ChesterfieldSLIIISofa26|4260499873448"
"4260499873455";"2";"2";"36131|464222";"133195255ChesterfieldSLIIISofa27|4260499873455"
"4260499873462";"2";"2";"36121|464262";"133195284ChesterfieldSLIIISofa28|4260499873462"
"4260499873479";"2";"2";"36111|464227";"133195310ChesterfieldSLIIISofa29|4260499873479"
"4260499873486";"2";"2";"36103|464220";"133195609ChesterfieldSLIIISofa30|4260499873486"
"4260499873493";"2";"2";"36095|464259";"133195617ChesterfieldSLIIISofa31|4260499873493"
"4260499873509";"2";"2";"36087|464224";"133195640ChesterfieldSLIIISofa32|4260499873509"
"4260499873516";"2";"2";"36079|464217";"133195642ChesterfieldSLIIISofa33|4260499873516"
"4260499873523";"2";"2";"36071|464256";"133195650ChesterfieldSLIIISofa34|4260499873523"
"4260499873530";"2";"2";"36063|464221";"133235366ChesterfieldSLIIISofa35|4260499873530"
"4260499873547";"2";"2";"36055|464214";"133235450ChesterfieldSLIIISofa36|4260499873547"
"4260499873554";"2";"2";"36047|464255";"133235452ChesterfieldSLIIISofa37|4260499873554"
"4260499873561";"2";"2";"36039|464218";"133235527ChesterfieldSLIIISofa39|4260499873561"
"4260499873578";"2";"2";"36031|464212";"133235528ChesterfieldSLIIISofa40|4260499873578"
"4260499873585";"2";"2";"36023|464250";"133235529ChesterfieldSLIIISofa41|4260499873585"
"4260499873592";"2";"2";"36015|464215";"133235530ChesterfieldSLIIISofa42|4260499873592"
"4260499873608";"2";"2";"36007|464208";"133235531ChesterfieldSLIIISofa43|4260499873608"
"4260499873615";"2";"2";"35999|464248";"133235533ChesterfieldSLIIISofa44|4260499873615"
"4260499873622";"2";"2";"35991|464211";"133235901ChesterfieldSLIIISofa45|4260499873622"
"4260499873639";"2";"2";"35983|464206";"133235902ChesterfieldSLIIISofa46|4260499873639"
"4260499873646";"2";"2";"35975|464246";"133235903ChesterfieldSLIIISofa47|4260499873646"
"4260499873653";"2";"2";"35967|464209";"133235905ChesterfieldSLIIISofa48|4260499873653"
"4260499873660";"2";"2";"35959|464202";"133235906ChesterfieldSLIIISofa49|4260499873660"
"4260499873677";"2";"2";"35951|464242";"133235907ChesterfieldSLIIISofa50|4260499873677"
"4260499873684";"2";"2";"35943|286810";"133235923ChesterfieldSLIIISofa51|JVM4260499873684"
"4260499873691";"2";"2";"35935|464200";"133235934ChesterfieldSLIIISofa52|4260499873691"
"4260499873707";"2";"2";"35927|464239";"133235939ChesterfieldSLIIISofa53|4260499873707"
"4260499873714";"2";"2";"35919|464204";"133235948ChesterfieldSLIIISofa54|4260499873714"
"4260499873721";"2";"2";"35911|464198";"133235960ChesterfieldSLIIISofa55|4260499873721"
"4260499873738";"2";"2";"35903|464236";"133235982ChesterfieldSLIIISofa56|4260499873738"
"4260499873745";"2";"2";"35895|464201";"133235983ChesterfieldSLIIISofa57|4260499873745"
"4260499873752";"2";"2";"35887|464196";"133235984ChesterfieldSLIIISofa58|4260499873752"
"4260499873769";"2";"2";"36814|464233";"133259267ChesterfieldSLIIISofa59|4260499873769"
"4260499873776";"2";"2";"36806|464199";"133259279ChesterfieldSLIIISofa60|4260499873776"
"4260499873783";"2";"2";"36800|464193";"133259281ChesterfieldSLIIISofa61|4260499873783"
"4260499873790";"2";"2";"36794|464229";"133259282ChesterfieldSLIIISofa62|4260499873790"
"4260499873806";"2";"2";"36788|464197";"133259285ChesterfieldSLIIISofa63|4260499873806"
"4260499873813";"2";"2";"36782|464192";"133259291ChesterfieldSLIIISofa64|4260499873813"
"4260499873820";"2";"2";"36776|464226";"133259293ChesterfieldSLIIISofa65|4260499873820"
"4260499873837";"2";"2";"36770|464195";"133259294ChesterfieldSLIIISofa66|4260499873837"
"4260499873844";"2";"2";"36764|464190";"133259295ChesterfieldSLIIISofa67|4260499873844"
"4260499873851";"2";"2";"36758|464223";"133259297ChesterfieldSLIIISofa68|4260499873851"
"4260499873868";"2";"2";"36752|464194";"133259298ChesterfieldSLIIISofa69|4260499873868"
"4260499873875";"2";"2";"36746|464186";"133259458ChesterfieldSLIIISofa70|4260499873875"
"4260499873882";"2";"2";"36740|464219";"133259459ChesterfieldSLIIISofa71|4260499873882"
"4260499873899";"2";"2";"36734|464191";"133259461ChesterfieldSLIIISofa72|4260499873899"
"4260499873905";"2";"2";"36728|464184";"133259462ChesterfieldSLIIISofa73|4260499873905"
"4260499873912";"2";"2";"36722|464216";"133259463ChesterfieldSLIIISofa74|4260499873912"
"4260499873929";"2";"2";"36716|464189";"133259496ChesterfieldSLIIISofa75|4260499873929"
"4260499873936";"2";"2";"36710|464180";"133259497ChesterfieldSLIIISofa76|4260499873936"
"4260499873943";"2";"2";"36704|464213";"133259501ChesterfieldSLIIISofa77|4260499873943"
"4260499873950";"2";"2";"36698|464187";"133259526ChesterfieldSLIIISofa78|4260499873950"
"4260499873967";"2";"2";"36692|464177";"133259538ChesterfieldSLIIISofa79|4260499873967"
"4260499873974";"2";"2";"36686|464210";"133259548ChesterfieldSLIIISofa80|4260499873974"
"4260499873981";"2";"2";"36680|464185";"133259573ChesterfieldSLIIISofa81|4260499873981"
"4260499873998";"2";"2";"36674|464174";"133259586ChesterfieldSLIIISofa82|4260499873998"
"4260499874001";"2";"2";"36668|464207";"133259587ChesterfieldSLIIISofa83|4260499874001"
"4260499874018";"2";"2";"36662|464182";"133259588ChesterfieldSLIIISofa84|4260499874018"
"4260499874025";"2";"2";"36656|464172";"133259589ChesterfieldSLIIISofa85|4260499874025"
"4260499874032";"2";"2";"36650|464205";"133259590ChesterfieldSLIIISofa86|4260499874032"
"4260499874049";"2";"2";"36644|464181";"133259591ChesterfieldSLIIISofa87|4260499874049"
"4260499874056";"2";"2";"36638|464170";"133259592ChesterfieldSLIIISofa88|4260499874056"
"4260499874063";"2";"2";"36632|464203";"133259594ChesterfieldSLIIISofa89|4260499874063"
"4260499874070";"2";"2";"36626|464178";"133259598ChesterfieldSLIIISofa90|4260499874070"
"4260499874087";"2";"2";"36620|464083";"133291770ChesterfieldSLIIISofa91|4260499874087"
"4260499874094";"2";"2";"36614|464085";"133291823ChesterfieldSLIIISofa92|4260499874094"
"4260499874100";"2";"2";"36608|464078";"133291885ChesterfieldSLIIISofa93|4260499874100"
"4260499874117";"2";"2";"36602|464082";"133291938ChesterfieldSLIIISofa94|4260499874117"
"4260499874124";"2";"2";"36596|464084";"133291997ChesterfieldSLIIISofa95|4260499874124"
"4260499874131";"2";"2";"36590|384860";"133292058ChesterfieldSLIIISofa96|4260499874131"
"4260499874148";"2";"2";"36584|464079";"133292130ChesterfieldSLIIISofa97|4260499874148"
"4260499874155";"2";"2";"36578|464077";"133292208ChesterfieldSLIIISofa98|4260499874155"
"4260499874216";"2";"2";"46146|83855";"138573213Weitao321SitzerJarksonBraun|4260499874216A"
"4260499874223";"2";"2";"46120|76225";"138573225Weitao321SitzerJarksonWeiss|4260499874223"
"4260499874315";"2";"2";"66669|83778";"4260499874315|4260499874315A"
"4260499874339";"2";"2";"74739|83330";"4260499874339|4260499874339A"
"4260499874407";"3";"3";"46042|83561|347227";"138580136WeitaoU-FormLeonardoBraunBeige|4260499874407A|4260499874407"
"4260499874469";"2";"1";"37902|450692";"134051210JurandFontanna1030R|4260499874469"
"4260499874506";"2";"2";"37898|294632";"134051271JurandFontanna1085|4260499874506"
"4260499875046";"2";"2";"37844|450716";"134153217JurandFontanna1029|4260499875046"
"4260499875053";"2";"2";"37843|450717";"134153218JurandFontanna1028|4260499875053"
"4260499875213";"2";"2";"40572|450712";"134177736JurandFontanna1001|4260499875213"
"4260499875558";"2";"1";"339907|468468";"4260499875558|JVM4260499875558"
"4260499875763";"2";"2";"40514|450711";"134333483JurandDonica2043|4260499875763"
"4260499875794";"2";"2";"40537|450709";"134333497JurandDonica2039|4260499875794"
"4260499875848";"2";"2";"37930|450706";"134333549JurandDonica2034|4260499875848"
"4260499875855";"2";"2";"37929|450705";"134333562JurandDonica2033|4260499875855"
"4260499875961";"2";"2";"37918|450703";"134333607JurandDonica2021|4260499875961"
"4260499876012";"2";"2";"37913|450704";"134333619JurandDonica2015|4260499876012"
"4260499876050";"2";"2";"37909|440936";"134333624JurandDonica2010|JVM4260499876050"
"4260499876234";"2";"2";"37945|450701";"134334708JurandKolumna3012|4260499876234"
"4260499876272";"2";"2";"37949|450700";"134334725JurandKolumna3006|4260499876272"
"4260499876371";"2";"2";"40505|450699";"134335709JurandFigury1548|4260499876371"
"4260499876609";"2";"2";"40335|450697";"134336074JurandFigury1554|4260499876609"
"4260499876722";"2";"2";"40322|450695";"134336110JurandFigury1589|4260499876722"
"4260499876739";"2";"2";"40321|450694";"134336111JurandFigury1588|4260499876739"
"4260499876814";"2";"2";"40313|450693";"134336126JurandFigury1580|4260499876814"
"4260499876876";"2";"2";"40307|450690";"134385269JurandFigury1572|4260499876876"
"4260499876937";"2";"2";"40301|450689";"134385305JurandFigury1565|4260499876937"
"4260499876944";"2";"2";"40300|450688";"134385306JurandFigury1563|4260499876944"
"4260499877019";"3";"3";"40293|450683|450686";"134392605JurandFigury1555|4260499877118|4260499877019"
"4260499877026";"2";"2";"40292|450687";"134392641JurandFigury1553|4260499877026"
"4260499877071";"2";"2";"40288|450685";"134395014JurandFigury1545|4260499877071"
"4260499877088";"2";"2";"40287|450684";"134396152JurandFigury1541|4260499877088"
"4260499877101";"2";"2";"40285|450682";"134396855JurandFigury1536|4260499877101"
"4260499877231";"2";"2";"40272|450681";"134398283JurandFigury1512|4260499877231"
"4260499877286";"2";"2";"40267|450680";"134407964JurandFigury1501|4260499877286"
"4260499877934";"2";"2";"45964|453259";"138767455WeitaoL-FormLubySchwarzWeiss|4260499877934"
"4260499878122";"2";"2";"2872|350243";"13369813|JVM4260499878122"
"4260499878399";"2";"2";"39187|454805";"135761209RobertoMTischeS18-S-70x120|4260499878399"
"4260499878641";"2";"2";"39182|454776";"135764131RobertoMTischeS18-L-S-90x160x200|4260499878641"
"4260499878658";"3";"3";"39160|58350|454783";"135764157RobertoMTischeS19|13576415468486|4260499878658"
"4260499878849";"2";"2";"39135|454748";"135771281RobertoMTischeS24-90x90x210|4260499878849"
"4260499878887";"2";"2";"39131|454764";"135772250RobertoMTischeS26-100x160x400|4260499878887"
"4260499878894";"2";"2";"39127|454774";"135775538RobertoMTischeS27|4260499878894"
"4260499878900";"2";"2";"39123|454742";"135775557RobertoMTischeS30-100x100x250|4260499878900"
"4260499878917";"2";"2";"39119|454760";"135775629RobertoMTischeS32-90x170x250|4260499878917"
"4260499878979";"2";"2";"39104|454771";"135776492RobertoMTischeS28-80x120x200|4260499878979"
"4260533180006";"2";"2";"39100|454747";"135784104RobertoMTischeS33|4260533180006"
"4260533180013";"2";"2";"39096|454758";"135787279RobertoMTischeSF-25-80x140x180|4260533180013"
"4260533180044";"2";"2";"39594|454756";"135798372RobertoMStuhlK5|4260533180044"
"4260533180075";"2";"2";"39597|454711";"135798525RobertoMStuhlK13|4260533180075"
"4260533180150";"2";"2";"39605|454737";"135800031RobertoMStuhlK27|4260533180150"
"4260533180174";"2";"2";"39607|58351";"135800153RobertoMStuhlK30|13580015348646"
"4260533180198";"2";"2";"39609|454697";"135800322RobertoMStuhlK34|4260533180198"
"4260533180211";"2";"2";"39611|454731";"135800471RobertoMStuhlK37|4260533180211"
"4260533180242";"2";"2";"39614|454739";"135800823RobertoMStuhlK41|4260533180242"
"4260533180266";"2";"2";"39616|454726";"135800959RobertoMStuhlK41B|4260533180266"
"4260533180273";"2";"2";"39617|454733";"135801120RobertoMStuhlK42|4260533180273"
"4260533180365";"2";"2";"39626|454716";"135804466RobertoMStuhlK49|4260533180365"
"4260533180389";"2";"2";"39628|454678";"135804496RobertoMStuhlK51|4260533180389"
"4260533180402";"2";"2";"39630|454704";"135805752RobertoMStuhlK53|4260533180402"
"4260533180471";"2";"2";"39637|454696";"135806895RobertoMStuhlK61|4260533180471"
"4260533180495";"2";"2";"39639|454673";"135806986RobertoMStuhlK63|4260533180495"
"4260533180501";"2";"2";"39640|454687";"135807023RobertoMStuhlK64|4260533180501"
"4260533180518";"2";"2";"39641|454690";"135807071RobertoMStuhlK65|4260533180518"
"4260533180525";"2";"2";"39642|454671";"135807132RobertoMStuhlK66|4260533180525"
"4260533180563";"2";"2";"39646|454686";"135807257RobertoMStuhlK70|4260533180563"
"4260533180600";"2";"2";"39975|320635";"135827576SchonerShoppenSIDEBOARDA|4260533180600"
"4260533180617";"2";"2";"39923|320641";"135829434SchonerShoppenSIDEBOARDB|4260533180617"
"4260533180624";"3";"3";"39871|320647|325271";"135829514SchonerShoppenSIDEBOARDC|4260533180624|JVM4260533180624"
"4260533180631";"3";"3";"39815|320734|355058";"135829626SchonerShoppenSIDEBOARDF|4260533180631|JVM4260533180631"
"4260533180648";"3";"3";"39760|42146|321109";"135831005SchonerShoppenSIDEBOARDH|135829781SchonerShoppenSIDEBOARDGWT|4260533180648"
"4260533180655";"2";"2";"39705|320740";"135831011SchonerShoppenSIDEBOARDI|4260533180655"
"4260533180662";"2";"2";"39650|321128";"135831016SchonerShoppenSIDEBOARDJ|4260533180662"
"4260533180679";"2";"1";"40030|469860";"135845331KarolMebleRAJ-4-S-Grau|JVM4260533180679"
"4260533180778";"2";"1";"40147|250435";"135852597KarolMebleRAJ-5-WEISS|4260533180778"
"4260533180853";"2";"2";"97932|455016";"135866825|4260533180853"
"4260533181041";"2";"2";"40546|450675";"135873078JurandFontanna1102|4260533181041"
"4260533181058";"2";"2";"40545|450674";"135873082JurandFontanna1101|4260533181058"
"4260533181119";"2";"2";"40539|450664";"135873170JurandFontanna1095|4260533181119"
"4260533181126";"2";"2";"40538|450662";"135873178JurandFontanna1094|4260533181126"
"4260533183762";"2";"2";"40500|450661";"136224970JurandFigury1578|4260533183762"
"4260533186138";"2";"2";"43181|457518";"136701317KinasMebleL-FORMMECENASBettfunktionBettkas|4260533186138"
"4260533186145";"2";"2";"43172|457730";"136707890KinasMebleL-FORMWAKIKIBettfunktionBettkast|4260533186145"
"4260533186152";"2";"2";"43163|457731";"136708051KinasMebleL-FORMFINNBettfunktionBettkasten|4260533186152"
"4260533186169";"2";"2";"43154|457513";"136708443KinasMebleL-FORMDARCOBettfunktionBettkaste|4260533186169"
"4260533186176";"2";"2";"43145|457509";"136708564KinasMebleL-FORMMARTINBettfunktionBettkast|4260533186176"
"4260533186183";"2";"2";"43742|457511";"136729048KinasMeble-L-FORM-R-CITY-Bettfunktion-Bettkasten|4260533186183"
"4260533186190";"2";"2";"43136|457734";"136730024KinasMebleL-FORMVIPERBettfunktionBettkaste|4260533186190"
"4260533186206";"2";"2";"43127|457729";"136730306KinasMebleL-FORMAXE|4260533186206"
"4260533186213";"2";"2";"43118|457505";"136730899KinasMebleL-FORMRAMIROBettfunktionBettkast|4260533186213"
"4260533186220";"2";"2";"43109|457502";"136731121KinasMebleL-FORMTORNADOBettfunktionBettkas|4260533186220"
"4260533186237";"2";"2";"43100|457498";"136737690KinasMebleL-FORMSENATORBettfunktionBettkas|4260533186237"
"4260533186244";"2";"2";"43091|457500";"136738552KinasMebleL-FORMAVATARBettfunktionBettkast|4260533186244"
"4260533186251";"2";"2";"43077|457496";"136742359KinasMebleL-FORMR1BettfunktionBettkasten|4260533186251"
"4260533186275";"2";"2";"43059|457728";"136742767KinasMebleL-FORMMEXICODELUXBettfunktionB|4260533186275"
"4260533186282";"3";"3";"43050|184275|468564";"136743624KinasMebleL-FORMMEXICOBettfunktionBettkast|JVM4260533186282|JVM_4260533186282"
"4260533186299";"2";"2";"43041|457493";"136743780KinasMebleL-FORMKIRIIBettfunktionBettkaste|4260533186299"
"4260533186305";"2";"2";"43032|457491";"136743900KinasMebleL-FORMTOMEKBettfunktionBettkaste|4260533186305"
"4260533186329";"2";"2";"43009|457542";"136744080KinasMebleL-FORMR-MINIBettfunktionBettkast|4260533186329"
"4260533186336";"2";"2";"43000|457543";"136744345KinasMebleL-FORMKOLIBERBettfunktionBettkas|4260533186336"
"4260533186343";"2";"2";"42991|457537";"136744513KinasMebleL-FORMMINISTERBettfunktionBettka|4260533186343"
"4260533186350";"2";"2";"42978|457540";"136744665KinasMebleL-FORMJORDANIABettfunktionBettka|4260533186350"
"4260533186367";"2";"2";"42969|457733";"136744916KinasMebleL-FORMDIANABettfunktionBettkaste|4260533186367"
"4260533186374";"2";"2";"42960|457533";"136744993KinasMebleL-FORMMADAGASKARBettfunktionBett|4260533186374"
"4260533186381";"2";"2";"43737|457727";"136746688KinasMeble-3-Sitzer-MATRIX-Bettfunktion-Bettkasten|4260533186381"
"4260533186398";"2";"2";"43732|457541";"136783857KinasMeble-3-Sitzer-MANHATAN-Bettfunktion-Bettkasten|4260533186398"
"4260533186411";"2";"2";"43722|457528";"136784199KinasMeble-3-Sitzer-LAURA-K-Bettfunktion-Bettkasten|4260533186411"
"4260533186428";"2";"2";"43717|457725";"136784649KinasMeble-3-Sitzer-CHER-Bettfunktion-Bettkasten|4260533186428"
"4260533186435";"2";"2";"43712|457726";"136787794KinasMeble-3-Sitzer-BENITA-Bettfunktion-Bettkasten|4260533186435"
"4260533186442";"2";"2";"43707|457732";"136789627KinasMeble-3-Sitzer-SAMANTA-A-Bettfunktion-Bettkasten|4260533186442"
"4260533186459";"2";"2";"43702|457724";"136789676KinasMeble-3-Sitzer-SAMANTA-B-Bettfunktion-Bettkasten|4260533186459"
"4260533186466";"2";"2";"43697|457535";"136795603KinasMeble-3-Sitzer-ALISS-Bettfunktion-Bettkasten|4260533186466"
"4260533186534";"2";"2";"43663|457525";"136806523KinasMeble-SOFAGARNITUR-3-1-1-EWELINA-Bettfunktion-Bettkasten|4260533186534"
"4260533186541";"2";"2";"43654|457723";"136807037KinasMebleL-FORM-Argent-Trinity-Bettfunktion-Bettkasten|4260533186541"
"4260533186558";"2";"2";"43645|457524";"136809175KinasMebleL-FORM-Assan-Bettfunktion-Bettkasten|4260533186558"
"4260533187036";"2";"2";"57293|462889";"138163641WeitaoU-FormBelliniBeigeWeiss|4260533187036"
"4260533187043";"2";"2";"57333|462891";"138163714WeitaoBellini3Beige|4260533187043"
"4260533187067";"2";"2";"57253|463216";"138164144WeitaoU-FormBelliniTextilGrauWeiss|4260533187067"
"4260533187180";"3";"3";"57093|61959|456908";"138187277WeitaoU-FormDonbassBraunWeiss|0203201806|4260533187180"
"4260533187197";"2";"2";"57053|453201";"138190033WeitaoL-FormEbernSchwarzWeiss|4260533187197"
"4260533187340";"2";"2";"61913|313117";"0203201805|4260533187340"
"4260533187371";"2";"2";"56697|453198";"138242619WeitaoL-FormHaidWeiss|4260533187371"
"4260533187388";"2";"2";"56657|453717";"138242821WeitaoU-FormHallstadtBeigeBraun|4260533187388"
"4260533187395";"2";"2";"56621|453593";"138243039Weitao321SitzerHombergWeiss|4260533187395"
"4260533187401";"2";"2";"56585|463214";"138243078Weitao321SitzerHuttenSchwarzWeiss|4260533187401"
"4260533187425";"2";"2";"49248|453199";"138243229Weitao321SitzerJarksonSchwarzWeiss|4260533187425"
"4260533187487";"2";"2";"49196|453204";"138243886WeitaoU-FormLeonardoGrauWeiss|4260533187487"
"4260533187494";"2";"2";"49170|453460";"138252752WeitaoL-FormLimaSchwarz|4260533187494"
"4260533187500";"3";"3";"49144|61868|453463";"138252803WeitaoL-FormLubyBeigeGrau|0203201804|4260533187500"
"4260533187562";"2";"2";"49118|454076";"138253379Weitao321SitzerParisRoyalWeissBraun|4260533187562"
"4260533187579";"2";"2";"49092|454199";"138254225WeitaoU-FormParisRoyalIIBeigeBraun|4260533187579"
"4260533187586";"2";"2";"49066|462885";"138254418WeitaoU-FormParisRoyalWeissBraun|4260533187586"
"4260533187616";"2";"2";"49040|61827";"138257784WeitaoU-FormPH-038|0203201803"
"4260533187876";"2";"2";"61732|71234";"0203201801|4260533187876"
"4260533188118";"3";"3";"48858|60826|453491";"138362984WeitaoL-FormWeidenWeiss|2602201850|4260533188118"
"4260533188149";"2";"2";"48806|462888";"138363683WeitaoU-FormWolfhagenGrauWeiss|4260533188149"
"4260533188194";"2";"2";"48754|453276";"138366552Weitao321SitzerZitadelleWeissSchwarz|4260533188194"
"4260533188293";"2";"2";"48702|453274";"138369651WeitaoU-FormPHX1WeissSchwarz|4260533188293"
"4260533188330";"2";"2";"48650|453283";"138370915WeitaoU-FormPHM110WeissSchwarz|4260533188330"
"4260533188446";"2";"2";"58668|183600";"138376244864686469|4260533188446"
"4260533188453";"2";"2";"48510|466505";"138376265WeitaoBettS-9231|4260533188453"
"4260533188460";"2";"2";"48488|466510";"138376608WeitaoBettS-9270white|4260533188460"
"4260533188521";"2";"2";"48370|454339";"138377079WeitaoU-FormPH300PhilipsSchwarzRot|4260533188521"
"4260533188538";"2";"2";"58249|453272";"1412201701|4260533188538"
"4260533188590";"2";"2";"48344|453281";"138378828WeitaoU-FormPH376Beige|4260533188590"
"4260533188637";"2";"2";"48266|453271";"138379228WeitaoU-FormPH3004SchwarzWeiss|4260533188637"
"4260533188644";"2";"2";"48214|453270";"138379360WeitaoU-FormPH3005BraunBeige|4260533188644"
"4260533188651";"2";"2";"48188|453724";"138379386WeitaoU-FormPH3006BraunWeiss|4260533188651"
"4260533188675";"2";"2";"48162|453269";"138379459WeitaoL-FormPH3026SchwarzWeiss|4260533188675"
"4260533188743";"2";"2";"453668|454334";"4260560941250|4260533188743"
"4260533188873";"2";"2";"58285|434372";"1412201704|4260533188873"
"4260533189078";"2";"2";"58293|466490";"1412201705|4260533189078"
"4260533189238";"2";"2";"73590|326504";"4260533189238|JVM4260533189238"
"4260533189306";"2";"2";"58163|474991";"138514066SS-Sessel-Chesterfield-Winchester|JVM4260533189306"
"4260533189313";"2";"2";"58147|466442";"138514307SSChesterfield3SitzerWinchesterII|4260533189313"
"4260533189320";"2";"2";"58131|466449";"138528294SSChesterfield3SitzerWilliamIII|4260533189320"
"4260533189351";"2";"2";"48062|466427";"138531205WeitaoBETTMODELLNO.B002|4260533189351"
"4260533189443";"2";"2";"58085|340224";"138543473SSCHESTERFIELDOHRENSESSELQueen|JV4260533189443"
"4260533189450";"2";"2";"58077|466433";"138543485SSCHESTERFIELDOHRENSESSELQueenBlau|4260533189450"
"4260533189467";"2";"2";"58069|466443";"138543573SSCHESTERFIELDQueenBraun|4260533189467"
"4260533189474";"2";"2";"58061|466423";"138543656SSCHESTERFIELDQueenDunkelblau|4260533189474"
"4260533189481";"2";"2";"58053|466440";"138543777SSCHESTERFIELDQueenGrun|4260533189481"
"4260533189504";"2";"2";"58037|466431";"138543831SSCHESTERFIELDQueenLilaII|4260533189504"
"4260533189511";"3";"3";"58029|58239|466415";"138543846SSCHESTERFIELDQueenOrange|0712201703|4260533189511"
"4260533189528";"2";"2";"58021|466387";"138543879SSCHESTERFIELDQueenPurple|4260533189528"
"4260533189535";"2";"2";"58013|466397";"138543934SSCHESTERFIELDQueenRot|4260533189535"
"4260533189542";"2";"2";"58005|466408";"138543996SSCHESTERFIELDQueenPink|4260533189542"
"4260533189559";"2";"2";"57997|466400";"138544090SSCHESTERFIELDQueenSilber|4260533189559"
"4260533189566";"2";"2";"48007|466374";"138544149-SS-CHESTERFIELD-3-Sitzer-RY|4260533189566"
"4260533189658";"2";"2";"47709|462884";"138547440WeitaoU-FormBelliniDunkelbraun|4260533189658"
"4260533189672";"2";"2";"47657|462882";"138549420WeitaoU-FormBelliniBeige|4260533189672"
"4260533189702";"2";"2";"47423|462881";"138549583WeitaoBellini3Braun|4260533189702"
"4260533189740";"2";"2";"47319|463125";"138549837WeitaoBellini3TextilDunkelgrau|4260533189740"
"4260533189764";"2";"2";"47215|463068";"138549925WeitaoBellini3Grau|4260533189764"
"4260533189856";"2";"2";"47137|463067";"138550186WeitaoUFormBelliniTextilDunkelgrauWeiss|4260533189856"
"4260533189870";"2";"2";"47085|462880";"138563296WeitaoUFormBelliniTextilGrauSchwarz|4260533189870"
"4260533189900";"2";"2";"47891|463064";"138563362WeitaoU-FormBergaSchwarz|4260533189900"
"4260533189979";"2";"2";"57541|453267";"138563494NBBerlinIIL-FormRotSchwarz|4260533189979"
"4260560940000";"2";"2";"45938|453264";"138767514WeitaoL-FormLubyBraunWeiss|4260560940000"
"4260560940048";"2";"2";"45834|453480";"138773115Weitao321SitzerNassauBraun|4260560940048"
"4260560940055";"2";"2";"45808|453260";"138773119Weitao321SitzerNassauDunkelbraun|4260560940055"
"4260560940079";"2";"2";"45756|453254";"138773239WeitaoL-FormNeuerWeissSchwarz|4260560940079"
"4260560940109";"2";"2";"45678|453721";"138773277WeitaoL-FormParisSchwarzWeiss|4260560940109"
"4260560940123";"2";"2";"45626|454187";"138773392Weitao321SitzerParisRoyalGrauBraun|4260560940123"
"4260560940130";"2";"2";"45600|454070";"138773404Weitao321SitzerParisRoyalDunkelgrauBraun|4260560940130"
"4260560940147";"2";"2";"45574|463149";"138773420Weitao321SitzerParisRoyalSchwarzBraun|4260560940147"
"4260560940154";"2";"2";"45548|454065";"138773461Weitao321SitzerParisRoyalBeigeIBraun|4260560940154"
"4260560940185";"2";"2";"45470|463201";"138773550WeitaoU-Form-Paris-Royal-II-Schwarz|4260560940185"
"4260560940192";"2";"2";"45444|463167";"138773666WeitaoU-FormParisRoyalSchwarzRot|4260560940192"
"4260560940208";"2";"2";"45418|463124";"138773705WeitaoU-FormParisRoyalSchwarz|4260560940208"
"4260560940376";"2";"2";"45262|249452";"138775958WeitaoL-FormRodosSchwarzBeige|4260560940376"
"4260560940390";"2";"2";"45210|453253";"138776332WeitaoL-FormRodosSchwarzWeiss|4260560940390"
"4260560940413";"2";"2";"45158|453262";"138776371WeitaoL-FormSalutSchwarzWeiss|4260560940413"
"4260560940420";"2";"2";"45132|453685";"138776577WeitaoL-FormSandbergOrangeWeiss|4260560940420"
"4260560940437";"2";"2";"45106|453251";"138776902WeitaoL-FormSandbergSchwarzWeiss|4260560940437"
"4260560940536";"2";"2";"45054|453477";"138780329WeitaoU-FormSendenSchwarzWeiss|4260560940536"
"4260560940543";"2";"2";"45028|453257";"138780348WeitaoU-FormSendenBeigeBraun|4260560940543"
"4260560940659";"2";"2";"44976|453252";"138782403WeitaoL-FormTettauWeiss|4260560940659"
"4260560940666";"2";"2";"44950|453248";"138782605WeitaoL-FormTettauRot|4260560940666"
"4260560940857";"2";"2";"44716|453249";"138799776WeitaoL-FormWeidenSchwarz|4260560940857"
"4260560940864";"2";"2";"44690|453719";"138799789WeitaoL-FormWeidenGrau|4260560940864"
"4260560940871";"2";"2";"44664|453475";"138799793WeitaoL-FormWeidenOrange|4260560940871"
"4260560940901";"2";"2";"44586|463200";"138799956WeitaoU-FormWolfhagenSchwarzWeiss|4260560940901"
"4260560940925";"2";"2";"44534|463177";"138802003WeitaoU-FormWolfhagenWeiss|4260560940925"
"4260560940932";"2";"2";"44508|453595";"138802360WeitaoU-FormWyenWeissBordeauxrot|4260560940932"
"4260560940949";"2";"2";"44482|463100";"138802368WeitaoU-FormWyenSchwarzWeiss|4260560940949"
"4260560941069";"2";"2";"44456|453255";"138803418Weitao321SitzerZitadelleSchwarzWeiss|4260560941069"
"4260560941083";"2";"2";"44404|453245";"138803465Weitao3-2-1SitzerZitadelleOrangeWeiss|4260560941083"
"4260560941120";"2";"2";"44352|463259";"138803656WeitaoU-FormPH300PhilipsWeissOrange|4260560941120"
"4260560941151";"2";"2";"44300|453170";"138804229WeitaoU-FormPH376BraunWeiss|4260560941151"
"4260560941199";"2";"2";"44196|453168";"138804434WeitaoU-FormPH3005BeigeOrange|4260560941199"
"4260560941229";"2";"2";"44118|453172";"138804848WeitaoL-FormPH3026RotBeige|4260560941229"
"4260560941243";"2";"2";"44066|453171";"138805064WeitaoL-FormPH3375WeissSchwarz|4260560941243"
"4260560941311";"2";"2";"43962|462875";"138805359WeitaoU-FormPHM110GelbWeiss|4260560941311"
"4260560941328";"2";"2";"43934|462873";"138805371WeitaoU-FormPHX1Schwarz-Orange|4260560941328"
"4260560941359";"2";"2";"43846|466383";"138814126SSChesterfield3SitzerB35Weiss|4260560941359"
"4260560949997";"4";"3";"66150|66165|334366|468449";"150520180936|150520180936225565|4260560949997|JVM4260560949997"
"4260584067905";"2";"2";"103317|103346";"4260584067905|JVM4260584067905"
"4260584067936";"2";"2";"74974|453166";"401544251929|4260584067936"
"4260584068049";"2";"1";"102830|325569";"4260584068049|JVM4260584068049"
"4260606050052";"2";"1";"77609|378469";"4260606050052|JVM4260606050052"
"4260606050168";"2";"2";"96369|322800";"148416997|4260606050168"
"4260606050175";"2";"2";"96287|322819";"148417048|4260606050175"
"4260606050182";"2";"2";"96174|322837";"148417090|4260606050182"
"4260606050199";"2";"2";"96109|322844";"148417149|4260606050199"
"4260606050205";"2";"2";"96042|453177";"148417165|4260606050205"
"4260606050212";"2";"2";"95976|322860";"148417179|4260606050212"
"4260606050229";"2";"2";"95911|322877";"148417192|4260606050229"
"4260606050236";"2";"2";"95823|322897";"148417246|4260606050236"
"4260606050243";"2";"2";"95689|322539";"148417258|4260606050243"
"4260606050250";"2";"2";"95601|353844";"148417326|4260606050250"
"4260606050267";"2";"2";"95513|322622";"148417371|4260606050267"
"4260606050274";"2";"2";"95425|322640";"148417415|4260606050274"
"4260606050281";"2";"2";"95360|322656";"148417542|4260606050281"
"4260606050298";"2";"2";"94518|322672";"148417636|4260606050298"
"4260606050304";"2";"2";"94407|322688";"148417657|4260606050304"
"4260606050311";"2";"2";"94296|322710";"148422695|4260606050311"
"4260606050328";"2";"2";"94231|322737";"148422827|4260606050328"
"4260606050335";"2";"2";"94078|322777";"148422851|4260606050335"
"4260606050342";"2";"2";"94143|322757";"148422893|4260606050342"
"4260606050359";"3";"3";"93983|322779|439258";"148427948|4260606050359|JVM_4260606050359"
"4260606050366";"2";"2";"93904|322086";"148427975|4260606050366"
"4260606050373";"2";"2";"93786|453176";"148428779|4260606050373"
"4260606050380";"2";"2";"322185|468537";"4260606050380|JVM4260606050380"
"4260606050403";"2";"2";"93531|322070";"148441938|4260606050403"
"4260606050410";"2";"2";"93466|322102";"148441968|4260606050410"
"4260606050427";"2";"2";"83713|321693";"148441991|4260606050427"
"4260606050434";"2";"2";"93401|321935";"148442641|4260606050434"
"4260606050458";"2";"2";"93211|322031";"148442700|4260606050458"
"4260606050465";"2";"2";"93123|322054";"148444486|4260606050465"
"4260606050472";"2";"2";"93058|322202";"148444506|4260606050472"
"4260606050489";"2";"2";"92993|323048";"148444524|4260606050489"
"4260606050496";"2";"2";"92933|453174";"148444595|4260606050496"
"4260606050519";"2";"1";"154515|406666";"4260606050519|JVM4260606050519"
"4260606050540";"4";"4";"154323|183576|191291|191339";"4260606050540|JV4260606050540|JVM4260606050540|JAM4260606050540"
"4260606050564";"2";"1";"154195|469149";"4260606050564|JVM4260606050564"
"4260606050632";"2";"1";"153955|441316";"4260606050632|JVM4260606050632"
"4260606050717";"2";"2";"92689|454029";"148448379|4260606050717"
"4260606050724";"2";"2";"92592|454023";"148448387|4260606050724"
"4260606050731";"2";"2";"92495|454025";"148448394|4260606050731"
"4260606050748";"2";"2";"91576|454028";"148448416|4260606050748"
"4260606050755";"2";"2";"90149|454019";"148448468|4260606050755"
"4260606050762";"2";"2";"90029|454022";"148448518|4260606050762"
"4260606050779";"2";"2";"89863|454027";"148448553|4260606050779"
"4260606050786";"2";"2";"89743|454018";"148448591|4260606050786"
"4260606050793";"2";"2";"89200|454021";"148448755|4260606050793"
"4260606050809";"2";"2";"89057|454024";"148448794|4260606050809"
"4260606050816";"2";"2";"88983|454017";"148448808|4260606050816"
"4260606050823";"2";"2";"88909|454020";"148448827|4260606050823"
"4260606050830";"2";"2";"88835|454012";"148448887|4260606050830"
"4260606050847";"2";"2";"88761|454015";"148449289|4260606050847"
"4260606050854";"2";"2";"86996|454013";"148449335|4260606050854"
"4260606050861";"2";"2";"86845|454011";"148449484|4260606050861"
"4260606050878";"2";"2";"86771|454006";"148449491|4260606050878"
"4260606050885";"2";"2";"85471|454010";"148449506|4260606050885"
"4260606050892";"2";"2";"85397|454008";"148449536|4260606050892"
"4260606050908";"2";"2";"85325|454009";"148449550|4260606050908"
"4260606050915";"2";"2";"85251|454003";"148450090|4260606050915"
"4260606050922";"2";"2";"85177|454007";"148450115|4260606050922"
"4260606050953";"2";"2";"84955|453999";"148450820|4260606050953"
"4260606050960";"2";"2";"84881|454000";"148450840|4260606050960"
"4260606050977";"2";"2";"84807|453997";"148451128|4260606050977"
"4260606050984";"2";"2";"84733|453991";"148451158|4260606050984"
"4260606050991";"2";"2";"84577|453987";"148451186|4260606050991"
"4260606051004";"2";"2";"84529|453979";"148451213|4260606051004"
"4260606051011";"2";"2";"84456|453978";"148451250|4260606051011"
"4260606051028";"2";"2";"84385|453974";"148451297|4260606051028"
"4260606051035";"2";"2";"84316|453975";"148451958|4260606051035"
"4260606053312";"2";"2";"104815|343159";"JVM4260606053336|4260606053312"
"4260606053404";"2";"2";"104884|440167";"JVM4260606053404|4260606053404"
"4260606053886";"2";"2";"103810|345159";"JVM4260606053886|4260606053886"
"4260606053961";"2";"2";"103802|233980";"JVM4260606053961|4260606053961"
"4260606054227";"2";"2";"144788|344100";"JVM4260606054227|4260606054227"
"4260606054487";"2";"2";"103811|345170";"JVM4260606054487|4260606054487"
"4260606054654";"2";"2";"98009|344081";"JVM4260606054654|4260606054654"
"4260606054661";"3";"2";"99910|468583|468592";"JVM4260606054661|4260606054661|JVM_4260606054661"
"4260606054685";"2";"2";"98010|343707";"JVM4260606054685|4260606054685"
"4260606054692";"2";"2";"98034|343689";"JVM4260606054692|4260606054692"
"4260606054715";"2";"2";"98097|345172";"JVM4260606054715|4260606054715"
"4260606055378";"2";"2";"103735|344225";"JVM4260606055378|4260606055378"
"4260606055415";"2";"2";"103733|345234";"JVM4260606055415|4260606055415"
"4260606055552";"3";"3";"97857|249412|464080";"JVM4260606055552|JV4260606055552|JVM_4260606055552"
"4260606055576";"2";"2";"99006|343623";"JVM4260606055576|4260606055576"
"4260606055644";"2";"1";"102102|365060";"JVM4260606055644|4260606055644"
"4260606055736";"2";"2";"99081|446913";"JVM4260606055736|JVM_4260606055736"
"4260606056061";"2";"2";"102263|143861";"JVM4260606056061|148936711"
"4260606056405";"2";"2";"103665|143858";"JVM4260606056405|148898254"
"4260606056788";"2";"2";"102106|143859";"JVM4260606056788|148885588"
"4260606057310";"2";"2";"466131|466140";"4260606057310|4260606057327"
"4260606057648";"2";"2";"103675|345156";"JVM4260606057648|4260606057648"
"4260606057686";"2";"2";"103674|344073";"JVM4260606057686|4260606057686"
"4260606057693";"2";"2";"103718|344077";"JVM4260606057693|4260606057693"
"4260606057730";"2";"2";"103715|343214";"JVM4260606057730|4260606057730"
"4260606057983";"2";"2";"144809|344096";"JVM4260606057983|4260606057983"
"4260606058102";"2";"2";"144814|439049";"JVM4260606058102|4260606058102JVM"
"4260606058393";"2";"2";"103655|143860";"JVM4260606058393|4260606058393"
"4260606058423";"2";"2";"144818|191311";"JVM4260606058423|4260606058423"
"4260606059277";"2";"2";"103764|344105";"JVM4260606059277|4260606059277"
"4260606059307";"2";"2";"144847|344102";"JVM4260606059307|4260606059307"
