"source_id";"product_number";"name";"ean";"source_active";"issue_codes"
"2443";"34056636";"BETT DESIGNER POLSTERBETT EHEBETT DOPPELTBETT MORSKIE (NB)";"4260454043503";"true";"EAN_DUPLICATE"
"2448";"34056449";"Ledersofa Edgar Ecksofa Wohnlandschaft Designer Garnitur";"4260174420264";"true";"EAN_DUPLICATE"
"2536";"16313884";"Eckbankgruppe No 12 - Eckbank nach Maßfertigung";"4260174429489";"true";"EAN_DUPLICATE"
"2539";"16313890";"Eckbankgruppe No 5 - Eckbank nach Maßfertigung";"4260174429502";"true";"EAN_DUPLICATE"
"2633";"33901385";"Ledersofa Sofa Colo2 mit 2 Chaiselongues Schwarz Weiß Modern Design";"4260174420288";"true";"EAN_DUPLICATE"
"2669";"13056955";"Ledersofa Sofagarnitur 3+2+1 Sitzer AMSTERDAM";"4260174420448";"true";"EAN_DUPLICATE"
"2672";"13056960";"LEDERSOFA 321 SOFAGARNITUR SITZER RELAX POLSTERGARNITUR COUCH COUCHGARNITUR";"4260174420462";"true";"EAN_DUPLICATE"
"2679";"11996031";"Ledersofa 3+2+1 Sitzer Sofagarnitur FANELLI";"4260174420431";"true";"EAN_DUPLICATE"
"2688";"15878323";"Ledersofa Ecksofa Wohnlandschaft Eckcouch Modell 3900";"4260174420271";"true";"EAN_DUPLICATE"
"2701";"8343430";"Chesterfield 3+2+1 Sitzer Set Ledersofa Sofagarnitur Polster Couch Garnitur";"4260174421414";"true";"EAN_DUPLICATE"
"2702";"33853801";"Polsterbett Lederbett Bett Senegal 140/160/180x200cm";"4260174420059";"true";"EAN_DUPLICATE"
"2714";"12998769";"Ledersofa Ecksofa Eckcouch L Form FRANCO";"4260174420332";"true";"EAN_DUPLICATE"
"2736";"33859991";"Ledersofa Ledergarnitur mit optional verstaubaren Hockern Franco";"4260454043381";"true";"EAN_DUPLICATE"
"2743";"33851316";"Polsterbett Lederbett Bett Mairobi 140/160/180x200cm";"4260454043497";"true";"EAN_DUPLICATE"
"2759";"33824977";"Ledersofa Design Ecksofa Berlin mit Relaxfunktion";"4260174420424";"true";"EAN_DUPLICATE"
"2761";"33760724";"Ledersofa Chesterfield Sofa Couch Polster Garnitur BIG XXL Charly";"4260174420479";"true";"EAN_DUPLICATE"
"2770";"11031004";"Ledersofa Designer Ecksofa / Barfunktion VIGO";"4260174420301";"true";"EAN_DUPLICATE"
"2855";"21466865";"Ledersofa Chesterfield Charly BIG SOFA 2,5m/3m (NB)";"4260454043480";"true";"EAN_DUPLICATE"
"2872";"13369813";"Doppelstockbett Stockbett Bett Doppelbett Etagenbett Betten B003 RAJ2";"4260499878122";"true";"EAN_DUPLICATE"
"2874";"23291609";"Polsterbett Lederbett Bett Lera 140/160/180x200cm";"4260439210548";"true";"EAN_DUPLICATE"
"2929";"8338247";"Designer Ledersofa 3-Sitzer Garnitur Vigo mit Barfunktion";"4260174420004";"true";"EAN_DUPLICATE"
"3016";"17592532";"LEDERSOFA ECKSOFA CHESTERFIELD NAPOLI FREIE GRÖSSENWAHL";"4260174421445";"true";"EAN_DUPLICATE"
"3524";"35890877";"Ecksofa Ledersofa Schlafsofa Davos 2 mit Bettfunktion möglich";"4260454043305";"true";"EAN_DUPLICATE"
"3525";"35889399";"Designer Ecksofa Leder Textil Stoff Sofa Couch Ecke Polster Garnitur";"4260174429977";"true";"EAN_DUPLICATE"
"3584";"35893216";"Ecksofa Ledersofa Schlafsofa Mini Colo mit Bettfunktion";"4260174420257";"true";"EAN_DUPLICATE"
"3585";"35895241";"Ecksofa Ledersofa Schlafsofa Davos 1 mit Bettfunktion möglich";"4260454043299";"true";"EAN_DUPLICATE"
"3638";"35172413";"Sofa Garnitur “ – exklusives Design Wohnzimmer-Set";"4260174420233";"true";"EAN_DUPLICATE"
"3740";"38906615";"Ledersofa Sofagarnitur Davos 3+2+1 Sitzer (NB)";"4260454043466";"true";"EAN_DUPLICATE"
"3798";"39460111";"Wohnwand Alfa I: Variante 2 (grey / white) (KB)";"4260454042810";"true";"EAN_DUPLICATE"
"3799";"39460112";"Wohnwand Alfa I: Variante 4 (pink/white) (KB)";"4260454042810";"true";"EAN_DUPLICATE"
"3800";"39460115";"Wohnwand Alfa I: Variante 3 (white) (KB)";"4260454042810";"true";"EAN_DUPLICATE"
"3801";"39003932";"Wohnwand Alfa I: Variante 1 (black / white) (KB)";"4260454042810";"true";"EAN_DUPLICATE"
"3885";"39491879";"Wohnwand Beta: Variante 2 (white) (KB)";"4260454042803";"true";"EAN_DUPLICATE"
"3886";"39410997";"Wohnwand Beta: Variante 1 (black / white) (KB)";"4260454042803";"true";"EAN_DUPLICATE"
"3887";"39410946";"Wohnwand Beta: Variante 3 (pink / white) (KB)";"4260454042803";"true";"EAN_DUPLICATE"
"4002";"39555748";"Ecksofa Berlin VI U-Form 2xLiegen Ledersofa 4643946912";"4260454043329";"true";"EAN_DUPLICATE"
"4009";"8343430-1";"Chesterfield 3+2+1 Ledersofa Sofagarnitur Polster Couch Garnitur Schwarz";"4260174421414";"true";"EAN_DUPLICATE"
"4069";"39460692";"Designer Ledersofa Sofagarnitur Vigo 3+2+1 Sitzer (NB)";"4260174420318";"true";"EAN_DUPLICATE"
"4149";"39688120";"4 Sitzer Chesterfield Sofa OXFORD Ledersofa";"4260174429359";"true";"EAN_DUPLICATE"
"4205";"39823226";"Ledersofa Couch Sofa Ecksofa Modell Berlin IV U-Form";"4260174420523";"true";"EAN_DUPLICATE"
"4206";"39823225";"Ledersofa Couch Sofa Ecksofa Modell Berlin II";"4260174421155";"true";"EAN_DUPLICATE"
"4207";"39823221";"Ledersofa Couch Sofa Ecksofa Modell Berlin III";"4260174420516";"true";"EAN_DUPLICATE"
"4208";"39466195";"Ledersofa Wohnlandschaft XXL Ledergarnitur Ecksofa H2209";"4260174429946";"true";"EAN_DUPLICATE"
"4214";"39844120";"Ledersofa Wohnlandschaft BIG Ecksofa Vigo U-Form (NB)";"4260454043374";"true";"EAN_DUPLICATE"
"4234";"39860492";"Ledersofa BIG Ecksofa Vigo U-Form Chaise (NB)";"4260174420349";"true";"EAN_DUPLICATE"
"4236";"39860521";"Ledersofa Couch Sofa Ecksofa Modell Berlin V L-Form";"4260454043367";"true";"EAN_DUPLICATE"
"4262";"39790747";"Ledersofa Sofagarnitur Berlin 3+2 Sitzer (NB)";"4260174420295";"true";"EAN_DUPLICATE"
"4267";"39849869";"Ledersofa Ecksofa CHESTERFIELD SOFA &quot;OXFORD&quot; (ST)";"4260174429342";"true";"EAN_DUPLICATE"
"4268";"39849927";"Ledersofa Ecksofa CHESTERFIELD SOFA NAPOLI Freie Größenwahl";"4260174421384";"true";"EAN_DUPLICATE"
"4272";"39870854";"Ledersofa Ecksofa CHESTERFIELD SOFA &quot;OXFORD SOFA&quot; (ST)";"4260174429304";"true";"EAN_DUPLICATE"
"4313";"40033094";"Moderne Sofa Garnitur 3-teilig Schwarz Weiß Design Wohnzimmer Set";"4260454043435";"true";"EAN_DUPLICATE"
"4319";"39784091";"Designer Ledersofa 3-Sitzer Berlin";"4260174420202";"true";"EAN_DUPLICATE"
"4332";"21476144";"Ledersofa Design Sofa Ecksofa Wohnlandschaft Vigo Strech";"4260174420325";"true";"EAN_DUPLICATE"
"4413";"40763329";"Ledersofa Designer Wohnlandschaft XXL Ledergarnitur Ecksofa Stuttgart";"4260174428666";"true";"EAN_DUPLICATE"
"4414";"35892797";"Ledersofa Wohnlandschaft XXL Ledergarnitur Ecksofa Atlas";"4260174420240";"true";"EAN_DUPLICATE"
"4416";"40021562";"Ledersofa Leopold Couch Ecksofa Sofagarnitur Designer Sofa";"4260174421759";"true";"EAN_DUPLICATE"
"4420";"40052268";"Polsterbett Lederbett Bett Luxur 140/160/180/200x200cm - Kristallsteine Mod. Luxur";"4260454042384";"true";"EAN_DUPLICATE"
"4429";"35364822";"Polsterbett Lederbett Bett Crystal 160/180x200cm";"4260174424316";"true";"EAN_DUPLICATE"
"4431";"40052151";"Ledersofa Wohnlandschaft Ecksofa H2209 Beta";"4260174429632";"true";"EAN_DUPLICATE"
"4435";"40240024";"Stoffsofa Ecksofa Textilsofa Berlin IV Stoff";"4260454043336";"true";"EAN_DUPLICATE"
"4436";"41924917";"Stoffsofa 3+2+1 Sitzer Textilsofa Berlin Stoff";"4260454043282";"true";"EAN_DUPLICATE"
"4437";"41931356";"Stoffsofa Ecksofa Textilsofa Sofa Couch Berlin Designer L-Form Stoff";"4260454043275";"true";"EAN_DUPLICATE"
"4438";"41932404";"Ecksofa Berlin III U-Form Design TEXTILSOFA";"4260454043268";"true";"EAN_DUPLICATE"
"4439";"41937326";"Ecksofa Berlin U-Form 2xLiegen (NB) Designer TEXTILSOFA";"4260454043251";"true";"EAN_DUPLICATE"
"4440";"41937388";"Ecksofa Berlin II L-Form 3-Ot Design TEXTILSOFA";"4260174421179";"true";"EAN_DUPLICATE"
"4946";"39784543";"Couchtisch Ledertisch Tisch Bestelltisch Franco";"4260454043428";"true";"EAN_DUPLICATE"
"4964";"chesterfieldsofort";"CHESTERFIELD 270cm Big Sofa Couch LEDER SOFA 5-SITZER GARNITUR Winchester NEU";"4260174420509";"true";"EAN_DUPLICATE"
"4966";"64664665";"Designer Textil Sofa 3 + Chaise + 1 Sitzer Berlin VII";"4260174423593";"true";"EAN_DUPLICATE"
"4989";"135315367";"Ledersofa U- Form Wohnlandschaft LE MANS";"4260174420653";"true";"EAN_DUPLICATE"
"4990";"40207843";"Ledersofa &quot; Le Mans II &quot; Ecksofa in L-Form (Warsaw II)";"4260174420691";"true";"EAN_DUPLICATE"
"4991";"40054577";"Ledersofa &quot; Le Mans I &quot; Ecksofa in L-Form (Warsaw I)";"4260174420714";"true";"EAN_DUPLICATE"
"5984";"53301026";"Ledersofa Ecksofa Designersofa Sofa Wohnlandschaft H2209 Alpha";"4260454043244";"true";"EAN_DUPLICATE"
"6020";"53301317";"Ledersofa Ecksofa Designersofa Wohnlandschaft H2209 L Form";"4260174429625";"true";"EAN_DUPLICATE"
"6109";"40020372";"Designer Ledersofa Bergamo I";"4260174421742";"true";"EAN_DUPLICATE"
"6188";"39895455";"Designer Ledersofa Bergamo II Wohnlandschaft";"4260174421773";"true";"EAN_DUPLICATE"
"6228";"39473732";"Designer Ledersofa Bergamo III Wohnlandschaft";"4260174429656";"true";"EAN_DUPLICATE"
"6921";"16164949";"Chesterfield Sofa 3 Sitzer Vintage NAPOLI Polster Garnitur";"4260174421315";"true";"EAN_DUPLICATE"
"7081";"469496";"Dekokissen, Sofakissen Designer Leder Kissen Sofakissen Kissen Kopfkissen";"4260454043534";"true";"EAN_DUPLICATE"
"7082";"46919129";"Vigo Couchtisch (6030) 2in1 Hocker und Glastisch Couchtisch";"4260454043473";"true";"EAN_DUPLICATE"
"7083";"49469491919";"Ohrensessel Chesterfield Leonardo / Noville";"4260454043862";"true";"EAN_DUPLICATE"
"7085";"589956949";"Ohrensessel Chesterfield GRAZIA";"4260454043893";"true";"EAN_DUPLICATE"
"7086";"56598547";"BIG SOFA XXL CHESTERFIELD 250cm &quot;LA GRAND&quot;";"4260454043879";"true";"EAN_DUPLICATE"
"7087";"BERLIN5SITZER";"Designer Ledersofa 5-Sitzer Berlin";"4260174420202";"true";"EAN_DUPLICATE"
"7185";"5658545";"Wohnlandschaft Ecksofa H2209 Textil Stoff Sofa";"4260174429663";"true";"EAN_DUPLICATE"
"7186";"55151375";"Ledersofa Couch Sofa Ecksofa Modell Wohnlandschaft Madrid II";"4260174429151";"true";"EAN_DUPLICATE"
"7220";"55166800";"Ledersofa Design Ecksofa Madrid mit Relaxfunktion";"4260454043237";"true";"EAN_DUPLICATE"
"7254";"55167371";"Ledersofa Couch Sofa Ecksofa Modell Madrid III";"4260454043220";"true";"EAN_DUPLICATE"
"7292";"56955265";"Ecksofa VIGO &quot;LT01&quot; Eckcouch Couch Sofa Eckgarnitur Ledersofa Leder";"4260174429649";"true";"EAN_DUPLICATE"
"7293";"BETAIISCHWARZWEISS";"Wohnwand Beta II: Variante 1 (black / white) (KB)";"4260454042711";"true";"EAN_DUPLICATE"
"7294";"BETAIIWEISSSCHWARZ";"Wohnwand Beta II: Variante 2 (white / black) (KB)";"4260454042711";"true";"EAN_DUPLICATE"
"7295";"BETAIIWEISS";"Wohnwand Beta II: Variante 3 (white) (KB)";"4260454042711";"true";"EAN_DUPLICATE"
"7303";"515565446469";"U Form Wohnlandschaft Berlin VIII";"4260454043343";"true";"EAN_DUPLICATE"
"7304";"515515695";"Textil U Form Sofa Berlin VIII";"4260174424149";"true";"EAN_DUPLICATE"
"7305";"556458155";"Design Textil Sofa Wohnlandschaft Ecksofa Stoffsofa Berlin";"4260174428499";"true";"EAN_DUPLICATE"
"7306";"455692556";"Designer Sofa U Form Wohnlandschaft Berlin X";"4260174424453";"true";"EAN_DUPLICATE"
"7393";"39469032";"Ecksofa Franco L Ledersofa Sofa Couch Ecksofa Franco 3-OT";"4260174428383";"true";"EAN_DUPLICATE"
"7413";"32FRANCO";"BIG SOFA 5-Sitzer Franco";"4260174423579";"true";"EAN_DUPLICATE"
"7431";"28562902";"Big Ledersofa Ecksofa Franco U";"4260174420486";"true";"EAN_DUPLICATE"
"7609";"39703855";"Chesterfield Hocker Winchester William";"4260174420998";"true";"EAN_DUPLICATE"
"7612";"39703879RobertSS";"Chesterfield Ohrensofa Sofa Couch Polster Garnitur Sofagarnitur";"4260174421377";"true";"EAN_DUPLICATE"
"7613";"458685656";"Chesterfield Sofagarnitur 5+2+1 Big Leder Couch Sofa PRODUKTION IN EU";"4260174421353";"true";"EAN_DUPLICATE"
"7614";"556515";"Queen Hocker Chesterfield Chaiselounge Liege Ablage";"4260174420936";"true";"EAN_DUPLICATE"
"7618";"565852556";"Cambridge Chaiselongues Chesterfield Liege Sitz Hocker Leder Textil";"4260174420974";"true";"EAN_DUPLICATE"
"7620";"45585562";"LAWA Couchtisch Tisch Tische Glastisch Chesterfield Möglich: Leder";"4260174420929";"true";"EAN_DUPLICATE"
"7621";"555458885";"NAPOLEON Chesterfield Chaiselounge Liege Couch Sofa Ledersofa Textil";"4260174421278";"true";"EAN_DUPLICATE"
"7623";"5548546655";"LUXORIA LORD Chesterfield Riesen Big Sofa Couch Lord Textil Stoff";"4260174421285";"true";"EAN_DUPLICATE"
"7624";"561554665";"Aleeze Chesterfield Ecksofa Sofa Ecksofa Couch Fertigung in: Textil Samt";"4260174421339";"true";"EAN_DUPLICATE"
"7625";"4588475856";"VENECIA Chesterfield Sofagarnitur Venecia Sofa Couch 3+2+1 Sitzer";"4260174421360";"true";"EAN_DUPLICATE"
"7627";"56985565";"Monaruge Monarugé Chesterfield Ecksofa Sofa Ecksofa Couch Rundsofa";"4260174421391";"true";"EAN_DUPLICATE"
"7628";"5454445585";"3+2+1 Sofagarnitur Ledersofa Couch Sofa Designer Sofas Wohnlandschaft Bergamo";"4260174421766";"true";"EAN_DUPLICATE"
"7630";"4648665";"Chesterfield Big Bett Polsterbett Doppelbett Antikes Edles königliches Bett";"4260439210531";"true";"EAN_DUPLICATE"
"7633";"BXBAVERO";"Ecksofa Designer Garnitur";"4260174429847";"true";"EAN_DUPLICATE"
"7643";"455695852";"Designer Polsterbett Ehebett königliche Betten Doppelbett Schlafzimmer";"4260174421322";"true";"EAN_DUPLICATE"
"7644";"454596566";"Chesterfield Ehebett Polsterbett Doppelbett Antikes Edles königliches Bett";"4260174421230";"true";"EAN_DUPLICATE"
"7645";"4555557855";"Designer Lederbett Polsterbett Ehebett königliche Betten Doppelbett Schlafzimmer";"4260174420899";"true";"EAN_DUPLICATE"
"7650";"455556";"Ledersofa 3+2+1 Sofagarnitur Garnitur Sofa Couch Chesterfield Bank";"4260174421346";"true";"EAN_DUPLICATE"
"7656";"45886655";"Chesterfield Sofagarnitur Sofa 2 Sitzer Sofa Garten Terrase Möbel";"4260174420912";"true";"EAN_DUPLICATE"
"7657";"454851465";"Antiker Thron König Chesterfield Sessel Imitation 1500 Ritter Stuhl Couch";"4260454043916";"true";"EAN_DUPLICATE"
"7658";"58211034";"Ledersofa Sofagarnitur Madrid 3+2+1 Sitzer";"4260174429120";"true";"EAN_DUPLICATE"
"7690";"58211064";"Ledersofa Couch Sofa Ecksofa Modell Madrid V L-Form";"4260174429533";"true";"EAN_DUPLICATE"
"7801";"455145585";"Chesterfield Textil Sofa Couch Stoff mit Bettfunktion Schlafsofa NAPOLI";"4260454043923";"true";"EAN_DUPLICATE"
"7805";"7845152";"Chesterfield Textil Sofa Couch Stoff Sofagarnitur Made in EU KLEOPATRA";"4260174421292";"true";"EAN_DUPLICATE"
"7816";"39799252";"LEDERSOFA XXL WOHNLANDSCHAFT ECKSOFA DESIGN NEU YORK II";"4260174424439";"true";"EAN_DUPLICATE"
"7817";"39799012";"LEDERSOFA ECKSOFA SOFA DESIGNER WOHNLANDSCHAFT NEU YORK III";"4260454043411";"true";"EAN_DUPLICATE"
"7818";"39791622";"LEDERSOFA XXL SOFA ECKSOFA WOHNLANDSCHAFT NEU YORK V";"4260174422541";"true";"EAN_DUPLICATE"
"7819";"39789265";"LEDERSOFA Großes SOFA 3+3 SITZER NEW YORK";"4260174422558";"true";"EAN_DUPLICATE"
"7820";"13531536777";"Ledersofa Ecksofa Wohnlandschaft Sofa Couch Ecke Polster L- Form";"4260174422770";"true";"EAN_DUPLICATE"
"7821";"5998499";"Ledersofa Ecksofa Designer Sofa Wohnlandschaft Bettfunktion ULM II";"4260174420875";"true";"EAN_DUPLICATE"
"7822";"7578578";"Ledersofa Ecksofa Designer Sofa Bettfunktion ULM";"4260174420882";"true";"EAN_DUPLICATE"
"7828";"7386545";"Designersofa Wohnlandschaft Ledersofa HAMBURG VI";"4260174422480";"true";"EAN_DUPLICATE"
"7829";"16405355";"Designer Sofa Wohnlandschaft Ecksofa Eckcouch Hamburg III";"4260174422503";"true";"EAN_DUPLICATE"
"7830";"7386778";"Sofas und Ledersofas Hamburg II Designersofa Ecksofa bei JV Möbel";"4260174422473";"true";"EAN_DUPLICATE"
"7831";"8328942";"Design Wohnlandschaft Ledersofa HAMBURG XXL";"4260174422497";"true";"EAN_DUPLICATE"
"7851";"4585265555";"Chesterfield Sofagarnitur 3+2+1 Sitzer Sofa in ZIMT-GRÜN - NAPOLI";"4260174421414";"true";"EAN_DUPLICATE"
"7886";"455455555";"Ledersofa XXL Designer Wohnlandschaft LINZ I";"4260174422657";"true";"EAN_DUPLICATE"
"7887";"4949595599";"Ledersofa Ecksofa Designer Sofa LINZ II";"4260174422664";"true";"EAN_DUPLICATE"
"7913";"221183290620141";"Ledersofa Sofa Couch mit Fußstütze & Barfunktion SOLINGEN II";"4260174421735";"true";"EAN_DUPLICATE"
"8080";"2211832807201401";"Designer XXL BIG Sofa mit Kristallsteinen 3 Sitzer A916";"4260174421049";"true";"EAN_DUPLICATE"
"8081";"2211830608201401";"Wandverkleidung Chesterfield Verkleidungen für die Wand 3D Designer";"4260439210081";"true";"EAN_DUPLICATE"
"8082";"2211830608201402";"Wandverkleidung Chesterfield Verkleidung für die Wand 3D Designer";"4260174421025";"true";"EAN_DUPLICATE"
"8083";"221119832107201403";"Wandverkleidung 3D Designer Wandpaneel Paneel 60x45cm";"4260174421001";"true";"EAN_DUPLICATE"
"8162";"22118311081401";"TV SCHRANK LOWBOARD SIDEBOARD Fernsehschrank HOCHGLANZ UNTERSCHRANK";"4260174420790";"true";"EAN_DUPLICATE"
"8166";"22118311081405";"rtv Holz sideboard Fernseh Wand Hochglanz Lowboard Unterschrank TV Led";"4260174420837";"true";"EAN_DUPLICATE"
"8181";"2211832008201401";"Chesterfield Sofagarnitur 3+2+1 Sitzer Samt Kristall KLEOPATRA";"4260174421070";"true";"EAN_DUPLICATE"
"8182";"2211832008201402";"Chesterfield Couchtisch Tisch KLEOPATRA";"4260174421094";"true";"EAN_DUPLICATE"
"8184";"2211832008211401";"Chesterfield Ledersofa Garnitur 3+2+1 Sitzer SCHAFFHAUSEN";"4260174421063";"true";"EAN_DUPLICATE"
"8186";"5151555655";"Desig. Ledersofa Ecksofa Wohnlandschaft Couch Sofa Polster Ecke DAVO";"4260174421421";"true";"EAN_DUPLICATE"
"8187";"0909201401";"Stoffsofa Ecksofa Designer Textil Couch STUTTGART";"4260174421612";"true";"EAN_DUPLICATE"
"8514";"4260174423579";"Sofagarnitur Textil Polster Couch Sofa Garnitur Stoffsofa 3+2+1 Wohnlandschaft";"4260174423579";"true";"EAN_DUPLICATE"
"8621";"2211832710201401";"Designer Stoff Leder Sofagarnitur 3+2+1 Sitzer VIGO";"4260454043404";"true";"EAN_DUPLICATE"
"8623";"29101422118302";"Ecksofa Eckcouch Sofa Textilsofa Stoffsofa Bettfunktion Bettkasten Polster Ecke";"4260174422466";"true";"EAN_DUPLICATE"
"8696";"221183101183";"Stoffsofa Ecksofa Textilsofa Sofa Couch Textil Stoff Wohnlandschaft Polster";"4260174422442";"true";"EAN_DUPLICATE"
"8772";"22118320112014";"Chesterfield Sofa Couch Set 4tlg 3 + 1 + Ohrensessel + Hocker Ledersofa";"4260174422398";"true";"EAN_DUPLICATE"
"8773";"221183201120142";"Chesterfield Ledersofa Sofa Couch XXL Big Luxus Designer Polster";"4260174422404";"true";"EAN_DUPLICATE"
"9058";"22118303122014";"Designer Ecksofa Wohnlandschaft Sofa Ecksofa Couch Stoff Textil Leder";"4260174422435";"true";"EAN_DUPLICATE"
"9156";"LIEGEOVIEDO";"Chesterfield Liege Chaiselongues Couch Sofa OVIEDO";"4260174422725";"true";"EAN_DUPLICATE"
"9584";"2211830112144550123";"Design Sessel Stuhl Club VIP Thron Lounge Sofa Couch mit Kristallen";"4260454043947";"true";"EAN_DUPLICATE"
"9595";"221183011214455010203";"Design Couchtisch Glastisch Tisch Couchtische Designer Tische Neu";"4260454043930";"true";"EAN_DUPLICATE"
"9626";"22118330121402";"Luxus Designer Chesterfield Sofa Ledersofa Ecksofa Couch Garnitur";"4260174422756";"true";"EAN_DUPLICATE"
"9632";"221183011214455010204";"Designer Ecksofa Couch + Hocker Leder Sofa Couch Eck Polster mit Steinen Neuware A996";"4260174422633";"true";"EAN_DUPLICATE"
"9641";"2211198331121401";"Chesterfield Ledersofa Sofagarnitur Polster Kolonial Antik Couch Sofa55";"4260174421438";"true";"EAN_DUPLICATE"
"10353";"LINZIV";"Ledersofa Ecksofa Designer Sofa LINZ IV";"4260174422671";"true";"EAN_DUPLICATE"
"10695";"2211832502201503";"Sofagarnitur Chesterfield 3+2 Textil Stoff Sofa Couch Polster Garnitur";"4067282805194";"true";"EAN_DUPLICATE"
"10889";"22118325022015035545";"Chesterfield Sofagarnitur Ledersofa Textil Stoff Polster Couch Sofa Garnitur";"4260174420363";"true";"EAN_DUPLICATE"
"10940";"22118325022015035548";"Chesterfield Sofagarnitur Ledersofa Stoff Textil Polster Couch Sofa Garnitur";"4260174420554";"true";"EAN_DUPLICATE"
"11230";"prosperos23";"Tische Esstisch Esszimmer Tisch S23";"4260174423883";"true";"EAN_DUPLICATE"
"11250";"ProsperoK05";"Stühle Esszimmerstühle Holzstuhl Stuhl K05";"4260174422855";"true";"EAN_DUPLICATE"
"11251";"prosperos11-o";"Tische Esstisch Esszimmer Tisch S11-O";"4260174428734";"true";"EAN_DUPLICATE"
"11262";"prosperos18";"Tische Esstisch Esszimmer Tisch S18";"4260174422978";"true";"EAN_DUPLICATE"
"11265";"prosperos19";"Tische Esstisch Esszimmer Tisch S19";"4260174422923";"true";"EAN_DUPLICATE"
"11271";"prosperok13";"Stühle Esszimmerstühle Stuhl K13";"4260454043572";"true";"EAN_DUPLICATE"
"11278";"prosperok27";"Stühle Esszimmerstühle Stuhl K27";"4260174422787";"true";"EAN_DUPLICATE"
"11280";"prosperok30";"Stühle Esszimmerstühle Stuhl K30";"4260174422329";"true";"EAN_DUPLICATE"
"11282";"prosperok34";"Stühle Esszimmerstühle Stuhl K34";"4260174422305";"true";"EAN_DUPLICATE"
"11284";"prosperok37";"Stühle Esszimmerstühle Stuhl K37";"4260174422282";"true";"EAN_DUPLICATE"
"11286";"prosperok41";"Stühle Esszimmerstühle Stuhl K41";"4260174422268";"true";"EAN_DUPLICATE"
"11287";"prosperok42";"Stühle Esszimmerstühle Stuhl K42";"4260174422251";"true";"EAN_DUPLICATE"
"11299";"prospreroz08";"Essgruppe Esstisch Tisch mit 6 x Stühlen Model Z08";"4260454043565";"true";"EAN_DUPLICATE"
"11300";"prosperoz09";"Essgruppe Esstisch Tisch mit 10 x Stühlen Model Z09";"4260174428482";"true";"EAN_DUPLICATE"
"11301";"prosperoz10";"Essgruppe Esstisch Tisch mit 10 x Stühlen Model Z10";"4260174428475";"true";"EAN_DUPLICATE"
"11302";"prosperoz11";"Essgruppe Esstisch Tisch mit 6 x Stühlen Model Z11";"4260174428468";"true";"EAN_DUPLICATE"
"11307";"prosperoz16";"Essgruppe Esstisch Tisch mit 10 x Stühlen Model Z16";"4260174428420";"true";"EAN_DUPLICATE"
"11316";"prosperoz26";"Essgruppe Esstisch Tisch mit 8 x Stühlen Model Z26";"4260174423067";"true";"EAN_DUPLICATE"
"11317";"prosperoz27";"Essgruppe Esstisch Tisch mit 6 x Stühlen Model";"4260174423050";"true";"EAN_DUPLICATE"
"11319";"prosperoz29";"Essgruppe Esstisch Tisch mit 6 x Stühlen Model Z29";"4260174423036";"true";"EAN_DUPLICATE"
"11321";"prosperoz31";"Essgruppe Esstisch Tisch mit 6 x Stühlen Model Z31";"4260174423012";"true";"EAN_DUPLICATE"
"11323";"prosperoz33";"Essgruppe Esstisch Tisch mit 6 x Stühlen Model Z33";"4260174428727";"true";"EAN_DUPLICATE"
"11324";"prosperoz34";"Essgruppe Esstisch Tisch mit 12 x Stühlen Model Z34";"4260174428741";"true";"EAN_DUPLICATE"
"11329";"prosperoz41";"Essgruppe Esstisch Tisch mit 6 x Stühlen Model Z41";"4260174423784";"true";"EAN_DUPLICATE"
"11562";"TarankoMilanoM12";"Wohnzimmer Schrank Klassische Vitrine Vitrinenschrank Vitrinen MI-1/2";"4260454046207";"true";"EAN_DUPLICATE"
"11563";"tarankomilanomiwn";"Massivholz Echtholz Handarbeit Klassische Vitrine Vitrinen Schrank Vitrinen MIWN";"4260454046191";"true";"EAN_DUPLICATE"
"11564";"tarankomilanomi-w2";"Massivholz Echtholz Handarbeit Klassische Vitrine Vitrinen Schrank Vitrinen MIW2";"4260454046184";"true";"EAN_DUPLICATE"
"11565";"tarankomilanomi-k2";"Massivholz Echtholz Handarbeit Klassische Kommode Kommoden Kommodenschrank";"4260454046177";"true";"EAN_DUPLICATE"
"11566";"TarankoMilanoMI-K2sz";"Designer XXL Kommode Schrank Klassische Kommoden Kommodenschrank";"4260454046160";"true";"EAN_DUPLICATE"
"11567";"TarankoMilanoMI-K3sz";"XXL Designer Kommode Massivholz Kommoden Schrank Big Neu Kommodenschrank";"4260454046153";"true";"EAN_DUPLICATE"
"11568";"TarankoMilanoMI-KB";"Bar Vitrine Schrank Kommode Kommoden Vitrinen Designer XXL Big";"4260454046146";"true";"EAN_DUPLICATE"
"11569";"TarankoMilanoMI-KBD";"XXL Designer Bar Kommode Vitrine Kommoden Schrank Big Neu Kommodenschrank";"4260454046139";"true";"EAN_DUPLICATE"
"11570";"TarankoMilanoMI-2D";"Klassischer Kleiderschrank Schränke Schrank Schrankwand Neu - Model MI-2D";"4260454046122";"true";"EAN_DUPLICATE"
"11571";"TarankoMilanoMI-3D";"Kleiderschrank Klassik Handarbeit Klassische Schränke Schrank Schrankwand";"4260454046115";"true";"EAN_DUPLICATE"
"11572";"TarankoMilanoMI-3DL";"Kleiderschrank Handarbeit Klassische Schränke Schrank Schrankwand mit Spiegel";"4260454046108";"true";"EAN_DUPLICATE"
"11573";"TarankoMilanoMI-4D";"Massivholz Echtholz Handarbeit Klassische Schränke Schrank Schrankwand MI-4D";"4260454046092";"true";"EAN_DUPLICATE"
"11574";"TarankoMilanoMI-RTVA";"Massiv Holz Holz Handarbeit Klassischer Unterschank RTV Fernsehschrank";"4260454046085";"true";"EAN_DUPLICATE"
"11575";"TarantoMilanoMI-RTVD";"Echtholz Massiv Handarbeit Klassischer Unterschank RTV Fernsehschrank";"4260454046078";"true";"EAN_DUPLICATE"
"11576";"TarankoMilanoMI-2";"Echtholz Handarbeit Klassische Tische Tisch Couchtisch Beistell Neu";"4260454046061";"true";"EAN_DUPLICATE"
"11577";"TarankoMilanoMI-1";"Echtholz Handarbeit Klassische Tische Tisch Esstisch - Model MI-1";"4260454046054";"true";"EAN_DUPLICATE"
"11578";"TarankoMilanoMI-Bank";"Hocker Bank Original Milano Textil Echte Handarbeit Massivholz Vollholz MI-Bank";"4260454046047";"true";"EAN_DUPLICATE"
"11579";"TarankoMilanoMi2";"Massivholz Echtholz Handarbeit Klassische Stühle Stuhl Esszimmerstuhl Model";"4260454046030";"true";"EAN_DUPLICATE"
"11580";"TarankoMilanoCL";"Chesterfield Sessel Vollleder Klassische Fernsehsessel Ohrensessel CL-FOTEL";"4260454046023";"true";"EAN_DUPLICATE"
"11581";"TarankoMilanoMI-2SN";"Bestelltisch Tisch Nachttisch Hocker Klassischer Tisch Echtholz Handarbeit NEU";"4260454046016";"true";"EAN_DUPLICATE"
"11582";"TarankoMilanoMI-1Wandregal";"Wandregal Ablage Konsole Ablage Klassische Milano MI-1 Wandregal";"4260499871260";"true";"EAN_DUPLICATE"
"11583";"TarankoMilanoMI-S";"Echtholz Tisch Klassische Konsole Spiegel Kommode Schminktisch Schlafzimmer";"4260454046009";"true";"EAN_DUPLICATE"
"11584";"TarankoMilanoMI-B";"Massivholz Echtholz Handarbeit Klassischer Designer Spiegel - Model MI-B";"4260499871253";"true";"EAN_DUPLICATE"
"11585";"TarankoMilanoMI-SZN";"Klassische Nachttische Nachttisch Echte Handarbeit Echtholz Massiv Model MI-SZN";"4260454045996";"true";"EAN_DUPLICATE"
"11588";"TarankoMilanoMI-Bett3";"Chesterfield Bett Textil Stoff Betten Ehe Ehe Doppelbett Polster Schlafzimmer !";"4260454045989";"true";"EAN_DUPLICATE"
"11593";"TarankoVeronaVW3Vitrine";"Klassische Vitrine Schrank Wohnzimmer Vitrinenschrank Vitrinen Neu V-W3";"4260454047297";"true";"EAN_DUPLICATE"
"11594";"TarankoVeronaV-W2Vitrinen";"Klassische Holz Glasvitrine Schrank Wohnzimmer Vitrinenschrank Vitrinen Neu";"4260454047280";"true";"EAN_DUPLICATE"
"11595";"TarankoVeronaV-W1Vitrine";"Klassische Glasvitrine Schrank Wohnzimmer Vitrinenschrank Vitrinen Neu";"4260454047273";"true";"EAN_DUPLICATE"
"11596";"TarankoVeronaV-KN";"Klassische Kommode Eckkommode Ecke Eck Kommoden Kommodenschrank";"4260454047266";"true";"EAN_DUPLICATE"
"11597";"TarankoVeronaV-WNVitrine";"Klassische Vitrine Vitrinenschrank Vitrinen - Model V-WN Vitrine";"4260454047259";"true";"EAN_DUPLICATE"
"11598";"TarankoVeronaV-K3";"Klassische Kommode Kommoden Echtholz Holz Schrank Massivholz Neu";"4260454047242";"true";"EAN_DUPLICATE"
"11599";"TarankoVeronavk3m";"Klassische Sideboard Kommode Wohnzimmer Echtholz Holz Schrank Massivholz";"4260454047235";"true";"EAN_DUPLICATE"
"11601";"TarankoVeronaV-KB";"Klassische Anrichte Kommoden Echtholz Holz Glasschrank Massivholz Esszimmer";"4260454047211";"true";"EAN_DUPLICATE"
"11602";"TarankoVeronaV-Ksz";"Klassische Kommode Kommoden Echtholz Holz Schrank Massivholz";"4260454047204";"true";"EAN_DUPLICATE"
"11604";"TarankoVeronaV-W3-4Vitrine";"Klassische Vitrine Vitrinenschrank Schrank Echtholz Vitrinen V-W 3-4";"4260454047181";"true";"EAN_DUPLICATE"
"11605";"TarankoVeronaV-RTV-A";"Klassischer TV Sideboard Lowboard Echtes Holz Kommode Board Schrank Kommoden";"4260454047174";"true";"EAN_DUPLICATE"
"11606";"TarankoVeronaV-RTV-B";"Lowboard Klassischer TV Sideboard Echtes Holz Kommode Board Schrank Kommoden";"4260454047167";"true";"EAN_DUPLICATE"
"11607";"TarankoVeronaV-RTV-D";"Klassische Lowboard Wohnzimmer Kommoden Echtholz Holz Schrank Massivholz";"4260454047150";"true";"EAN_DUPLICATE"
"11608";"TarankoVeronaV-RTV-M";"Klassischer Unterschank RTV Fernsehschrank - Model V-RTV-M";"4260454047143";"true";"EAN_DUPLICATE"
"11610";"TarankoVeronaV-K3sz";"Klassische Kommode Kommoden Schrank Kommodenschrank Echtholz Massiv";"4260454047129";"true";"EAN_DUPLICATE"
"11611";"TarankoVeronaV-KG-3sz";"Klassische Schrank Weinschrank Kommode Kommoden Kommodenschrank";"4260454047112";"true";"EAN_DUPLICATE"
"11612";"TarankoVeronaV-K4";"Klassische Bar Schrank Weinschrank Kommode Kommoden Kommodenschrank";"4260454047105";"true";"EAN_DUPLICATE"
"11613";"TarankoVeronaV-P1";"Wohnzimmer XXL Bücherregal Massiv Holz 131cm Ablage Regal Regale";"4260454047099";"true";"EAN_DUPLICATE"
"11614";"TarankoVeronaV-P3";"Wohnzimmer XXL Bücherregal Wandregal Massiv Holz 131cm Ablage Regal Klassisch";"4260454047082";"true";"EAN_DUPLICATE"
"11615";"TArankoVeronaV-1";"Esstisch Tisch Tische Echtholz Holztisch Klassischer Barock Style Esszimmer";"4260454047075";"true";"EAN_DUPLICATE"
"11616";"TarankoVeronaV-2";"Esstisch Rundtisch Echtholz Holztisch Klassischer Barock Style Esszimmer";"4260454047068";"true";"EAN_DUPLICATE"
"11617";"TarankoVeronaV-3";"Esstisch Tisch Tische Echtholz Holztisch Klassischer Barock Style";"4260454047051";"true";"EAN_DUPLICATE"
"11618";"TarankoVeronaV-4";"Klassischer Rund Esstisch Echtholz Holztisch Barock Style Esszimmertisch";"4260454047044";"true";"EAN_DUPLICATE"
"11619";"TarankoVeronaV-5AKleinerTischGlas";"Rundtisch Tisch Couchtisch Tische Echtholz Massivholz Beistelltisch Neu V-5A";"4260454047037";"true";"EAN_DUPLICATE"
"11620";"TarankoVeronaV-5B";"Rundtisch Tisch Couchtisch Tische Echtholz Massivholz Beistelltisch Serviertisch";"4260454047020";"true";"EAN_DUPLICATE"
"11621";"TarankoVeronaV-6";"Klassischer Couchtisch aus Massivholz Couchtisch Tisch Tische Neu - Model V-6";"4260454047013";"true";"EAN_DUPLICATE"
"11622";"TarankoVeronaV-7";"Holztisch Tisch Couchtisch Tische Echtholz Massivholz Beistelltisch Model V-7";"4260454047006";"true";"EAN_DUPLICATE"
"11623";"TarankoVeronaV-8";"Esstisch Tisch Tische Echtholz Holztisch Klassischer Barock Rundtisch";"4260454046993";"true";"EAN_DUPLICATE"
"11624";"TarankoVeronaV-9";"Bestelltisch Tisch Echtzolz Holztisch Tische Couchtisch Zeitung Blumen Ständer";"4260454046986";"true";"EAN_DUPLICATE"
"11625";"TarankoVeronaV-Ellipse";"Klassischer Designer Spiegel Wandspiegel Rundspiegel - Model V-Ellipse";"4260454046979";"true";"EAN_DUPLICATE"
"11626";"TarankoVeronaV-Spiegel";"Klassischer Designer Spiegel Großer Wandspiegel Retro Landhaus - Model V";"4260454046962";"true";"EAN_DUPLICATE"
"11627";"TarankoVeronaS";"Klassische Stühle Designer Stuhl Holzstuhl Esszimmerstuhl Königsstuhl";"4260454046955";"true";"EAN_DUPLICATE"
"11628";"TarankoVeronaS1";"Klassische Stühle Stuhl Designer Holzstuhl Esszimmerstuhl Königsstuhl";"4260454046948";"true";"EAN_DUPLICATE"
"11629";"TarankoVeronaV1";"Klassische Stühle Designer Stuhl Holzstuhl Königsstuhl Esszimmerstuhl";"4260454046931";"true";"EAN_DUPLICATE"
"11630";"TarankoVeronaT";"Klassische Stühle Königsstuhl Designer Stuhl Holzstuhl Esszimmerstuhl";"4260454046733";"true";"EAN_DUPLICATE"
"11631";"TarankoVeronaV-A";"Bett Ehebett Doppelbett Chippendale Schlafzimmer Königssbett- Model V-A";"4260454046726";"true";"EAN_DUPLICATE"
"11632";"TarankoVeronaV-A-N";"Königliches Bett Ehebett Doppelbett Chippendale Klassisches - MODEL V-A-N";"4260454046719";"true";"EAN_DUPLICATE"
"11633";"TarankoVeronaV-AP-N";"Bett Ehebett Doppelbett Schlafzimmer - Model V-AP-N";"4260499871291";"true";"EAN_DUPLICATE"
"11634";"TarankoVeronaV-T";"Bett Ehebett Doppelbett Chippendale Klassisches Königs Schlafzimmer";"4260454046702";"true";"EAN_DUPLICATE"
"11635";"TarankoVeronaV-2T";"Bett Ehebett Doppelbett Königsbett Schlafzimmer Klassisches Lederbett";"4260454046696";"true";"EAN_DUPLICATE"
"11636";"TarankoVeronaV-P-N";"Bett Ehebett Chippendale Doppelbett Königsbett Kolonial Schlafzimmer Model";"4260454046689";"true";"EAN_DUPLICATE"
"11637";"TarankoVeronaV-O-N";"Bett Ehebett Doppelbett Chippendale Königsbett Kolonial Schlafzimmer Model V-O-N";"4260454046672";"true";"EAN_DUPLICATE"
"11639";"TarankoVeronaV-SznNachtschrank";"Nachttisch Konsolentisch Chippendale Schlafzimmer - Model V-Szn";"4260454046665";"true";"EAN_DUPLICATE"
"11640";"TarankoVeronaV-Standspiegel";"Klassischer Design Chippendale Spiegel Großer Standspiegel Model V";"4260454046658";"true";"EAN_DUPLICATE"
"11641";"TarankoVeronaV-Frisiertisch";"Klassische Konsole Schminkspiegel Schminktisch Kommode - Model V-Frisiertisch";"4260454046641";"true";"EAN_DUPLICATE"
"11642";"TarankoVeronaV-Ottomane";"Lederhocker Rundhocker Chippendale Hocker Klassisch Ottomane - Model V-Ottomane";"4260454046634";"true";"EAN_DUPLICATE"
"11643";"TarankoVeronaV-Schrank-4D-G";"Klassische Schränke Schrank Schrankwand Kleiderschrank - Model V-Schrank-4D-G";"4260454046627";"true";"EAN_DUPLICATE"
"11644";"TarankoVeronaV-Schrank-3D-G";"Klassische Schränke Schrank Schrankwand Kleiderschrank mit Spiegel VSchrank-3D-G";"4260454046610";"true";"EAN_DUPLICATE"
"11648";"TarankoVeronaV2D-01";"Element Model V2D-01 für Begehbarer Schrank Kleiderschrank Italienische Möbel";"4260454046573";"true";"EAN_DUPLICATE"
"11649";"TarankoVeronaV2D-02";"Element Model V2D-02 für Begehbarer Schrank Kleiderschrank Italienische Möbel";"4260454046566";"true";"EAN_DUPLICATE"
"11650";"TarankoVeronaV2D-03";"Klassische Schränke Schrank Schrankwand - Model V2D-03";"4260499871284";"true";"EAN_DUPLICATE"
"11651";"TarankoVeronaV2D-04";"Element Model V2D-04 für Begehbarer Schrank Kleiderschrank Italienische Möbel";"4260454046559";"true";"EAN_DUPLICATE"
"11652";"TarankoVeronaV2D-05";"Element Model V2D-05 für Begehbarer Schrank Kleiderschrank Italienische Möbel";"4260454046542";"true";"EAN_DUPLICATE"
"11653";"TarankoVeronaV2D-05-LSpiegelmitBeleuchtung";"Element Model V2D-05-L für Begehbarer Schrank Kleiderschrank Italienische";"4260454046535";"true";"EAN_DUPLICATE"
"11654";"TarankoVeronaV1D-06L-P";"Element Model V1D-06LP für Begehbarer Schrank Kleiderschrank Italienische";"4260454046528";"true";"EAN_DUPLICATE"
"11655";"TarankoVeronaV1D-07L-P";"Element Model V1D-07LP für Begehbarer Schrank Kleiderschrank Italienische Möbel";"4260454046511";"true";"EAN_DUPLICATE"
"11656";"TarankoVeronaV1D-07L-PSchrankfrontvoll";"Element Model V1D-07 für Begehbarer Schrank Kleiderschrank Italienische";"4260454046504";"true";"EAN_DUPLICATE"
"11657";"TarankoVeronaV1D-08L-PSchrankfrontvoll";"Element Model V1D-08 LP für Begehbarer Schrank Kleiderschrank Italienische";"4260454046498";"true";"EAN_DUPLICATE"
"11658";"TarankoVeronaV2D-14frontSpiegel";"Element Model V2D-14 für Begehbarer Schrank Kleiderschrank Italienische";"4260454046481";"true";"EAN_DUPLICATE"
"11659";"TarankoVeronaV2D-14PSchrankfrontvoll";"Element Model V2D-14P für Begehbarer Schrank Kleiderschrank Italienische";"4260454046474";"true";"EAN_DUPLICATE"
"11660";"TarankoVeronaV-15-N";"Element Model V-15-N für Begehbarer Schrank Kleiderschrank Italienische";"4260454046467";"true";"EAN_DUPLICATE"
"11662";"TarankoVeronaV2D-09";"Klassische Schränke Schrank Schrankwand - Model V2D-09";"4260454046443";"true";"EAN_DUPLICATE"
"11663";"TArankoVeronaV2D-10";"Element Model V2D-10 für Begehbarer Schrank Kleiderschrank Italienische";"4260454046436";"true";"EAN_DUPLICATE"
"11664";"TarankoVeronaV2D-16";"Element Model V2D-16 für Begehbarer Schrank Kleiderschrank Italienische";"4260454046429";"true";"EAN_DUPLICATE"
"11665";"TarankoVeronaV2D-17";"Element Model V2D-17 für Begehbarer Schrank Kleiderschrank Italienische";"4260454046412";"true";"EAN_DUPLICATE"
"11666";"TarankoVeronaV1D-11";"Klassische Schränke Schrank Schrankwand - Model V1D-11";"4260454046405";"true";"EAN_DUPLICATE"
"11667";"TarankoVeronaV1D-12";"Element Model V1D-12 für Begehbarer Schrank Kleiderschrank Italienische";"4260454046399";"true";"EAN_DUPLICATE"
"11668";"TarankoVeronaV1D-13";"Element Model V1D-13 für Begehbarer Schrank Kleiderschrank Italienische";"4260454046382";"true";"EAN_DUPLICATE"
"11669";"TarankoVeronaV-18N-Eckregal";"Element Model V-18N für Begehbarer Schrank Kleiderschrank Italienische";"4260454046375";"true";"EAN_DUPLICATE"
"11670";"TarankoVeronaV-2D-01-02-09";"Ergänzende Elemente für Schränke und Regale - Model V-A Einlage für";"4260454046740";"true";"EAN_DUPLICATE"
"11671";"TarankoVeronaV-B-V-2D-01-02-09";"Ergänzende Elemente für Schränke und Regale - Model V-B Einlage für V";"4260454046757";"true";"EAN_DUPLICATE"
"11672";"TarankoVeronaV-F-V-1D-06-07-11";"Ergänzende Elemente für Schränke und Regale - Model V-F Behälter für V";"4260454046764";"true";"EAN_DUPLICATE"
"11674";"TarankoVeronaV-D";"Ergänzende Elemente für Schränke und Regale - Model V-D Aufsatz für V";"4260454046788";"true";"EAN_DUPLICATE"
"11675";"TArankoVeronaV-E";"Ergänzende Elemente für Schränke und Regale - Model V-E Hosenhalter";"4260454046795";"true";"EAN_DUPLICATE"
"11677";"ColoSCHWARZWEISSSOFORT";"Ledersofa U-Form Sofa Colo2 mit 2 Chaiselongues Schwarz Weiß Modern Design";"4260174420288";"true";"EAN_DUPLICATE"
"11678";"TarankoVeronaV-Sitzkastenleder";"Ergänzende Elemente für Schränke und Regale - Model V-Sitzkasten leder";"4260454046801";"true";"EAN_DUPLICATE"
"11679";"TarankoVeroneV-K-GKommode";"Klassische Kommode Kommoden Kommodenschrank Vitrine Glas Model V-K";"4260454046818";"true";"EAN_DUPLICATE"
"11680";"TarankoVeronaV";"V- Kronensockel für Schränke u. Regale, ohne Außenseitenwand L-P, links-rechts Satz";"4260454046825";"true";"EAN_DUPLICATE"
"11682";"TarankoVeronaV-Pfeiler";"Ergänzende Elemente für Schränke und Regale - Model V-Pfeiler";"4260454046849";"true";"EAN_DUPLICATE"
"11683";"TarankoVeronaV-Seitenabschlussteil";"Model V-Seitenabschlussteil mit Pfeiler für Schränke und Regale L-P";"4260454046856";"true";"EAN_DUPLICATE"
"11685";"TarankoVeronaV-Abschlussseitenwand";"Ergänzende Elemente für Schränke und Regale - Model V-Abschlussseitenwand";"4260454046887";"true";"EAN_DUPLICATE"
"11687";"TarankoVeronaV-LP";"Ergänzende Elemente für Schränke und Regale - Model V-Seitenabschlussteil";"4260454046863";"true";"EAN_DUPLICATE"
"11688";"TarankoVeronaV-Eckpfeiler";"Ergänzende Elemente für Schränke und Regale - Model V-Eckpfeiler";"4260454046894";"true";"EAN_DUPLICATE"
"11689";"TarankoVeronaV-Kronenaufsatz";"Ergänzende Elemente für Schränke und Regale - Model V-Kronenaufsatz";"4260454046900";"true";"EAN_DUPLICATE"
"11690";"TarankoVeronaV-Saule";"Ergänzende Elemente für Schränke und Regale - Model V-Säule-ausziehbar";"4260454046917";"true";"EAN_DUPLICATE"
"11692";"TarankoPratoPR-W-N";"Eckschrank Massivholz Holzschrank Klassische Vitrine Vitrinenschrank";"4260484865502";"true";"EAN_DUPLICATE"
"11693";"TarankoPratoPR-W1-2";"Schrank Echtes Holz Massivholz Klassische Vitrine Vitrinenschrank-Model";"4260484865496";"true";"EAN_DUPLICATE"
"11694";"TarankoPratoPR-W2";"Schrank Klassische Vitrine Vitrinenschrank Massivholz Echtholz - Model";"4260484865489";"true";"EAN_DUPLICATE"
"11695";"TarankoPratoPR-W3";"Großer Schrank Massiv Echtholz Rustikal Klassische Vitrine Vitrinenschrank";"4260484865472";"true";"EAN_DUPLICATE"
"11697";"TarankoPratoPR-K3";"Echtholz Schrank Handarbeit Klassische Kommode Kommodenschrank - Model PR-K3";"4260484865458";"true";"EAN_DUPLICATE"
"11699";"TarankoPratoPR-KB";"Echtholz Kommode Beistellschrank Klassische Bar Rustikale Landhaus PR";"4260484865434";"true";"EAN_DUPLICATE"
"11700";"TarankoPratoPR-RTV-D";"Klassischer TV Sideboard Echtes Holz Kommode Board Schrank Kommoden";"4260484865427";"true";"EAN_DUPLICATE"
"11701";"TarankoPratoPR-RTV-M";"Lowboard TV Sideboard Echtes Holz Klassisch Kommode Board Schrank Kommoden";"4260484865410";"true";"EAN_DUPLICATE"
"11702";"TarankoPratoPR-1";"Holztisch Echte Handarbeit Klassische Tische Tisch Couchtisch Model Holz Neu";"4260484865403";"true";"EAN_DUPLICATE"
"11703";"TarankoPratoPR-2";"Holztisch Holz Handarbeit Klassische Tische Tisch Esstisch - Model PR-2";"4260484863799";"true";"EAN_DUPLICATE"
"11704";"TarankoPratoZB-4";"Klassischer Rundtisch runder Tisch Massiv Rustikal Tische Esstische Model";"4260484863782";"true";"EAN_DUPLICATE"
"11705";"TarankoPratoZB-3";"Echtholz Holztisch Klassische Tische Tisch Esstisch Rundtisch Royal - Model";"4260484863775";"true";"EAN_DUPLICATE"
"11706";"TarankoPratoPR-L1";"WANDSPIEGEL HOLZRAHMENSPIEGEL RAHMEN RECHTECKIGER SPIEGEL DESIGNER";"4260484863768";"true";"EAN_DUPLICATE"
"11707";"TarankoPratoPR-09";"Klassische Stühle Stuhl Esszimmerstuhl Holzstuhl Royal Landhaus Stil Prato";"4260484863751";"true";"EAN_DUPLICATE"
"11729";"22118325022015035545455455544";"CHESTERFIELD 240cm Big Sofa Couch LEDER SOFA 4-SITZER GARNITUR";"4260454044944";"true";"EAN_DUPLICATE"
"11738";"TarankoZefirZ-W1";"Klassische Vitrine Vitrinenschrank Rustikal Schrank Glasschrank MODEL Z-W1";"4260484866103";"true";"EAN_DUPLICATE"
"11739";"TarankoZefirZ-W2";"Massivholz Handarbeit Rustikal Schrank Klassische Vitrinenschrank Vitrinen";"4260484866097";"true";"EAN_DUPLICATE"
"11740";"TarankoZefirZ-WN";"Klassische Vitrine Vitrinenschrank Rustikal Schrank Glasschrank Vitrinen Z-WN";"4260484866080";"true";"EAN_DUPLICATE"
"11741";"TarankoZefirZ-K-NM";"Klassische Vitrine Kommode Kommoden Kommodenschrank Bar Vitrinen";"4260484866073";"true";"EAN_DUPLICATE"
"11743";"TarankoZefirZ-K4";"Klassische Kommode Kommoden Kommodenschrank Beistellschrank Landhaus";"4260484866059";"true";"EAN_DUPLICATE"
"11744";"TarankoZefirZ-W3";"Echtholz Vitrine Hängevitrine Wandvitrine Klassischer Designer Spiegel - Z-W3";"4260484866042";"true";"EAN_DUPLICATE"
"11745";"TArankoZefirZ-K5";"Klassische Kommode Kommoden Großer Kommodenschrank Schrank";"4260484866035";"true";"EAN_DUPLICATE"
"11746";"TarankoZefirZ-KS1";"Klassische Vitrine Kommode Kommoden Kommodenschrank Schrank Vitrinen";"4260484866028";"true";"EAN_DUPLICATE"
"11747";"TarankoZefirZ-KS2";"Glasommode Modern Vitrine Kommode Kommoden Kommodenschrank Schrank Vitrinen";"4260484866011";"true";"EAN_DUPLICATE"
"11750";"22118313032015015645";"Ohrensessel Chesterfield Ledersessel Sessel Italienisches Rindsleder";"4260174420905";"true";"EAN_DUPLICATE"
"11754";"TarankoZefirZ-K1P";"Klassische Kommode Kommoden Kommodenschrank Holzschrank Beistellschrank";"4260484865977";"true";"EAN_DUPLICATE"
"11766";"TarankoZefirZ-RTV";"Klassischer Unterschank RTV Fernsehschrank TV Schrank Kommode";"4260484865854";"true";"EAN_DUPLICATE"
"11767";"TarankoZefirZ1-RTV";"Klassischer Unterschank Fernsehschrank TV Schrank RTV Kommode";"4260484865847";"true";"EAN_DUPLICATE"
"11768";"TarankoZefirZ-L1";"Spiegel Holzrahmen Großer Wandspiegel Klassischer Designer Spiegel - Model";"4260484865830";"true";"EAN_DUPLICATE"
"11769";"TarankoZefirZ-L2";"Wandspiegel Holzrahmen Großer Wandspiegel Klassischer Designer Spiegel";"4260484865823";"true";"EAN_DUPLICATE"
"11770";"TarankoNeptunN-W2";"Klassische Vitrine Vitrinenschrank Vitrinen Schrank Schrankwand - Model N-W2";"4260484866486";"true";"EAN_DUPLICATE"
"11771";"TarankoNeptunN-W1-2";"Klassische Vitrine Vitrinenschrank Vitrinen Schrank Schrankwand - Model N-W1-2";"4260484866479";"true";"EAN_DUPLICATE"
"11772";"TarankoNeptunN-WN";"Klassische Vitrine Vitrinenschrank Vitrinen Schrankwand Glasschrank - Model N-WN";"4260484866462";"true";"EAN_DUPLICATE"
"11774";"TarankoNeptunN-KB";"Klassische Design Kommode Beistellschrank Hochkommoden Kommodenschrank";"4260484866448";"true";"EAN_DUPLICATE"
"11775";"TarankoNeptunN-K2";"Klassische Sideboard Holzkommode Kommoden Beistellschrank Kommodenschrank";"4260484866431";"true";"EAN_DUPLICATE"
"11776";"TarankoNeptunN-K3";"Klassische Design Kommode Kommoden Beistellschrank Landhaus Kommodenschrank";"4260484866424";"true";"EAN_DUPLICATE"
"11777";"TarankoNeptunN-K4";"Klassische Kommode Beistellschrank Kommoden Landhaus Kommod";"4260484866417";"true";"EAN_DUPLICATE"
"11779";"TarankoNeptunN-K4B";"Klassische Kommode Beistellschrank Landhaus Kommodenschrank Schubladen";"4260484866394";"true";"EAN_DUPLICATE"
"11780";"TarankoNeptunN-K6A";"Klassische Kommode Beistellschrank Landhaus Kommodenschrank";"4260484866387";"true";"EAN_DUPLICATE"
"11781";"TarankoNeptunN-K6B";"Klassische Kommode Beistellschrank Kommoden Landhaus Kommodenschrank";"4260484866370";"true";"EAN_DUPLICATE"
"11782";"TarankoNeptunN-RTV";"TV Lowboard Board Schrank Fernsehtisch Unterschank RTV Fernsehschrank";"4260484866363";"true";"EAN_DUPLICATE"
"11783";"TarankoNeptunN-RTV-D";"TV Lowboard Schrank Board Fernsehtisch Unterschank RTV Fernsehschrank";"4260484866356";"true";"EAN_DUPLICATE"
"11785";"TarankoNeptunN-WP";"Klassische Garderobe Garderoben Garderoben Hakengarderobe Holz - Model";"4260484866332";"true";"EAN_DUPLICATE"
"11786";"TarankoNeptunN-LP";"Klassischer Großer Hochspiegel Wandspiegel Hängespiegel Holzrahmen Garderobe";"4260484866325";"true";"EAN_DUPLICATE"
"11787";"TarankoNeptun";"Klassischer Großer Spiegel Wandspiegel Echt Holz Rahmen Hängespiegel Model N-L1";"4260484866318";"true";"EAN_DUPLICATE"
"11788";"TArankoNeptunN-L2";"Klassischer Großer Spiegel Wandspiegel Hängespiegel Holzrahmen Garderobe";"4260484866301";"true";"EAN_DUPLICATE"
"11789";"TarankoNeptunN-2D";"Klassische Schränke Schrank Schrankwand Kleiderschrank Holzschrank";"4260484866295";"true";"EAN_DUPLICATE"
"11790";"TarankoNeptunN-3D";"Klassische Schränke Schrank Schrankwand Kleiderschrank Holzschrank Spiegel";"4260484866288";"true";"EAN_DUPLICATE"
"11791";"TarankoNeptunN-4D";"Klassische Schränke Schrank Holzschrank Schrankwand Kleiderschrank";"4260484866271";"true";"EAN_DUPLICATE"
"11795";"TarankoNeptunW-04";"Klassische Stühle Stuhl Esszimmerstuhl Essgruppe Küchenstuhl Holzstuhl Stoff";"4260484866233";"true";"EAN_DUPLICATE"
"11796";"TarankoNeptunW-05";"Klassisch Design Esszimmerstuhl Stühle Stuhl Essgruppe Küchenstuhl Holzstuhl";"4260484866226";"true";"EAN_DUPLICATE"
"11797";"TarankoNeptunN-BettP";"Klassisches Bett Betten Ehebett Doppelbett Holzbett Landhaus - Model N-Bett P";"4260484866219";"true";"EAN_DUPLICATE"
"11798";"TarankoNeptunN-BettT";"Klassisches Bett Betten Ehebett Doppelbett Holzbett Landhaus Model N-Bett T";"4260484866202";"true";"EAN_DUPLICATE"
"11799";"TarankoNeptunN-SzN";"Klassischer Nachtschrank Konsole Ablage Nachttisch Massiv Schlafzimmer";"4260484866196";"true";"EAN_DUPLICATE"
"11800";"TarankoNeptunN-LT";"Klassische Konsole Schminkspiegel Schminktisch Kommode Landhaus Model";"4260484866189";"true";"EAN_DUPLICATE"
"11801";"TarankoNeptunN";"KLASSISCHER MASSIVE HOLZ HOCKER SCHLAFZIMMER RUSTIKAL FUßHOCKER OTTOMANE";"4260484866172";"true";"EAN_DUPLICATE"
"11803";"TarankoNeptunN1sz";"Klassischer Hocker Retro Rustikal Hocker Beistellhocker Sitzhocker";"4260484866158";"true";"EAN_DUPLICATE"
"11809";"TarankoOrfeuszOK2";"Klassische Vitrine Vitrinenschrank Vitrinen Glasschrank Schrank Kolonial";"4260484866950";"true";"EAN_DUPLICATE"
"11810";"TarankoOrfeuszOK3";"Klassische Kommode Schrank Kolonial Holz Schrank Kolonial Neu OK3";"4260484866943";"true";"EAN_DUPLICATE"
"11811";"TarankoOrfeuszOW1A";"Klassisch Design Vitrine Vitrinenschrank Vitrinen Glasschrank Schrank Kolonial";"4260484866936";"true";"EAN_DUPLICATE"
"11812";"TarankoOrfeuszOW2A";"Klassische Vitrinenschrank Vitrine Glasvitrinen Glasschrank Schrank Kolonial";"4260484866929";"true";"EAN_DUPLICATE"
"11813";"TarankoOrfeuszOW-N";"Klassische Glasvitrine Vitrinenschrank Vitrinen Glasschrank Schrank Kolonial";"4260484866745";"true";"EAN_DUPLICATE"
"11814";"TarankoOrfeusz";"Klassische Kommode Kommoden Schrank Sideboard Massiv Möbel Kolonial Neu OK4";"4260484866738";"true";"EAN_DUPLICATE"
"11815";"TarankoOrfeuszOK5";"Klassische Kommode Kommoden Schrank Sideboard Massiv Möbel";"4260484866721";"true";"EAN_DUPLICATE"
"11822";"TarankoOrfeuszORTV";"Klassischer Unterschank RTV Fernsehschrank TV Schrank Massiv Kolonial";"4260484866653";"true";"EAN_DUPLICATE"
"11824";"TarankoOrfeuszOSZN";"2x Set Klassische Nachttische Nachttisch Nachkonsolen Tisch Massiv Holz";"4260484866639";"true";"EAN_DUPLICATE"
"11825";"TarankoOrfeuszOSZB";"Klassische Nachttische Nachttisch Nachkonsolen Tisch Massiv Holz Kolonial";"4260484866622";"true";"EAN_DUPLICATE"
"11826";"TarankoOrfeuszOP";"Klassischer Kolonial Aufsatz für Kleiderschrank Massiv Holz Rahmen Neu";"4260484866615";"true";"EAN_DUPLICATE"
"11827";"TarankoOrfeuszO2D";"Klassische Schränke Schrank Schrankwand Kleiderschrank Massiv Kolonial";"4260484866608";"true";"EAN_DUPLICATE"
"11828";"TarankoOrfeuszO4D";"Klassische Schränke Schrank Schrankwand Kleiderschrank Massiv Holz Kolonial";"4260484866592";"true";"EAN_DUPLICATE"
"11829";"TarankoOrfeuszO6D";"Klassische Design Kleiderschrank Schränke Schrank Schrankwand Massiv Kolonial";"4260484866585";"true";"EAN_DUPLICATE"
"11830";"TarankoOrfeuszOB";"Echt Holz Massiv Kolonial Stil Bett 160/180x200cm Betten Doppelbett Neu";"4260484866578";"true";"EAN_DUPLICATE"
"11832";"TarankoOrfeuszOL1";"Klassischer Designer Spiegel Wandspiegel mit echten Holz Rahmen Kolonial";"4260484866554";"true";"EAN_DUPLICATE"
"11835";"TarankoOrfeuszOL3";"Klassischer Designer Spiegel Wandspiegel echten Holz Rahmen Kolonial Stil OL 3";"4260484866523";"true";"EAN_DUPLICATE"
"11849";"TarankoFuksF-RTV";"Klassischer Unterschank RTV TV Board Rack Fernsehschrank";"4260484868305";"true";"EAN_DUPLICATE"
"11850";"TarankoFuksF-RTV-A";"Klassischer Lowboard Wohnzimmer Unterschank RTV TV Board Rack Fernsehschrank";"4260484868299";"true";"EAN_DUPLICATE"
"11853";"TarankoFuksF-1";"Klassischer Esstisch Tische Tisch 150 / 220cm Ausziehbar Holztisch";"4260484868268";"true";"EAN_DUPLICATE"
"11856";"TarankoFuksF-S1";"Klassischer Designer Spiegel Wandspiegel Großer Spiegel Barspiegel";"4260484868237";"true";"EAN_DUPLICATE"
"11857";"TarankoFuksF-P1";"Klassischer Designer Regal Wandregal Regalsystem Bücherregal - Model";"4260484868220";"true";"EAN_DUPLICATE"
"11858";"TarankoFuksF-P2";"Klassischer Designer Regal Wandregal Regalsystem Bücherregal";"4260484868213";"true";"EAN_DUPLICATE"
"11861";"TarankoFuksF-P5";"Klassischer Designer Regal Wandregal Holzregal Regale Landhaus";"4260484868183";"true";"EAN_DUPLICATE"
"11862";"TarankoWersalW-W2";"Klassische Italienische Vitrine Schrank Möbel Vitrinenschrank Glasvitrinen";"4260439211569";"true";"EAN_DUPLICATE"
"11863";"TarankoWersalW-W2L";"Klassische Schrank Italienische Möbel Vitrinenschrank Vitrinen Esszimmer";"4260439211552";"true";"EAN_DUPLICATE"
"11864";"TarankoWersalW1-2";"Klassische Vitrinenschrank Vitrinen Hochvitrine Schrank Italienische Möbel Neu";"4260439211545";"true";"EAN_DUPLICATE"
"11866";"TarankoWersalW-W3";"Klassische Massiv Vitrine Schrank Vitrinenschrank Vitrinen Italienische Möbel";"4260439211521";"true";"EAN_DUPLICATE"
"11867";"TarankoWersalW-WN";"Klassische Eckvitrine Schrank Italienische Möbel Vitrinenschrank Glasvitrinen";"4260439211514";"true";"EAN_DUPLICATE"
"11868";"TarankoWersalW-W3-4";"Klassische Design Vitrine Italienische Möbel Schrank Vitrinenschrank Vitrinen";"4260439211507";"true";"EAN_DUPLICATE"
"11870";"TarankoWersalW-W-NM";"Klassische Vitrine Schrank Italienische Möbel Vitrinenschrank Vitrinen W-W-NM";"4260439211484";"true";"EAN_DUPLICATE"
"11871";"TarankoWersalW-Ksz";"Klassische Kommode Hochschrank Sideboard Kommoden Kommodenschrank";"4260439211477";"true";"EAN_DUPLICATE"
"11872";"TarankoWersalW-K2A";"Klassische Kommode Kommoden Kommodenschrank Schrank Antik Style";"4260439211460";"true";"EAN_DUPLICATE"
"11873";"TarankoWersalW-K2B";"Klassische Kommode Kommoden Kommodenschrank Schrank";"4260439211286";"true";"EAN_DUPLICATE"
"11874";"TarankoWersalW-RTV";"Klassischer Antik Style TV Sideboard Unterschank RTV Fernsehschrank";"4260439211262";"true";"EAN_DUPLICATE"
"11875";"TarankoWersalW-RTV-D";"Klassischer Unterschank RTV TV Sideboard Antik Style Fernsehschrank";"4260439210791";"true";"EAN_DUPLICATE"
"11876";"TarankoWersalW-RTV-M";"Klassischer Design Antik Style TV Sideboard Unterschank RTV Fernsehschrank Glas";"4260439210609";"true";"EAN_DUPLICATE"
"11877";"TarankoWersalW-K3";"Klassische Kommode Kommoden Kommodenschrank Antik Style Büro";"4260439210364";"true";"EAN_DUPLICATE"
"11878";"TarankoWersalW-K3A";"Klassische Design Antik Style Büro Kommode Wohnzimmer Kommodenschrank";"4260439210357";"true";"EAN_DUPLICATE"
"11879";"TarankoWersalW-K3B";"Klassische Design Sideboard Anrichte Kommode Vitrine Kommodenschrank Bar";"4260439210340";"true";"EAN_DUPLICATE"
"11880";"TarankoWersalW-K3C";"Klassische Kommode Kommoden Kommodenschrank - Model W-K3C";"4260439210258";"true";"EAN_DUPLICATE"
"11881";"TarankoWersalW-K4";"Klassische Kommode Kommoden Kommodenschrank Antik Style Schrank";"4260174429762";"true";"EAN_DUPLICATE"
"11882";"TarankoWersalW-K4Sz";"Klassische Design Kommode Kommoden Antik Büro Schrank Kommodenschrank";"4260499871246";"true";"EAN_DUPLICATE"
"11884";"TarankoWersalW-S";"Klassischer Bürotisch Tisch Sekretär Holztisch Klassisch Antik Style Office Neu";"4260174429052";"true";"EAN_DUPLICATE"
"11885";"TarankoWersalW-NL-Kr";"Klassischer Antik Holz Standspiegel Stand Spiegel Model W-NL-Kr Aufsatz";"4260174429038";"true";"EAN_DUPLICATE"
"11886";"TarankoWersalW-NL";"Klassischer Designer Spiegel mit Schubladen Standspiegel W-NL Aufsatz";"4260499871222";"true";"EAN_DUPLICATE"
"11887";"TarankoWersalW-N3B";"Klassische Schränke Schrank Schrankwand - Model W-N3B Aufsatz Welle";"4260174429014";"true";"EAN_DUPLICATE"
"11888";"TarankoWersalW-N3";"Klassische Schränke Schrank Schrankwand Aufsatz Neu Italienische Möbel";"4260174429007";"true";"EAN_DUPLICATE"
"11892";"TarankoWersalW-WP";"Klassische Garderobe Hänge Hacken Wandgarderobe Hänge Garderoben - Model W-WP";"4260174428963";"true";"EAN_DUPLICATE"
"11893";"TarankoWersalW-LP";"Klassischer Designer Spiegel Italienische Möbel Wandspiegel Holz - Model W-LP";"4260174428932";"true";"EAN_DUPLICATE"
"11894";"TarankoWersalW-L1";"Klassischer Designer Echten Holz Rahmen XXL Spiegel 157x71 Spiegel - Model W-L1";"4260174423159";"true";"EAN_DUPLICATE"
"11895";"TarankoWersalW-L2";"Klassischer Designer Echten Holz Rahmen XXL Spiegel 107x71 Spiegel - Model W-L2";"4260174423005";"true";"EAN_DUPLICATE"
"11896";"TarankoWersalW-L3";"Klassischer Designer Echten Holz Rahmen XXL Spiegel 107x71 Spiegel - Model W-L3";"4260174422909";"true";"EAN_DUPLICATE"
"11897";"TarankoWersalW-BA";"Hotel Koffer Bock Schrank Abstell Side Board für Koffer Hotel Hotelier";"4260174422893";"true";"EAN_DUPLICATE"
"11898";"TarankoW-KleinerTisch-SatzABC-Satz";"Tisch Esstisch 3er Set Design Tisch Tische Klassische Holz Esstisch Neuware";"4260499871215";"true";"EAN_DUPLICATE"
"11899";"TarankoWersalZB-1";"Tisch Nachttisch Konsole Beistelltisch Klassische Tische Holztisch";"4260174422220";"true";"EAN_DUPLICATE"
"11900";"TarankoWersalZB-6";"Klassischer Couchtisch Tisch Tische Holztisch Barock Couchtische Neu ZB-6";"4260499871208";"true";"EAN_DUPLICATE"
"11901";"TarankoWersalZB-2";"KLASSISCHE TISCHE ESSTISCH ESSZIMMER TISCH ECHTHOLZ MASSIV";"4260499871192";"true";"EAN_DUPLICATE"
"11902";"TarankoWersalZB-7";"KLASSISCHE DESIGN TISCHE ESSTISCH ESSZIMMER WOHNZIMMER TISCH ECHT HOLZ";"4260480949992";"true";"EAN_DUPLICATE"
"11903";"TarankoWersalZB-5";"KLASSISCHE TISCHE ESSTISCH ESSZIMMER TISCH ECHT HOLZ";"4260499871185";"true";"EAN_DUPLICATE"
"11911";"221183130320150154444";"Chesterfield Sofa Couch Polster 3Sitz Textil Stoff Garnitur Hohe";"4067282805156";"true";"EAN_DUPLICATE"
"12047";"TarankoWersalZB-8";"Klassische Massivholz Echtes Holz Tische Tisch Esstisch - Model ZB-8";"4260499871178";"true";"EAN_DUPLICATE"
"12052";"TarankoWersalW-Bl";"Blumenständer Blumenstand Ständer Holzständer Blumentopfständer - Model W-Bl";"4260480949954";"true";"EAN_DUPLICATE"
"12071";"TarankoWersalW-Bl2";"Blumenständer Blumen Ständer Vasen Ständer Massiv Echtes Holz Klassisch Design";"4260480949947";"true";"EAN_DUPLICATE"
"12072";"TarankoWersalW-01";"Klassische Stühle Stuhl Esszimmerstuhl Königlicher Lehnstuhl Holz Braun Beige";"4260480949930";"true";"EAN_DUPLICATE"
"12073";"TarankoWersalW-02";"Klassische Design Stühle Stuhl Esszimmerstuhl Beige Königlicher Lehnstuhl Holz";"4260480949923";"true";"EAN_DUPLICATE"
"12097";"TarankoWersalO";"Klassische Stühle Stuhl Echtes Holz Massiv Französische Möbel";"4260480949909";"true";"EAN_DUPLICATE"
"12098";"TarankoWersalW1";"Klassischer Stühle Polster Textil Stoff Leder Sessel Stuhl Königlich - Model W1";"4260480949893";"true";"EAN_DUPLICATE"
"12102";"TarankoWersalW-Sofa2";"Klassisches Sofa Italienische Möbel Chesterfield Sofas Couch Garnitur W-Sofa2";"4260480949886";"true";"EAN_DUPLICATE"
"12103";"TarankoWersalW-Sofa3";"Klassisches Sofa Italienische Möbel Chesterfield Sofas Couch Garnitur W-Sofa3";"4260480949879";"true";"EAN_DUPLICATE"
"12104";"TarankoWersalW-03";"Klassische Design Stühle Stuhl Esszimmerstuhl Königlicher Lehnstuhl Holz Stoff";"4260480946069";"true";"EAN_DUPLICATE"
"12105";"TarankoWersalW-5D";"Klassische Schränke Schrank Kleiderschrank Schrankwand 5 Türen Holz";"4260480946052";"true";"EAN_DUPLICATE"
"12106";"TarankoWersalW-4D";"Klassischer Schrank Schränke Schrankwand Kleiderschrank Antik Italienische";"4260480946045";"true";"EAN_DUPLICATE"
"12107";"TarankoWersalW-3D";"Kleiderschrank Schränke Schrank Schrankwand 3 Türen Holz Neu Italienische";"4260480946038";"true";"EAN_DUPLICATE"
"12108";"TarankoWersalW-2D";"Kleiderschrank Schrank Italienische Möbel Holz Antik Style Echtholz Klassischer";"4260480946021";"true";"EAN_DUPLICATE"
"12109";"TarankoWersalW-2Dh";"Kleiderschrank Echtholz Schrank Italienische Möbel Holz Antik Style";"4260480946014";"true";"EAN_DUPLICATE"
"12110";"TarankoWersalW-K2sz";"Klassische Kommode Kommoden Antik Style Holz Kommodenschrank";"4260480946007";"true";"EAN_DUPLICATE"
"12111";"TarankoWersalW-SZN";"Nachttisch Nachttische Tisch Konsole Schlafzimmer Beistelltisch antik Stil Neu";"4260480945994";"true";"EAN_DUPLICATE"
"12112";"TarankoWersalW-LTN";"Klassischer Schminktisch Sekretär Tisch Antik Stil Holztisch Kommode Tische";"4260480945987";"true";"EAN_DUPLICATE"
"12113";"TarankoWersalW-Tl";"Klassischer Klapp Spiegel Sckmink Tisch Italienische Möbel Designer Spiegel";"4260480945970";"true";"EAN_DUPLICATE"
"12114";"TarankoWersalW-BettF";"Klassisches Bett Doppelbett Betten Leder Textil Echtes Antik Stil Holz Neu";"4260480945963";"true";"EAN_DUPLICATE"
"12117";"TarankoWersalW-S160x200-180x200";"Chesterfield Bett Betten Doppelbett Ehebett Italienische Möbel Holz Leder Textil";"4260480945932";"true";"EAN_DUPLICATE"
"12118";"TarankoWersalW-S-S";"Chesterfield Bett Betten Doppelbett Ehebett Italienische Möbel Holz Textil Leder";"4260480945925";"true";"EAN_DUPLICATE"
"12119";"TarankoWersal";"Klassischer Tisch Tische Sekträter Bürotisch Holz Antik Stil Italienische Möbel";"4260480945918";"true";"EAN_DUPLICATE"
"12120";"TarankoWersalW-Bsz";"Klassischer Hocker Ottomane Fußhocker Chippendale Royal Sitzhocker Model W-Bsz";"4260480945901";"true";"EAN_DUPLICATE"
"12121";"TarankoWersalW-Ho";"Klassischer Hocker Fußhocker Chippendale Klavierhocker Sitzhocker - Model W-Ho";"4260480945895";"true";"EAN_DUPLICATE"
"12122";"TarankoWersalW-2C";"Chippendale Sofa Couch Polsterbank Bank Sitzbank 3er Bank Sofa Couch Model W-2";"4260480945888";"true";"EAN_DUPLICATE"
"12154";"TarankoSenatorSE-1";"Klassische Schränke Schrank Schrankwand Vitrine Vitrinenschrank";"4260484868176";"true";"EAN_DUPLICATE"
"12155";"TarankoSenatorSE-2";"Klassische Design Bücherregal Vitrine Vitrinenschrank Schrank Bücherschrank";"4260484868169";"true";"EAN_DUPLICATE"
"12156";"TarankoSenatorSE-3";"Klassische Design Schrank Bücherschrank Bücherregal Vitrinenschrank Regale";"4260484868152";"true";"EAN_DUPLICATE"
"12157";"TarankoSenatorSE-4";"Klassische Schrank Bücherschrank Vitrine Bücherregal Vitrinenschrank";"4260484868145";"true";"EAN_DUPLICATE"
"12158";"TarankoSenatorSE";"Klassische Glaschrank Bücherschrank Bücherregal Eckvitrine Vitrinenschrank";"4260484868138";"true";"EAN_DUPLICATE"
"12159";"TarankoSenatorSE-5";"Klassische Schränke Schrank Schrankwand Bücherschrank Bücherregal";"4260484868121";"true";"EAN_DUPLICATE"
"12160";"TarankoSenatorSE-6";"Klassische Schränke Schrank Schrankwand Bücherregal Vitrine Bücherschrank";"4260484868114";"true";"EAN_DUPLICATE"
"12161";"TarankoSenatorSE-S";"Klassisch Arbeitszimmer Schreibtisch Büromöbel Tisch Büro Schreibtische Echtholz";"4260484868107";"true";"EAN_DUPLICATE"
"12162";"TarankoSenatorSE-S1";"Klassische Schreibtisch Büromöbel Tisch Büro Chef Schreibtische Echtholz Braun";"4260484868091";"true";"EAN_DUPLICATE"
"12164";"TarankoSenatorSE-S3";"Klassische Computertisch Schreibtisch Büromöbel Tisch Büro Chef Echtholz";"4260484868077";"true";"EAN_DUPLICATE"
"12165";"TarankoSenatorSE-2K";"Klassische Kommode Kommoden Kommodenschrank Beistellschrank Schrank Braun";"4260484868060";"true";"EAN_DUPLICATE"
"12169";"TarankoSenatorSE-L4";"Klassische Kronenabschluss Satz Abschlußelement für Bücherschrank Schrank- SE-L4";"4260484868022";"true";"EAN_DUPLICATE"
"12170";"TarankoSenatorSE-LN-S507";"Klassische Kronenabschluss Satz für Bücherschrank Schrank System Braun";"4260484868015";"true";"EAN_DUPLICATE"
"12171";"TarankoSenatorSE-LN-S1010";"Klassische Kronenabschluss Satz für Bücherschrank Schrank System";"4260484868008";"true";"EAN_DUPLICATE"
"12172";"TarankoSenatorSE-st-A-N";"Klassische Pfeiler Abschlußsatz für Schrank Schrankwand System";"4260484867995";"true";"EAN_DUPLICATE"
"12173";"TarankoSenatorSEst";"Klassischer Design Pfeiler Abschlußsatz für Schrank Schrankwand System";"4260484867988";"true";"EAN_DUPLICATE"
"12272";"TarankoBarcelonaBA-1";"Klassische Schränke Schrank Vitrine Vitrinenschrank Glas Schrankwand Model BA-1";"4260484867971";"true";"EAN_DUPLICATE"
"12370";"TarankoBarcelonaBA-2";"Klassische Schränke Schrank Vitrine Vitrinenschrank Glas Schrankwand Model BA-2";"4260484867964";"true";"EAN_DUPLICATE"
"12371";"TarankoBarcelonaBA-3";"Klassische Schränke Schrank Schrankwand Bücherregal Bücherschrank";"4260484867957";"true";"EAN_DUPLICATE"
"12372";"TarankoBarcelonaBA-4";"Klassische Schränke Vitrine Vitrinenschrank Glas Schrank Bücherregal";"4260484867940";"true";"EAN_DUPLICATE"
"12373";"TarankoBarcelonaBA-5";"Klassische Schränke Schrank Schrankwand Bücherregal Regal Bücherschrank";"4260484867933";"true";"EAN_DUPLICATE"
"12374";"TarankoBarcelonaBA-6";"Klassische Schränke Schrank Schrankwand Bücherregal Regal Vitrine";"4260484867926";"true";"EAN_DUPLICATE"
"12375";"TarankoBarcelonaBA-7";"Klassische Schränke Schrank Schrankwand Vitrine Vitrinenschrank- Model";"4260484867919";"true";"EAN_DUPLICATE"
"12376";"TarankoBarcelonaBA-8";"Klassische Schränke Schrank Schrankwand Regal Bücherregal Regal für";"4260484867902";"true";"EAN_DUPLICATE"
"12377";"TarankoBarcelonaBA-9";"Klassische Bar Vitrine Schrank Sammlerschrank Bücherregal Regal für";"4260484867896";"true";"EAN_DUPLICATE"
"12378";"TarankoBarcelonaBA-10";"Klassische Schränke Schrank Schrankwand Bücherregal Regal für Bücher";"4260484867889";"true";"EAN_DUPLICATE"
"12379";"TarankoBarcelonaBA-11";"Klassische Schrank Vitrine Eckschrank Vitrinen Vitrinenschrank Model BA-11";"4260484867872";"true";"EAN_DUPLICATE"
"12380";"TarankoBarcelonaBA-12";"Klassische Schränke Schrank Schrankwand Holzschrank Vitrine Regal";"4260484867865";"true";"EAN_DUPLICATE"
"12381";"TarankoBarcelonaBA-13";"Klassische Bar Vitrine Schrank Sammlerschrank Sammlervitrine Glasschrank";"4260484867858";"true";"EAN_DUPLICATE"
"12382";"TarankoBarcelonaBA-14";"Klassische Kommode Vitrine Kommoden Vitrinen Vitrinenschrank Glasschrank";"4260484867841";"true";"EAN_DUPLICATE"
"12383";"TarankoBarcelonaBA-RTV15";"TV Lowboard Board Schrank Fernsehtisch Unterschank RTV Fernsehschrank BA-RTV 15";"4260484867834";"true";"EAN_DUPLICATE"
"12384";"TarankoBarcelonaB-N2";"Elemente Aufsatz für die Vitrine Schrank Schranksystem Vitrine Kommode B-N2";"4260484867827";"true";"EAN_DUPLICATE"
"12385";"TarankoBarcelonaBA-NRTV";"Klassischer RTV Aufsatz Elemente Schranksystem Model BA-NRTV";"4260484867810";"true";"EAN_DUPLICATE"
"12386";"TarankoBarcelonaBA-16";"Klassische Paneel mit Wandregal und Beleuchtung Bettwand";"4260484867803";"true";"EAN_DUPLICATE"
"12387";"TarankoBarcelonaBA-K3P";"Klassische Kommode Kommoden Kommodenschrank Schrank Beistellschrank";"4260484867797";"true";"EAN_DUPLICATE"
"12388";"TarankoBarcelonaBA-17";"Klassische Design WandPaneel mit Wandregal und Beleuchtung Bettwand Braun";"4260484867780";"true";"EAN_DUPLICATE"
"12389";"TarankoBarcelonaBA-K3";"Klassische Kommode Kommoden Kommodenschrank Schrank Schrankwand";"4260484867773";"true";"EAN_DUPLICATE"
"12390";"TarankoBarcelonaBA-KB";"Klassische Kommode Kommoden Kommodenschrank Bücherregal Regal";"4260484867766";"true";"EAN_DUPLICATE"
"12391";"TarankoBarcelonaBA-Sc";"Klassische Braun Schreibtisch Büromöbel Tisch Büro Chef Schreibtische Echtholz";"4260484867759";"true";"EAN_DUPLICATE"
"12392";"TarankoBarcelonaBA-Sc2";"Klassische Design Schreibtisch Büromöbel Tisch Büro Chef Schreibtische Echtholz";"4260484867742";"true";"EAN_DUPLICATE"
"12393";"TarankoBarcelonaBA-18";"Klassischer Beistelltisch Tisch Chefbüro Holztisch Schreibtisch Rustikal";"4260484867735";"true";"EAN_DUPLICATE"
"12394";"TarankoBarcelonaBA-19";"Art-Deco Design Schreibtisch Büromöbel Tisch Chef Schreibtische Echtholz";"4260484867728";"true";"EAN_DUPLICATE"
"12395";"TarankoBarcelonaBA-20";"Klassische Säule Abschlußelement für Schrank Schrankwand L, R";"4260484867711";"true";"EAN_DUPLICATE"
"12396";"TarankoBarcelonaBA-21";"Klassische Pfeiler schmall Element für Schrank Schranksystem Model";"4260484867704";"true";"EAN_DUPLICATE"
"12398";"TarankoBarcelonaBA-23";"Klassische Außenseite furniert - Model BA-23";"4260484867681";"true";"EAN_DUPLICATE"
"12399";"TarankoBarcelonaBA-24";"Klassische Design Braun Wandpaneel mit Wandregal und Beleuchtung Bettwand";"4260484867674";"true";"EAN_DUPLICATE"
"12400";"TarankoBarcelonaBA-25";"Klassische Design Hoch Wandpaneel mit Wandregal und Beleuchtung Bettwand";"4260484867667";"true";"EAN_DUPLICATE"
"12401";"TarankoBarcelonaBA-26";"Klassische Abschlussleiste zum Paneel, Set L, R Element für Schrank";"4260484867650";"true";"EAN_DUPLICATE"
"12403";"TarankoBarcelonaBA-28";"Außenseitenwandkrone für Krone oder Sockel Schrank Schranksystem";"4260484867346";"true";"EAN_DUPLICATE"
"12404";"TarankoBarcelonaBA-29";"Elemente Sockelleiste Kronenleiste für die Vitrine Schrank Schranksystem";"4260484867339";"true";"EAN_DUPLICATE"
"12405";"TarankoBarcelonaBA-30";"Klassische Abschlussleiste für Sockel Krone zum Paneel oder Vitrine Set";"4260484867322";"true";"EAN_DUPLICATE"
"12410";"TarankoMilano5";"Doppelbett Modern Bett Betten Schlafzimmer Polster Textil Klassik Holz Neu";"4260454045965";"true";"EAN_DUPLICATE"
"12413";"TarankoMilano8";"Doppelbett Milano Klassik Bett Betten Ehe Schlafzimmer Holz Designer Neu MI-2";"4260454045934";"true";"EAN_DUPLICATE"
"12420";"TarankoVerona2";"Komplett Wohnzimmer Esszimmer Wohngruppe Essgruppe - Verona";"4260499871277";"true";"EAN_DUPLICATE"
"12421";"TarankoVerona3";"Esszimmer Stuhl Set Essgruppe Tisch Massiv Holz Echtholz 4 Stühle mit Tisch Neu";"4260454046344";"true";"EAN_DUPLICATE"
"12422";"TarankoVerona4";"Klassischer Tisch mit 2 Stühlen Royal Stühle Tische Rundtisch Holztisch - Verona";"4260454046337";"true";"EAN_DUPLICATE"
"12423";"TarankoVerona5";"Rundhocker Hocker Leder Ottomane mit Tisch Serviertisch - Verona";"4260454046320";"true";"EAN_DUPLICATE"
"12424";"TarankoVerona6";"Komplett Wohnzimmer Klassisch Couchtisch Regal RTV Tisch Regal";"4260454046313";"true";"EAN_DUPLICATE"
"12425";"TarankoVerona7";"Komplett Wohnzimmer Set Massiv Vitrine Kommode Tisch RTV Klassisch";"4260454046306";"true";"EAN_DUPLICATE"
"12426";"TarankoVerona8";"Klassischer Schminkzimmer mit Standspiegel und Kommode - Verona";"4260454046290";"true";"EAN_DUPLICATE"
"12427";"TarankoVerona9";"Bett Ehebett Klassisches Doppelbett Lederbett Chippendale Schlafzimmer";"4260454046283";"true";"EAN_DUPLICATE"
"12479";"TarankoVerona10";"Klassisches Bett Ehebett Doppelbett Lederbett Chippendale Schlafzimmer";"4260454046276";"true";"EAN_DUPLICATE"
"12480";"TarankoVerona11";"Bett Ehebett Doppelbett Lederbett Doppelbett Betten Echtleder Vollleder";"4260454046269";"true";"EAN_DUPLICATE"
"12481";"22118313032015011514565";"2 Sitzer Chesterfield Sofagarnitur Ledersofa Textil Stoff Polster Couch";"4067282804531";"true";"EAN_DUPLICATE"
"12495";"TarankoVerona12";"Doppelbett Klassisches Hochwertiges Designer Chesterfield Vollleder Bett";"4260454046252";"true";"EAN_DUPLICATE"
"12496";"22118313032015014561256";"1 Sitz Sessel Chesterfield Sofagarnitur Ledersofa Textil Stoff Polster Couch";"4067282805149";"true";"EAN_DUPLICATE"
"12502";"TarankoVerona13";"Bett Ehebett Doppelbett Königsbett Schlafzimmer Klassisches Schlafbett Set 5tlg";"4260454046245";"true";"EAN_DUPLICATE"
"12512";"TarankoVerona14";"Bett Schlafzimmer Königliches Schlafzimmer mit Oberschrank Schrank";"4260454046238";"true";"EAN_DUPLICATE"
"12529";"22118313032015014499";"Textil Stoff Velour XXL Big Sofa 4 Sitz Polster Sofagarnitur Sofort";"4067282804548";"true";"EAN_DUPLICATE|NAME_CONTAINS_SOFORT"
"12537";"TarankoWersal1";"Klassisches Esszimmer Set Vitrine Kommode Stühle Tisch König Chippendale";"4260480945871";"true";"EAN_DUPLICATE"
"12539";"TarankoWersal3";"Klassisches 10-Set Esszimmer Vitrine Kommode Stühle Tisch Chippendale";"4260480945857";"true";"EAN_DUPLICATE"
"12540";"TarankoWersal4";"Klassische 4 Sets für Wohnzimmer Vitrine Schrank TV-Vitrinen";"4260480945840";"true";"EAN_DUPLICATE"
"12541";"TarankoWersal5";"Chippendale Sessel Ohrensessel Sofa mit Fußhockern Set Hocker Klavierhocker";"4260480945833";"true";"EAN_DUPLICATE"
"12542";"TarankoWersal6";"Schminktisch mit Stuhl Frisiertisch Frisierkommode Schminkkommode";"4260480945826";"true";"EAN_DUPLICATE"
"12543";"TarankoWersal7";"Komplett Schlafzimmer Bett Ehebett Nachttische Kommode Sessel Chippendale";"4260480945819";"true";"EAN_DUPLICATE"
"12704";"TarankoWersal8";"Komplett Schlafzimmer Bett Doppelbett Kleiderschrank Schrank Kommode";"4260480945802";"true";"EAN_DUPLICATE"
"12705";"TarankoWersal9";"Komplett Schlafzimmer Doppelbett Bett Kleiderschrank Schrank Kommode";"4260480945796";"true";"EAN_DUPLICATE"
"12706";"TarankoWersal10";"Designer Schlafzimmer Chesterfield Schminktisch Spiegel Kleiderschrank Bett";"4260480945789";"true";"EAN_DUPLICATE"
"12895";"22118325022015035545454";"Ecksofa Eck Wahl Leder Stoff Polster Textil Bett+Kasten Couch Sofa Ecke";"4260174429984";"true";"EAN_DUPLICATE"
"12923";"22118327041501";"Ecksofa Eck Wahl Leder Stoff Kasten&Bett Polster Textil Couch Sofa Ecke Garnitur";"4260174429731";"true";"EAN_DUPLICATE"
"12941";"TarankoWersal12";"Schlafzimmer Set Italienische Möbel Bett + Nachttisch + Schrank Kommode";"4260480945765";"true";"EAN_DUPLICATE"
"12942";"TarankoWersal13";"Chesterfield Bett Doppelbett Echtes Leder Polster Betten mit Swarovski möglich";"4260480945758";"true";"EAN_DUPLICATE"
"12943";"TarankoWersal14";"Diele Garderobe Set Echtes Holz Flur Wandgarderobe Italienische Möbel";"4260480945741";"true";"EAN_DUPLICATE"
"12944";"TarankoPrato1";"Komplett Wohnzimmer Set Vitrine RTV Couchtisch Spiegel Klassisch Royal";"4260484863744";"true";"EAN_DUPLICATE"
"12945";"TarankoPrato2";"Komplett Esszimmer Set Essgruppe Tisch Kommode Stühle Bar Klassisch";"4260484863737";"true";"EAN_DUPLICATE"
"12946";"TarankoPrato3";"Hochwertige Vitrine Schrank Holz Glas Vitrinen Klassische Italienische";"4260439212443";"true";"EAN_DUPLICATE"
"12951";"TarankoZefir1";"Komplett Wohnzimmer Vitrine Kommode Tisch Vitrinen Esszimmer Set 4-Teilig";"4260484865816";"true";"EAN_DUPLICATE"
"12952";"TarankoZefir2";"Klassiches Vitrine Kommode Vitrinen Kommoden 2 Vitrinen Landhaus Royal";"4260484865809";"true";"EAN_DUPLICATE"
"12972";"2211830705201503";"Sessel Lounge Club Cocktail Ohren Multimedia Fernseh Sessel Space Stuhl";"4260174424422";"true";"EAN_DUPLICATE"
"13029";"PlastikoSLEEPCAR";"Bett mit Matratze Violett Kinderbett Kinderzimmer Autobett Farbauswahl SLEEP CAR";"4260454044432";"true";"EAN_DUPLICATE"
"13110";"EleganceCREMONA";"KOMPLETT SCHLAFZIMMER SET SCHRANK BETT KOMMODE CREMONA";"4260174421667";"true";"EAN_DUPLICATE"
"13111";"EleganceCREMONA2";"KOMPLETT SCHLAFZIMMER SET SCHRANK BETT KOMMODE CREMONA 2";"4260174421650";"true";"EAN_DUPLICATE"
"13112";"StolwitCREMONA3";"KOMPLETT SCHLAFZIMMER SET SCHRANK BETT KOMMODE - CREMONA 3";"4260174421643";"true";"EAN_DUPLICATE"
"13149";"StolwitNEWYORK";"KOMPLETT SCHLAFZIMMER SET SCHRANK BETT KOMMODE NEW YORK";"4260454044166";"true";"EAN_DUPLICATE"
"13219";"StolwitCZAN1";"Bettschrank Klappbett Betten Schrankbett Bett Schrank - CZAN 1";"4260174424323";"true";"EAN_DUPLICATE"
"13220";"StolwitCZAN2";"Bettschrank Klappbett Betten Schrankbett Bett Schrank - CZAN 2";"4260174424330";"true";"EAN_DUPLICATE"
"13225";"EleganceAPOLLOS";"Bett Designer Polsterbett Ehebett Doppeltbett APOLLO S";"4260454044043";"true";"EAN_DUPLICATE"
"13234";"jvmoebel";"BETT DESIGNER POLSTERBETT EHEBETT DOPPELTBETT - KALIPSO H";"4260439212573";"true";"EAN_DUPLICATE"
"13256";"ElegancePRINCESSA";"BETT DESIGNER POLSTERBETT EHEBETT DOPPELTBETT - PRINCESSA";"4260439210586";"true";"EAN_DUPLICATE"
"13258";"EleganceROMA";"BETT DESIGNER POLSTERBETT EHEBETT DOPPELTBETT - ROMA";"4260439210562";"true";"EAN_DUPLICATE"
"13261";"EleganceACAPULCO";"Ecksofa Textil Polster Stoffsofa ACAPULCO";"4260439212108";"true";"EAN_DUPLICATE"
"13262";"EleganceCapri";"Ecksofa Textil Polster Stoffsofa mit Bettfunktion - model CAPRI";"4260439211347";"true";"EAN_DUPLICATE"
"13266";"EleganceLOUISIANA";"Sofagarnitur 3+2 Sitzer mit Bettfunktion LOUISIANA";"4260439211255";"true";"EAN_DUPLICATE"
"13270";"EleganceOSLOFDFH";"Ecksofa Textil Polster Stoffsofa mit Bettfunktion OSLO FDFH";"4260439210616";"true";"EAN_DUPLICATE"
"13271";"EleganceOSLOFH";"Ecksofa Textil Polster Stoffsofa mit Bettfunktion OSLO FH";"4260439210623";"true";"EAN_DUPLICATE"
"13272";"ElegancePARIS";"Sofagarnitur 3+Chaise Chesterfield Polstergarnitur PARIS";"4260439210630";"true";"EAN_DUPLICATE"
"13416";"ElegancePARISCLASSIC";"SESSEL COUCH SOFA FERNSEHSESSEL LOUNGE POLSTER OHRENSESSEL PARIS";"4260439212504";"true";"EAN_DUPLICATE"
"13418";"ElegancePARISLUX";"SESSEL CHESTERFIELD SOFA LOUNGE POLSTER FERNSEHSESSELOHRENSESSEL PARIS";"4260439212498";"true";"EAN_DUPLICATE"
"13427";"EleganceKONTYNENTALNEB";"NACHTTISCH NACHTTISCHE NACHTKOMMODE SCHUBLADEN BEISTELLTISCH GRAU MODERN";"4260439210852";"true";"EAN_DUPLICATE"
"13428";"EleganceKONTYNENTALNEC";"HOCHNACHTTISCH SCHUBLADE GRAU NACHTTISCHE MODERN NACHTKOMMODE BEISTELLTISCH";"4260439210876";"true";"EAN_DUPLICATE"
"13429";"EleganceKONTYNENTALNED";"Sofortlieferbar Nachttisch Nachtkonsolen Nachttische Nachtkommode KONTYNENTALNE";"4260439210890";"true";"EAN_DUPLICATE"
"13430";"EleganceKONTYNENTALNEROYALB";"RUNDNACHTTISCH SCHUBLADE GLAS NACHTTISCHE NACHTKOMMODE BEISTELLTISCH MODERN";"4260439210906";"true";"EAN_DUPLICATE"
"13431";"EleganceKONTYNENTALNEROYALC";"MODERN NACHTTISCH SCHUBLADE RUNDNACHTTISCHE NACHTKOMMODE BEISTELLTISCH";"4260439210913";"true";"EAN_DUPLICATE"
"13435";"EleganceCALGARYY";"NACHTTISCH SCHUBLADE NACHTTISCHE NACHTKOMMODE BEISTELLTISCH";"4260439212344";"true";"EAN_DUPLICATE"
"13450";"EleganceNachttischeROMA";"NACHTTISCH NACHTTISCHE NACHTKOMMODE BEISTELLTISCH FREIE FARBWAHL";"4260439212375";"true";"EAN_DUPLICATE"
"13451";"EleganceSTANDARD";"MODERN Weiß NACHTTISCH SCHUBLADE NACHTTISCHE NACHTKOMMODE BEISTELLTISCH";"4260439212276";"true";"EAN_DUPLICATE"
"13690";"08061503";"Sofagarnitur 3+1 Chesterfield Sofa Couch Ledersofa Garnitur Englisch";"4260454044463";"true";"EAN_DUPLICATE"
"13695";"SSYALE";"Designer Sofa Chesterfield British Style Vintage 3 Sitzer Chester - YALE";"4260174421308";"true";"EAN_DUPLICATE"
"13955";"0806150256555565";"Sofagarnitur Chesterfield Sofa Couch Polster Vollleder 3+2+1+Hocker";"4260439211453";"true";"EAN_DUPLICATE"
"13972";"0806150256555914";"Vollleder Chesterfield Sofa 3 Sitzer Polster 100% Italy Leder Couch";"4260174423524";"true";"EAN_DUPLICATE"
"14013";"080615025655591445556";"Chesterfield Sofa Napoli Designer Polster Couchgarnitur 3 Sitzer Ledersofa";"4260174423500";"true";"EAN_DUPLICATE"
"14016";"0806150256555914455565556";"Chesterfield Ecksofa Sofa Couch Oxford Polster Neu Wohnlandschaft";"4260174423517";"true";"EAN_DUPLICATE"
"14149";"LUXURWASSERBETT";"Wasserbett inkl. Wasserbettheizung, Wasserbettüberzug LUXUR";"4260439210029";"true";"EAN_DUPLICATE"
"14170";"2211830807201501";"Chesterfield XXL BIG Sofa Couch Textil Samt Stoff Polster Garnitur Luxus";"4260439210333";"true";"EAN_DUPLICATE"
"14171";"2211830807201502";"Chesterfield Sofaecke Ecksofa Eckcouch Couch Sofa Wohnlandschaft";"4260454043855";"true";"EAN_DUPLICATE"
"14336";"BenixLOTOS";"Ecksofa Sofa Couch Wohnlandschaft Garnitur Polster Ecke Schlafsofa";"4260439210210";"true";"EAN_DUPLICATE"
"14346";"CHESTERFIELDCROMER";"CHESTERFIELD 3+2+1 LEDERSOFA SOFAGARNITUR POLSTER COUCH KLASSISCH";"4260439210265";"true";"EAN_DUPLICATE"
"14368";"Chesterfield3-SitzerCromer";"Chesterfield Sofagarnitur Couch Sofa Set Polster Leder 3+2xOhrensessel";"4260439210272";"true";"EAN_DUPLICATE"
"14422";"CHESTERFIELDBIRKENHEAD";"Chesterfield Sofa Couch Set 3 tlg 3 + 1 + Ohrensessel Ledersofa";"4260439210142";"true";"EAN_DUPLICATE"
"14433";"Chesterfield3SitzerCromer2";"Chesterfield Sofa 3 Sitzer NAPOLI Polster Garnitur Cromer 2";"4260439210135";"true";"EAN_DUPLICATE"
"14466";"ChesterfieldBigKing";"Ohrensessel Chesterfield Ledersessel Sessel Leder Couch Sofa Klassisch Braun";"4260439210128";"true";"EAN_DUPLICATE"
"14467";"ChesterfieldBirmingham";"Chesterfield 3+2+1 Ledersofa Sofagarnitur Polster Couch Garnitur NAPOLI";"4260439210111";"true";"EAN_DUPLICATE"
"14478";"ChesterfieldNewton";"Chesterfield 3+2+1 Ledersofa Sofagarnitur Polster Couch Garnitur Antik";"4260439214126";"true";"EAN_DUPLICATE"
"14489";"ChesterfieldNewcastle";"Chesterfield 3+2+1 Ledersofa Sofagarnitur Polster Couch Garnitur Robert";"4260439210098";"true";"EAN_DUPLICATE"
"14500";"ChesterfieldCambridge";"Chesterfield 3+2+1 Ledersofa Sofagarnitur Polster Couch Garnitur Braun";"4260439210074";"true";"EAN_DUPLICATE"
"14511";"ChesterfieldBoston";"Chesterfield 3+2+1 Sitzer Ledersofa Sofagarnitur Polster Couch Garnitur";"4260439210067";"true";"EAN_DUPLICATE"
"14522";"Chesterfield3SitzerBoston";"Chesterfield Sofa Couch Ledersofa 3 Sitzer Polster Garnitur William III";"4260439210043";"true";"EAN_DUPLICATE"
"14555";"ChesterfieldTrobay";"Chesterfield Sofa 3 Sitzer NAPOLI Polster Garnitur Trobay";"4260439210050";"true";"EAN_DUPLICATE"
"14588";"ChesterfieldLeicester";"Chesterfield Sofa 3 Sitzer NAPOLI Polster Garnitur Leicester";"4260439210104";"true";"EAN_DUPLICATE"
"14621";"Colo3";"Ledersofa Sofa mit 2 Chaiselongues Colo 3";"4260439210203";"true";"EAN_DUPLICATE"
"14657";"H2209";"Ledersofa Sofagarnitur 3+2+1 Sitzer (NB) H2209";"4260439210197";"true";"EAN_DUPLICATE"
"14658";"PISA";"Wohnlandschaft Couch Sofa Ecksofa Eckgarnitur Garnitur U-Form Leder";"4260439210180";"true";"EAN_DUPLICATE"
"14694";"LFormPisa";"Ledersofa Ecksofa Eckcouch Wohnlandschaft L Form Couch Sofa Pisa";"4260439210173";"true";"EAN_DUPLICATE"
"14754";"Pisa321Sitzer";"Ledersofa Pisa Sofagarnitur Sofa Couch 3+2+1 Sitzer";"4260174421766";"true";"EAN_DUPLICATE"
"14850";"WASSERBETTIrina";"Wasserbett inkl. Wasserbettheizung, Polsterbett Lederbett Bett Irina";"4260439210937";"true";"EAN_DUPLICATE"
"14988";"WASSERBETTMaurice";"Wasserbett inkl. Wasserbettheizung, Polsterbett Lederbett Bett Maurice";"4260454043183";"true";"EAN_DUPLICATE"
"15009";"WASSERBETTMorskie";"Modern Design Wasserbett inkl. Wasserbettheizung BETT DESIGNER POLSTERBETT";"4260454043176";"true";"EAN_DUPLICATE"
"15130";"WASSERBETTMicha";"Wasserbett inkl. Wasserbettheizung, BETT DESIGNER POLSTERBETT";"4260454043169";"true";"EAN_DUPLICATE"
"15301";"WASSERBETTSenegal";"Wasserbett inkl. Wasserbettheizung, Polsterbett Lederbett Bett Senegal";"4260439210470";"true";"EAN_DUPLICATE"
"15682";"WASSERBETTAPOLLOS";"Wasserbett inkl. Wasserbettheizung Designer Polsterbett Ehebett Modern Style";"4260454044081";"true";"EAN_DUPLICATE"
"15910";"WASSERBETTElizabethSimple";"Wasserbett inkl. Wasserbettheizung, Designer Bett Polsterbett Ehebett";"4260439210692";"true";"EAN_DUPLICATE"
"16020";"WASSERBETTOXFORD";"Wasserbett inkl. Wasserbettheizung, Chesterfield Big Bett Polsterbett";"4260454043848";"true";"EAN_DUPLICATE"
"16452";"2211830807201505584";"LeMans Couchtisch Designer Ledercouchtisch Glastisch Tisch Ledertische";"4260454043206";"true";"EAN_DUPLICATE"
"16512";"2211830807201505590";"Wohnlandschaft Couch Sofa Ecksofa Couch Designer Couchen Polster";"4260454043190";"true";"EAN_DUPLICATE"
"16589";"2211830807201505585";"Designer Ecksofa Wohnlandschaft Couch Sofa Polster Garnitur Lounge";"4260439210371";"true";"EAN_DUPLICATE"
"16666";"2211830807201505591";"Design Ecksofa Wohnlandschaft Couch Sofa Ledersofa Sofas Couchen Poster Garnitur Modell SUN";"4260439210388";"true";"EAN_DUPLICATE"
"16772";"2211830807201505592";"Sofagarnitur Ledersofa Sofa Couch Polster Leder Garnitur Couchen Sofas 3+2+1 VIGO -K";"4260439210395";"true";"EAN_DUPLICATE"
"16823";"2211830807201505593";"Chesterfield Gold mit Kristallsteinen Sofa Couch Polster Garnitur Luxus";"4067282804524";"true";"EAN_DUPLICATE"
"17096";"2211831508201501";"Sofagarnitur Chesterfield Sofa Couch Polster Vollleder 3+1+1 Sitzer";"4067282805163";"true";"EAN_DUPLICATE"
"17103";"CHESTERFIELDLEICESTERII";"Chesterfield Couch Sofa Garnitur 3 Sitzer Polster Leder Sofas Neu";"4260439212078";"true";"EAN_DUPLICATE"
"17126";"CHESTERFIELDKLEOPATRAII";"Modern Chesterfield Hocker Chaise Ottomane Relax Leder Polster Fußhocker";"4260439212054";"true";"EAN_DUPLICATE"
"17133";"ChesterfieldLuton";"Chaiselongues Chesterfield Liege Chaise Leder Textil Stoff Sofa Relax";"4260439212061";"true";"EAN_DUPLICATE"
"17142";"ChestefieldHastings";"Chestefield SOFAGARNITUR LEDERSOFA SOFA POLSTER LEDER";"4260439212030";"true";"EAN_DUPLICATE"
"17153";"ChesterfieldARRAU";"Chesterfield Couch Sofa Garnitur 3 Sitzer Polster Leder Sofas Neu ARRAU";"4260439212023";"true";"EAN_DUPLICATE"
"17180";"ChesterfieldWHITTBY";"Chesterfield Design Couch Sofa 3 Sitzer Polster Leder Sofas Couchen Weiß";"4260439212016";"true";"EAN_DUPLICATE"
"17205";"ChesterfieldKleopatra";"Chesterfield Hocker Leder Polster Fußhocker Chaise Ottomane Pouf";"4260439212009";"true";"EAN_DUPLICATE"
"17212";"ChesterfieldA922";"Chesterfield Couch Sofa Garnitur 3 Sitzer Polster Leder Sofas Couchen";"4260439211996";"true";"EAN_DUPLICATE"
"17221";"CHESTERFIELDBANTRY";"CHESTERFIELD 3+2+1 SET SITZER LEDERSOFA SOFAGARNITUR POLSTER COUCH BRAUN";"4260439211989";"true";"EAN_DUPLICATE"
"17232";"ChesterfieldBANTRY3Sitzer";"Chesterfield Couch Sofa Garnitur 3 Sitzer Polster Leder Sofas Couchen Braun";"4260439211972";"true";"EAN_DUPLICATE"
"17259";"CHESTERFIELDFALMOUTH";"CHESTERFIELD 3+2+1 SOFAGARNITUR LEDERSOFA POLSTER COUCH BRAUN KLASSISCH";"4260439211965";"true";"EAN_DUPLICATE"
"17268";"ChesterfieldKingston";"Chesterfield Sessel Ohrensessel Fernsehsessel Couch Relax Leder Sofa Braun";"4260439211934";"true";"EAN_DUPLICATE"
"17274";"ChesterfieldPreston";"Chesterfield Rundsofa Ledersofa Runde Sofa Couch Wohnlandschaft";"4260439211958";"true";"EAN_DUPLICATE"
"17283";"ChesterfieldBarrow";"Edle Designer Chesterfield Sofa Polster Couch Sitz Textil Stoff Garnitur Samt";"4260439211927";"true";"EAN_DUPLICATE"
"17301";"CHESTERFIELDTOULON";"TOULON CHESTERFIELD CHAISELOUNGE LIEGE COUCH SOFA";"4260439211910";"true";"EAN_DUPLICATE"
"17307";"ChesterfieldMorpeth";"Chesterfield Sofagarnitur Couch Sofa Set Leder Polster Sitz 3+2+1";"4260439211897";"true";"EAN_DUPLICATE"
"17316";"ChesterfieldWilliamIII";"Chesterfield Design 3 Sitzer mit Bettfunktion Sofa Couch Polster Braun Couchen";"4260439211941";"true";"EAN_DUPLICATE"
"17340";"ChesterfieldNewport";"Chesterfield Ecksofa Ledersofa Sofa Wohnlandschaft Eckgarnitur";"4260439211903";"true";"EAN_DUPLICATE"
"17369";"ChesterfieldCrotone";"Chesterfield Ecksofa Ledersofa Sofa Couch Wohnlandschaft Eckgarnitur";"4260439212085";"true";"EAN_DUPLICATE"
"17909";"ChesterfieldCHESTER19";"Weiß Hocker Chesterfield Beistellhocker Ottomane Couch Leder Stoff Textil";"4260439212702";"true";"EAN_DUPLICATE"
"17917";"ChesterfieldCHESTER18";"Silber Hocker Chesterfield Beistellhocker Ottomane Couch Leder Stoff Textil";"4260439212719";"true";"EAN_DUPLICATE"
"17924";"ChesterfieldCHESTER17";"Hocker Chesterfield Beistellhocker Ottomane Couch Leder Stoff Textil";"4260439212726";"true";"EAN_DUPLICATE"
"17931";"ChesterfieldTORBAYIII";"Rosa Hocker Chesterfield Beistellhocker Ottomane Couch Leder Stoff Textil";"4260439212733";"true";"EAN_DUPLICATE"
"17938";"ChesterfieldTORBAYII";"Hocker Chesterfield Design Beistellhocker Ottomane Couch Leder Stoff Textil";"4260439212740";"true";"EAN_DUPLICATE"
"17945";"ChesterfieldLUTONII";"LUTON II Chesterfield Chaiselongues Chaise Liege Sofa Ottomane Leder";"4260439213372";"true";"EAN_DUPLICATE"
"17952";"ChestefieldPrestonII";"Chestefield Sofa Ecksofa Couch Rundsofa Rundes Ecksofas Ledersofa";"4260454043817";"true";"EAN_DUPLICATE"
"17961";"ChesterfieldCHESTER16";"Chesterfield Sessel Couch Klassischer Polster Relax Designer Relax Neu";"4260439213389";"true";"EAN_DUPLICATE"
"17967";"ChesterfieldC.15";"Chesterfield Design Sessel Ohrensessel Fernsehsessel Couch Relax Leder Sofa";"4260439213396";"true";"EAN_DUPLICATE"
"17973";"ChesterfieldC.14";"Chesterfield Sessel Ohrensessel Fernsehsessel Couch Relax Leder Sofa";"4260439213402";"true";"EAN_DUPLICATE"
"17982";"ChesterfieldCHESTER13";"SESSEL COUCH SOFA FERNSEHSESSEL LOUNGE POLSTER CHEF BÜRO";"4260439213419";"true";"EAN_DUPLICATE"
"17989";"ChesterfieldKINGS3";"Arbeitszimmer Chesterfield Ohrensessel Sessel Couch Polster Designer Couchen";"4260439213426";"true";"EAN_DUPLICATE"
"17997";"ChesterfieldCHESTER12";"Chesterfield Bank Chaise Sofa Couch 3 Sitz Club Liege Chaiselounge";"4260439213433";"true";"EAN_DUPLICATE"
"18004";"ChesterfieldHASTINGSII";"Chesterfield 3+2+1 Sofagarnitur Polster Sofa Designer Couch Komplett";"4260439213440";"true";"EAN_DUPLICATE"
"18015";"ChesterfieldCHESTER11";"Chesterfield Polster Sofa Couch 3 Sitzer Sofas Ledersofa Textil Neu";"4260439213457";"true";"EAN_DUPLICATE"
"18040";"ChesterfieldC.10";"Chesterfield XXL Big Sofa 275cm 5 Sitz Polster Garnitur Couch Designer";"4260439213464";"true";"EAN_DUPLICATE"
"18063";"ChesterfieldCHESTER9";"Chesterfield Sofagarnitur Couch Sofa Polster Garnitur Sofas 3+1+1";"4260439213549";"true";"EAN_DUPLICATE"
"18075";"ChesterfieldCHESTER8";"Chesterfield Sofagarnitur Couch Polsterset Sofa Polster Garnitur Sofas";"4260439213556";"true";"EAN_DUPLICATE"
"18082";"ChesterfieldCHESTER7";"Chesterfield 3 Sitzer mit Bettfunktion Sofa Couch Polster Garnitur";"4260454043824";"true";"EAN_DUPLICATE"
"18107";"ChesterfieldCHESTER6";"Chesterfield 3 Sitzer mit Bettfunktion Sofa Couch Polster Garnitur Couchen";"4260439213563";"true";"EAN_DUPLICATE"
"18132";"ChesterfieldCHESTER5";"Braun Chesterfield Sofa Couch Polster Designer 3 Sitzer Garnitur Sofas Neu";"4260439213570";"true";"EAN_DUPLICATE"
"18157";"ChesterfieldCHESTER4";"Rot Chesterfield Sofa Couch Polster Designer 3 Sitzer Garnitur Sofas Neu";"4260439213587";"true";"EAN_DUPLICATE"
"18182";"ChesterfieldCHESTER3";"Grün Chesterfield Sofa Couch Polster Designer 3 Sitzer Garnitur Sofas Neu";"4260439213594";"true";"EAN_DUPLICATE"
"18207";"ChesterfieldCHESTER2";"Silber Chesterfield Sofa Couch Polster Designer 3 Sitzer Garnitur Sofas Neu";"4260439213600";"true";"EAN_DUPLICATE"
"18232";"ChesterfieldCHESTER1";"Chesterfield Sofa Couch Polster Designer 3 Sitzer Garnitur Sofas Neu CHESTER";"4260439213617";"true";"EAN_DUPLICATE"
"18257";"ChesterfieldIslesI";"Chesterfield Samt Textil Sofa Couch Sofa Designer Garnitur Polster Sofas Neu";"4260454043831";"true";"EAN_DUPLICATE"
"18282";"ChesterfieldTorbay";"Chesterfield Sofa Couch Polster Designer 3 Sitzer Garnitur Sofas Arbeitszimmer";"4260439213624";"true";"EAN_DUPLICATE"
"18307";"ChesterfieldEAST";"Chesterfield Hocker Leder Polster Fußhocker Chaise Ottomane Relax Modern Design";"4260439213358";"true";"EAN_DUPLICATE"
"18314";"ChesterfieldKINGSII";"Weiß Chesterfield Ohrensessel Sessel Couch Relax Polster Designer Couchen";"4260439213501";"true";"EAN_DUPLICATE"
"18321";"ChesterfieldLiverpool";"Grün Chesterfield Ohrensessel Sessel Couch Relax Polster Designer Couchen";"4260439213495";"true";"EAN_DUPLICATE"
"18328";"ChesterfieldDock";"Chesterfield Hocker Leder Polster Fußhocker Chaise Ottomane Relax";"4260439213341";"true";"EAN_DUPLICATE"
"18335";"ChesterfieldCowes";"Chesterfield Ecksofa Sofa Polstergarnitur Sofas Couch Wohnlandschaft";"4260439213631";"true";"EAN_DUPLICATE"
"18570";"221183758724721";"Couchtisch Ledertisch Glastisch Modell Hamburg 120x70cm Diverse Farben";"4260454045415";"true";"EAN_DUPLICATE"
"18731";"2211830110201506";"XXL BIG Wohnlandschaft U Ecksofa Stoff Leder Textil Sofa Couch Polster";"4260439214430";"true";"EAN_DUPLICATE"
"18742";"2211830110201507";"XXL BIG Wohnlandschaft U Form Ecksofa Sofa Couch Polster Garnitur Textil";"4260454043107";"true";"EAN_DUPLICATE"
"19302";"SS30";"PULT STEHPULT REDNERPULT LESEPULT KONFERENZPULT";"4260454040106";"true";"EAN_DUPLICATE"
"19310";"SkornyswiatLAGRAND";"XXL BIG Sofa Couch Chesterfield Polster Leder Textil Stoff Garnitur";"4260454040090";"true";"EAN_DUPLICATE"
"19324";"Skornyswiat26";"Schwarz Velvet Chesterfield Samt Stoff Sofa Couch Polster 3 Sitz Klassische";"4260454040007";"true";"EAN_DUPLICATE"
"19366";"Skornyswiat25";"Klassische Chesterfield Samt Textil Stoff Sofa Couch Polster 3 Sitz Blau velvet";"4260454040014";"true";"EAN_DUPLICATE"
"19384";"Skornyswiat24";"Chesterfield Textil Samt Stoff Sofa Couch Polster 2 Sitz Klassische";"4260454040021";"true";"EAN_DUPLICATE"
"19421";"Skornyswiat22";"Blau Chesterfield Bett Polsterbett Doppelbett Betten Big XXL Designer Luxus Bett";"4260454040045";"true";"EAN_DUPLICATE"
"19446";"Skornyswiat21";"Chesterfield Samt Stoff Textil Sofa Couch Polster 3 Sitz Klassische";"4260454040052";"true";"EAN_DUPLICATE"
"19466";"Skornyswiat20";"Chesterfield Vintage 100% Italienisches Rindsleder Sofa Couch Polster";"4260454040069";"true";"EAN_DUPLICATE"
"19491";"Skornyswiat18";"Chesterfield Hocker Fußhocker Pufa Chaise mit Metallfüßen Vintage";"4260454040076";"true";"EAN_DUPLICATE"
"19500";"Skornyswiat16";"Designer Sessel Muffin Stuhl Polster Chaise Lounge Hocker Stühle";"4260454040083";"true";"EAN_DUPLICATE"
"19556";"Skornyswiat31";"Chesterfield Bürostuhl Drehstuhl Büro Sessel Ledersessel KING";"4260454040205";"true";"EAN_DUPLICATE"
"19580";"Skornyswiat14";"Chesterfield King Size Big Bett Designer Polster Betten Ehebett Lederbett";"4260454040250";"true";"EAN_DUPLICATE"
"19594";"Skornyswiat12";"Chesterfield Sofagarnitur Polster Couch Sofa Garnitur Set 3+2+1 Leder";"4260454040267";"true";"EAN_DUPLICATE"
"19602";"Skornyswiat11";"Ecksofa Sofa Couch Polster Ecke Garnitur Sofas Couchen Ledersofa";"4260454040274";"true";"EAN_DUPLICATE"
"19608";"Skornyswiat10";"Chesterfield Sofagarnitur Polster Couch Sofa Garnitur Set 3+2+1 Textil";"4260454040281";"true";"EAN_DUPLICATE"
"19615";"Skornyswiat9";"Chesterfield Ecksofa Polsterecke Leder Sofa Garnitur Couch Ecke";"4260454040298";"false";"EAN_DUPLICATE"
"19622";"Skornyswiat8";"Chesterfield Big XXL Bett Designer Polsterbett Betten Doppelbett Leder Textil";"4260454040304";"true";"EAN_DUPLICATE"
"19637";"Skornyswiat7";"Chesterfield Sofagarnitur Polster Neu Couch Sofa Garnitur Set 3+1+1";"4260454040311";"true";"EAN_DUPLICATE"
"19645";"Skornyswiat6";"Bett Betten Doppelbett Hotel Polsterbett XXL Wandpolster Bett XXL Ehebett";"4260454040328";"true";"EAN_DUPLICATE"
"19652";"Skornyswiat4";"Chesterfield Big XXL Sofa mit 80cm Sitztiefe Couch Sofa Polster Garnitur 275cm NAPOLI";"4260454040335";"true";"EAN_DUPLICATE"
"19656";"Skornyswiat3";"Chesterfield Sofa Polster Couch Ledersofa Designer Lounge Sofas Neu";"4260454043800";"true";"EAN_DUPLICATE"
"19660";"Skornyswiat2";"Chesterfield XXL Big Bett Designer Polsterbett Betten Doppelbett Leder Textil";"4260454040342";"true";"EAN_DUPLICATE"
"19705";"123934994";"Chestefield Ledersofa Sofagarnitur 100% italienisches Rindsleder Sofa Couch 5tlg";"4260454040410";"true";"EAN_DUPLICATE"
"19706";"123934951";"Sofagarnitur 100% Vollleder Echleder Sofa Couch Polster Garnituren Set";"4260454040403";"true";"EAN_DUPLICATE"
"19708";"123934877";"Chesterfield Sofa Sofagarnitur 100% Vollleder Rindsleder Ledersofa Polster";"4260454043770";"true";"EAN_DUPLICATE"
"19709";"Skornyswiat49";"Couchtisch Tisch Chesterfield Holztisch Ledertisch Tische Neu Farbe";"4260454043787";"true";"EAN_DUPLICATE"
"19713";"Skornyswiat48";"Chesterfield Hocker Pouf Fußhocker Beistellhocker Designer Polster";"4260454043794";"true";"EAN_DUPLICATE"
"19880";"Skornyswiat47";"Fußhocker Hocker Chesterfield Ottoman Pufa Fußablage Polster Leder";"4260454040632";"true";"EAN_DUPLICATE"
"19887";"Skornyswiat46";"Ledersofa Sofa Chesterfield Oxford Vintage 100% Vollleder Italy Leder";"4260454040649";"true";"EAN_DUPLICATE"
"19891";"Skornyswiat45";"Fußhocker Hocker Chesterfield Ottoman Pufa Fußablage Polster Vollleder";"4260454040656";"true";"EAN_DUPLICATE"
"19895";"Skornyswiat44";"XXL Chesterfield Sofa 400cm für 7 Personen Couch Polster Garnitur";"4260454040663";"true";"EAN_DUPLICATE"
"20620";"Skornyswiat43";"Chesterfield Sofa Couch Polster Textil Stoff 3er Garnitur Designer Sofas";"4260454040694";"true";"EAN_DUPLICATE"
"20636";"Skornyswiat41";"Chesterfield Ecksofa Sofa Polster Ecke Wohnlandschaft Garnitur Textil";"4260454040717";"true";"EAN_DUPLICATE"
"20705";"NordMebelBerlin2016";"XXL Big Designer Sofa Couch Polster Eck Garnitur Wohnlandschaft Ledersofa";"4260454041509";"true";"EAN_DUPLICATE"
"20755";"Super-SofaLeMansU-FormKNB";"Designer Wohnlandschaft Eckcouch Couch Sofa Polster Garnitur Ledersofa";"4260454041585";"true";"EAN_DUPLICATE"
"20805";"Super-SofaBerlinVITextilSofaNBK";"Designer XXL Wohnlandschaft Sofa Couch Polster Garnitur Ecksofa";"4260454041578";"true";"EAN_DUPLICATE"
"20825";"Super-SofaBerlinVILederSofaNBK";"Designer Wohnlandschaft Eckcouch Couch Sofa Polster Ledersofa Sofas Berlin VI";"4260454041561";"true";"EAN_DUPLICATE"
"20874";"Super-SofaLeMansIIKNB";"Designer Wohnlandschaft Eckcouch Neu Couch Sofa Polster Ledersofa Sofas";"4260454041554";"true";"EAN_DUPLICATE"
"20925";"Super-SofaBerlinIITextilNBK";"Designer Garnitur Wohnlandschaft Polster Ledersofa Eckcouch Sofa Couch";"4260454041530";"true";"EAN_DUPLICATE"
"20948";"Super-SofaBerlinIILederNBK";"Designer Garnitur Wohnlandschaft Eckcouch Couch Sofa Polster Ledersofa";"4260454041547";"true";"EAN_DUPLICATE"
"20997";"Super-SofaBerlinIIIKNBTextil";"Sofa Designer Wohnlandschaft U-Form Couch Ecksofa Polster Garnitur";"4260454041219";"true";"EAN_DUPLICATE"
"21020";"Super-SofaVigoU-FormNBK";"Designer Wohnlandschaft Couch Sofa Polster Eckcouch Garnitur Ledersofa Vigo";"4260454041523";"true";"EAN_DUPLICATE"
"21070";"Super-SofaU-FormSofaRonaldoLederNBK";"Designer Wohnlandschaft Couch Sofa Polster Eckcouch Garnitur Ledersofa";"4260454043091";"true";"EAN_DUPLICATE"
"21121";"Super-SofaRonaldoMaxU-FormNB";"Wohnlandschaft Sofa Stoff Textil Couch Polster Ecke Ecksofa Garnitur Leder";"4260454041189";"true";"EAN_DUPLICATE"
"21174";"Super-SofaRonaldoNBL-FormLeder";"Wohnlandschaft Sofa Couch Polster Ecke Ecksofa Garnitur Textil Stoff Leder";"4260454041141";"true";"EAN_DUPLICATE"
"21224";"Super-SofaRonaldMiniNB";"Designer Ecksofa Leder Textil Polster Garnitur Sofa Couch Wohnlandschaft";"4260454041158";"true";"EAN_DUPLICATE"
"21278";"Super-SofaHamburgAngelU-FormNB";"Wohnlandschaft Sofa Polster Couch Ecke Ecksofa Garnitur Textil Stoff Leder";"4260454041165";"true";"EAN_DUPLICATE"
"21329";"Super-SofaHamburgAngelMaxU-FormNB";"Designer Ecksofa Polster Wohnlandschaft U-Form Couch Garnitur Eckgarnitur";"4260454041172";"true";"EAN_DUPLICATE"
"21380";"Super-SofaHamburgIIAngelLNB";"Ledersofa Eckcouch Sofa Couch Poster Eckgarnitur Sofas Stoff Leder";"4260454041196";"true";"EAN_DUPLICATE"
"21433";"Super-SofaHAMBURGVINB-AngelK";"Ecksofa Wohnlandschaft Sofa Couch Eck Garnitur Leder Textil Stoff Hamburg";"4260454041028";"true";"EAN_DUPLICATE"
"21487";"Super-SofaMadagaskarNB";"Designer Sofa Ecksofa Leder Stoff Textil Polster Garnitur Wohnlandschaft Neu";"4260454041035";"true";"EAN_DUPLICATE"
"21539";"Super-SofaMadagaskarMaxNB";"Designer Sofa Ecksofa Leder Stoff Textil Polster Garnitur Wohnlandschaft";"4260454041042";"true";"EAN_DUPLICATE"
"21591";"Super-SofaMadagaskarIINB";"Designer Sofa Couch Ecksofa Leder Stoff Textil Polster Garnitur";"4260454041059";"true";"EAN_DUPLICATE"
"21642";"Super-SofaMadagaskarL-FormNB";"Designer Sofa Couch Textil Polster Garnitur Ecksofa Leder Wohnlandschaft";"4260454041066";"true";"EAN_DUPLICATE"
"21695";"2211833012201503";"Chesterfield Designer Sofa 2 Sitz Garnitur Polster Couch Textil Stoff Lagerware mit";"4260454041226";"true";"EAN_DUPLICATE"
"21898";"SkornyswiatNapoliMIXTEXTILKUNSTLEDERSS";"Chesterfield Ecksofa Sofa Polstergarnitur Couch Wohnlandschaft Textil";"4260454040922";"true";"EAN_DUPLICATE"
"21904";"SkornyswiatWILLIAMIISS";"Chesterfield William Couch Sofa Polster 3 Sitz Klassische Couchen";"4260454040939";"true";"EAN_DUPLICATE"
"21908";"SkornyswiatChesterfieldA5SS311";"Chesterfield Sofagarnitur Garnitur Couch Poster Sofa Couchen Ledersofa";"4260454040960";"true";"EAN_DUPLICATE"
"21915";"Skornyswiat321SS36";"Chesterfield Ledersofa Textil Leder Garnitur Polster Couch 3+2+1";"4260454041073";"true";"EAN_DUPLICATE"
"21925";"SkornyswiatKonigsbergU-FormS34SS";"Chesterfield Wohnlandschaft Couch Polster Leder Sofa U-Form Big XXL";"4260454041097";"true";"EAN_DUPLICATE"
"21932";"SkornyswiatEcksofaChesterfieldSS33";"Ledersofa Sofa Couch Chesterfield Poster Eckgarnitur Eckcouch Sofas";"4260454041103";"true";"EAN_DUPLICATE"
"21938";"SkornyswiatSS32";"Wohnlandschaft Chesterfield Ecksofa Sofa Couch Polster Garnitur Leder Textil";"4260454041110";"true";"EAN_DUPLICATE"
"22168";"124854767";"Big Couch Sofa Wohnlandschaft Polster Eck Leder Sofa Garnitur Couchen Bergamo V";"4260454041400";"true";"EAN_DUPLICATE"
"22208";"124854372";"XXL Big Wohnlandschaft Sofa Couch WOHNZIMMER Polster Eck Leder Sofa Garnitur";"4260454041301";"true";"EAN_DUPLICATE"
"22248";"124853266";"XXL Big Wohnlandschaft Sofa Couch Polster Eck Leder Sofa Garnitur";"4260454041417";"true";"EAN_DUPLICATE"
"22456";"NordMebel124928951";"Wohnlandschaft Ecksofa Hamburg U Form Sofa Couch Polster Sitz Garnitur";"4260454041295";"true";"EAN_DUPLICATE"
"22473";"2211831901201607";"Fußkocker Chesterfield Hocker Pufa Bestellhocker Ottoman";"4260454041592";"true";"EAN_DUPLICATE"
"22592";"4260454041721";"Designer Chesterfield XXL Wohnlandschaft Kristalle Textil Leder Sofa";"4260454041721";"true";"EAN_DUPLICATE"
"22743";"4260454041851";"Continental Boxspring Hoch Doppel Bett Betten Polster Leder Textil Bett Neu";"4062292100932";"true";"EAN_DUPLICATE"
"22999";"127313746BettMax5";"Doppelbett Bett Betten Polster Kunst Leder Schlafzimmer Ehebett Bettkasten";"4260454045828";"true";"EAN_DUPLICATE"
"23112";"127303356Chesterfield3SitzerRobertII";"Chesterfield Möbel Sofa XXL Polster Sofas Couch Garnitur Leder Textil Stoff";"4260454045767";"true";"EAN_DUPLICATE"
"23128";"127301589ChesterfieldQueenNo25SS";"Chesterfield Ohrensessel Sessel Queen Antik Look Couch Polster Fernseh";"4260454045743";"true";"EAN_DUPLICATE"
"23135";"127300810Chesterfield3Napoli";"Chesterfield Designer Sofa Couch Polster Garnitur 3 Sitzer Napoli Sofas";"4260454045736";"true";"EAN_DUPLICATE"
"23182";"2211830605201614";"Chesterfield Sofa Couch Ledersofa 2 Sitzer Polster Garnitur William III";"4067282804500";"true";"EAN_DUPLICATE"
"23188";"2211830605201617";"Chesterfield Big XXL Sofagarnitur Polster Set Couch Sofa Garnitur";"4067282804517";"true";"EAN_DUPLICATE"
"23191";"211832806201601555";"Ledersofa Ecksofa Pisa Wohnlandschaft Couch Sofa L-Form BETA Couchen";"4260439210166";"true";"EAN_DUPLICATE"
"23235";"2211832906201602";"Ecksofa Wohnzimmer Leder Stoff Kasten&Bett Polster Couch Sofa Ecke Garnitur";"4260174429731";"true";"EAN_DUPLICATE"
"23279";"128868732WTSB8009";"Designer Couchtisch Polster Tisch Leder Glas Moderner Tische Glastische 8009";"4260484864581";"true";"EAN_DUPLICATE"
"23361";"128654865WT219EinsteinA";"Wohnlandschaft Ecksofa Polster Couch Sofa Eck Garnitur Multifunktion XXL";"4260484863010";"true";"EAN_DUPLICATE"
"23405";"128658018WT219EinsteinB";"Wohnlandschaft Ecksofa Polster Couch Sofa Eck Garnitur Multifunktion Big";"4260484863027";"true";"EAN_DUPLICATE"
"23449";"128668934WT219EinsteinC";"Wohnlandschaft Designer Eck Couch Sofa Polster XXL Garnitur Big Sofas";"4260484863034";"true";"EAN_DUPLICATE"
"23539";"2680BellenbergC36223307";"Ecksofa Eck Sofa Couch Polster Wohnlandschaft Chaiselounge Leder Garnitur";"4260454041271";"true";"EAN_DUPLICATE"
"23583";"2680BellenbergB123916429";"Ecksofa Eck Sofa Couch Polster Leder Garnitur Wohnlandschaft Chaiselounge";"4260454044784";"true";"EAN_DUPLICATE"
"23713";"128674453WT2674WiesA";"Ecksofa Eck Sofa Garnitur Couch Polster Leder Wohnlandschaft Chaiselounge";"4260484863041";"true";"EAN_DUPLICATE"
"23897";"128675982WT2674WiesC";"Wohnlandschaft Weiß Schwarz Sofa Polster Ecke Couch Garnitur Landschaft Leder";"4260484863065";"true";"EAN_DUPLICATE"
"23988";"129098679BenixAsti";"Ecksofa Wohnlandschaft Polster mit Bettfunktion Sofa Ecksofa Couch Ecke";"4260484866752";"true";"EAN_DUPLICATE"
"24034";"129100704BenixLagos";"Ecksofa mit Bettfunktion Wohnlandschaft Sofa Ecksofa Couch Ecke Polster";"4260484866806";"true";"EAN_DUPLICATE"
"24052";"129101216BenixLoretto";"3 Sitz Sofa Couch Textil Polster Stoff Garnitur Schlafsofa Bettfunktion Neu";"4260484866820";"true";"EAN_DUPLICATE"
"24059";"129101246BenixMartina";"3 Sitz Sofa Couch Textil Polster Stoff Garnitur BEttfunktion Schlafsofa Neu";"4260484866837";"true";"EAN_DUPLICATE"
"24078";"129102596BenixPanama";"Ecksofa Wohnlandschaft + Bettfunktion Sofa Ecksofa Couch Ecke Polster";"4260484866868";"true";"EAN_DUPLICATE"
"24088";"129106107BenixPiano";"Ecksofa Wohnlandschaft Sofa mit Bettfunktion Ecksofa Couch Ecke Polster";"4260484866875";"true";"EAN_DUPLICATE"
"24097";"129106133BenixPlay";"Ecksofa Wohnlandschaft Stoff Textil Sofa Ecksofa Couch Ecke Polster Garnitur";"4260484866882";"true";"EAN_DUPLICATE"
"24560";"128701749WT2710BernA";"Wohnlandschaft Polster Ecke Orange Eck Sofa Couch Garnitur Landschaft Leder";"4260484863171";"true";"EAN_DUPLICATE"
"24601";"128702064WT2710BernB";"Wohnlandschaft Polster Ecke Eck Sofa Landschaft Leder Couch Garnitur Modern";"4260484863072";"true";"EAN_DUPLICATE"
"24683";"128702086WT2711WinterthurB";"Wohnlandschaft Polster Landschaft Leder Ecke Eck Sofa Couch Garnitur Modern";"4260484863201";"true";"EAN_DUPLICATE"
"24726";"128702198WT2711WinterthurC";"Wohnlandschaft Sofa Couch Modern Garnitur Landschaft Polster Ecke Eck Leder";"4260484863218";"true";"EAN_DUPLICATE"
"24769";"128702207WT2711WinterthurD";"Modern Wohnlandschaft Polster Ecke Sofa Couch Garnitur Eck Landschaft Leder";"4260484863225";"true";"EAN_DUPLICATE"
"24806";"128702209WT2719JenaA";"Sofagarnitur Ledersofa 3+2 Polster Couch Sofa Set Garnitur + Hocker Sofas";"4260484863232";"true";"EAN_DUPLICATE"
"24843";"128702450WT2719JenaB";"Wohnlandschaft Schwarz Polster Eck Sofa Couch Modern Garnitur Landschaft Leder";"4260484863249";"true";"EAN_DUPLICATE"
"24882";"128702894WT2719JenaC";"Wohnlandschaft Polster Ecke Schwarz Eck Garnitur Landschaft Sofa Couch Leder";"4260484863256";"true";"EAN_DUPLICATE"
"24921";"128702895WT2719JenaD";"Wohnlandschaft Polster Ecke Eck Sofa Couch Garnitur Landschaft Leder Neu 2719D";"4260484863263";"true";"EAN_DUPLICATE"
"24964";"128702898WT2723Dittfurt";"Wohnlandschaft Polster Ecke Eck Sofa Couch Braun Garnitur Landschaft Leder";"4260484863270";"true";"EAN_DUPLICATE"
"25007";"128702906WT2723DittfurtB";"Wohnlandschaft Polster Ecke Eck Sofa Couch Weiß Garnitur Landschaft Leder";"4260484863287";"true";"EAN_DUPLICATE"
"25048";"128702948WT2724TrierA";"Wohnlandschaft Polster Eck Sofa Couch Schwarz Weiß Garnitur Landschaft Leder";"4260484863294";"true";"EAN_DUPLICATE"
"25091";"128703004WT2724TrierB";"Wohnlandschaft Polster Ecke Eck Sofa Couch Garnitur Landschaft Schwarz Leder";"4260484863300";"true";"EAN_DUPLICATE"
"25134";"128731118WT2725LausanneA";"Wohnlandschaft Polster Ecke Eck Sofa Couch Garnitur Landschaft Leder Neu 2725A";"4260484863317";"true";"EAN_DUPLICATE"
"25177";"128731443WT2725LausanneB";"Wohnlandschaft Polster Ecke Eck Rot Sofa Couch Garnitur Landschaft Leder";"4260484863324";"true";"EAN_DUPLICATE"
"25222";"128732155WT2725LausanneC";"Wohnlandschaft Couch Garnitur Landschaft Leder Polster Ecke Eck Sofa Schwarz";"4260484863331";"true";"EAN_DUPLICATE"
"25267";"128732476WT348Brest";"Wohnlandschaft Polster Ecke Eck Sofa Couch Beige Garnitur Landschaft Leder";"4260484863348";"true";"EAN_DUPLICATE"
"25308";"128733483WT842Julia";"Wohnlandschaft Braun beige Polster Ecke Eck Sofa Couch Garnitur Landschaft Leder";"4260484863355";"true";"EAN_DUPLICATE"
"25351";"128733942WTAlfredA";"Wohnlandschaft Polster Ecke Eck Sofa Couch Garnitur Landschaft Leder Neu Alfred A";"4260484863072";"true";"EAN_DUPLICATE"
"25394";"128736413WTAlfredB";"Wohnlandschaft Polster Ecke Garnitur Landschaft Eck Sofa Couch Leder Schwarz";"4260484863379";"true";"EAN_DUPLICATE"
"25437";"2211831807201601";"Designer Sofa Couch Polster XXL Big Sofas mit Kristallsteinen Couchen";"4260174421049";"true";"EAN_DUPLICATE"
"25446";"128743087WTALFREDC";"Wohnlandschaft Couch Garnitur Landschaft Polster Ecke Eck Sofa Leder Schwarz";"4260484863386";"true";"EAN_DUPLICATE"
"25489";"128743684WTAlfredD";"Wohnlandschaft Sofa Couch Sofagarnitur Polster Garnitur Leder AlfredD";"4260484863393";"true";"EAN_DUPLICATE"
"25526";"128744883WTBS217Similar";"Wohnlandschaft Polster Ecke Modern Eck Sofa Couch Garnitur Landschaft Leder";"4260484863409";"true";"EAN_DUPLICATE"
"25571";"128745641WTCornol";"Wohnlandschaft Polster Ecke Eck Sofa Couch Garnitur Landschaft Leder Neu Cornol";"4260484863416";"true";"EAN_DUPLICATE"
"25903";"128748995WTDetmoldA";"Wohnlandschaft Polster Sofagarnitur Sofa Couch Garnitur Landschaft Leder";"4260484863492";"true";"EAN_DUPLICATE"
"25945";"128749462WTDetmoldB";"Wohnlandschaft Polster Ecke Rot Schwarz Eck Sofa Couch Garnitur Landschaft Leder";"4260484863508";"true";"EAN_DUPLICATE"
"25988";"128749543WTH2210";"Wohnlandschaft Polster Ecke Eck Sofa Couch Leder Garnitur Landschaft Leder H2210";"4260484863515";"true";"EAN_DUPLICATE"
"26031";"128750817WTH2211";"Wohnlandschaft Polster Ecke Eck Sofa Couch Leder Garnitur Landschaft Leder H2211";"4260484863522";"true";"EAN_DUPLICATE"
"26074";"128751210WTH2211B";"Wohnlandschaft Polster Ecke Eck Sofa Couch Leder Garnitur Landschaft";"4260484863539";"true";"EAN_DUPLICATE"
"26117";"39694056LeMansSimilar";"Ecksofa Wohnlandschaft Couch Polster L Form Garnitur Eck Couchen XXL";"4260454040366";"true";"EAN_DUPLICATE"
"26246";"128752887WTPH2030Similar";"Wohnlandschaft Polster Ecke Schwarz Modern Sofa Couch Garnitur Landschaft Leder";"4260484863577";"true";"EAN_DUPLICATE"
"26291";"128753750WTPH2673Ehingen";"Wohnlandschaft Polster Ecke Eck Sofa Schwarz Weiß Garnitur Landschaft Leder";"4260484863584";"true";"EAN_DUPLICATE"
"26457";"128754839WTPH739LuganA";"Wohnlandschaft Polster Ecke Rot Modern Sofa Couch Garnitur Landschaft Leder";"4260484863621";"true";"EAN_DUPLICATE"
"26498";"128755571WTPH739LuganB";"Wohnlandschaft Polster Ecke Eck Sofa Couch Garnitur Landschaft Modern Rot Leder";"4260484863638";"true";"EAN_DUPLICATE"
"26541";"128756159WTPH739LuganC";"Schwarz Wohnlandschaft Polster Ecke Eck Sofa Couch Garnitur Landschaft Leder";"4260484863645";"true";"EAN_DUPLICATE"
"26627";"128767927WTTrier2";"Wohnlandschaft Polster Ecke Eck Landschaft Leder Sofa Couch Garnitur Modern";"4260484863669";"true";"EAN_DUPLICATE"
"26672";"128768725WTV015A";"Wohnlandschaft Polster Ecke Eck Orange Sofa Couch Garnitur Landschaft Leder";"4260484863676";"true";"EAN_DUPLICATE"
"26715";"128769911WTV015B";"Wohnlandschaft Polster Ecke Sofa Couch Modern Orange Garnitur Landschaft Leder";"4260484863683";"true";"EAN_DUPLICATE"
"26756";"128770042WTV015C";"Wohnlandschaft Schwarz Polster Ecke Eck Garnitur Sofa Couch Landschaft Leder";"4260439210494";"true";"EAN_DUPLICATE"
"26801";"128771254WTWetzlarA";"Wohnlandschaft Polster Ecke Eck Sofa Couch Garnitur Landschaft Leder WetzlarA";"4260484863706";"true";"EAN_DUPLICATE"
"26850";"128772197WTWetzlarB";"Wohnlandschaft Polster Couch Garnitur Landschaft Leder Ecke Eck Sofa Schwarz";"4260439210494";"true";"EAN_DUPLICATE"
"26895";"128773920WTWetzlarC";"Wohnlandschaft Garnitur Landschaft Polster Ecke Eck Sofa Couch Schwarz Leder";"4260484863720";"true";"EAN_DUPLICATE"
"27403";"128796352WT1094";"Sofagarnitur Couch Polster Sofa Set 3+1+1 Leder Couchen Sofas Komplett 1094";"4260484863911";"true";"EAN_DUPLICATE"
"27440";"128796378WT1103";"Wohnlandschaft Sofa Couch Ecksofa Eckcouch Polster Garnitur Eck Ecke";"4260484863928";"true";"EAN_DUPLICATE"
"27518";"128797291ColoIII";"Wohnlandschaft Sofa Couch Ecksofa Eckcouch Polster Garnitur Eck Modern Ecke";"4260484863942";"true";"EAN_DUPLICATE"
"27670";"128797406WT1669";"Lounge Liege Ottomane Polster Sofa Büro Relax Leder Chaiselongues Neu 1669";"4260484863973";"true";"EAN_DUPLICATE"
"27745";"128797724WT1672";"Lounge Liege Ottomane Polster Sofa Büro Relax Leder Chaiselongues Neu 1672";"4260484863997";"true";"EAN_DUPLICATE"
"27860";"128798441WT2705";"Sofagarnitur Couch Leder Couchen Sofas Polster Sofa Set 3+1+1 Komplett";"4260484864024";"true";"EAN_DUPLICATE"
"28067";"128798810WT3371";"Wohnlandschaft Schwarz Sofa Couch Polster Garnitur Eck Ecke Ecksofa Eckcouch";"4260484864079";"true";"EAN_DUPLICATE"
"28112";"128798824WT4733";"Designer Leder Chaiselongues Liege Ottomane Sofa Echtes Leder Relax";"4260484864086";"true";"EAN_DUPLICATE"
"28356";"128800338WT4757";"XXL Chesterfield Rundbett Bett Betten Rundes Bett Leder Polster Ehe Designer";"4260484864147";"true";"EAN_DUPLICATE"
"28393";"128800340WT4761";"XXL Doppelbett Lederbett Bett Betten Leder Leder Polster Ehe Designer Neu 4761";"4260484864154";"true";"EAN_DUPLICATE"
"28638";"128800385WT4777";"XXL Chesterfield Lederbett Bett Betten Leder Schlafzimmer Polster Ehe Designer";"4260484864208";"true";"EAN_DUPLICATE"
"28685";"128800393WT4787";"XXL Chesterfield Lederbett Bett Betten Polster Ehe Designer Leder Modern";"4260484864215";"true";"EAN_DUPLICATE"
"28822";"128800431WT4795";"XXL Chesterfield Lederbett Weiß Betten Polster Ehe Designer Leder Modern";"4260484864246";"true";"EAN_DUPLICATE"
"29279";"128823295NordMebelStuttgartNEWNB";"XXL Wohnlandschaft Couch Sofa Polster Garnitur Groß Leder Textil Stoff";"4260484864383";"true";"EAN_DUPLICATE"
"29788";"128833508WTHamburgSBA1A";"Designer Couchtisch Polster Tisch Leder Glas Moderner Tisch Glastische Hamburg";"4260484864505";"true";"EAN_DUPLICATE"
"29839";"128833637WTKelcherUForm";"Wohnlandschaft Polster Garnitur Landschaft Leder Schwarz Ecke Eck Sofa Couch";"4260484864512";"true";"EAN_DUPLICATE"
"29908";"128847209WTSB26";"Designer Couchtisch Polster Tisch Leder Glas Moderner Tische Glastische";"4260484864536";"true";"EAN_DUPLICATE"
"29978";"128868614WTSB6108";"Designer Couchtisch Polster Tisch Leder Glas Moderner Tische Glastische 6108";"4260484864567";"true";"EAN_DUPLICATE"
"30013";"128868670WTSB775";"Designer Couchtisch Polster Tisch Leder Glas Moderner Tische Glastische SB775";"4062292490996";"true";"EAN_DUPLICATE"
"30048";"128869635WTTV3009";"RTV TV Sideboard Leder Glas Tisch Fernseh Schrank Tisch Designer Neu Glas 3009";"4260484864598";"true";"EAN_DUPLICATE"
"30083";"128882780WTTV403";"RTV TV Sideboard Leder Glas Tisch Fernseh Schrank Tisch Designer Neu";"4260484864604";"true";"EAN_DUPLICATE"
"30118";"128883187WTTV6108";"RTV TV Sideboard Leder Glas Tisch Fernseh Schrank Tisch Designer Neu Glas 6108";"4260484864611";"true";"EAN_DUPLICATE"
"30153";"128884298WTWiblingenH2218";"Wohnlandschaft Polster Ecke Eck Sofa Couch Garnitur Landschaft Leder Neu H2218";"4260484864628";"true";"EAN_DUPLICATE"
"30194";"128889013WT5102";"Wohnlandschaft Sofa Couch Ecksofa Eckcouch Polster Garnitur Eck Ecke Sofas 5102";"4260484864635";"true";"EAN_DUPLICATE"
"30315";"128896511NBCharly541Textil";"Chesterfield Big XXL Sofagarnitur Polster Set Couch Sofa Garnitur 5+4+1";"4260484864741";"true";"EAN_DUPLICATE"
"30495";"128927124WTT777";"Sofagarnitur Couch Polster Sofa Set 3+2+1 Leder Couchen Sofas Komplett";"4260484865267";"true";"EAN_DUPLICATE"
"30544";"128940705RochesterRC2";"Chesterfield Sofagarnitur 3+2+1 Echtes Leder Set Garnitur Sofa Polster";"4260484865281";"true";"EAN_DUPLICATE"
"30545";"128954458ChaiseloungeRC3";"Chesterfield Chaiselongues Liege Ottomane Sofa Echtes Leder Relax";"4260484865298";"true";"EAN_DUPLICATE"
"30546";"128955990Forrest321WTRC4";"Chesterfield Sofagarnitur 3+2+1 Set Garnitur Sofa Polster Couch Echtes";"4260484865304";"true";"EAN_DUPLICATE"
"30547";"128956843RochesterLiverpool32WTRC5";"Chesterfield Sofagarnitur 3+2 Set Garnitur Sofa Polster Couch Echtes";"4260484865311";"true";"EAN_DUPLICATE"
"30549";"128959904Chesterfield321ArlingtonWTRC7";"Chesterfield Vollleder 3+2+1 Sofagarnitur Couch Polster Sitz Garnitur Arlington";"4260484865335";"true";"EAN_DUPLICATE"
"30551";"128960250Liverpool321RochesterWTWC11";"Sofagarnitur 3+2+1 Chesterfield Couch Sofa Polster Garnitur Italienische";"4260484865359";"true";"EAN_DUPLICATE"
"30552";"128960527RochesterWTWC12";"Chesterfield Sofagarnitur 3+2+1 Couch Sofa Polster Garnitur Italienische";"4260484865366";"true";"EAN_DUPLICATE"
"30555";"128973349RochesterOhrensesselAscotWingWTWC15";"Chesterfield Ohrensessel Sessel Polster Fernseh Büro Couch 100% Echtes";"4260484865397";"true";"EAN_DUPLICATE"
"30656";"129387484WT9230";"Chesterfield Doppeltbett XXL Big Ehe Bettt Betten Polsterbett Designer";"4260484867643";"true";"EAN_DUPLICATE"
"31679";"129881162WTS-9056";"Chesterfield Doppelbett Designer Polster Doppel Ehe Bett Betten XXL";"4260484868589";"true";"EAN_DUPLICATE"
"34571";"129933289WTS-9178B";"Chesterfield Polster Doppel Ehe Betten Modernes Designer Bett Leder";"4260484869180";"true";"EAN_DUPLICATE"
"34715";"129934136WTS-9189";"Chesterfield Designer Ehe Italienisches Bett Doppel Betten Leder Textil";"4260484869210";"true";"EAN_DUPLICATE"
"34771";"2211832508201604";"Sofagarnitur Ledersofa Sofa Couch Polster Leder Chesterfield Charly";"4067282805217";"true";"EAN_DUPLICATE"
"34778";"130120642TarankoFlorenzFL-W3";"Klassische Vitrine Kommoden Vitrinen Vitrinenschrank Schrank Glasschrank FL-W3";"4260484869548";"true";"EAN_DUPLICATE"
"34779";"130120688TarankoFlorenzFL-W3G";"Klassische Vitrine Kommoden Vitrinen Vitrinenschrank Schrank Glasschrank Bücher FL-W3G";"4260484869555";"true";"EAN_DUPLICATE"
"34780";"130120694TarankoFlorenzFL-W2";"Klassische Vitrine Kommoden Vitrinen Vitrinenschrank Schrank Glasschrank FL-W2";"4260484869562";"true";"EAN_DUPLICATE"
"34781";"130120699TarankoFlorenzFL-W1";"Klassische Vitrine Kommoden Vitrinen Vitrinenschrank Schrank Glasschrank FL-W1";"4260484869579";"true";"EAN_DUPLICATE"
"34782";"130120705TarankoFlorenzFL-WN";"Klassische Vitrine Kommoden Vitrinen Vitrinenschrank Schrank Glasschrank Bücher FL-WN";"4260484869586";"true";"EAN_DUPLICATE"
"34784";"130120712TarankoFlorenzFL-K4";"Klassische Kommode Vitrine Kommoden Vitrinenschrank Kommodenschrank FL-K4";"4260484869609";"true";"EAN_DUPLICATE"
"34785";"130121332TarankoFlorenzFL-KBsz";"Klassische Kommode Vitrine Kommoden Vitrinenschrank Kommodenschrank FL-KBsz";"4260484869616";"true";"EAN_DUPLICATE"
"34786";"130121333TarankoFlorenzFL-KB";"Klassische Kommode Vitrine Kommoden Vitrinenschrank Kommodenschrank FL-KB";"4260484869623";"true";"EAN_DUPLICATE"
"34788";"130121338TarankoFlorenzFL-K3";"Klassische Kommode Vitrine Kommoden Vitrinenschrank Kommodenschrank FL-K3";"4260484869678";"true";"EAN_DUPLICATE"
"34789";"130121339TarankoFlorenzFL-K2";"Klassische Kommode Vitrine Kommoden Vitrinen Kommodenschrank Schrank FL-K2";"4260484869685";"true";"EAN_DUPLICATE"
"34790";"130121340TarankoFlorenzFL-K2A";"Klassische Kommode Vitrine Kommoden Vitrinen Kommodenschrank Schrank FL-K2A";"4260484869692";"true";"EAN_DUPLICATE"
"34791";"130121341TarankoFlorenzFL-RTVD";"TV Lowboard Board Schrank Fernsehtisch Unterschank RTV Fernsehschrank FL-RTVD";"4260484869708";"true";"EAN_DUPLICATE"
"34792";"130121342TarankoFlorenzFL-RTV";"TV Lowboard Board Schrank Fernsehtisch Unterschank RTV Fernsehschrank FL-RTV";"4260484869715";"true";"EAN_DUPLICATE"
"34793";"130129485TarankoFlorenzFL-S1";"Großer Tisch Esstisch Holztisch Konferenztisch Ausziehbar 290cm Model FL-S1";"4260484869722";"true";"EAN_DUPLICATE"
"34794";"130129729TarankoFlorenzFL-S2";"Großer Tisch Esstisch Holztisch Konferenztisch Ausziehbar 190cm Model FL-S2";"4260484869739";"true";"EAN_DUPLICATE"
"34795";"130129975TarankoFlorenzFL-S3";"Klassische Schreibtisch Büromöbel Tisch Büro Chef Schreibtische Echtholz";"4260484869746";"true";"EAN_DUPLICATE"
"34796";"130146155TarankoFlorenzFL-D4";"Klassischer Schrank Kleiderschrank Massiv Landhaus Großer Spiegelschrank FL-D4";"4260484869760";"true";"EAN_DUPLICATE"
"34797";"130146906TarankoFlorenzFL-D3";"Klassischer Schrank Kleiderschrank Massiv Landhaus Großer Spiegelschrank FL-D3";"4260484869777";"true";"EAN_DUPLICATE"
"34798";"130147060TarankoFlorenzFL-D2";"Klassische Schränke Schrank Schrankwand Kleiderschrank Holzschrank - Model FL-D2";"4260484869784";"true";"EAN_DUPLICATE"
"34800";"130148017TarankoFlorenzFL-B1";"Klassisches Schlafzimmer Betten Ehebett Doppelbett Holzbett Landhaus - Model";"4260484869821";"true";"EAN_DUPLICATE"
"34802";"130182098TarankoFlorenzFL-3Siz";"Chippendale Sofa 3 Sitzer Landhaus Stoffsofa mit Holz Designer Garnitur";"4260484869975";"true";"EAN_DUPLICATE"
"34803";"130182182TarankoFlorenzFL-2Siz";"Chippendale Sofa 2 Sitzer Landhaus Stoffsofa mit Holz Designer Garnitur";"4260484869982";"true";"EAN_DUPLICATE"
"34827";"2211832409201601";"7,02m² 26Stk. Wandverkleidung Paneelen Gepolsterte Verkleidung";"4067282805187";"true";"EAN_DUPLICATE"
"34865";"130825849TarankoMilanoMI-B";"Spiegel Holzrahmen Großer Wandspiegel Klassischer Designer Spiegel Decorative";"4260499871253";"true";"EAN_DUPLICATE"
"34873";"130259669TarankoComoKrzesloU3";"Französischer Designer Gepolster Stuhl Stühle Polster Sofa Klassische Neu";"4260484862785";"true";"EAN_DUPLICATE"
"34874";"130259668TarankoComoKrzesloU2";"Klassischer Designer Polster Weiß Stuhl Gepolstert Stühle Textil Leder Stoff";"4260484862778";"true";"EAN_DUPLICATE"
"34875";"130259667TarankoComoKrzesloU1";"Klassischer Designer Polster Stuhl Gepolstert Stühle Textil Leder Stoff";"4260484862761";"true";"EAN_DUPLICATE"
"34876";"130259641TarankoComoCMSZNszafkanocna";"Nachtkonsole Nachttisch Tische Beistell Tisch Nachttische Schlafzimmer";"4260484862723";"true";"EAN_DUPLICATE"
"34877";"130259388TarankoComoCMS4stolik";"Nachttisch Nachtkonsole Tisch Beistell Tische Nachtkonsolen Schlafzimmer";"4260484862679";"true";"EAN_DUPLICATE"
"34878";"130259381TarankoComoCM-S2stol";"Großer Tisch Esstisch Holztisch Konferenztisch 150 x 90cm Ausziehbar";"4260484862655";"true";"EAN_DUPLICATE"
"34879";"130241998TarankoComoCM-RTVDstolik";"TV Lowboard Kommode Wohnzimmer Fernsehtisch Board Schrank Unterschank RTV";"4260484862594";"true";"EAN_DUPLICATE"
"34880";"130233166TarankoComoCM-K2komodaPL";"Klassische Kommode Schubladenschrank Schublade Kommoden Kommodenschrank";"4260484862587";"true";"EAN_DUPLICATE"
"34881";"130233156TarankoComoCM-K3komoda";"Sideboard Anrichte Modern Kommode Vitrine Kommoden Vitrinen Kommodenschrank";"4260484862570";"true";"EAN_DUPLICATE"
"34882";"130233155TarankoComoCM-W34PLwitryna";"Modern Kommode Vitrine Kommoden Vitrinen Kommodenschrank Schrank Beleuchtung";"4260484862563";"true";"EAN_DUPLICATE"
"34883";"130233154TarankoComoCM-W12APLwitryna";"Klassische Schrank Bücherschrank Bücherregal Vitrine Vitrinenschrank CM-W1/2A";"4260484862556";"true";"EAN_DUPLICATE"
"34884";"130233088TarankoTorinoTO-S2";"Klassischer Couchtisch Holztisch Beistelltisch Tische Wohnzimmer Neu Model TO-S2";"4260484862501";"true";"EAN_DUPLICATE"
"34885";"130194675TarankoTorinoTO-K2sz";"Modern Esszimmer Kommode Vitrine Kommoden Vitrinen Kommodenschrank Schrank";"4260484862457";"true";"EAN_DUPLICATE"
"34886";"130194674TarankoTorinoTO-K3sz";"Modern Sideboard Kommode Vitrine Kommoden Vitrinen Kommodenschrank Schrank";"4260484862440";"true";"EAN_DUPLICATE"
"34887";"130194666TarankoTorinoTO-KBD";"Klassische Kommode Vitrine Kommoden Vitrinen Kommodenschrank Schrank";"4260484862426";"true";"EAN_DUPLICATE"
"34888";"130194574TarankoTorinoTO-K3";"TV Lowboard Board Schrank Kommode Wohnzimmer Fernsehtisch Unterschank RTV";"4260484862402";"true";"EAN_DUPLICATE"
"34889";"130188958TarankoTorinoTO-RTVD";"TV Lowboard Board Schrank Fernsehtisch Unterschank RTV Kommode";"4260484862389";"true";"EAN_DUPLICATE"
"34890";"130184144TarankoTorinoTO-W12LP";"Hochanrichte Holz Glas Kommode Vitrine Kommoden Vitrinen Kommodenschrank";"4260484862365";"true";"EAN_DUPLICATE"
"34891";"130182376TarankoFlorenzFLpufa";"SCHLAFZIMMER KLASSISCHER HOCKER RETRO RUSTIKAL FUßHOCKER OTTOMANE SITZBANK BANK";"4260484862358";"true";"EAN_DUPLICATE"
"34916";"130542227TarankoIvaI-RTVDstolik";"TV Lowboard Board Schrank Wohnzimmer Fernsehtisch Unterschank RTV Kommode";"4260499870546";"true";"EAN_DUPLICATE"
"34917";"130537329TarankoIvaI-K2komoda";"Klassische Kommode Designer Kommoden Kommodenschrank Glas Holz Schrank";"4260499870522";"true";"EAN_DUPLICATE"
"34918";"130534704TarankoIvaI-Regal";"Hochschrank Modern Kommode Vitrine Kommoden Vitrinen Kommodenschrank Schrank";"4260499870478";"true";"EAN_DUPLICATE"
"34923";"130259384TarankoComoCMS3stolik";"Klassischer Couchtisch Holztisch Beistelltisch Design Tische Wohnzimmer";"4260484862662";"true";"EAN_DUPLICATE"
"34924";"130242214TarankoComoCM-RTVMstolikPL";"TV Lowboard Board Schrank Fernsehtisch Unterschank RTV Kommode Grau Natur";"4260484862600";"true";"EAN_DUPLICATE"
"34925";"130194640TarankoTorinoTO-K2";"Klassische Kommode Designer Kommoden Kommodenschrank Schrank";"4260484862419";"true";"EAN_DUPLICATE"
"34926";"130194473TarankoTorinoTO-RTVM";"TV Lowboard Board Schrank Fernsehtisch Unterschank RTV Kommode Wohnzimmer";"4260484862396";"true";"EAN_DUPLICATE"
"34927";"130180387TarankoFlorenzFL-PufaOkragla";"KLASSISCHER HOCKER RETRO RUSTIKAL FUßHOCKER OTTOMANE";"4260484869913";"true";"EAN_DUPLICATE"
"34928";"130180328TarankoFlorenzFL-PufaGieta";"KLASSISCHER HOCKER RETRO RUSTIKAL FUßHOCKER DEKO OTTOMANE SITZBANK BANK";"4260484869906";"true";"EAN_DUPLICATE"
"34939";"130546930TarankoIvaI-S2KleinerTisch";"Klassischer Couchtisch Holztisch Beistelltisch Tische Wohnzimmer Esszimmer";"4260499870614";"true";"EAN_DUPLICATE"
"34940";"130543731Tarankolval-laweczka";"KLASSISCHER HOLZ FUßHOCKER HOCKER RETRO RUSTIKAL OTTOMANE";"4260499870584";"true";"EAN_DUPLICATE"
"34941";"130541930TarankoIvaI-RTVMstolik";"TV Lowboard Board Element Fernsehtisch Unterschank RTV Kommode";"4260499870539";"true";"EAN_DUPLICATE"
"34950";"130242908TarankoComoCM-PanelPL";"Klassische Schränke Schrank Regale Hängeregal Regal Hängeschrank";"4260484862631";"true";"EAN_DUPLICATE"
"34951";"130233117TarankoTorinoKrzesloU2";"Klassische Stühle Stuhl Esszimmerstuhl Royal Design Küchenstuhl Holzstuhl TO-U2";"4260484862532";"true";"EAN_DUPLICATE"
"34952";"130233090TarankoTorinoTO-13";"Klassische Stühle Stuhl Esszimmerstuhl Essgruppe Küchenstuhl Royal Design TO-13";"4260484862518";"true";"EAN_DUPLICATE"
"34953";"130233075TarankoTorinoTO-L1Lustro";"Spiegel Holzrahmen Großer Wandspiegel Klassischer Designer Spiegel Model TO-L1";"4260484862488";"true";"EAN_DUPLICATE"
"34954";"130194677TarankoTorinoTO-Panel";"Spiegel Holzrahmen Großer Wandspiegel Klassischer Designer Spiegel Model TO-Pl";"4260484862471";"true";"EAN_DUPLICATE"
"34956";"130148666TarankoFlorenzFL-StolikNocny";"Nachtschrank Regal Nachttisch Massiv Konsole Ablage Schlafzimmer FL-N2";"4260484869883";"true";"EAN_DUPLICATE"
"34957";"130148665TarankoFlorenzFL-SZN";"Klassischer Nachtschrank Nachttisch Massiv Konsole Ablage Schlafzimmer";"4260484869876";"true";"EAN_DUPLICATE"
"34958";"130148664TarankoFlorenzFL-Toaletka";"Art-Deco Schreibtisch Büromöbel Tisch Büro Chef Schreibtische Echtholz";"4260484869869";"true";"EAN_DUPLICATE"
"34959";"130147972TarankoFlorenzFL-L3lustro";"Spiegel Holzrahmen Großer Wandspiegel Klassischer Designer Spiegel Model FL-L3";"4260484869814";"true";"EAN_DUPLICATE"
"34960";"130130260TarankoFlorenzFL-14";"Klassische Stühle Stuhl Esszimmerstuhl Essgruppe Küchenstuhl Royal Design FL-14";"4260484869753";"true";"EAN_DUPLICATE"
"34961";"130121337TarankoFlorenzFL-L2Lustro";"Spiegel Holzrahmen Großer Wandspiegel Klassischer Designer Spiegel - Model FL-L2";"4260484869661";"true";"EAN_DUPLICATE"
"34962";"130120574TarankoClassicCL-Fotelminidzieciecy";"Chesterfield Ohrensessel Sessel Polster Fernseh Büro Couch leder Textil CL-F1";"4260484869524";"true";"EAN_DUPLICATE"
"34963";"129960537TarankoClassicCL-fotel2bezpodlokietnikow";"Chesterfield Ohrensessel Sessel Polster Fernseh Büro Couch Echtes";"4260484869517";"true";"EAN_DUPLICATE"
"34991";"130548522TarankoIvaI-12Stuhl";"Klassische Stühle Stuhl Esszimmerstuhl Essgruppe Küchenstuhl Holz";"4260499870638";"true";"EAN_DUPLICATE"
"34992";"130547516TarankoIvaI-S3KleinerTisch";"Klassischer Couchtisch Beistelltisch Holztisch Tische Esszimmer Wohnzimmer";"4260499870621";"true";"EAN_DUPLICATE"
"34993";"130545686TarankoIvaI-konsola";"Klassische Kommode Designer Kommoden Kommodenschrank Schrank Wohnzimmer";"4260499870591";"true";"EAN_DUPLICATE"
"34994";"130542989TarankoIvaI-polka";"Klassische Wohnwand Schranksystem Decorative Wohnzimmer Schrank Regale";"4260499870577";"true";"EAN_DUPLICATE"
"34995";"130542345TarankoIvaI-nadstawkaRTVLP";"Klassische Wohnwand Schranksystem Wohnzimmer Schrank Regale Wandregale";"4260499870553";"true";"EAN_DUPLICATE"
"34996";"130535287TarankoIvaI-L1lustro";"Spiegel Holzrahmen Großer Wandspiegel Klassischer Designer Spiegel";"4260499870485";"true";"EAN_DUPLICATE"
"35009";"130242884TarankoComoCM-P2polka";"Klassische Wohnwand Schranksystem Wohnzimmer Schrank Regale Beige Natur";"4260484862624";"true";"EAN_DUPLICATE"
"35010";"130242866TarankoComoCM-P1polka";"Klassische Wohnwand Schranksystem Wohnzimmer Schrank Regale";"4260484862617";"true";"EAN_DUPLICATE"
"35011";"130233150TarankoTorinoKrzesloU3";"Klassische Stühle Stuhl Vintage Esszimmerstuhl Biedermeier Royal Design TO-U3";"4260484862549";"true";"EAN_DUPLICATE"
"35012";"130233091TarankoTorinoKrzesloU1";"Klassische Stühle Stuhl Vintage Esszimmerstuhl Biedermeier Royal Design TO-U1";"4260484862525";"true";"EAN_DUPLICATE"
"35013";"130194676TarankoTorinoTO-P1polka";"Klassische Schrank Regale Landhaus Hängeregal Regal Conti Torino TO-P1 Wandregal";"4260484862464";"true";"EAN_DUPLICATE"
"35018";"130121336TarankoFlorenzFL-L1Lustro";"Spiegel Holzrahmen Großer Wandspiegel Klassischer Designer Spiegel Florenz FL-L1";"4260484869654";"true";"EAN_DUPLICATE"
"35032";"130259646TarankoComoCM4Dszafa";"Klassische Schränke Schrank Eckschrank Massiv Kleiderschrank Holzschrank";"4260484862754";"true";"EAN_DUPLICATE"
"35033";"130259645TarankoComoCM3Dszafa";"Klassische Schränke Schrank Eckschrank Kleiderschrank Holzschrank Schlafzimmer";"4260484862747";"true";"EAN_DUPLICATE"
"35034";"130259644TarankoComoCM2Dszafa";"Klassische Schränke Schrank Eckschrank Kleiderschrank Holzschrank";"4260484862730";"true";"EAN_DUPLICATE"
"35035";"130259636TarankoComoCMloze4";"Klassisches Bett Beleuchtung Betten Ehebett Doppelbett Holzbett Landhaus - Model";"4260484862716";"true";"EAN_DUPLICATE"
"35036";"130259633TarankoComoCMloze3";"Klassisches Bett Betten Ehebett Schlafzimmer Doppelbett Holzbett Modern - Model";"4260484862709";"true";"EAN_DUPLICATE"
"35037";"130259629TarankoComoCMloze2";"Betten Ehebett Doppelbett Holzbett Klassisches Schlafzimmer Landhaus - Model";"4260484862693";"true";"EAN_DUPLICATE"
"35038";"130259396TarankoComoCMloze1";"Betten Ehebett Doppelbett Klassisches Schlafzimmer Holzbett Landhaus - Model";"4260484862686";"true";"EAN_DUPLICATE"
"35039";"130242911TarankoComoCM-S1stol";"Großer Tisch Esstisch Holztisch Konferenztisch Ausziehbar 200cm Model";"4260484862648";"true";"EAN_DUPLICATE"
"35040";"130194673TarankoTorinoTO-KBL";"Modern Style Kommode Glasvitrine Sideboard Vitrinen Kommodenschrank Schrank";"4260484862433";"true";"EAN_DUPLICATE"
"35041";"130233085TarankoTorinoTO-S1";"Großer Tisch Esstisch Holztisch Konferenztisch Ausziehbar 220cm Model TO-S1";"4260484862495";"true";"EAN_DUPLICATE"
"35042";"130187275TarankoTorinoTO-W2";"Klassische Vitrine Kommoden Vitrinen Vitrinenschrank Schrank Glasschrank";"4260484862372";"true";"EAN_DUPLICATE"
"35043";"130182299TarankoFlorenzFLfotel";"Chesterfield Ohrensessel Sessel Polster Fernseh Büro Couch Echtes Leder";"4260484869999";"true";"EAN_DUPLICATE"
"35044";"130148661TarankoFlorenzFL-K4SZ";"Klassische Kommode Vitrine Kommoden Vitrinen Kommodenschrank";"4260484869852";"true";"EAN_DUPLICATE"
"35045";"130148018TarankoFlorenzFL-loze2";"Designer Bett Weiß Betten Ehebett Doppelbett Polsterbett Lederbett - Model";"4260484869838";"true";"EAN_DUPLICATE"
"35046";"130147911TarankoFlorenzFL-Regal";"Klassische Schrank Bücherschrank Bücherregal Vitrine Vitrinenschrank FL-D1B";"4260484869807";"true";"EAN_DUPLICATE"
"35047";"130147489TarankoFlorenzFL-1Dszafa";"Klassische Schränke Schrank Eckschrank Kleiderschrank Holzschrank - FL-D1";"4260484869791";"true";"EAN_DUPLICATE"
"35048";"130121335TarankoFlorenzFL-WM";"Klassische Vitrine Kommoden Vitrinen Vitrinenschrank Schrank Glasschrank FL-WM";"4260484869647";"true";"EAN_DUPLICATE"
"35049";"130120584TarankoClassicCL-Fotel";"Chesterfield Ohrensessel Sessel Polster Fernseh Büro Couch Echtes Leder CL-F3";"4260484869531";"true";"EAN_DUPLICATE"
"35051";"129959475TarankoClassicCL-loze2";"Designer Velvet Bett Betten Ehebett Doppelbett Polsterbett Lederbett - Model";"4260484869494";"true";"EAN_DUPLICATE"
"35052";"129959184TarankoClassicCL-loze1";"Klassisches Bett Betten Ehebett Doppelbett Holzbett Landhaus - Model";"4260484869487";"true";"EAN_DUPLICATE"
"35054";"129958444TarankoClassicCL-loze4";"Designer Bett Betten Ehebett Doppelbett Polsterbett Lederbett - Model";"4260484869463";"true";"EAN_DUPLICATE"
"35482";"132690704Chesterfield161013-03";"Chesterfield 3 Sitzer XXL Polster Sitz Couch Sofa Garnitur Big Couchen";"4260499871321";"true";"EAN_DUPLICATE"
"35488";"132690849Chesterfield161013-04";"Chesterfield 3 Sitzer Antik Polster Sitz Couch Sofa Garnitur Couchen Vollleder";"4260499871338";"true";"EAN_DUPLICATE"
"35494";"132691969Chesterfield161013-05";"6x Esszimmer Stuhl Stühle Set Komplett Garnitur Sitz Polster Chesterfield";"4260499871390";"true";"EAN_DUPLICATE"
"35501";"132690957Chesterfield161013-06";"Chesterfield 3 Sitzer XXL Polster Sitz Couch Schwarz Sofa Garnitur Big Couchen";"4260499871345";"true";"EAN_DUPLICATE"
"35507";"132691060Chesterfield161013-08";"Chesterfield Polster Sofa Couch Designer Garnitur Sitz Couchen Klassisch";"4260499871352";"true";"EAN_DUPLICATE"
"35513";"132691639Chesterfield161013-09";"Ecksofa Chesterfield Ledersofa Sofa Couch Textil Stoff Polster Ecke Neu";"4260499871369";"true";"EAN_DUPLICATE"
"35519";"132691701Chesterfield161013-10";"Chesterfield Ecksofa Couch Polster Sitz Garnitur Sofa Leder Textil Kunstleder";"4260499871376";"true";"EAN_DUPLICATE"
"35525";"132691743Chesterfield161013-11";"Chesterfield 3 Sitzer Sofa Couch Textil Leder Samt Garnitur Polster Sitz Neu";"4260499871383";"true";"EAN_DUPLICATE"
"35537";"132713840Chesterfield161013-13";"Chesterfield Polster Sofa Couch Braun Designer Garnitur 3 Sitz Couchen";"4260499871413";"true";"EAN_DUPLICATE"
"35543";"132713867Chesterfield161013-14";"Chesterfield Ecksofa Sofa Couch Garnitur Sitz Textil 2-E-2 Polster Ecke";"4260499871420";"true";"EAN_DUPLICATE"
"35549";"132713887Chesterfield161013-15";"Chesterfield 3 Sitzer Big Sofa Couch Textil Samt Polster Sofas Leder";"4260499871437";"true";"EAN_DUPLICATE"
"35555";"132713973Chesterfield161013-16";"Chesterfield 4 Sitzer Big Sofa Couch Textil Samt Polster Sofas XXL Couchen";"4260499871444";"true";"EAN_DUPLICATE"
"35561";"132714003Chesterfield161013-17";"Chesterfield Couch Polster Sofa XXL Big Sofas 3 Sitzer Textil Leder";"4260499871451";"true";"EAN_DUPLICATE"
"35567";"132714025Chesterfield161013-18";"Chesterfield Sofa Couch Leder sofas Big XXL Couch Garnitur 4 Sitzer";"4260499871468";"true";"EAN_DUPLICATE"
"35573";"132714128Chesterfield161013-20";"Chesterfield 100% Vollleder Klassisch Old Leather Sofa Couch Polster Sofas";"4260499871475";"true";"EAN_DUPLICATE"
"35579";"132714153Chesterfield161013-19";"Chesterfield 100% Vollleder Klassisch Braun Leather Sofa Couch Polster Sofas";"4260499871482";"true";"EAN_DUPLICATE"
"35585";"132714696Chesterfield161013-21";"Chesterfield Big Sofa Couch Ledersofa Polster Sofas 3 Sitzer XXL";"4260499871499";"true";"EAN_DUPLICATE"
"35591";"132715013Chesterfield161013-22";"Chesterfield Couch Polster Burgund Sofa XXL Big Sofas 3 Sitzer Textil Leder";"4260499871505";"true";"EAN_DUPLICATE"
"35597";"132715095Chesterfield161013-23";"Chesterfield Big Sofa Couch Textil Samt Polster Sofas 4 Sitzer XXL";"4260499871512";"true";"EAN_DUPLICATE"
"35603";"132715237Chesterfield161013-24";"Chesterfield Sofa Couch Polster Garnitur 3 Sitzer Sitz Leder Textil";"4260499871529";"true";"EAN_DUPLICATE"
"35609";"132770864Chesterfield161013-25";"Chesterfield Polster Couch Designer Garnitur 3 Sitz Orange Couchen Klassisch";"4260499871536";"true";"EAN_DUPLICATE"
"35615";"132771041Chesterfield161013-26";"Chesterfield Sessel 1 Sitzer Polster 100 % Vollleder Ohrensessel Sofa";"4260499871543";"true";"EAN_DUPLICATE"
"35621";"132776103Chesterfield161013-27";"Chesterfield Sessel 1 Sitzer Polster 100 % Vollleder Braun Ohrensessel Sofa";"4260499871550";"true";"EAN_DUPLICATE"
"35627";"132783539Chesterfield161013-28";"Ecksofa Chesterfield Ledersofa Orange Sofa Couch Textil Stoff Polster Ecke Neu";"4260499871567";"true";"EAN_DUPLICATE"
"35633";"132783757Chesterfield161013-29";"Chesterfield Sofagarnitur 3 + 1 + Ohrensessel + Hocker Leder Couch";"4260499871574";"true";"EAN_DUPLICATE"
"35653";"132784398Chesterfield2016-01";"Chesterfield Polster Rosa Sofa Couch Designer Garnitur 3 Sitz Couchen Modern";"4260499871598";"true";"EAN_DUPLICATE"
"35659";"132784399Chesterfield2016-03";"Ecksofa Chesterfield Ledersofa Burgund Sofa Couch Textil Stoff Polster Ecke Neu";"4260499871604";"true";"EAN_DUPLICATE"
"35667";"132874221Chesterfield2016-052";"Chesterfield 3 Sitzer Blau XXL Polster Sitz Sofa Velvet Garnitur Big Couchen";"4260499872090";"true";"EAN_DUPLICATE"
"35673";"132874216Chesterfield2016-051";"Chesterfield 4 Sitzer XXL Polster Sitz Couch Sofa Garnitur Big Couchen 2016-51";"4260499872083";"true";"EAN_DUPLICATE"
"35679";"132874213Chesterfield2016-050";"Chesterfield 3 Sitzer XXL Polster Sitz Couch Sofa Garnitur Orange Big Couchen";"4260499872076";"true";"EAN_DUPLICATE"
"35685";"132873949Chesterfield2016-049";"Chesterfield 4 Sitzer XXL Polster Sitz Couch Garnitur Sofa Big Couchen";"4260499872069";"true";"EAN_DUPLICATE"
"35691";"132873947Chesterfield2016-048";"Chesterfield 4 Sitzer XXL Polster Sitz Couch Sofa Garnitur Big Couchen";"4260499872052";"true";"EAN_DUPLICATE"
"35697";"132873884Chesterfield2016-046";"Chesterfield 3 Sitzer XXL Polster Blau Sitz Couch Sofa Garnitur Velvet Couchen";"4260499872038";"true";"EAN_DUPLICATE"
"35703";"132871653Chesterfield2016-045";"Chesterfield 3 Sitzer XXL Burgund Polster Sitz Couch Sofa Garnitur Big Couchen";"4260499872021";"true";"EAN_DUPLICATE"
"35709";"132856008Chesterfield2016-043";"Chesterfield 3 Sitzer XXL Polster Sitz Couch Sofa Garnitur Big Couchen Violett";"4260499872007";"true";"EAN_DUPLICATE"
"35715";"132856006Chesterfield2016-042";"Chesterfield 3 Sitzer XXL Polster Sitz Silber Couch Sofa Garnitur Big Couchen";"4260499871994";"true";"EAN_DUPLICATE"
"35721";"132856004Chesterfield2016-041";"Chesterfield 3 Sitzer XXL Polster Garnitur Big Sitz Couch Sofa Velvet Couchen";"4260499871987";"true";"EAN_DUPLICATE"
"35727";"132855994Chesterfield2016-040";"Chesterfield 3 Sitzer XXL Polster Velvet Violett Couch Sofa Big Couchen";"4260499871970";"true";"EAN_DUPLICATE"
"35733";"132855635Chesterfield2016-039";"Chesterfield Grau Velvet 3 Sitzer XXL Polster Sitz Sofa Garnitur Big Couchen";"4260499871963";"true";"EAN_DUPLICATE"
"35739";"132855595Chesterfield2016-038";"Chesterfield 3 Sitzer XXL Polster Sitz Couch Grau Velvet Garnitur Big Couchen";"4260499871956";"true";"EAN_DUPLICATE"
"35745";"132855486Chesterfield2016-037";"Chesterfield 3 Sitzer XXL Polster Sitz Couch Velvet Blau Garnitur Big Couchen";"4260499871949";"true";"EAN_DUPLICATE"
"35757";"132855072Chesterfield2016-034";"Chesterfield 3 Sitzer XXL Polster Sitz Couch Leder Sofa Garnitur Big Couchen";"4260499871925";"true";"EAN_DUPLICATE"
"35763";"132855036Chesterfield2016-033";"Chesterfield 3 Sitzer XXL Polster Sitz Couch Velvet Sofa Garnitur Big Couchen";"4260499871918";"true";"EAN_DUPLICATE"
"35769";"132854831Chesterfield2016-032";"Chesterfield 3 Sitzer Braun XXL Polster Sitz Couch Big Couchen Sofa Garnitur";"4260499871901";"true";"EAN_DUPLICATE"
"35793";"132851376Chesterfield2016-28";"Chesterfield 3 Sitzer XXL Polster Sitz Couch Weiß Sofa Garnitur Big Couchen";"4260499871864";"true";"EAN_DUPLICATE"
"35805";"132851374Chesterfield2016-26";"Chesterfield 3 Sitzer XXL Polster Sitz Couch Sofa Braun Garnitur Big Couchen";"4260499871840";"true";"EAN_DUPLICATE"
"35811";"132851373Chesterfield2016-25";"Chesterfield Ecksofa Couch Polster Garnitur Sofa Ecke Ledersofa Textil";"4260499871833";"true";"EAN_DUPLICATE"
"35833";"132851366Chesterfield2016-21";"Chesterfield 3+1 Sitzer Polster Sitz Couch Sofa Garnitur Couchen";"4260499871796";"true";"EAN_DUPLICATE"
"35842";"132851365Chesterfield2016-20";"Chesterfield 5 Sitzer XXL Polster Sitz Couch Sofa Garnitur Big Couchen";"4260499871789";"true";"EAN_DUPLICATE"
"35848";"132851349Chesterfield2016-02";"Chesterfield Sofa Couch Set 3 tlg 3 + 2x Ohrensessel Ledersofa";"4260499871772";"true";"EAN_DUPLICATE"
"35857";"132851276Chesterfield2016-19";"Chesterfield Sofa Couch 3 + 1 + Ohrensessel Ledersofa Sofagarnitur";"4260499871765";"true";"EAN_DUPLICATE"
"35868";"132851218Chesterfield2016-18";"Chesterfield 3 Sitzer XXL Polster Sitz Couch Blau Sofa Big Couchen";"4260499871758";"true";"EAN_DUPLICATE"
"35887";"133235984ChesterfieldSLIIISofa58";"Chesterfield Polster Designer Couchen Sofas Garnitur Schwarz Klassisch SLIII";"4260499873752";"true";"EAN_DUPLICATE"
"35895";"133235983ChesterfieldSLIIISofa57";"Chesterfield Sofa Polster Designer Couchen Garnitur Hellgrün Klassisch SLIII";"4260499873745";"true";"EAN_DUPLICATE"
"35903";"133235982ChesterfieldSLIIISofa56";"Chesterfield Sofa Polster Designer Couchen Sofas Garnitur Grün Klassisch SLIII";"4260499873738";"true";"EAN_DUPLICATE"
"35911";"133235960ChesterfieldSLIIISofa55";"Chesterfield Sofa Polster Designer Dunkelorange Klassisch Sofas Garnitur SLIII";"4260499873721";"true";"EAN_DUPLICATE"
"35919";"133235948ChesterfieldSLIIISofa54";"Chesterfield Beige Klassisch Polster Designer Couchen Sofas Garnitur Couch SLIII";"4260499873714";"true";"EAN_DUPLICATE"
"35927";"133235939ChesterfieldSLIIISofa53";"Chesterfield Sofa Polster Designer Couchen Sofas Garnitur Rosa KlassischSLIII";"4260499873707";"true";"EAN_DUPLICATE"
"35935";"133235934ChesterfieldSLIIISofa52";"Chesterfield Sofa Polster Designer Dunkelviolett Klassisch Sofas Couch SLIII";"4260499873691";"true";"EAN_DUPLICATE"
"35943";"133235923ChesterfieldSLIIISofa51";"Chesterfield Sofa Polster Designer Beige Klassisch Sofas Garnitur Couch SLIII";"4260499873684";"true";"EAN_DUPLICATE"
"35951";"133235907ChesterfieldSLIIISofa50";"Chesterfield Sofa Polster Designer Couchen Sofas Garnitur Schwarz Couch SLIII";"4260499873677";"true";"EAN_DUPLICATE"
"35959";"133235906ChesterfieldSLIIISofa49";"Chesterfield Sofa Polster Designer Couchen Klassisch Blau Garnitur Couch SLIII";"4260499873660";"true";"EAN_DUPLICATE"
"35967";"133235905ChesterfieldSLIIISofa48";"Chesterfield Sofa Polster Designer Klassisch Beige Sofas Garnitur Couch SLIII";"4260499873653";"true";"EAN_DUPLICATE"
"35975";"133235903ChesterfieldSLIIISofa47";"Chesterfield Sofa Polster Designer Couchen KLassisch Grau Garnitur Couch SLIII";"4260499873646";"true";"EAN_DUPLICATE"
"35983";"133235902ChesterfieldSLIIISofa46";"Chesterfield Sofa Polster Designer Couchen Sofas Burgund Garnitur Couch SLIII";"4260499873639";"true";"EAN_DUPLICATE"
"35991";"133235901ChesterfieldSLIIISofa45";"Chesterfield Dunkelviolett Sofa Polster Designer Couchen Modern Garnitur SLIII";"4260499873622";"true";"EAN_DUPLICATE"
"35999";"133235533ChesterfieldSLIIISofa44";"Chesterfield Sofa Modern Designer Couchen Dunkelgrau Garnitur Couch SLIII";"4260499873615";"true";"EAN_DUPLICATE"
"36007";"133235531ChesterfieldSLIIISofa43";"Chesterfield Modern Hellgrün Designer Couchen Sofas Garnitur Couch SLIII";"4260499873608";"true";"EAN_DUPLICATE"
"36015";"133235530ChesterfieldSLIIISofa42";"Chesterfield Sofa Polster Designer Hellgrün Sofas Garnitur Couch SLIII";"4260499873592";"true";"EAN_DUPLICATE"
"36023";"133235529ChesterfieldSLIIISofa41";"Chesterfield Sofa Polster Designer Couchen Sofas Orange Garnitur Couch SLIII";"4260499873585";"true";"EAN_DUPLICATE"
"36031";"133235528ChesterfieldSLIIISofa40";"Chesterfield Sofa Beige Polster Designer Couchen Sofas Garnitur Modern SLIII";"4260499873578";"true";"EAN_DUPLICATE"
"36039";"133235527ChesterfieldSLIIISofa39";"Chesterfield Sofa Polster Designer Rosa Couchen Sofas Garnitur Modern SLIII";"4260499873561";"true";"EAN_DUPLICATE"
"36047";"133235452ChesterfieldSLIIISofa37";"Chesterfield Sofa Dunkelviolett Designer Couchen Sofas Garnitur Modern SLIII";"4260499873554";"true";"EAN_DUPLICATE"
"36055";"133235450ChesterfieldSLIIISofa36";"Chesterfield Sofa Polster Designer Couchen Sofas Garnitur Beige Couch SLIII";"4260499873547";"true";"EAN_DUPLICATE"
"36063";"133235366ChesterfieldSLIIISofa35";"Chesterfield Sofa Polster Dunkelbraun Couchen Sofas Garnitur Couch SLIII";"4260499873530";"true";"EAN_DUPLICATE"
"36071";"133195650ChesterfieldSLIIISofa34";"Chesterfield Sofa Polster Designer Couchen Blau Modern Garnitur Couch SLIII";"4260499873523";"true";"EAN_DUPLICATE"
"36079";"133195642ChesterfieldSLIIISofa33";"Chesterfield Sofa Polster Designer Couchen Hellrosa Garnitur Couch SLIII";"4260499873516";"true";"EAN_DUPLICATE"
"36087";"133195640ChesterfieldSLIIISofa32";"Chesterfield Sofa Dunkelsilber Designer Couchen Modern Garnitur Couch SLIII";"4260499873509";"true";"EAN_DUPLICATE"
"36095";"133195617ChesterfieldSLIIISofa31";"Chesterfield Sofa Polster Designer Couchen Sofas Dunkelrot Couch SLIII";"4260499873493";"true";"EAN_DUPLICATE"
"36103";"133195609ChesterfieldSLIIISofa30";"Chesterfield Sofa Polster Designer Couchen Sofas Dunkelviolett Couch SLIII";"4260499873486";"true";"EAN_DUPLICATE"
"36111";"133195310ChesterfieldSLIIISofa29";"Chesterfield Sofa Dunkelsilber Designer Couchen Sofas Garnitur Couch SLIII";"4260499873479";"true";"EAN_DUPLICATE"
"36121";"133195284ChesterfieldSLIIISofa28";"Chesterfield Sofa Polster Designer Hellgrün Couchen Sofas Garnitur Couch SLIII";"4260499873462";"true";"EAN_DUPLICATE"
"36131";"133195255ChesterfieldSLIIISofa27";"Chesterfield Sofa Polster Designer Grün Couchen Sofas Garnitur Couch SLIII";"4260499873455";"true";"EAN_DUPLICATE"
"36141";"133195227ChesterfieldSLIIISofa26";"Chesterfield Sofa Polster Designer Dunkelorange Sofas Garnitur Couch SLIII";"4260499873448";"true";"EAN_DUPLICATE"
"36151";"133195203ChesterfieldSLIIISofa25";"Chesterfield Sofa Dunkelsandig Designer Couchen Sofas Garnitur Couch SLIII";"4260499873431";"true";"EAN_DUPLICATE"
"36161";"133195175ChesterfieldSLIIISofa24";"Chesterfield Sofa Polster Designer Rosa Couchen Sofas Garnitur Couch SLIII";"4260499873424";"true";"EAN_DUPLICATE"
"36171";"133195145ChesterfieldSLIIISofa23";"Chesterfield Sofa Polster Designer Dunkelviolett Sofas Garnitur Couch SLIII";"4260499873417";"true";"EAN_DUPLICATE"
"36181";"133195120ChesterfieldSLIIISofa22";"Chesterfield Sofa Polster Designer Couchen Sofas Garnitur Couch sandig SLIII";"4260499873400";"true";"EAN_DUPLICATE"
"36191";"133195099ChesterfieldSLIIISofa21";"Chesterfield Sofa Polster Designer Couchen Sofas Garnitur Hellgrau SLIII";"4260499873394";"true";"EAN_DUPLICATE"
"36201";"133195065ChesterfieldSLIIISofa20";"Chesterfield Sofa Polster Designer Couchen Sofas Garnitur Dunkelrosa SLIII";"4260499873387";"true";"EAN_DUPLICATE"
"36211";"133195035ChesterfieldSLIIISofa19";"Chesterfield Sofa Polster Designer Couchen Sofas Garnitur kastanienbraun SLIII";"4260499873370";"true";"EAN_DUPLICATE"
"36221";"133194630ChesterfieldSLIIISofa18";"Chesterfield Dunkelgrau Polster Designer Couchen Sofas Garnitur Couch SLIII";"4260499873363";"true";"EAN_DUPLICATE"
"36233";"133194549ChesterfieldSLIIISofa17";"Chesterfield Sofa Polster Designer Couchen Sofas Garnitur Grau Couch SLIII";"4260499873356";"true";"EAN_DUPLICATE"
"36245";"133194521ChesterfieldSLIIISofa16";"Chesterfield Sofa Polster Designer Couchen Sofas Garnitur Dunkelgrau SLIII";"4260499873349";"true";"EAN_DUPLICATE"
"36253";"133194233ChesterfieldSLIIISofa15";"Chesterfield Sofa Polster Designer Couchen Sofas Garnitur Couch hellgrün SLIII";"4260499873332";"true";"EAN_DUPLICATE"
"36261";"133194150ChesterfieldSLIIISofa14";"Chesterfield Sofa Polster Designer Couchen Sofas Garnitur Couch Grün SLIII";"4260499873325";"true";"EAN_DUPLICATE"
"36269";"133194120ChesterfieldSLIIISofa13";"Chesterfield Sofa Polster Designer Couchen Sofas Garnitur Dunkelorange SLIII";"4260499873318";"true";"EAN_DUPLICATE"
"36277";"133193753ChesterfieldSLIIISofa12";"Chesterfield Sofa Polster Designer Couchen Sofas Garnitur Couch Rosa SLIII";"4260499873301";"true";"EAN_DUPLICATE"
"36285";"133192793ChesterfieldSLIIISofa11";"Chesterfield Sofa Polster Designer Couchen Sofas Garnitur Dunkelbraun SLIII";"4260499873295";"true";"EAN_DUPLICATE"
"36293";"133192152ChesterfieldSLIIISofa10";"Chesterfield Sofa Polster Designer Couchen Sofas Garnitur Dunkelviolett SLIII";"4260499873288";"true";"EAN_DUPLICATE"
"36301";"133190332ChesterfieldSLIIISofa9";"Chesterfield Sofa Polster Designer Couchen Sofas Garnitur Couch SLIII Turkis";"4260499873271";"true";"EAN_DUPLICATE"
"36309";"133190307ChesterfieldSLIIISofa8";"Chesterfield Sofa Polster Designer Couchen Sofas Garnitur Couch SLIII";"4260499873264";"true";"EAN_DUPLICATE"
"36317";"133178719ChesterfieldSofaTextil36Soulsofas";"Chesterfield Sofa Polster Designer Grau Couchen Sofas Garnitur Velvet Stoff";"4260499872687";"true";"EAN_DUPLICATE"
"36325";"133132648ChesterfieldSofaModel10Soulsofa";"Sofa Stoff Textil Sofa Grau Couch Polster Designer Garnitur Stoffsofa Couchen";"4260499872670";"true";"EAN_DUPLICATE"
"36333";"133132593ChesterfieldSofaModel10Soulsofa33";"Sofa Stoff Textil Sofa Couch Polster Designer Garnitur Stoffsofa Couchen No.33";"4260499872663";"true";"EAN_DUPLICATE"
"36336";"133132319ChesterfieldSofaModel10Soulsofa32";"Sofa Stoff Textil Sofa Couch Polster Designer Garnitur Stoffsofa Couchen No.32";"4260499872656";"true";"EAN_DUPLICATE"
"36339";"133131724ChesterfieldSofaTextil13Soulsofa-3";"Sofa Stoff Textil Sofa Couch Polster Designer Garnitur Stoffsofa Grau Couchen";"4260499872472";"true";"EAN_DUPLICATE"
"36347";"133099418ChesterfieldSofaTextil12Soulsofa3";"Sofa Stoff Textil Sofa Couch Polster Designer Garnitur Stoffsofa Couchen";"4260499872465";"true";"EAN_DUPLICATE"
"36353";"133083171ChesterfieldSofaTextil31SoulsofasM.8";"Chesterfield Sofa Schwarz Designer Couchen Velvet Sofas Garnitur Textil Stoff";"4260499872649";"true";"EAN_DUPLICATE"
"36359";"133083170ChesterfieldSofaTextil30Soulsofam.8";"Chesterfield Sofa Polster Designer Velvet Couchen Sofas Garnitur Schwarz Stoff";"4260499872632";"true";"EAN_DUPLICATE"
"36365";"133083169ChesterfieldSofaTextil29SoulsofaM.8";"Chesterfield Sofa Polster Schwarz Velvet Couchen Sofas Garnitur Textil Stoff";"4260499872625";"true";"EAN_DUPLICATE"
"36371";"133083168ChesterfieldSofaTextil28SoulsofaM.8";"Chesterfield Sofa Polster Designer Couchen Schwarz Velvet Garnitur Textil Stoff";"4260499872618";"true";"EAN_DUPLICATE"
"36377";"133083166ChesterfieldSofaTextil27Soulsofa4";"Chesterfield Velvet Grau Polster Designer Couchen Sofas Garnitur Textil Stoff";"4260499872601";"true";"EAN_DUPLICATE"
"36383";"133083164ChesterfieldSofaTextil26Soulsofas4";"Chesterfield Sofa Grau Velvet Designer Couchen Sofas Garnitur Textil Stoff";"4260499872595";"true";"EAN_DUPLICATE"
"36389";"133083163ChesterfieldSofaTextil25Soulsofas4";"Chesterfield Sofa Polster Designer Couchen Sofas Garnitur Grau Velvet Stoff";"4260499872588";"true";"EAN_DUPLICATE"
"36395";"133083152ChesterfieldSofaTextil24SoulsofasM.4";"Chesterfield Sofa Polster Designer Couchen Grau Sofas Garnitur Velvet Stoff";"4260499872571";"true";"EAN_DUPLICATE"
"36401";"133083142ChesterfieldSofaTextil23SoulsofasM.8";"Chesterfield Schwarz Sofa Polster Designer Couchen Sofas Garnitur Textil Stoff";"4260499872564";"true";"EAN_DUPLICATE"
"36407";"133083140ChesterfieldSofaTextil22SoulsofasM.8";"Chesterfield Sofa Schwarz Polster Designer Couchen Sofas Garnitur Textil Stoff";"4260499872557";"true";"EAN_DUPLICATE"
"36413";"133083139ChesterfieldSofaTextil20SoulsofasM.8";"Chesterfield Sofa Polster Schwarz Designer Couchen Sofas Garnitur Textil Stoff";"4260499872540";"true";"EAN_DUPLICATE"
"36419";"133083135ChesterfieldSofaTextil19Soulsofa8";"Chesterfield Sofa Polster Designer Couchen Sofas Schwarz Garnitur Textil Stoff";"4260499872533";"true";"EAN_DUPLICATE"
"36425";"133083134ChesterfieldSofaTextil18SoulsofasM.7";"Chesterfield Sofa Blau Polster Designer Couchen Sofas Garnitur Textil Stoff";"4260499872526";"true";"EAN_DUPLICATE"
"36431";"133083133ChesterfieldSofaTextil17SoulsofasM.7";"Chesterfield Sofa Polster Blau Designer Couchen Sofas Garnitur Textil Stoff";"4260499872519";"true";"EAN_DUPLICATE"
"36437";"133083132ChesterfieldSofaTextil16SoulsofasM7";"Chesterfield Sofa Polster Designer Couchen Blau Sofas Garnitur Textil Stoff";"4260499872502";"true";"EAN_DUPLICATE"
"36443";"133083120ChesterfieldSofaTextil15SoulsofaM-7";"Chesterfield Sofa Polster Designer Couchen Sofas Blau Garnitur Textil Stoff";"4260499872496";"true";"EAN_DUPLICATE"
"36449";"133083118ChesterfieldSofaTextil14";"Chesterfield Grau Sofa Polster Designer Couchen Sofas Garnitur Textil Stoff";"4260499872489";"true";"EAN_DUPLICATE"
"36455";"133082817ChesterfieldSofaTextil11";"Chesterfield Sofa Polster Grau Designer Couchen Sofas Garnitur Textil Stoff";"4260499872458";"true";"EAN_DUPLICATE"
"36461";"133082813ChesterfieldSofaTextil10Soulsofas";"Chesterfield Sofa Polster Designer Couchen Dunkelblau Garnitur Textil Stoff";"4260499872441";"true";"EAN_DUPLICATE"
"36467";"133082809ChesterfieldSofaTextil9Soulsofas";"Chesterfield Sofa Dunkelblau Designer Couchen Sofas Garnitur Textil Stoff";"4260499872434";"true";"EAN_DUPLICATE"
"36473";"133082808ChesterfieldSofaTextil8Soulsofa";"Chesterfield Sofa Polster Designer Couchen Sofas Garnitur Dunkelblau Stoff";"4260499872427";"true";"EAN_DUPLICATE"
"36479";"133082807ChesterfieldSofaTextil7Soulsofas";"Chesterfield Sofa Polster Designer Couchen Sofas Garnitur Velvet Textil Stoff";"4260499872410";"true";"EAN_DUPLICATE"
"36485";"133057216ChesterfieldSofaTextil6Soulsofas";"Chesterfield Sofa Polster Designer Couchen Sofas Grau Garnitur Textil Stoff";"4260499872403";"true";"EAN_DUPLICATE"
"36491";"133057047ChesterfieldSofaTextil5soulsofas";"Chesterfield Klassisch Sofa Polster Designer Couchen Sofas Garnitur Textil Stoff";"4260499872397";"true";"EAN_DUPLICATE"
"36497";"133056587ChesterfieldSofaTextil4Soulsofas";"Chesterfield Sofa Klassisch Polster Designer Couchen Sofas Garnitur Textil Stoff";"4260499872380";"true";"EAN_DUPLICATE"
"36503";"133056317ChesterfieldSofaTextil3Soulsofas";"Chesterfield Sofa Polster Klassisch Designer Couchen Sofas Garnitur Textil Stoff";"4260499872373";"true";"EAN_DUPLICATE"
"36509";"133056237ChesterfieldSofaTextil2Soulsofas";"Chesterfield Sofa Polster Designer Couchen Klassisch Sofas Garnitur Textil Stoff";"4260499872366";"true";"EAN_DUPLICATE"
"36515";"133055724ChesterfieldSofaTextil1soulsofas";"Chesterfield Sofa Polster Designer Couchen Sofas Garnitur Textil Stoff";"4260499872359";"true";"EAN_DUPLICATE"
"36521";"132784504Chesterfield2016-12";"Chesterfield Sofa Polster Designer Violett Sofas Garnitur Couch Samt Ledersofa";"4260499871697";"true";"EAN_DUPLICATE"
"36527";"132784484Chesterfield2016-11";"Chesterfield Sofa Polster Designer Sofas Garnitur Couch Grau Samt Ledersofa";"4260499871680";"true";"EAN_DUPLICATE"
"36533";"132784483Chesterfield2016-10";"Chesterfield Sofa Polster Designer Sofas Garnitur Couch Samt Ledersofa";"4260499871673";"true";"EAN_DUPLICATE"
"36539";"132784481Chesterfield2016-09";"Chesterfield Ecksofa Eckcouch Designer Sofa Couch Vintage Samt";"4260499871666";"true";"EAN_DUPLICATE"
"36545";"132784479Chesterfield2016-08";"Chesterfield Sofa Polster Designer Couchen Sofas Garnitur Couch";"4260499871659";"true";"EAN_DUPLICATE"
"36554";"132784475Chesterfield2016-07";"Chesterfield Sofa Polster Designer Sofas Weiß Garnitur Couch Ledersofa";"4260499871642";"true";"EAN_DUPLICATE"
"36563";"132784474Chesterfield2016-06";"Chesterfield Sofa Polster Designer Sofas Garnitur Couch Ledersofa";"4260499871635";"true";"EAN_DUPLICATE"
"36569";"132784458Chesterfield2016-05";"Chesterfield Ledersofa Polster Designer Sofas Garnitur Couch Sofa Royal";"4260499871628";"true";"EAN_DUPLICATE"
"36575";"2211830212201601";"Chesterfield Big Sofa 500cm Ledersofa Couch Wohnlandschaft XXL";"4067282804494";"true";"EAN_DUPLICATE"
"36578";"133292208ChesterfieldSLIIISofa98";"Chesterfield Ecksofa Eckcouch Designer Sofa Couch Samt Hellblau Ledersofa";"4260499874155";"true";"EAN_DUPLICATE"
"36584";"133292130ChesterfieldSLIIISofa97";"Chesterfield Ecksofa Eckcouch Designer Sofa Couch Samt Silber Ledersofa";"4260499874148";"true";"EAN_DUPLICATE"
"36590";"133292058ChesterfieldSLIIISofa96";"Chesterfield Ecksofa Eckcouch Designer Sofa Couch Samt Hellgrün Ledersofa";"4260499874131";"true";"EAN_DUPLICATE"
"36596";"133291997ChesterfieldSLIIISofa95";"Chesterfield Ecksofa Eckcouch Designer Sofa Couch Modern Samt Grün Ledersofa";"4260499874124";"true";"EAN_DUPLICATE"
"36602";"133291938ChesterfieldSLIIISofa94";"Chesterfield Ecksofa Eckcouch Designer Sofa Couch Samt Orange Ledersofa";"4260499874117";"true";"EAN_DUPLICATE"
"36608";"133291885ChesterfieldSLIIISofa93";"Chesterfield Ecksofa Eckcouch Designer Beige Sofa Couch Samt Ledersofa Modern";"4260499874100";"true";"EAN_DUPLICATE"
"36614";"133291823ChesterfieldSLIIISofa92";"Chesterfield Ecksofa Eckcouch Designer Sofa Couch Samt Rosa Ledersofa Modern";"4260499874094";"true";"EAN_DUPLICATE"
"36620";"133291770ChesterfieldSLIIISofa91";"Chesterfield Ecksofa Eckcouch Designer Sofa Couch Samt Violett Ledersofa";"4260499874087";"true";"EAN_DUPLICATE"
"36626";"133259598ChesterfieldSLIIISofa90";"Chesterfield Ecksofa Eckcouch Designer Sofa Couch Samt Beige Ledersofa Modern";"4260499874070";"true";"EAN_DUPLICATE"
"36632";"133259594ChesterfieldSLIIISofa89";"Chesterfield Ecksofa Eckcouch Designer Sofa Couch Samt Dunkelgrün Ledersofa";"4260499874063";"true";"EAN_DUPLICATE"
"36638";"133259592ChesterfieldSLIIISofa88";"Chesterfield Ecksofa Eckcouch Designer Sofa Couch Samt Dunkelviolett Ledersofa";"4260499874056";"true";"EAN_DUPLICATE"
"36644";"133259591ChesterfieldSLIIISofa87";"Chesterfield Ecksofa Eckcouch Designer Sofa Couch Samt Blau Ledersofa Modern";"4260499874049";"true";"EAN_DUPLICATE"
"36650";"133259590ChesterfieldSLIIISofa86";"Chesterfield Ecksofa Eckcouch Designer Sofa Couch Samt Hellrosa Ledersofa";"4260499874032";"true";"EAN_DUPLICATE"
"36656";"133259589ChesterfieldSLIIISofa85";"Chesterfield Ecksofa Eckcouch Designer Sofa Couch Schwarz Samt Ledersofa";"4260499874025";"true";"EAN_DUPLICATE"
"36662";"133259588ChesterfieldSLIIISofa84";"Chesterfield Ecksofa Eckcouch Designer Sofa Couch Samt Grau Ledersofa Modern";"4260499874018";"true";"EAN_DUPLICATE"
"36668";"133259587ChesterfieldSLIIISofa83";"Chesterfield Ecksofa Eckcouch Designer Sofa Couch Samt Hellrot Ledersofa";"4260499874001";"true";"EAN_DUPLICATE"
"36674";"133259586ChesterfieldSLIIISofa82";"Chesterfield Ecksofa Eckcouch Designer Sofa Couch Samt Burgund Ledersofa";"4260499873998";"true";"EAN_DUPLICATE"
"36680";"133259573ChesterfieldSLIIISofa81";"Chesterfield Klassisch Polster Designer Couchen Sofas Garnitur Dunkelblau SLIII";"4260499873981";"true";"EAN_DUPLICATE"
"36686";"133259548ChesterfieldSLIIISofa80";"Chesterfield Sofa Grau Designer Couchen Klassisch Garnitur Velvet SLIII";"4260499873974";"true";"EAN_DUPLICATE"
"36692";"133259538ChesterfieldSLIIISofa79";"Chesterfield Sofa Polster Hellgrün Couchen Sofas Garnitur Klassisch SLIII";"4260499873967";"true";"EAN_DUPLICATE"
"36698";"133259526ChesterfieldSLIIISofa78";"Chesterfield Sofa Klassisch Designer Couchen Velvet Garnitur Grün SLIII";"4260499873950";"true";"EAN_DUPLICATE"
"36704";"133259501ChesterfieldSLIIISofa77";"Chesterfield Sofa Polster Klassisch Couchen Sofas Garnitur Orange Velvet SLIII";"4260499873943";"true";"EAN_DUPLICATE"
"36710";"133259497ChesterfieldSLIIISofa76";"Chesterfield Sofa Polster Designer Couchen Sofas Garnitur Grau Velvet SLIII";"4260499873936";"true";"EAN_DUPLICATE"
"36716";"133259496ChesterfieldSLIIISofa75";"Chesterfield Sofa Polster Designer Couchen Sofas Garnitur Hellgrün Velvet SLIII";"4260499873929";"true";"EAN_DUPLICATE"
"36722";"133259463ChesterfieldSLIIISofa74";"Chesterfield Sofa Grün Velvet Designer Couchen Sofas Garnitur Couch SLIII";"4260499873912";"true";"EAN_DUPLICATE"
"36728";"133259462ChesterfieldSLIIISofa73";"Chesterfield Sofa Polster Designer Couchen Sofas Garnitur Orange Velvet SLIII";"4260499873905";"true";"EAN_DUPLICATE"
"36734";"133259461ChesterfieldSLIIISofa72";"Chesterfield Sofa Beige Designer Couchen Sofas Klassisch Couch Velvet SLIII";"4260499873899";"true";"EAN_DUPLICATE"
"36740";"133259459ChesterfieldSLIIISofa71";"Chesterfield Sofa Polster Dunkelrosa Couchen Sofas Klassisch Garnitur SLIII";"4260499873882";"true";"EAN_DUPLICATE"
"36746";"133259458ChesterfieldSLIIISofa70";"Chesterfield Sofa Klassisch Designer Couchen Sofas Garnitur Violett Couch SLIII";"4260499873875";"true";"EAN_DUPLICATE"
"36752";"133259298ChesterfieldSLIIISofa69";"Chesterfield Sofa Polster Designer Couchen Sofas Garnitur Hellbeige SLIII";"4260499873868";"true";"EAN_DUPLICATE"
"36758";"133259297ChesterfieldSLIIISofa68";"Chesterfield Sofa Polster Dunkelbraun Couchen Sofas Garnitur Klassisch SLIII";"4260499873851";"true";"EAN_DUPLICATE"
"36764";"133259295ChesterfieldSLIIISofa67";"Chesterfield Sofa Polster Klassisch Couchen Sofas Garnitur Dunkelviolett SLIII";"4260499873844";"true";"EAN_DUPLICATE"
"36770";"133259294ChesterfieldSLIIISofa66";"Chesterfield Klassisch Blau Polster Designer Couchen Sofas Garnitur SLIII";"4260499873837";"true";"EAN_DUPLICATE"
"36776";"133259293ChesterfieldSLIIISofa65";"Chesterfield Sofa Klassisch Polster Designer Beige Sofas Garnitur Couch SLIII";"4260499873820";"true";"EAN_DUPLICATE"
"36782";"133259291ChesterfieldSLIIISofa64";"Chesterfield Sofa Polster Designer Klassisch Sofas Garnitur Schwarz Couch SLIII";"4260499873813";"true";"EAN_DUPLICATE"
"36788";"133259285ChesterfieldSLIIISofa63";"Chesterfield Sofa Polster Designer Couchen Sofas Klassisch Silber Couch SLIII";"4260499873806";"true";"EAN_DUPLICATE"
"36794";"133259282ChesterfieldSLIIISofa62";"Chesterfield Sofa Polster Designer Couchen Sofas Garnitur Klassisch Rot SLIII";"4260499873790";"true";"EAN_DUPLICATE"
"36800";"133259281ChesterfieldSLIIISofa61";"Chesterfield Sofa Polster Designer Couchen Sofas Klassisch Burgund SLIII";"4260499873783";"true";"EAN_DUPLICATE"
"36806";"133259279ChesterfieldSLIIISofa60";"Chesterfield Sofa Polster Designer Couchen Sofas Dunkelblau Klassisch SLIII";"4260499873776";"true";"EAN_DUPLICATE"
"36814";"133259267ChesterfieldSLIIISofa59";"Chesterfield Sofa Polster Designer Couchen Sofas Grau Art deco Couch SLIII";"4260499873769";"true";"EAN_DUPLICATE"
"36822";"133184259ChesterfieldSLSofa11";"Chesterfield Ecksofa Eckcouch Designer Sofa Couch Samt Schwarz Ledersofa";"4260499872793";"true";"EAN_DUPLICATE"
"36830";"133179720ChesterfieldSLSofa6";"Chesterfield RUNDSOFA Rund Royal Halbrund Designer Sofa Couch";"4260499872748";"true";"EAN_DUPLICATE"
"36839";"132901378Chesterfield2016-074";"Chesterfield Sofa Polster Designer Couchen Vintage Sofas Garnitur";"4260499872304";"true";"EAN_DUPLICATE"
"36845";"132901279Chesterfield2016-067";"Chesterfield Eckcouch Ecksofa Designer Sofa Couch Samt Ledersofa";"4260499872236";"true";"EAN_DUPLICATE"
"36851";"132850991Chesterfield2016-14";"Chesterfield Ecksofa Eckcouch Designer Sofa Couch Samt Ledersofa";"4260499871710";"true";"EAN_DUPLICATE"
"37290";"133187246ChesterfieldSLSofa26";"Chesterfield Sofa 3 SITZER Polster Designer Couchen Sofas Garnitur Dunkelbraun";"4260499872946";"true";"EAN_DUPLICATE"
"37296";"133187244ChesterfieldSLSofa25";"Chesterfield 3 SITZER Polster Velvet Designer Couchen Sofas Garnitur Schwarz";"4260499872939";"true";"EAN_DUPLICATE"
"37302";"133187242ChesterfieldSLSofa24";"Chesterfield Sofa 3 SITZER Polster Designer Couchen Sofas Turkis Garnitur";"4260499872922";"true";"EAN_DUPLICATE"
"37308";"133187240ChesterfieldSLSofa23";"Chesterfield Sofa 3 SITZER Polster Schwarz Designer Couchen Velvet Garnitur";"4260499872915";"true";"EAN_DUPLICATE"
"37314";"133187238ChesterfieldSLSofa22";"Chesterfield Sofa 3 SITZER Polster Designer Couchen Dunkelgrau Sofas Garnitur";"4260499872908";"true";"EAN_DUPLICATE"
"37320";"133187237ChesterfieldSLSofa21";"Chesterfield Sofa 3 SITZER Polster Designer Couchen Rot Sofas SL";"4260499872892";"true";"EAN_DUPLICATE"
"37326";"133187235ChesterfieldSLSofa20";"Chesterfield Sofa 3 SITZER Polster Designer Couchen Sofas Dunkelviolett Garnitur";"4260499872885";"true";"EAN_DUPLICATE"
"37332";"133187233ChesterfieldSLSofa19";"Chesterfield Velvet 3 SITZER Polster Designer Schwarz Couchen Sofas Garnitur";"4260499872878";"true";"EAN_DUPLICATE"
"37342";"133185634ChesterfieldSLSofa13";"Chesterfield Sofa 3+2+1 SITZER Polster Designer Sofas Garnitur Schwarz Couch";"4260499872816";"true";"EAN_DUPLICATE"
"37351";"133184239ChesterfieldSL31SitzerSofa10";"Chesterfield Sofa 3+1 SITZER Polster Designer Couchen Sofas Garnitur";"4260499872786";"true";"EAN_DUPLICATE"
"37357";"133184184Chesterfield32SLSofa9";"Chesterfield Sofa 3+2 SITZER Polster Designer Couchen Sofas Garnitur";"4260499872779";"true";"EAN_DUPLICATE"
"37363";"133179864ChesterfieldSLSofa7";"Chesterfield Sofa 8 SITZER XXL Polster Designer Couchen Sofas";"4260499872755";"true";"EAN_DUPLICATE"
"37372";"133179568ChesterfieldSLSofa5";"Chesterfield Sofa 3 SITZER Polster Designer Couchen Sofas Blau Garnitur SL";"4260499872731";"true";"EAN_DUPLICATE"
"37378";"133179306ChesterfieldSLSofa3";"Chesterfield Sofa 3 SITZER Polster Designer Couchen Sofas Garnitur SL";"4260499872717";"true";"EAN_DUPLICATE"
"37395";"132874293Chesterfield2016-054";"Chesterfield Sofa 4 SITZER XXL Polster Designer Couchen Sofas";"4260499872113";"true";"EAN_DUPLICATE"
"37401";"132784457Chesterfield2016-04";"Chesterfield Sofa 3+2+1 SITZER Polster Designer Sofas Garnitur Couch";"4260499871611";"true";"EAN_DUPLICATE"
"37410";"133188387ChesterfieldSLSofa50";"Chesterfield Sofa 3 SITZER Couchen Dunkelgrün Sofas Garnitur Polster Designer";"4260499873189";"true";"EAN_DUPLICATE"
"37416";"133188386ChesterfieldSLSofa49";"Chesterfield Sofa 3 SITZER Couchen Grün Sofas Garnitur Polster Designer";"4260499873172";"true";"EAN_DUPLICATE"
"37422";"133188368ChesterfieldSLSofa48";"Chesterfield Sofa 3 SITZER Couchen Orange Sofas Garnitur Polster Designer";"4260499873165";"true";"EAN_DUPLICATE"
"37428";"133188361ChesterfieldSLSofa47";"Chesterfield Sofa 3 SITZER Couchen Beige Sofas Garnitur Polster Designer";"4260499873158";"true";"EAN_DUPLICATE"
"37434";"133188348ChesterfieldSLSofa46";"Chesterfield Sofa 3 SITZER Couchen Rosa Sofas Garnitur Polster Designer";"4260499873141";"true";"EAN_DUPLICATE"
"37440";"133188303ChesterfieldSLSofa45";"Chesterfield Sofa 3 SITZER Couchen Violett Sofas Garnitur Polster Designer";"4260499873134";"true";"EAN_DUPLICATE"
"37446";"133188300ChesterfieldSLSofa44";"Chesterfield Sofa 3 SITZER Couchen Sofas Garnitur Polster Beige Designer";"4260499873127";"true";"EAN_DUPLICATE"
"37452";"133188295ChesterfieldSLSofa43";"Chesterfield Dunkelbraun Sofa 3 SITZER Polster Designer Couchen Sofas Garnitur";"4260499873110";"true";"EAN_DUPLICATE"
"37458";"133188292ChesterfieldSLSofa42";"Chesterfield Sofa 3 SITZER Couchen Sofas Garnitur Polster Designer Dunkelviolett";"4260499873103";"true";"EAN_DUPLICATE"
"37464";"133188275ChesterfieldSLSofa41";"Chesterfield Sofa 3 SITZER Couchen Sofas Garnitur Polster Designer Turkis";"4260499873097";"true";"EAN_DUPLICATE"
"37470";"133188273ChesterfieldSLSofa40";"Chesterfield Sofa 3 SITZER Couchen Sofas Garnitur Polster Designer Rosig";"4260499873080";"true";"EAN_DUPLICATE"
"37476";"133188261ChesterfieldSLSofa39";"Chesterfield Sofa 3 SITZER Couchen Sofas Garnitur Polster Designer Schwarz";"4260499873073";"true";"EAN_DUPLICATE"
"37482";"133187308ChesterfieldSLSofa38";"Chesterfield Sofa 3 SITZER Couchen Sofas Garnitur Polster Designer Silber";"4260499873066";"true";"EAN_DUPLICATE"
"37488";"133187307ChesterfieldSLSofa37";"Chesterfield Sofa 3 SITZER Couchen Sofas Garnitur Polster Rosa Designer";"4260499873059";"true";"EAN_DUPLICATE"
"37494";"133187306ChesterfieldSLSofa36";"Chesterfield Sofa 3 SITZER Couchen Sofas Garnitur Polster Dunkelviolett Designer";"4260499873042";"true";"EAN_DUPLICATE"
"37500";"133187305ChesterfieldSLSofa35";"Chesterfield Sofa 3 SITZER Couchen Sofas Garnitur Polster Dunkelsilber Designer";"4260499873035";"true";"EAN_DUPLICATE"
"37506";"133187304ChesterfieldSLSofa34";"Chesterfield Sofa 3 SITZER Polster Designer Turkis Couchen Sofas Garnitur";"4260499873028";"true";"EAN_DUPLICATE"
"37512";"133187303ChesterfieldSLSofa33";"Chesterfield Sofa Designer Couchen Sofas Garnitur 3 SITZER Polster Schwarz";"4260499873011";"true";"EAN_DUPLICATE"
"37518";"133187302ChesterfieldSLSofa32";"Chesterfield Sofa Grün 3 SITZER Polster Designer Velvet Couchen Sofas Garnitur";"4260499873004";"true";"EAN_DUPLICATE"
"37524";"133187301ChesterfieldSLSofa31";"Chesterfield Sofa 3 SITZER Polster Designer Couchen Sofas Grün Velvet Garnitur";"4260499872991";"true";"EAN_DUPLICATE"
"37530";"133187300ChesterfieldSLSofa30";"Chesterfield Sofa 3 SITZER Polster Designer Couchen Sofas Dunkelorange Garnitur";"4260499872984";"true";"EAN_DUPLICATE"
"37536";"133187299ChesterfieldSLSofa29";"Chesterfield Sofa 3 SITZER Polster Designer Couchen Beige Velvet Sofas Garnitur";"4260499872977";"true";"EAN_DUPLICATE"
"37542";"133187298ChesterfieldSLSofa28";"Chesterfield Sofa 3 SITZER Polster Designer Couchen Sofas Rosa Garnitur";"4260499872960";"true";"EAN_DUPLICATE"
"37548";"133187297ChesterfieldSLSofa27";"Chesterfield Sofa 3 SITZER Polster Designer Couchen Sofas Garnitur Dunkelviolett";"4260499872953";"true";"EAN_DUPLICATE"
"37554";"133190274ChesterfieldSLIIISofa7";"Chesterfield Sofa 3 SITZER Polster Sofas Designer Couchen Schwarz Garnitur";"4260499873257";"true";"EAN_DUPLICATE"
"37562";"133189344ChesterfieldSLIIISofa6";"Chesterfield Sofa 3 SITZER Polster Sofas Designer Couchen Silber Garnitur";"4260499873240";"true";"EAN_DUPLICATE"
"37570";"133189341ChesterfieldSLIIISofa5";"Chesterfield Sofa 3 SITZER Polster Designer Sofas Garnitur Rosa Couchen";"4260499873233";"true";"EAN_DUPLICATE"
"37578";"133189340ChesterfieldSLIIISofa4";"Chesterfield Sofa 3 SITZER Couchen Dunkelviolett Sofas Garnitur Polster Designer";"4260499873226";"true";"EAN_DUPLICATE"
"37586";"133188867ChesterfieldSLIIISofa3";"Chesterfield Sofa 3 SITZER Couchen Sofas Garnitur Polster Designer Dunkelgrau";"4260499873219";"true";"EAN_DUPLICATE"
"37594";"133188395ChesterfieldSLIIISofa2";"Chesterfield Sofa 3 SITZER Couchen Dunkelgrau Sofas Garnitur Polster Designer";"4260499873202";"true";"EAN_DUPLICATE"
"37602";"133188392ChesterfieldSLIIISofa1";"Chesterfield Sofa 3 SITZER Couchen Silber Sofas Garnitur Polster Designer";"4260499873196";"true";"EAN_DUPLICATE"
"37608";"133187230ChesterfieldSLSofa18";"Chesterfield Sofa 3 SITZER Polster Designer Couchen Sofas Gelb Velvet Garnitur";"4260499872861";"true";"EAN_DUPLICATE"
"37618";"133187227ChesterfieldSLSofa17";"Chesterfield Sofa 3 SITZER Polster Designer Burgund Couchen Sofas Garnitur";"4260499872854";"true";"EAN_DUPLICATE"
"37624";"133187226ChesterfieldSLSofa16";"Chesterfield Sofa 3 SITZER Polster Designer Couchen Burgund Sofas";"4260499872847";"true";"EAN_DUPLICATE"
"37630";"133186881ChesterfieldSLSofa15";"Chesterfield Braun Sofa 3 SITZER Polster Designer Couchen Sofas";"4260499872830";"true";"EAN_DUPLICATE"
"37636";"133186286ChesterfieldSLSofa14";"Chesterfield Sofa 3 SITZER Polster Designer Couchen Sofas Burgund";"4260499872823";"true";"EAN_DUPLICATE"
"37642";"133184521ChesterfieldSLSofa12";"Chesterfield Sofa 3 SITZER Schwarz Polster Designer Couchen Leder Garnitur";"4260499872809";"true";"EAN_DUPLICATE"
"37648";"133184076ChesterfieldSLSofa8";"Chesterfield Sofa Braun 3 SITZER Polster Designer Couchen Leder Garnitur";"4260499872762";"true";"EAN_DUPLICATE"
"37654";"133179533ChesterfieldSLSofa4";"Chesterfield Sofa 3 SITZER Polster Designer Couchen Sofas Grau Garnitur SL";"4260499872724";"true";"EAN_DUPLICATE"
"37662";"133179162ChesterfieldSLSofa2";"Designer Sofa Ecksofa Stoffsofa System Sofa Textil Samt Eckcouch Couch";"4260499872700";"true";"EAN_DUPLICATE"
"37670";"133178861ChesterfieldSLSofa1";"Chesterfield Schwarz Sofa 3 SITZER Polster Designer Couchen Sofas Garnitur";"4260499872694";"true";"EAN_DUPLICATE"
"37678";"132901377Chesterfield2016-073";"Chesterfield Sofa 3 SITZER Polster Designer Schwarz Couchen Sofas Garnitur";"4260499872298";"true";"EAN_DUPLICATE"
"37684";"132901353Chesterfield2016-072";"Chesterfield Sofa 2 SITZER Polster Designer Couchen Sofas Dekor Garnitur";"4260499872281";"true";"EAN_DUPLICATE"
"37690";"132901338Chesterfield2016-071";"Chesterfield Sofa 3 SITZER Braun Polster Designer Leder Couchen Sofas Garnitur";"4260499872274";"true";"EAN_DUPLICATE"
"37696";"132901335Chesterfield2016-070";"Chesterfield Sofa 3 SITZER Polster Designer Dunkelblau Couchen Sofas Garnitur";"4260499872267";"true";"EAN_DUPLICATE"
"37702";"132901330Chesterfield2016-069";"Chesterfield Sofa 3 SITZER Polster Designer Couchen Sofas Beige Garnitur";"4260499872250";"true";"EAN_DUPLICATE"
"37708";"132901283Chesterfield2016-068";"Chesterfield Sofa 2 SITZER Polster Designer Couchen Sofas Garnitur";"4260499872243";"true";"EAN_DUPLICATE"
"37714";"132901186Chesterfield2016-066";"Chesterfield Sofa 3 SITZER Polster Silber Designer Couchen Sofas Garnitur";"4260499872229";"true";"EAN_DUPLICATE"
"37720";"132901173Chesterfield2016-065";"Chesterfield Sofa 4 SITZER XXXL Polster Designer Couchen Blau Velvet Sofas";"4260499872212";"true";"EAN_DUPLICATE"
"37726";"132900949Chesterfield2016-063";"Chesterfield Sofa 3 SITZER Polster Designer Couchen Sofas Blau Velvet Garnitur";"4260499872199";"true";"EAN_DUPLICATE"
"37732";"132900769Chesterfield2016-062";"Chesterfield Sofa 3 SITZER Polster Designer Couchen Leder Sofas Braun Garnitur";"4260499872182";"true";"EAN_DUPLICATE"
"37738";"132900758Chesterfield2016-061";"Chesterfield Sofa Sessel Polster Designer Couchen Sofas Garnitur";"4260499872175";"true";"EAN_DUPLICATE"
"37744";"132900646Chesterfield2016-059";"Chesterfield Sofa 3 SITZER Polster Designer Couchen Sofas Dunkelblau Garnitur";"4260499872151";"true";"EAN_DUPLICATE"
"37750";"132875086Chesterfield2016-058";"Chesterfield Sofa 3 SITZER Polster Designer Couchen Sofas Braun Leder Garnitur";"4260499872144";"true";"EAN_DUPLICATE"
"37756";"132874951Chesterfield2016-056";"Chesterfield Sofa 3 SITZER Polster Designer Couchen Sofas Silber Garnitur";"4260499872137";"true";"EAN_DUPLICATE"
"37762";"132874679Chesterfield2016-055";"Chesterfield Sofa 3 SITZER Polster Designer Grau Couchen Sofas Grau Garnitur";"4260499872120";"true";"EAN_DUPLICATE"
"37768";"132874257Chesterfield2016-053";"Chesterfield Sofa 3 SITZER Polster Designer Couchen Sofas Violett Garnitur";"4260499872106";"true";"EAN_DUPLICATE"
"37774";"132871649Chesterfield2016-044";"Chesterfield Sofa 3 SITZER Polster Designer Couchen Dunkelgrau Velvet Garnitur";"4260499872014";"true";"EAN_DUPLICATE"
"37780";"132851141Chesterfield2016-017";"Chesterfield Sofa 3 SITZER Polster Designer Couchen Sofas Grau Stoff Garnitur";"4260499871741";"true";"EAN_DUPLICATE"
"37786";"132851100Chesterfield2016-016";"Chesterfield Sofa 4 SITZER XXXL Polster Designer Couchen Sofas";"4260499871734";"true";"EAN_DUPLICATE"
"37792";"132851054Chesterfield2016-015";"Chesterfield Sofa 3 SITZER Polster Designer Couchen Sofas Rot Velvet Garnitur";"4260499871727";"true";"EAN_DUPLICATE"
"37798";"132850870Chesterfield2016-013";"Chesterfield Sofa 3 SITZER Polster Designer Couchen Sofa";"4260499871703";"true";"EAN_DUPLICATE"
"37822";"19122016B";"Chesterfield Ecksofa Polsterecke Leder Sofa Garnitur Couch Ecke";"4260454040298";"true";"EAN_DUPLICATE"
"37843";"134153218JurandFontanna1028";"Springbrunnen Fontäne Zierbrunnen Garten 1028 Deko Brunnen 171 cm";"4260499875053";"true";"EAN_DUPLICATE"
"37844";"134153217JurandFontanna1029";"Springbrunnen Fontäne Zierbrunnen Garten 1029 Deko Brunnen 230 cm";"4260499875046";"true";"EAN_DUPLICATE"
"37898";"134051271JurandFontanna1085";"Springbrunnen Fontäne Zierbrunnen Garten Deko Brunnen Fondi 190 cm";"4260499874506";"true";"EAN_DUPLICATE"
"37902";"134051210JurandFontanna1030R";"Springbrunnen Fontäne Zierbrunnen Garten Deko Brunnen Ítalien 180 cm";"4260499874469";"true";"EAN_DUPLICATE"
"37909";"134333624JurandDonica2010";"Massiver Pflanzgefäß Antik Blumenkasten Pflanztrog Blumentopf aus Steinguss";"4260499876050";"true";"EAN_DUPLICATE"
"37913";"134333619JurandDonica2015";"Massiver Antik Pflanzgefäß Blumenkasten Pflanztrog Blumentopf aus Steinguss";"4260499876012";"true";"EAN_DUPLICATE"
"37918";"134333607JurandDonica2021";"Massiver Pflanzgefäß Blumenkasten Pflanztrog Schwan Blumentopf aus Steinguss";"4260499875961";"true";"EAN_DUPLICATE"
"37929";"134333562JurandDonica2033";"Massiver Garten Pflanzgefäß Blumenkasten Pflanztrog Blumentopf aus Steinguss";"4260499875855";"true";"EAN_DUPLICATE"
"37930";"134333549JurandDonica2034";"Massiver Pflanzgefäß Blumenkasten Garten Pflanztrog Blumentopf aus Steinguss";"4260499875848";"true";"EAN_DUPLICATE"
"37945";"134334708JurandKolumna3012";"Sockel Säule Stein Statuen Garten Dekoration Podest Skulptur Antik Steinsäule";"4260499876234";"true";"EAN_DUPLICATE"
"37949";"134334725JurandKolumna3006";"Sockel Säule Stein Statuen Garten Dekoration Podest Skulptur";"4260499876272";"true";"EAN_DUPLICATE"
"37975";"132901144Chesterfield2016-064";"Chesterfield Couch Polster Sofa Sitz Garnitur Designer Couchen Sofas";"4260499872205";"true";"EAN_DUPLICATE"
"38244";"2211831002201702";"FRANCO Wohnlanschaft Sofa Ecksofa Couch Eck Garnitur Tisch Hocker";"4260174420486";"true";"EAN_DUPLICATE"
"38259";"2302201701";"Chesterfield Sofa Couch Polster 3 Sitzer 100% Echtes Leder Sofort";"4067282805231";"true";"EAN_DUPLICATE|NAME_CONTAINS_SOFORT"
"38296";"135679020WTBettS-9270white";"POLSTERBETT LEDERBETT BETT BETT MODELL B04(EV) white 160/180";"4260484864888";"true";"EAN_DUPLICATE"
"38315";"135678894WTBettS-9270black";"POLSTERBETT LEDERBETT BETT BETT MODELL B04(EV) BLACK 160/180";"4260484864895";"true";"EAN_DUPLICATE"
"38353";"135678292WTBettS-9231";"POLSTERBETT LEDERBETT BETT BETT MODELL S-9231 160/180/200";"4260484864918";"true";"EAN_DUPLICATE"
"38429";"135677899WTBettS-9111";"POLSTERBETT LEDERBETT BETT BETT MODELL S-9111 160/180/200X220CM";"4260484864956";"true";"EAN_DUPLICATE"
"39096";"135787279RobertoMTischeSF-25-80x140x180";"Tisch Esstisch Holztisch XXL Konferenztisch SF-25 80x140cm Ausziehbar 80x180cm";"4260533180013";"true";"EAN_DUPLICATE"
"39100";"135784104RobertoMTischeS33";"Tisch Esstisch Holztisch XXL Konferenztisch S33Radius100+40";"4260533180006";"true";"EAN_DUPLICATE"
"39104";"135776492RobertoMTischeS28-80x120x200";"Tisch Esstisch Holztisch XXL Konferenztisch 80x90cm Ausziehbar";"4260499878979";"true";"EAN_DUPLICATE"
"39119";"135775629RobertoMTischeS32-90x170x250";"Tisch Esstisch Holztisch XXL Konferenztisch S32 90x170cm Ausziehbar";"4260499878917";"true";"EAN_DUPLICATE"
"39123";"135775557RobertoMTischeS30-100x100x250";"Tisch Esstisch Holztisch XXL Konferenztisch S30 100x100cm Ausziehbar";"4260499878900";"true";"EAN_DUPLICATE"
"39127";"135775538RobertoMTischeS27";"Tisch Esstisch Holztisch XXL Konferenztisch S27 Radius 150+50 CM";"4260499878894";"true";"EAN_DUPLICATE"
"39131";"135772250RobertoMTischeS26-100x160x400";"Tisch Esstisch Holztisch XXL Konferenztisch S26 100x160cm Ausziehbar";"4260499878887";"true";"EAN_DUPLICATE"
"39135";"135771281RobertoMTischeS24-90x90x210";"Tisch Esstisch Holztisch XXL Konferenztisch S24 90X90cm Ausziehbar";"4260499878849";"true";"EAN_DUPLICATE"
"39160";"135764157RobertoMTischeS19";"Tisch Esstisch Holztisch XXL Konferenztisch Rund Deko S19 RADIUS 150+50 CM";"4260499878658";"true";"EAN_DUPLICATE"
"39182";"135764131RobertoMTischeS18-L-S-90x160x200";"Tisch Esstisch Holztisch XXL Konferenztisch S18-L-S 90X160cm Ausziehbar";"4260499878641";"true";"EAN_DUPLICATE"
"39187";"135761209RobertoMTischeS18-S-70x120";"Tisch Esstisch Holztisch XXL Konferenztisch S18-S 70X120cm";"4260499878399";"true";"EAN_DUPLICATE"
"39198";"135749114RobertoMTischeS18-70x120";"Tisch Esstisch Holztisch XXL Konferenztisch S18 70X120cm";"4260484864673";"true";"EAN_DUPLICATE"
"39209";"135748772RobertoMTischeS13-90x160x200";"Tisch Esstisch Holztisch XXL Konferenztisch S13 90X160cm Ausziehbar";"4260484864727";"true";"EAN_DUPLICATE"
"39309";"129935458WTBettS-9270";"Polster Doppel Ehe Betten Modernes Designer Bett Leder Textil XXL Schlaf";"4260484869395";"true";"EAN_DUPLICATE"
"39594";"135798372RobertoMStuhlK5";"MASSIVHOLZ STUHL ESSZIMMERSTUHL DESIGNER LEDER STUHL";"4260533180044";"true";"EAN_DUPLICATE"
"39597";"135798525RobertoMStuhlK13";"MASSIVHOLZ STUHL ESSZIMMERSTUHL DESIGNER LEDER KLASSISCH DEKO STUHL HOLZ";"4260533180075";"true";"EAN_DUPLICATE"
"39605";"135800031RobertoMStuhlK27";"MASSIVHOLZ STUHL ESSZIMMERSTUHL DESIGNER KLASSISCH Weiß ARMLEHENSTUHL HOLZ";"4260533180150";"true";"EAN_DUPLICATE"
"39607";"135800153RobertoMStuhlK30";"MASSIVHOLZ STUHL ESSZIMMERSTUHL HOLZ DESIGNER STUHL KLASSISCH Weiß DEKORATIVE";"4260533180174";"true";"EAN_DUPLICATE"
"39609";"135800322RobertoMStuhlK34";"MASSIVHOLZ STUHL HOLZ DESIGNER STUHL ESSZIMMERSTUHL KLASSISCH BEIGE DEKORATIVE";"4260533180198";"true";"EAN_DUPLICATE"
"39611";"135800471RobertoMStuhlK37";"MASSIVHOLZ STUHL HOLZ DESIGNER Weiß STUHL ESSZIMMERSTUHL KLASSISCH DEKORATIVE";"4260533180211";"true";"EAN_DUPLICATE"
"39614";"135800823RobertoMStuhlK41";"MASSIVHOLZ STUHL HOLZ DESIGNER ROT STUHL ESSZIMMERSTUHL KLASSISCH DEKORATIVE";"4260533180242";"true";"EAN_DUPLICATE"
"39616";"135800959RobertoMStuhlK41B";"MASSIVHOLZ Weiß STUHL HOLZ DESIGNER STUHL ESSZIMMERSTUHL MODERN DEKORATIVE";"4260533180266";"true";"EAN_DUPLICATE"
"39617";"135801120RobertoMStuhlK42";"MASSIVHOLZ Weiß SCHWARZ HOLZ DESIGNER STUHL ESSZIMMERSTUHL MODERN DEKORATIVE";"4260533180273";"true";"EAN_DUPLICATE"
"39626";"135804466RobertoMStuhlK49";"MASSIVHOLZ HOLZ STOFF STUHL MODERN DESIGNER ESSZIMMERSTUHL KÜCHE DEKORATIVE";"4260533180365";"true";"EAN_DUPLICATE"
"39628";"135804496RobertoMStuhlK51";"MASSIVHOLZ HOLZ BRAUN STUHL MODERN DESIGNER ESSZIMMERSTUHL KÜCHE DEKORATIVE";"4260533180389";"true";"EAN_DUPLICATE"
"39630";"135805752RobertoMStuhlK53";"MASSIVHOLZ HOLZ Weiß STUHL MODERN DESIGNER ESSZIMMERSTUHL KÜCHE DEKORATIVE";"4260533180402";"true";"EAN_DUPLICATE"
"39637";"135806895RobertoMStuhlK61";"MASSIVHOLZ HOLZ STUHL MODERN Weiß DESIGNER ESSZIMMERSTUHL KÜCHE DEKORATIVE";"4260533180471";"true";"EAN_DUPLICATE"
"39639";"135806986RobertoMStuhlK63";"MASSIVHOLZ HOLZ STUHL MODERN LEDER DESIGNER ESSZIMMERSTUHL KÜCHE DEKORATIVE";"4260533180495";"true";"EAN_DUPLICATE"
"39640";"135807023RobertoMStuhlK64";"MASSIVHOLZ HOLZ STUHL MODERN LANDHAUS DESIGNER ESSZIMMERSTUHL KÜCHE DEKORATIVE";"4260533180501";"true";"EAN_DUPLICATE"
"39641";"135807071RobertoMStuhlK65";"MASSIVHOLZ HOLZ STUHL MODERN DESIGNER LANGE ESSZIMMERSTUHL KÜCHE DEKORATIVE";"4260533180518";"true";"EAN_DUPLICATE"
"39642";"135807132RobertoMStuhlK66";"MASSIVHOLZ HOLZ STUHL MODERN DESIGNER SILBER ESSZIMMERSTUHL KÜCHE DEKORATIVE";"4260533180525";"true";"EAN_DUPLICATE"
"39646";"135807257RobertoMStuhlK70";"MASSIVHOLZ HOLZ STUHL MODERN DESIGNER BEIGE ESSZIMMERSTUHL LANGE DEKORATIVE";"4260533180563";"true";"EAN_DUPLICATE"
"39650";"135831016SchonerShoppenSIDEBOARDJ";"RTV TV SIDEBOARD LEDER GLAS TISCH FERNSEH SCHRANK TISCH DESIGNER NEU GLAS MODELL J";"4260533180662";"true";"EAN_DUPLICATE"
"39705";"135831011SchonerShoppenSIDEBOARDI";"RTV TV SIDEBOARD LEDER SCHRANK TISCH GLAS TISCH FERNSEH DESIGNER WOHNZIMMER";"4260533180655";"true";"EAN_DUPLICATE"
"39760";"135831005SchonerShoppenSIDEBOARDH";"RTV TV SIDEBOARD LEDER GLAS TISCH WOHNZIMMER MODERN FERNSEH SCHRANK TISCH";"4260533180648";"true";"EAN_DUPLICATE"
"39815";"135829626SchonerShoppenSIDEBOARDF";"RTV TV SIDEBOARD LEDER GLAS TISCH FERNSEH SCHRANK TISCH DESIGNER NEU GLAS MODELL F";"4260533180631";"true";"EAN_DUPLICATE"
"39871";"135829514SchonerShoppenSIDEBOARDC";"RTV TV SIDEBOARD LEDER GLAS TISCH FERNSEH SCHRANK TISCH DESIGNER NEU GLAS";"4260533180624";"true";"EAN_DUPLICATE"
"39923";"135829434SchonerShoppenSIDEBOARDB";"RTV TV SIDEBOARD LEDER GLAS TISCH FERNSEH SCHRANK TISCH";"4260533180617";"true";"EAN_DUPLICATE"
"39975";"135827576SchonerShoppenSIDEBOARDA";"RTV TV SIDEBOARD LEDER GLAS TISCH FERNSEH SCHRANK TISCH DESIGNER NEU GLAS MODELL A";"4260533180600";"true";"EAN_DUPLICATE"
"40030";"135845331KarolMebleRAJ-4-S-Grau";"DOPPELSTOCKBETT STOCKBETT BETT ETAGENBETT MIT SCHREIBTISCH";"4260533180679";"true";"EAN_DUPLICATE"
"40147";"135852597KarolMebleRAJ-5-WEISS";"DOPPELSTOCKBETT Weiß STOCKBETT BETT KINDERZIMMER ETAGENBETT MIT SCHREIBTISCH";"4260533180778";"true";"EAN_DUPLICATE"
"40267";"134407964JurandFigury1501";"GARTENFIGUR STEINFIGUR FIGUR GARTEN ENGEL SKULPTUR DECORATIVE STEINGUSS";"4260499877286";"true";"EAN_DUPLICATE"
"40272";"134398283JurandFigury1512";"GARTENFIGUR STEINFIGUR FIGUR GARTEN SKULPTUR DECORATIVE ANTIK STEINGUSS";"4260499877231";"true";"EAN_DUPLICATE"
"40285";"134396855JurandFigury1536";"GARTENFIGUR STEINFIGUR FIGUR GARTEN SKULPTUR DECORATIVE LÖWE STEINGUSS";"4260499877101";"true";"EAN_DUPLICATE"
"40287";"134396152JurandFigury1541";"GARTENFIGUR STEINFIGUR FIGUR GARTEN VOGEL SKULPTUR DECORATIVE STEINGUSS";"4260499877088";"true";"EAN_DUPLICATE"
"40288";"134395014JurandFigury1545";"GARTENFIGUR STEINFIGUR FIGUR GARTEN HUND SKULPTUR DECORATIVE STEINGUSS";"4260499877071";"true";"EAN_DUPLICATE"
"40292";"134392641JurandFigury1553";"GARTENFIGUR STEINFIGUR FIGUR GARTEN DAME SKULPTUR DECORATIVE STEINGUSS";"4260499877026";"true";"EAN_DUPLICATE"
"40293";"134392605JurandFigury1555";"GARTENFIGUR STEINFIGUR FIGUR GARTEN SKULPTUR DECORATIVE DAME STEINGUSS";"4260499877019";"true";"EAN_DUPLICATE"
"40300";"134385306JurandFigury1563";"GARTENFIGUR STEINFIGUR FIGUR GARTEN SKULPTUR BEIGE STEINGUSS DECORATIVE";"4260499876944";"true";"EAN_DUPLICATE"
"40301";"134385305JurandFigury1565";"GARTENFIGUR STEINFIGUR FIGUR GARTEN SKULPTUR SILBER STEINGUSS DECORATIVE";"4260499876937";"true";"EAN_DUPLICATE"
"40307";"134385269JurandFigury1572";"GARTENFIGUR DAME STEINFIGUR FIGUR GARTEN SKULPTUR STEINGUSS DECORATIVE";"4260499876876";"true";"EAN_DUPLICATE"
"40313";"134336126JurandFigury1580";"GARTENFIGUR STEINFIGUR VOGEL FIGUR GARTEN SKULPTUR STEINGUSS DECORATIVE";"4260499876814";"true";"EAN_DUPLICATE"
"40321";"134336111JurandFigury1588";"GARTENFIGUR STEINFIGUR FIGUR KINDER GARTEN SKULPTUR STEINGUSS DECORATIVE";"4260499876739";"true";"EAN_DUPLICATE"
"40322";"134336110JurandFigury1589";"GARTENFIGUR STEINFIGUR FIGUR ENGEL GARTEN SKULPTUR STEINGUSS DECORATIVE";"4260499876722";"true";"EAN_DUPLICATE"
"40335";"134336074JurandFigury1554";"GARTENFIGUR STEINFIGUR FIGUR MEDUSA GARTEN SKULPTUR STEINGUSS DECORATIVE";"4260499876609";"true";"EAN_DUPLICATE"
"40424";"130548522Modell700Stolwit";"XXL Polster Designer Bett Chesterfield Boxspring Bett Hotelbett Doppelbett";"4260499870638";"true";"EAN_DUPLICATE"
"40457";"136184725CouchtischH2209Sofort";"COUCHTISCH H2209 SOFORT LIEFERBAR";"4260533183076";"true";"NAME_CONTAINS_SOFORT"
"40459";"128868186WTSB3009";"Designer Couchtisch Polster Modern Tisch Leder Glas Moderner Tische Glastische";"4260484864543";"true";"EAN_DUPLICATE"
"40500";"136224970JurandFigury1578";"GARTENFIGUR STEINFIGUR FIGUR VOGEL GARTEN SKULPTUR DECORATIVE STEINGUSS";"4260533183762";"true";"EAN_DUPLICATE"
"40505";"134335709JurandFigury1548";"GARTENFIGUR STEINFIGUR FIGUR GARTEN SKULPTUR VOGEL STEINGUSS DECORATIVE";"4260499876371";"true";"EAN_DUPLICATE"
"40514";"134333483JurandDonica2043";"Massiver Pflanzgefäß Blumenkasten Antik Pflanztrog Blumentopf aus Steinguss";"4260499875763";"true";"EAN_DUPLICATE"
"40537";"134333497JurandDonica2039";"Massiver Pflanzgefäß Blumenkasten Pflanztrog Garten Blumentopf aus Steinguss";"4260499875794";"true";"EAN_DUPLICATE"
"40538";"135873178JurandFontanna1094";"Springbrunnen Fontäne Zierbrunnen Garten Deko Brunnen 1094";"4260533181126";"true";"EAN_DUPLICATE"
"40539";"135873170JurandFontanna1095";"Springbrunnen Fontäne Zierbrunnen Garten Deko Brunnen 1095";"4260533181119";"true";"EAN_DUPLICATE"
"40545";"135873082JurandFontanna1101";"Springbrunnen Fontäne Zierbrunnen Garten Deko Brunnen 1101";"4260533181058";"true";"EAN_DUPLICATE"
"40546";"135873078JurandFontanna1102";"Springbrunnen Fontäne Zierbrunnen Garten Deko Brunnen 1102";"4260533181041";"true";"EAN_DUPLICATE"
"40572";"134177736JurandFontanna1001";"Springbrunnen Fontäne Zierbrunnen Garten 1001 Deko Brunnen 280 cm";"4260499875213";"true";"EAN_DUPLICATE"
"41055";"136449483CHESTERFIELD321CAMBRIDGESofort";"CHESTERFIELD 3+2+1 LEDERSOFA SOFAGARNITUR POLSTER COUCH";"4260439210074";"true";"EAN_DUPLICATE"
"42146";"135829781SchonerShoppenSIDEBOARDGWT";"RTV TV SIDEBOARD LEDER GLAS TISCH FERNSEH SCHRANK TISCH WOHNZIMMER MODERN";"4260533180648";"true";"EAN_DUPLICATE"
"42960";"136744993KinasMebleL-FORMMADAGASKARBettfunktionBett";"Sofa Schlafsofa Designer Sofa mit Bettfunktion + Bettkasten Beige Ecksofa Couch";"4260533186374";"true";"EAN_DUPLICATE"
"42969";"136744916KinasMebleL-FORMDIANABettfunktionBettkaste";"Schwarz Schlafsofa Designer Sofa mit Bettfunktion + Bettkasten Ecksofa Couch";"4260533186367";"true";"EAN_DUPLICATE"
"42978";"136744665KinasMebleL-FORMJORDANIABettfunktionBettka";"Dunkelgrau Schlafsofa Designer Sofa mit Bettfunktion + Bettkasten Ecksofa Couch";"4260533186350";"true";"EAN_DUPLICATE"
"42991";"136744513KinasMebleL-FORMMINISTERBettfunktionBettka";"Sofa Schlafsofa Designer Silber Sofa mit Bettfunktion + Bettkasten Ecksofa Couch";"4260533186343";"true";"EAN_DUPLICATE"
"43000";"136744345KinasMebleL-FORMKOLIBERBettfunktionBettkas";"Sofa Schlafsofa Designer Hellblau Sofa mit Bettfunktion + Bettkasten Couch";"4260533186336";"true";"EAN_DUPLICATE"
"43009";"136744080KinasMebleL-FORMR-MINIBettfunktionBettkast";"Sofa Schlafsofa Designer Grau Sofa mit Bettfunktion + Bettkasten Ecksofa Weiß";"4260533186329";"true";"EAN_DUPLICATE"
"43032";"136743900KinasMebleL-FORMTOMEKBettfunktionBettkaste";"Sofa Schlafsofa Designer Sofa mit Bettfunktion + Bettkasten Ecksofa Schwarz Silber";"4260533186305";"true";"EAN_DUPLICATE"
"43041";"136743780KinasMebleL-FORMKIRIIBettfunktionBettkaste";"Sofa Schlafsofa Designer Sofa mit Bettfunktion + Bettkasten Ecksofa Weiß Schwarz";"4260533186299";"true";"EAN_DUPLICATE"
"43050";"136743624KinasMebleL-FORMMEXICOBettfunktionBettkast";"Sofa Schlafsofa Designer Sofa mit Bettfunktion + Bettkasten Ecksofa Beige Couch";"4260533186282";"true";"EAN_DUPLICATE"
"43059";"136742767KinasMebleL-FORMMEXICODELUXBettfunktionB";"Sofa Schlafsofa Designer Sofa mit Bettfunktion + Bettkasten Dunkelgrau Couch";"4260533186275";"true";"EAN_DUPLICATE"
"43077";"136742359KinasMebleL-FORMR1BettfunktionBettkasten";"Sofa Schlafsofa Designer Sofa mit Bettfunktion + Bettkasten Ecksofa Rot Couch";"4260533186251";"true";"EAN_DUPLICATE"
"43091";"136738552KinasMebleL-FORMAVATARBettfunktionBettkast";"Sofa Schlafsofa Designer Sofa mit Bettfunktion + Bettkasten Grau Orange Couch";"4260533186244";"true";"EAN_DUPLICATE"
"43100";"136737690KinasMebleL-FORMSENATORBettfunktionBettkas";"Sofa Schlafsofa Designer Hellblau Sofa mit Bettfunktion + Bettkasten Ecksofa";"4260533186237";"true";"EAN_DUPLICATE"
"43109";"136731121KinasMebleL-FORMTORNADOBettfunktionBettkas";"Sofa Schlafsofa Designer Sofa mit Bettfunktion + Bettkasten Grau Ecksofa Couch";"4260533186220";"true";"EAN_DUPLICATE"
"43118";"136730899KinasMebleL-FORMRAMIROBettfunktionBettkast";"Sofa Schlafsofa Designer Sofa mit Bettfunktion + Bettkasten Hellblau Ecksofa";"4260533186213";"true";"EAN_DUPLICATE"
"43127";"136730306KinasMebleL-FORMAXE";"Sofa Designer Sofa Ecksofa Couch NEU AXE";"4260533186206";"true";"EAN_DUPLICATE"
"43136";"136730024KinasMebleL-FORMVIPERBettfunktionBettkaste";"Sofa Schlafsofa Designer Sofa mit Bettfunktion + Bettkasten Schwarz Ecksofa";"4260533186190";"true";"EAN_DUPLICATE"
"43145";"136708564KinasMebleL-FORMMARTINBettfunktionBettkast";"Sofa Schlafsofa Designer Sofa mit Bettfunktion + Bettkasten Ecksofa Silber Couch";"4260533186176";"true";"EAN_DUPLICATE"
"43154";"136708443KinasMebleL-FORMDARCOBettfunktionBettkaste";"Sofa Schlafsofa Designer Sofa mit Bettfunktion + Bettkasten Ecksofa Schwarz";"4260533186169";"true";"EAN_DUPLICATE"
"43163";"136708051KinasMebleL-FORMFINNBettfunktionBettkasten";"Sofa Schlafsofa Designer Sofa mit Bettfunktion + Bettkasten Ecksofa Braun Couch";"4260533186152";"true";"EAN_DUPLICATE"
"43172";"136707890KinasMebleL-FORMWAKIKIBettfunktionBettkast";"Sofa Schlafsofa Designer Sofa mit Bettfunktion + Bettkasten Ecksofa Couch NEU";"4260533186145";"true";"EAN_DUPLICATE"
"43181";"136701317KinasMebleL-FORMMECENASBettfunktionBettkas";"Sofa Schlafsofa Designer Sofa mit Bettfunktion + Bettkasten Ecksofa Grau Couch";"4260533186138";"true";"EAN_DUPLICATE"
"43199";"136918344JosephineChaisess-fabrykaSOFORT-LIEFERBAR";"CHAISELOUNGE CHESTERFIELD JOSEPHINE";"4260174421261";"true";"EAN_DUPLICATE"
"43604";"331";"Ledersofa Sofagarnitur Davos 3+3+1 Sitzer (NB)";"4260454043466";"true";"EAN_DUPLICATE"
"43606";"137313937WTSB6108SOFORTLIEFERBAR";"DESIGNER COUCHTISCH POLSTER TISCH LEDER GLAS MODERNER TISCHE GLASTISCHE 6108 - SOFORT LIEFERBAR";"4260484864567";"true";"EAN_DUPLICATE|NAME_CONTAINS_SOFORT"
"43645";"136809175KinasMebleL-FORM-Assan-Bettfunktion-Bettkasten";"Sofa Schlafsofa Designer Sofa mit Bettfunktion + Bettkasten Schwarz Orange Couch";"4260533186558";"true";"EAN_DUPLICATE"
"43654";"136807037KinasMebleL-FORM-Argent-Trinity-Bettfunktion-Bettkasten";"Sofa Schlafsofa Designer Sofa mit Bettfunktion + Bettkasten Modern Ecksofa Couch";"4260533186541";"true";"EAN_DUPLICATE"
"43663";"136806523KinasMeble-SOFAGARNITUR-3-1-1-EWELINA-Bettfunktion-Bettkasten";"Sofa 3+1+1 Sitz Schlafsofa Designer Sofa mit Bettfunktion Polstergarnitur";"4260533186534";"true";"EAN_DUPLICATE"
"43697";"136795603KinasMeble-3-Sitzer-ALISS-Bettfunktion-Bettkasten";"Schlafsofa Klappcouch 3-Sitzer Schlaffunktion + Bettkasten Couch Silber Sofa";"4260533186466";"true";"EAN_DUPLICATE"
"43702";"136789676KinasMeble-3-Sitzer-SAMANTA-B-Bettfunktion-Bettkasten";"Schlafsofa Klappcouch 3-Sitzer Schlaffunktion + Bettkasten Couch Schwarz Sofa";"4260533186459";"true";"EAN_DUPLICATE"
"43707";"136789627KinasMeble-3-Sitzer-SAMANTA-A-Bettfunktion-Bettkasten";"Schlafsofa Klappcouch 3-Sitzer Schlaffunktion + Bettkasten Couch Grün Sofa";"4260533186442";"true";"EAN_DUPLICATE"
"43712";"136787794KinasMeble-3-Sitzer-BENITA-Bettfunktion-Bettkasten";"Schlafsofa Klappcouch 3-Sitzer Schlaffunktion + Bettkasten Couch Gelb Sofa";"4260533186435";"true";"EAN_DUPLICATE"
"43717";"136784649KinasMeble-3-Sitzer-CHER-Bettfunktion-Bettkasten";"Schlafsofa Klappcouch 3-Sitzer Schlaffunktion + Bettkasten Couch Sofa";"4260533186428";"true";"EAN_DUPLICATE"
"43722";"136784199KinasMeble-3-Sitzer-LAURA-K-Bettfunktion-Bettkasten";"Schlafsofa Klappcouch 3-Sitzer Schlaffunktion + Bettkasten Couch Design";"4260533186411";"true";"EAN_DUPLICATE"
"43732";"136783857KinasMeble-3-Sitzer-MANHATAN-Bettfunktion-Bettkasten";"Schlafsofa Klappcouch 3-Sitzer Schlaffunktion + Bettkasten Couch Beige Designer";"4260533186398";"true";"EAN_DUPLICATE"
"43737";"136746688KinasMeble-3-Sitzer-MATRIX-Bettfunktion-Bettkasten";"Schlafsofa Klappcouch 3-Sitzer Schlaffunktion + Bettkasten Couch Designer";"4260533186381";"true";"EAN_DUPLICATE"
"43742";"136729048KinasMeble-L-FORM-R-CITY-Bettfunktion-Bettkasten";"Sofa Schlafsofa Designer Sofa mit Bettfunktion + Bettkasten Ecksofa Silber Weiß";"4260533186183";"true";"EAN_DUPLICATE"
"43846";"138814126SSChesterfield3SitzerB35Weiss";"Chesterfield Couch Polster Leder Sofa 3 Sitzer Klassische Couchen B35";"4260560941359";"true";"EAN_DUPLICATE"
"43934";"138805371WeitaoU-FormPHX1Schwarz-Orange";"Ecksofa Sofa Couch Polster Leder Garnitur Wohnlandschaft Ecke Wohn Orange PHX1";"4260560941328";"true";"EAN_DUPLICATE"
"43962";"138805359WeitaoU-FormPHM110GelbWeiss";"Ecksofa Sofa Couch Polster Leder Garnitur Wohnlandschaft Ecke Wohn Gelb PHM110";"4260560941311";"true";"EAN_DUPLICATE"
"44066";"138805064WeitaoL-FormPH3375WeissSchwarz";"Ecksofa Couch Polster Eckgarnitur Wohnlandschaft Eckcouch Design Sofa PHM3375";"4260560941243";"true";"EAN_DUPLICATE"
"44118";"138804848WeitaoL-FormPH3026RotBeige";"Ecksofa Sofa Couch Polster Leder Garnitur Wohnlandschaft Ecke Wohn Rot PH3026";"4260560941229";"true";"EAN_DUPLICATE"
"44196";"138804434WeitaoU-FormPH3005BeigeOrange";"Ecksofa Sofa Couch Polster Leder Beige Garnitur Wohnlandschaft Ecke Wohn";"4260560941199";"true";"EAN_DUPLICATE"
"44300";"138804229WeitaoU-FormPH376BraunWeiss";"Ecksofa Sofa Couch Polster Leder Garnitur Wohnlandschaft Beige Ecke Wohn";"4260560941151";"true";"EAN_DUPLICATE"
"44352";"138803656WeitaoU-FormPH300PhilipsWeissOrange";"Ecksofa Sofa Couch Polster Leder Garnitur Wohnlandschaft Ecke Beige Wohn";"4260560941120";"true";"EAN_DUPLICATE"
"44404";"138803465Weitao3-2-1SitzerZitadelleOrangeWeiss";"Sofagarnitur Designer Sofa Polster Couch Sitzer Set 3+2+1 Leder Zitadelle O/W";"4260560941083";"true";"EAN_DUPLICATE"
"44456";"138803418Weitao321SitzerZitadelleSchwarzWeiss";"Sofagarnitur Designer Sofa Polster Couch Sitzer Set 3+2+1 Leder Zitadelle";"4260560941069";"true";"EAN_DUPLICATE"
"44482";"138802368WeitaoU-FormWyenSchwarzWeiss";"Ecksofa Sofa Couch Polster Leder Garnitur Wohnlandschaft Ecke Schwarz Wohn";"4260560940949";"true";"EAN_DUPLICATE"
"44508";"138802360WeitaoU-FormWyenWeissBordeauxrot";"Ecksofa Sofa Couch Polster Leder Garnitur Wohnlandschaft Ecke Wohn Wyen W-B Neu";"4260560940932";"true";"EAN_DUPLICATE"
"44534";"138802003WeitaoU-FormWolfhagenWeiss";"Wohnlandschaft Sofa Couch Polster Ecksofa Weiß Garnitur U Form Eck Neu";"4260560940925";"true";"EAN_DUPLICATE"
"44586";"138799956WeitaoU-FormWolfhagenSchwarzWeiss";"Wohnlandschaft Sofa Couch Polster Ecksofa Garnitur U Form Eck Neu Wolfhagen";"4260560940901";"true";"EAN_DUPLICATE"
"44664";"138799793WeitaoL-FormWeidenOrange";"Ecksofa Sofa Couch Polster Leder Garnitur Wohn Weiden Orange Wohnlandschaft Ecke";"4260560940871";"true";"EAN_DUPLICATE"
"44690";"138799789WeitaoL-FormWeidenGrau";"Ecksofa Sofa Couch Polster Leder Garnitur Wohn Weiden Wohnlandschaft Ecke";"4260560940864";"true";"EAN_DUPLICATE"
"44716";"138799776WeitaoL-FormWeidenSchwarz";"Ecksofa Sofa Couch Polster Leder Garnitur Wohnlandschaft Ecke Wohn Weiden";"4260560940857";"true";"EAN_DUPLICATE"
"44950";"138782605WeitaoL-FormTettauRot";"Leder Modern L Form Wohnlandschaft Couch Big XXL Sofa Polster Ecke Garnitur";"4260560940666";"true";"EAN_DUPLICATE"
"44976";"138782403WeitaoL-FormTettauWeiss";"Leder L Form Modern Wohnlandschaft Couch Big XXL Sofa Polster Ecke Garnitur";"4260560940659";"true";"EAN_DUPLICATE"
"45028";"138780348WeitaoU-FormSendenBeigeBraun";"Leder U Form Wohnlandschaft Couch Big XXL Sofa Polster Ecke Modern Garnitur";"4260560940543";"true";"EAN_DUPLICATE"
"45054";"138780329WeitaoU-FormSendenSchwarzWeiss";"Leder U Form Wohnlandschaft Couch Big XXL Sofa Polster Ecke Garnitur";"4260560940536";"true";"EAN_DUPLICATE"
"45106";"138776902WeitaoL-FormSandbergSchwarzWeiss";"Leder L Form Wohnlandschaft Couch Big XXL Sofa Polster Ecke Sandberg Garnitur";"4260560940437";"true";"EAN_DUPLICATE"
"45132";"138776577WeitaoL-FormSandbergOrangeWeiss";"Leder L Form Wohnlandschaft Couch Big XXL Sofa Polster Ecke Garnitur Sandberg";"4260560940420";"true";"EAN_DUPLICATE"
"45158";"138776371WeitaoL-FormSalutSchwarzWeiss";"Leder L Form Wohnlandschaft Modern Couch Big XXL Sofa Polster Ecke Garnitur";"4260560940413";"true";"EAN_DUPLICATE"
"45210";"138776332WeitaoL-FormRodosSchwarzWeiss";"Leder L Form Wohnlandschaft Couch Modern Big XXL Sofa Polster Ecke Garnitur";"4260560940390";"true";"EAN_DUPLICATE"
"45262";"138775958WeitaoL-FormRodosSchwarzBeige";"Leder L Form Wohnlandschaft Couch Big Modern XXL Sofa Polster Ecke Garnitur";"4260560940376";"true";"EAN_DUPLICATE"
"45418";"138773705WeitaoU-FormParisRoyalSchwarz";"Ecksofa Wohnlandschaft Eck Leder Couch Garnitur Polster Ecke Sofa Sitz PRII-S";"4260560940208";"true";"EAN_DUPLICATE"
"45444";"138773666WeitaoU-FormParisRoyalSchwarzRot";"Ecksofa Wohnlandschaft Designer Sofa Couch Polster Garnitur Set Sofas";"4260560940192";"true";"EAN_DUPLICATE"
"45470";"138773550WeitaoU-Form-Paris-Royal-II-Schwarz";"Ecksofa Wohnlandschaft Eck Leder Couch Garnitur Polster Ecke Sofa Sitz Neu PR-S";"4260560940185";"true";"EAN_DUPLICATE"
"45548";"138773461Weitao321SitzerParisRoyalBeigeIBraun";"Sofagarnitur Couch Polster Leder Sofa 3+2+1 Wohnzimmer Klassische Couchen Royal";"4260560940154";"true";"EAN_DUPLICATE"
"45574";"138773420Weitao321SitzerParisRoyalSchwarzBraun";"Sofagarnitur Couch Polster Leder Sofa 3+2+1 Klassische Wohnzimmer Couchen Royal";"4260560940147";"true";"EAN_DUPLICATE"
"45600";"138773404Weitao321SitzerParisRoyalDunkelgrauBraun";"Sofagarnitur Couch Polster Leder Sofa 3+2+1 Klassische Couchen Wohnzimmer Royal";"4260560940130";"true";"EAN_DUPLICATE"
"45626";"138773392Weitao321SitzerParisRoyalGrauBraun";"Sofagarnitur Couch Polster Leder Sofa 3+2+1 Klassische Couchen Royal";"4260560940123";"true";"EAN_DUPLICATE"
"45678";"138773277WeitaoL-FormParisSchwarzWeiss";"Ecksofa Wohnlandschaft Sofa Couch Leder Eck Garnitur Polster L Form";"4260560940109";"true";"EAN_DUPLICATE"
"45756";"138773239WeitaoL-FormNeuerWeissSchwarz";"Leder L Form Wohnlandschaft Couch Big XXL Sofa Polster Ecke Garnitur Neuer W/S";"4260560940079";"true";"EAN_DUPLICATE"
"45808";"138773119Weitao321SitzerNassauDunkelbraun";"Sofagarnitur Couch Polster Set 3+2+1 Leder Sofas Sitz Neu Garnitur Modern Nassau";"4260560940055";"true";"EAN_DUPLICATE"
"45834";"138773115Weitao321SitzerNassauBraun";"Sofagarnitur Couch Polster Set 3+2+1 Leder Sofas Sitz Neu Garnitur Nassau";"4260560940048";"true";"EAN_DUPLICATE"
"45938";"138767514WeitaoL-FormLubyBraunWeiss";"Leder L Form Wohnlandschaft Couch Big XXL Sofa Polster Modern Ecke Garnitur";"4260560940000";"true";"EAN_DUPLICATE"
"45964";"138767455WeitaoL-FormLubySchwarzWeiss";"Leder L Form Wohnlandschaft Couch Big XXL Sofa Polster Ecke Modern Garnitur";"4260499877934";"true";"EAN_DUPLICATE"
"46016";"138580221WeitaoL-FormLimaDunkelgrau";"Ledersofa Ecksofa Sofa Couch Polster Designer Eckgarnitur Wohnlandschaft Lima";"4067282203549";"true";"EAN_DUPLICATE"
"46042";"138580136WeitaoU-FormLeonardoBraunBeige";"Ledersofa Sofa Ecksofa U Form Couch Wohnlandschaft Designer Sitz Ecke LEONARDO-B";"4260499874407";"true";"EAN_DUPLICATE"
"46120";"138573225Weitao321SitzerJarksonWeiss";"Sofagarnitur Leder Couch Polster Sofa 3+2+1 Klassische Couchen Jarkson";"4260499874223";"true";"EAN_DUPLICATE"
"46146";"138573213Weitao321SitzerJarksonBraun";"Sofagarnitur Couch Leder Polster Sofa 3+2+1 Klassische Couchen Jarkson";"4260499874216";"true";"EAN_DUPLICATE"
"46224";"138571559Weitao321SitzerHuttenGrauBeige";"Sofagarnitur 3+2+1 Set Leder Polster Sofa Hutten Couch Designer";"4260454043763";"true";"EAN_DUPLICATE"
"46250";"138571443Weitao321SitzerHuttenDunkelgrauBraun";"Sofagarnitur Sofa Couch Polster Leder Sitz Neu Modern Sofas Set 3+2+1 Hutten";"4260454043732";"true";"EAN_DUPLICATE"
"46276";"138571394Weitao321SitzerHombergOrange";"Sofagarnitur Sofa Couch Polster Leder Sitz Komplett Sofas Set 3+2+1 Sofagarnitur Sofa Couch Polster Leder Sitz Komplett Sofas Set 3+2+1 Homberg-O";"4260454043725";"true";"EAN_DUPLICATE"
"46302";"138571378Weitao321SitzerHombergSchwarz";"Sofagarnitur Sofa Couch Polster Leder Sitz Komplett Sofas Set 3+2+1 Homberg-S";"4260454043718";"true";"EAN_DUPLICATE"
"46328";"138571345Weitao321SitzerHombergBraun";"Sofagarnitur Sofa Couch Polster Leder Sitz Komplett Sofas Set 3+2+1 Homberg-B";"4260454043701";"true";"EAN_DUPLICATE"
"46354";"138571321Weitao321SitzerHombergBeige";"Sofagarnitur Sofa Couch Polster Leder Sitz Komplett Sofas Set 3+2+1 Homberg-BEI";"4260454043695";"true";"EAN_DUPLICATE"
"46380";"138571279WeitaoU-FormHallstadtBraunWeiss";"Wohnlandschaft Designer Sofa Couch XXL Big Leder Sofas Eck Modern Garnitur";"4260454043671";"true";"EAN_DUPLICATE"
"46406";"138571221WeitaoU-FormHallstadtSchwarzWeiss";"Wohnlandschaft Designer Sofa Couch XXL Big Leder Sofas Eck Garnitur";"4062292490767";"true";"EAN_DUPLICATE"
"46435";"138571080WeitaoL-FormHaidGrau";"Wohnlandschaft Designer Sofa Couch L Form Leder Sofas Eck Garnitur Neu Haid -G";"4260454043541";"true";"EAN_DUPLICATE"
"46461";"138570516WeitaoL-FormHaidOrange";"Wohnlandschaft Designer Sofa Couch L Form Leder Sofas Eck Garnitur Neu Haid -O";"4260439213648";"true";"EAN_DUPLICATE"
"46487";"138570456WeitaoL-FormHaidBraun";"Wohnlandschaft Designer Sofa Couch L Form Leder Sofas Eck Garnitur Neu Haid -B";"4260439210005";"true";"EAN_DUPLICATE"
"46539";"138570262WeitaoL-FormFrancoDBraun";"Elegante Designer XXL Big Ecksofa Leder Sofa Couch Wohnlandschaft";"4260174429281";"true";"EAN_DUPLICATE"
"46565";"138569844Weitao321SitzerFrancoBWeiss";"3+2+1 Designer Set Couch Sofa Leder Polster Modern Wohnlanschaft Sitz Garnitur";"4260174429274";"true";"EAN_DUPLICATE"
"46591";"138569728Weitao321SitzerFrancoBDunkelbraun";"3+2+1 Designer Set Couch Sofa Leder Polster Wohnlanschaft Sitz Modern Garnitur";"4260174429045";"true";"EAN_DUPLICATE"
"46617";"138569685Weitao321SitzerFrancoBSchwarz";"3+2+1 Designer Set Couch Sofa Leder Polster Wohnlanschaft Sitz Garnitur";"4260174428987";"true";"EAN_DUPLICATE"
"46669";"138567958WeitaoFellenU-FormOrange";"Modernes Designer Ecksofa Sofa Couch Wohnlandschaft Sitz Wohnzimmer Gruppe";"4062292490873";"true";"EAN_DUPLICATE"
"46695";"138567864WeitaoFellenU-FormBraun";"Modernes Designer Ecksofa Sofa Couch Wohnlandschaft Sitz Gruppe";"4260174428871";"true";"EAN_DUPLICATE"
"46773";"138567828WeitaoEppsteinU-FormBraunBeige";"Wohnlandschaft Designer Sofa Couch Polster Leder Sofas Eck Ecke Sitz";"4260174428840";"true";"EAN_DUPLICATE"
"46929";"138567104WeitaoEltmannU-FormBraun";"Eltmann Ecksofa Sofa Couch Polster Leder Garnitur Wohnlandschaft Ecke";"4260174428628";"true";"EAN_DUPLICATE"
"47085";"138563296WeitaoUFormBelliniTextilGrauSchwarz";"Big XXL UForm Wohnlandschaft Textil Stoff Couch Sofa Polster Ecke Garnitur";"4260533189870";"true";"EAN_DUPLICATE"
"47137";"138550186WeitaoUFormBelliniTextilDunkelgrauWeiss";"Wohnlandschaft Stoff Sofa Eck Sofa Couch Polster Garnitur U Form Stoff";"4260533189856";"true";"EAN_DUPLICATE"
"47215";"138549925WeitaoBellini3Grau";"Ecksofa Couch Ecke Polster Wohnlandschaft Eck Garnitur Leder Textil Sofa";"4260533189764";"true";"EAN_DUPLICATE"
"47319";"138549837WeitaoBellini3TextilDunkelgrau";"Ecksofa Couch Polster Couch Wohnlandschaft Eck Modern Garnitur Ecke Leder";"4260533189740";"true";"EAN_DUPLICATE"
"47423";"138549583WeitaoBellini3Braun";"Ecksofa Couch Polster Couch Wohnlandschaft Eck Garnitur Ecke Leder";"4260533189702";"true";"EAN_DUPLICATE"
"47657";"138549420WeitaoU-FormBelliniBeige";"Ecksofa Couch BEIGE Polster Wohnlandschaft Eck Garnitur Ecke Leder";"4260533189672";"true";"EAN_DUPLICATE"
"47709";"138547440WeitaoU-FormBelliniDunkelbraun";"Ecksofa Couch Polster Wohnlandschaft Eck Garnitur Ecke Leder Textil";"4260533189658";"true";"EAN_DUPLICATE"
"47891";"138563362WeitaoU-FormBergaSchwarz";"Wohnlandschaft Designer Sofa Couch Big Polster Leder Sofas Eck Ecke Sitz";"4260533189900";"true";"EAN_DUPLICATE"
"48007";"138544149-SS-CHESTERFIELD-3-Sitzer-RY";"Chesterfield Designer Polster Sofa Couch 3 Sitzer Leder Stil Luxus";"4260533189566";"true";"EAN_DUPLICATE"
"48062";"138531205WeitaoBETTMODELLNO.B002";"Designerbett Polsterbett Ehebett Lederbett Doppelbett XXL Bett Betten NO";"4260533189351";"true";"EAN_DUPLICATE"
"48162";"138379459WeitaoL-FormPH3026SchwarzWeiss";"Ecksofa Sofa Couch Polster Leder Garnitur Wohnlandschaft Ecke Wohn Schwarz PH3026";"4260533188675";"true";"EAN_DUPLICATE"
"48188";"138379386WeitaoU-FormPH3006BraunWeiss";"Ecksofa Sofa Couch Polster Leder Modern Garnitur Wohnlandschaft Ecke Wohn";"4260533188651";"true";"EAN_DUPLICATE"
"48214";"138379360WeitaoU-FormPH3005BraunBeige";"Ecksofa Sofa Couch Polster Leder Garnitur Modern Wohnlandschaft Ecke Wohn";"4260533188644";"true";"EAN_DUPLICATE"
"48266";"138379228WeitaoU-FormPH3004SchwarzWeiss";"Ecksofa Sofa Couch Polster Leder Garnitur Wohnlandschaft Ecke Wohn PH3004 Neu";"4260533188637";"true";"EAN_DUPLICATE"
"48344";"138378828WeitaoU-FormPH376Beige";"Ecksofa Sofa Couch Polster Leder Garnitur Wohnlandschaft Modern Ecke Wohn";"4260533188590";"true";"EAN_DUPLICATE"
"48370";"138377079WeitaoU-FormPH300PhilipsSchwarzRot";"Ledersofa Wohnlandschaft XXL Ecksofa Bigsofa Design Couch Garnitur";"4260533188521";"true";"EAN_DUPLICATE"
"48488";"138376608WeitaoBettS-9270white";"Polsterbett Bett Ehebett Lederbett Designerbett Doppelbett Bettgestell B04(EV)";"4260533188460";"true";"EAN_DUPLICATE"
"48510";"138376265WeitaoBettS-9231";"Polsterbett Bett Ehebett Lederbett Designerbett Doppelbett Bettgestell S-9231";"4260533188453";"true";"EAN_DUPLICATE"
"48650";"138370915WeitaoU-FormPHM110WeissSchwarz";"Ecksofa Sofa Couch Polster Leder Garnitur Wohnlandschaft Ecke Modern Wohn";"4260533188330";"true";"EAN_DUPLICATE"
"48702";"138369651WeitaoU-FormPHX1WeissSchwarz";"Ledersofa Sofa Couch Polster Ecksofa XXL Big Garnitur Wohnlandschaft Sofas PHX1";"4260533188293";"true";"EAN_DUPLICATE"
"48754";"138366552Weitao321SitzerZitadelleWeissSchwarz";"Ledersofa 3+2+1 Sitzer Couch Garnitur Designersofa Polstergarnitur Sofa";"4260533188194";"true";"EAN_DUPLICATE"
"48806";"138363683WeitaoU-FormWolfhagenGrauWeiss";"Wohnlandschaft Sofa Couch Polster Ecksofa Garnitur U Form Eck Neu";"4260533188149";"true";"EAN_DUPLICATE"
"48858";"138362984WeitaoL-FormWeidenWeiss";"Ecksofa Sofa Couch Polster Leder Garnitur Wohnlandschaft Ecke Wohn Weiden Weiss";"4260533188118";"true";"EAN_DUPLICATE"
"49040";"138257784WeitaoU-FormPH-038";"WOHNLANDSCHAFT LEDERSOFA ECKSOFA POLSTERGARNITUR RUNDSOFA XXXL SOFA PH-038";"4260533187616";"true";"EAN_DUPLICATE"
"49066";"138254418WeitaoU-FormParisRoyalWeissBraun";"Ecksofa Wohnlandschaft Designer Sofa Couch Polster Garnitur Sofas Set";"4260533187586";"true";"EAN_DUPLICATE"
"49092";"138254225WeitaoU-FormParisRoyalIIBeigeBraun";"Ecksofa Garnitur Wohnlandschaft Designer Sofa Couch Polster Sofas Paris Royal II";"4260533187579";"true";"EAN_DUPLICATE"
"49118";"138253379Weitao321SitzerParisRoyalWeissBraun";"Ledersofa Sofagarnitur Designer Mischung aus Modern & Klassik 3+2+1";"4260533187562";"true";"EAN_DUPLICATE"
"49144";"138252803WeitaoL-FormLubyBeigeGrau";"Leder L Form Wohnlandschaft Couch Big XXL Sofa Polster Ecke Garnitur";"4260533187500";"true";"EAN_DUPLICATE"
"49170";"138252752WeitaoL-FormLimaSchwarz";"Wohnlandschaft XXL Ecksofa Stoffsofa Bigsofa Ledersofa Couch Garnitur Schwarz Lima";"4260533187494";"true";"EAN_DUPLICATE"
"49196";"138243886WeitaoU-FormLeonardoGrauWeiss";"Ledersofa Designer Sofa Couch Polster Garnitur Wohnlandschaft Sofas Neu LEONARDO";"4260533187487";"true";"EAN_DUPLICATE"
"49248";"138243229Weitao321SitzerJarksonSchwarzWeiss";"Sofagarnitur Couch Polster Leder Sofa 3+2+1 Klassische Couchen Jarkson";"4260533187425";"true";"EAN_DUPLICATE"
"56585";"138243078Weitao321SitzerHuttenSchwarzWeiss";"Sofagarnitur Sofa Couch Polster Leder Sitz Neu Sofas Set 3+2+1 Hutten";"4260533187401";"true";"EAN_DUPLICATE"
"56621";"138243039Weitao321SitzerHombergWeiss";"Sofagarnitur Sofa Couch Polster Leder Sitz Komplett Sofas Set 3+2+1 Homberg";"4260533187395";"true";"EAN_DUPLICATE"
"56657";"138242821WeitaoU-FormHallstadtBeigeBraun";"Wohnlandschaft Designer Sofa Couch XXL Big Leder Sofas Eck Garnitur Hallstadt-W";"4260533187388";"true";"EAN_DUPLICATE"
"56697";"138242619WeitaoL-FormHaidWeiss";"Wohnlandschaft Designer Sofa Couch L Form Leder Sofas Eck Garnitur Neu Haid -W";"4260533187371";"true";"EAN_DUPLICATE"
"57053";"138190033WeitaoL-FormEbernSchwarzWeiss";"Wohnlandschaft Designer Sofa Couch Big Polster Modern Leder Sofas Eck Ecke";"4260533187197";"true";"EAN_DUPLICATE"
"57093";"138187277WeitaoU-FormDonbassBraunWeiss";"Wohnlandschaft Designer Sofa Couch Big Polster Leder Modern Sofas Eck Ecke";"4260533187180";"true";"EAN_DUPLICATE"
"57253";"138164144WeitaoU-FormBelliniTextilGrauWeiss";"Ecksofa Couch Polster Wohnlandschaft Eck Garnitur Ecke Leder Textil Sofa";"4260533187067";"true";"EAN_DUPLICATE"
"57293";"138163641WeitaoU-FormBelliniBeigeWeiss";"Textil Ecksofa Wohnlandschaft Couch Polster Garnitur Ecke Eck Sofa Stoff";"4260533187036";"true";"EAN_DUPLICATE"
"57333";"138163714WeitaoBellini3Beige";"Sofa Designer Garnitur Ecksofa Couch Polster Ecke Sofas Textil Wohnlandschaft";"4260533187043";"true";"EAN_DUPLICATE"
"57373";"138563558NBBerlinIIL-FormWeissSchwarz";"Patentiertes Design Ecksofa Sofa Couch Polster Wohnlandschaft Leder Ecke";"4260174421575";"true";"EAN_DUPLICATE"
"57541";"138563494NBBerlinIIL-FormRotSchwarz";"Patentiertes Design Ecksofa Sofa Couch Polster Leder Ecke BERLIN";"4260533189979";"true";"EAN_DUPLICATE"
"57909";"138564500CH321SitzerDavosRotSchwarz";"Sofagarnitur Sofa Couch Polster Leder Couchen Sofas 3+2+1 Davos Set";"4260174422947";"true";"EAN_DUPLICATE"
"57953";"138564479CH321SitzerDavosWeissSchwarz";"Sofagarnitur Davos Sofa Couch Polster Leder Couchen Sofas 3+2+1 Set";"4260174422886";"true";"EAN_DUPLICATE"
"57997";"138544090SSCHESTERFIELDQueenSilber";"Ohrensessel Chesterfield Sessel Sitz Club Lounge Fernseh Kino Media Sofa";"4260533189559";"true";"EAN_DUPLICATE"
"58005";"138543996SSCHESTERFIELDQueenPink";"Hochwertiger Chesterfield Sessel Sitz Club Lounge Fernseh Sofa Kino";"4260533189542";"true";"EAN_DUPLICATE"
"58013";"138543934SSCHESTERFIELDQueenRot";"Ohrensessel Chesterfield Sessel Sitz Club Lounge Fernseh Sofa Kino Media Rot";"4260533189535";"true";"EAN_DUPLICATE"
"58021";"138543879SSCHESTERFIELDQueenPurple";"Ohrensessel Chesterfield Sessel Sitz Club Lounge Fernseh Sofa Kino Media";"4260533189528";"true";"EAN_DUPLICATE"
"58029";"138543846SSCHESTERFIELDQueenOrange";"Echter Chesterfield Ohrensessel Sessel Couch Sofa Polster Sitz Lounge &quot;Orange&quot;";"4260533189511";"true";"EAN_DUPLICATE"
"58037";"138543831SSCHESTERFIELDQueenLilaII";"Echter Chesterfield Ohrensessel Klassisch Sessel Couch Sofa Polster Sitz Lounge";"4260533189504";"true";"EAN_DUPLICATE"
"58053";"138543777SSCHESTERFIELDQueenGrun";"Echter Chesterfield Ohrensessel Sessel Klassisch Couch Sofa Polster Sitz Lounge";"4260533189481";"true";"EAN_DUPLICATE"
"58061";"138543656SSCHESTERFIELDQueenDunkelblau";"Echter Chesterfield Ohrensessel Sessel Couch Klassisch Sofa Polster Sitz Lounge";"4260533189474";"true";"EAN_DUPLICATE"
"58069";"138543573SSCHESTERFIELDQueenBraun";"Echter Chesterfield Ohrensessel Sessel Couch Sofa Klassisch Polster Sitz Lounge";"4260533189467";"true";"EAN_DUPLICATE"
"58077";"138543485SSCHESTERFIELDOHRENSESSELQueenBlau";"Echter Chesterfield Ohrensessel Sessel Couch Sofa Polster Sitz Klassisch Lounge";"4260533189450";"true";"EAN_DUPLICATE"
"58085";"138543473SSCHESTERFIELDOHRENSESSELQueen";"Echter Chesterfield Ohrensessel Sessel Couch Sofa Polster Sitz Lounge";"4260533189443";"true";"EAN_DUPLICATE"
"58131";"138528294SSChesterfield3SitzerWilliamIII";"3 Sitzer Chesterfield Poster Sofa Couch Leder Textil Stoff Sofas Neu William III";"4260533189320";"true";"EAN_DUPLICATE"
"58147";"138514307SSChesterfield3SitzerWinchesterII";"100% Vollleder Antik Stil Leder Sofa Couch Polster 3 Sitzer Neu Winchester";"4260533189313";"true";"EAN_DUPLICATE"
"58163";"138514066SS-Sessel-Chesterfield-Winchester";"Chesterfield Sofa Couch Polster 1 Sitzer Sessel Sofas Design Polster Leder Neu";"4260533189306";"true";"EAN_DUPLICATE"
"58201";"22118310201703";"Couchtisch Designer Tisch Ledertisch Glastisch Wohnzimmer Sofort lieferbar";"4067282815315";"true";"NAME_CONTAINS_SOFORT"
"58220";"22118326102017105310";"Chesterfield Chaiselounge Sofa Couch Polster Sitz Textil Relax Liege";"4067282805224";"true";"EAN_DUPLICATE"
"58230";"0311201703";"Elegantes Designer Polster Bett Betten Chesterfield Ehe Doppel Sofort";"4067282761582";"true";"NAME_CONTAINS_SOFORT"
"58239";"0712201703";"Wohnlandschaft Ledersofa Couch Polster Ecksofa Modern Beleuchtung Sofa Big XXL";"4260533189511";"true";"EAN_DUPLICATE"
"58249";"1412201701";"Ledersofa Designer Sofa Couch Wohnlandschaft U Form Beleuchtet";"4260533188538";"true";"EAN_DUPLICATE"
"58285";"1412201704";"Sofagarnitur 3+2+1 Ledersofa Couch Leder Sofa Couch Polster Sitz Garnitur";"4260533188873";"true";"EAN_DUPLICATE"
"58293";"1412201705";"Big XXL Wohnlandschaft Sofa Ecksofa Polster Ledersofa Eckgarnitur";"4260533189078";"true";"EAN_DUPLICATE"
"58350";"13576415468486";"Tisch Esstisch Holztisch XXL Konferenztisch S19 RADIUS 150+50 CM";"4260499878658";"true";"EAN_DUPLICATE"
"58351";"13580015348646";"MASSIVHOLZ STUHL ESSZIMMERSTUHL STUHL HOLZ DESIGNER KLASSISCH Weiß DEKORATIVE";"4260533180174";"true";"EAN_DUPLICATE"
"58668";"138376244864686469";"Chesterfield Designer Polster XXL Doppel Bett Betten S-9209";"4260533188446";"true";"EAN_DUPLICATE"
"58867";"2402201804";"Sofa Sofagarnitur 2+2 Sitzer BERLIN Couch Polster Designer Relax Funktion";"4067282815117";"true";"EAN_DUPLICATE"
"60826";"2602201850";"Design Sofa Couch Sitz Leder Polster Garnitur Wohnlandschaft Ecksofa A50";"4260533188118";"true";"EAN_DUPLICATE"
"61540";"2602201868";"Design Sofagarnitur Ledersofa Couch Polster Sitz Set 3+2+1 Garnitur Komplett";"4067282815117";"true";"EAN_DUPLICATE"
"61732";"0203201801";"Ecksofa Ledersofa Designer Luxus Sitz Polster Ecke Couch Wohnlandschaft Helmond L Form 2-E-2";"4260533187876";"true";"EAN_DUPLICATE"
"61827";"0203201803";"Design Sofagarnitur Ledersofa Couch Polster Sitz Set 3+2+1 Komplett Garnitur";"4260533187616";"true";"EAN_DUPLICATE"
"61868";"0203201804";"Design Sofa Couch Sitz Leder Polster Garnitur Wohnlandschaft Ecksofa";"4260533187500";"true";"EAN_DUPLICATE"
"61913";"0203201805";"Design Sofa Couch Sitz Leder Polster Garnitur Wohnlandschaft Modern Ecksofa";"4260533187340";"true";"EAN_DUPLICATE"
"61959";"0203201806";"Design Sofa Couch Sitz Leder PolsterGarnitur Wohnlandschaft Ecksofa";"4260533187180";"true";"EAN_DUPLICATE"
"66150";"150520180936";"XXL Tantra Sofa Kamasutra Relax Sex Chair Stuhl Liege Sessel Tantrasofa 186x77cm Sex Spielzeug";"4260560949997";"true";"EAN_DUPLICATE"
"66165";"150520180936225565";"Tantra Sex Bondage Fessel Kamasutra Liebes Sessel Couch Sofa Chaise";"4260560949997";"true";"EAN_DUPLICATE"
"66669";"4260499874315";"Ecksofa Sofa Couch Polster Garnitur Design Leder Textil Wohnlandschaft";"4260499874315";"true";"EAN_DUPLICATE"
"71234";"4260533187876";"Landschaft  Chaiselounge Chesterfield Liege design Club Chaise Polster Stoff Couch Sofa neu";"4260533187876";"true";"EAN_DUPLICATE"
"73590";"4260533189238";"Chesterfield Sofa Couch Polster Garnitur 3 Sitzer Sofas Klassisch Neu William";"4260533189238";"true";"EAN_DUPLICATE"
"74739";"4260499874339";"Ecksofa Sofa Couch Polster Garnitur Design Textil Leder Wohnlandschaft";"4260499874339";"true";"EAN_DUPLICATE"
"74974";"401544251929";"Ledersofa Sofa Couch Wohnlandschaft Ecksofa Eck Garnitur Design Modern L K5002C";"4260584067936";"true";"EAN_DUPLICATE"
"75542";"4260174428840";"Ledersofa Couch Wohnlandschaft 3+3 Sitzer Garnitur Design Modern Sofa";"4260174428840";"true";"EAN_DUPLICATE"
"76225";"4260499874223";"Ledersofa Wohnlandschaft Ecksofa + Sessel Eck Garnitur Design Modern";"4260499874223";"true";"EAN_DUPLICATE"
"76687";"4260499870591";"Ledersofa Sofa Couch Wohnlandschaft Ecksofa Eck Modern Design Garnitur";"4260499870591";"true";"EAN_DUPLICATE"
"77070";"4260174424545";"Modern Ledersofa Couch Wohnlandschaft Ecksofa Eck Dekor Design Garnitur";"4260174424545";"true";"EAN_DUPLICATE"
"77609";"4260606050052";"Ledersofa Couch Wohnlandschaft Dekor Eck Ecksofa Design Modern Garnitur";"4260606050052";"true";"EAN_DUPLICATE"
"80733";"4260499870478A";"Ledersofa Couch Wohnlandschaft Ecksofa Dekor Eck Design Garnitur Modern";"4260499870478";"true";"EAN_DUPLICATE"
"80810";"4260499870522A";"Ledersofa Couch Wohnlandschaft Ecksofa Eck Garnitur Design Modern Sofa G8022";"4260499870522";"true";"EAN_DUPLICATE"
"81027";"4260454041592A";"Ledersofa Couch Sofagarnitur Ecksofa Eck Garnitur Design Dekor Modern Sofa";"4260454041592";"true";"EAN_DUPLICATE"
"81102";"4260499870614A";"Ledersofa Couch Wohnlandschaft Ecksofa Eck Garnitur Design";"4260499870614";"true";"EAN_DUPLICATE"
"81179";"4260499870584A";"Ledersofa Couch Sofa Wohnlandschaft Ecksofa Eck Modern Design Garnitur";"4260499870584";"true";"EAN_DUPLICATE"
"81256";"4260484868213A";"Ledersofa Couch Wohnlandschaft Ecksofa Eck Modern Sofa Design Garnitur";"4260484868213";"true";"EAN_DUPLICATE"
"81333";"4260499870553A";"Ledersofa Couch Wohnlandschaft Ecksofa Eck Garnitur Design Modern Sofa G8023";"4260499870553";"true";"EAN_DUPLICATE"
"81641";"4260499870577A";"Ledersofa Couch Wohnlandschaft Sofa Ecksofa Eck Modern Design Garnitur";"4260499870577";"true";"EAN_DUPLICATE"
"81718";"4260499870621A";"Ledersofa Sofa Couch Wohnlandschaft Eck Ecksofa Modern Design Garnitur";"4260499870621";"true";"EAN_DUPLICATE"
"81795";"4260484868220A";"Ledersofa Couch Wohnlandschaft 3+2+1 Sitzer Garnitur Sofa Sofagarnitur G8025D";"4260484868220";"true";"EAN_DUPLICATE"
"81870";"4260499870485A";"Ledersofa Couch Wohnlandschaft Ecksofa + Sessel Neu Garnitur Modern Sofa G8025E";"4260499870485";"true";"EAN_DUPLICATE"
"82178";"4260499870546A";"Ledersofa Couch Wohnlandschaft Ecksofa Sofa Eck Modern Design Garnitur";"4260499870546";"true";"EAN_DUPLICATE"
"82255";"4260484868237A";"Ledersofa Polster Sitz Eck Dekor Sofa Garnitur Wohnlandschaft Wohnzimmer";"4260484868237";"true";"EAN_DUPLICATE"
"82332";"4260454041226A";"Ledersofa Couch Wohnlandschaft Ecksofa Eck Sofa Garnitur Design Modern G8027C";"4260454041226";"true";"EAN_DUPLICATE"
"82409";"4260484868183A";"Ledersofa Couch Wohnlandschaft 3+2+1 Sitzer Garnitur Sofagarnitur Sofa";"4260484868183";"true";"EAN_DUPLICATE"
"82487";"4260499870539A";"Ledersofa Couch Wohnlandschaft Ecksofa Eck Garnitur Design Modern Sofa G8027E";"4260499870539";"true";"EAN_DUPLICATE"
"82718";"4260533182512A";"Ledersofa Couch Wohnlandschaft Ecksofa Eck Garnitur Design Ecksofa Sofa";"4062292284359";"true";"EAN_DUPLICATE"
"83330";"4260499874339A";"Ledersofa Couch Wohnlandschaft Eck Sofa Ecksofa Modern Design Garnitur";"4260499874339";"true";"EAN_DUPLICATE"
"83561";"4260499874407A";"Ledersofa Couch Sofagarnitur 3+2+1 Sitzer Garnitur Design Modern Dekor Sofa";"4260499874407";"true";"EAN_DUPLICATE"
"83713";"148441991";"Leder Bett Design Polster Betten Luxus Doppel Modernes Ehe 140/160/180";"4260606050427";"true";"EAN_DUPLICATE"
"83778";"4260499874315A";"Ledersofa Couch Wohnlandschaft Ecksofa Sessel Set Garnitur Modern Sofa";"4260499874315";"true";"EAN_DUPLICATE"
"83855";"4260499874216A";"Ledersofa Wohnlandschaft Ecksofa Sessel Couch Garnitur Design Modern";"4260499874216";"true";"EAN_DUPLICATE"
"84316";"148451958";"Wasserbett Hotel Doppel Bett Betten Komplett Lederbett Polsterbett Wasser LB8841";"4260606051035";"true";"EAN_DUPLICATE"
"84385";"148451297";"Wasserbett Hotel Doppel Betten Bett Komplett Lederbett Polsterbett Wasser";"4260606051028";"true";"EAN_DUPLICATE"
"84456";"148451250";"Wasserbett Hotel Doppel Bett Betten Komplett Lederbett Polsterbett Wasser";"4260606051011";"true";"EAN_DUPLICATE"
"84529";"148451213";"Wasserbett Hotel Doppel Bett Betten Komplett Lederbett Polsterbett Wasser LB8831";"4260606051004";"true";"EAN_DUPLICATE"
"84577";"148451186";"Wasserbett Hotel Doppel Bett Betten Komplett Lederbett Polsterbett Wasser LB8829";"4260606050991";"true";"EAN_DUPLICATE"
"84733";"148451158";"Wasserbett Hotel Doppel Bett Betten Komplett Lederbett Polsterbett Wasser LB8828";"4260606050984";"true";"EAN_DUPLICATE"
"84807";"148451128";"Wasserbett Hotel Doppel Bett Betten Komplett Lederbett Polsterbett WasserLB8827";"4260606050977";"true";"EAN_DUPLICATE"
"84881";"148450840";"Wasserbett Hotel Doppel Bett Betten Komplett Lederbett Polsterbett Wasser LB8826";"4260606050960";"true";"EAN_DUPLICATE"
"84955";"148450820";"Wasserbett Hotel Doppel Bett Betten Komplett Lederbett Polsterbett Wasser LB8825";"4260606050953";"true";"EAN_DUPLICATE"
"85177";"148450115";"Wasserbett Hotel Doppel Bett Betten Komplett Lederbett Polsterbett Wasser LB8823";"4260606050922";"true";"EAN_DUPLICATE"
"85251";"148450090";"Wasserbett Hotel Doppel Bett Betten Komplett Lederbett Polsterbett Wasser LB8822";"4260606050915";"true";"EAN_DUPLICATE"
"85325";"148449550";"Wasserbett Hotel Doppel Bett Betten Komplett Lederbett Polsterbett Wasser LB8821";"4260606050908";"true";"EAN_DUPLICATE"
"85397";"148449536";"Wasserbett Hotel Doppel Bett Betten Komplett Lederbett Polsterbett Wasser LB8820";"4260606050892";"true";"EAN_DUPLICATE"
"85471";"148449506";"Wasserbett Hotel Doppel Bett Betten Komplett Lederbett Polsterbett Wasser LB8818";"4260606050885";"true";"EAN_DUPLICATE"
"85545";"4260174428628A";"Ledersofa Couch Wohnlandschaft Ecksofa Eck Dekor Modern Design Garnitur";"4260174428628";"true";"EAN_DUPLICATE"
"86313";"4260174428871A";"Ledersofa Couch Wohnlandschaft 3+2+1 Sitzer Garnitur Design Modern";"4260174428871";"true";"EAN_DUPLICATE"
"86771";"148449491";"Wasserbett Hotel Doppel Bett Betten Komplett Lederbett Polsterbett Wasser LB8817";"4260606050878";"true";"EAN_DUPLICATE"
"86845";"148449484";"Wasserbett Hotel Doppel Bett Betten Komplett Lederbett Polsterbett Wasser LB8816";"4260606050861";"true";"EAN_DUPLICATE"
"86996";"148449335";"Wasserbett Hotel Doppel Bett Betten Komplett Lederbett Polsterbett Wasser LB8815";"4260606050854";"true";"EAN_DUPLICATE"
"87301";"4260174424545A";"Ledersofa Couch Wohnlandschaft Ecksofa Eck Garnitur Modern Design Dekor Neu";"4260174424545";"true";"EAN_DUPLICATE"
"87763";"4260174428949A";"Ledersofa Couch Wohnlandschaft Dekor Eck Ecksofa Modern Garnitur Design";"4260174428949";"true";"EAN_DUPLICATE"
"87917";"4260174428987A";"Ledersofa Couch Sofagarnitur Wohnlandschaft 3+2+1 Sitzer Garnitur Design Modern G8005D";"4260174428987";"true";"EAN_DUPLICATE"
"87992";"4260174429045A";"Ledersofa Couch Wohnlandschaft Ecksofa Eck Sessel Design Modern Sofa G8005E";"4260174429045";"true";"EAN_DUPLICATE"
"88092";"4260454043763A";"Ledersofa Modern Couch Wohnlandschaft Ecksofa Eck Dekor Design Garnitur";"4260454043763";"true";"EAN_DUPLICATE"
"88169";"4260174429281A";"Ledersofa Couch Wohnlandschaft Ecksofa L-Form Garnitur Design Dekor Modern";"4260174429281";"true";"EAN_DUPLICATE"
"88321";"4260454043718A";"Ledersofa Couch Wohnlandschaft Ecksofa Eck Garnitur Modern Sofa Design";"4260454043718";"true";"EAN_DUPLICATE"
"88444";"4260454043725A";"Ledersofa Couch Wohnlandschaft Ecksofa Eck Garnitur Sofa Modern Design";"4260454043725";"true";"EAN_DUPLICATE"
"88569";"4260454043732A";"Ledersofa Couch Wohnlandschaft Ecksofa Eck Sofa Garnitur Modern Design";"4260454043732";"true";"EAN_DUPLICATE"
"88761";"148449289";"Wasserbett Hotel Doppel Bett Betten Komplett Lederbett Polsterbett Wasser LB8814";"4260606050847";"true";"EAN_DUPLICATE"
"88835";"148448887";"Wasserbett Hotel Doppel Bett Betten Komplett Lederbett Polsterbett Wasser LB8813";"4260606050830";"true";"EAN_DUPLICATE"
"88909";"148448827";"Wasserbett Hotel Doppel Bett Betten Komplett Lederbett Polsterbett Wasser LB8812";"4260606050823";"true";"EAN_DUPLICATE"
"88983";"148448808";"Wasserbett Hotel Doppel Bett Betten Komplett Lederbett Polsterbett Wasser LB8811";"4260606050816";"true";"EAN_DUPLICATE"
"89057";"148448794";"Wasserbett Hotel Doppel Bett Betten Komplett Lederbett Polsterbett Wasser LB8810";"4260606050809";"true";"EAN_DUPLICATE"
"89200";"148448755";"Wasserbett Hotel Doppel Bett Betten Komplett Lederbett Polsterbett Wasser LB8809";"4260606050793";"true";"EAN_DUPLICATE"
"89320";"4260439210005A";"Ledersofa Wohnlandschaft Ecksofa L-Form Sessel Set Garnitur Modern Sofa";"4260439210005";"true";"EAN_DUPLICATE"
"89743";"148448591";"Wasserbett Hotel Doppel Bett Betten Komplett Lederbett Polsterbett Wasser LB8808";"4260606050786";"true";"EAN_DUPLICATE"
"89863";"148448553";"Wasserbett Hotel Doppel Bett Betten Komplett Lederbett Polsterbett Wasser LB8807";"4260606050779";"true";"EAN_DUPLICATE"
"90029";"148448518";"Wasserbett Hotel Doppel Bett Betten Komplett Lederbett Polsterbett Wasser LB8806";"4260606050762";"true";"EAN_DUPLICATE"
"90149";"148448468";"Wasserbett Hotel Doppel Bett Betten Komplett Lederbett Polsterbett Wasser LB8805";"4260606050755";"true";"EAN_DUPLICATE"
"90223";"4260439213648A";"Ledersofa Couch Modern Wohnlandschaft Ecksofa Eck Dekor Design Garnitur";"4260439213648";"true";"EAN_DUPLICATE"
"90448";"JVM4062292003349";"6x Stühle Stuhl Polster Design Chesterfield Garnitur Sessel Komplett Set";"4062292209178";"true";"EAN_DUPLICATE"
"90609";"4260454043671A";"Ledersofa Couch Wohnlandschaft 3+2+1 Sitzer Garnitur Modern Design Sofa";"4260454043671";"true";"EAN_DUPLICATE"
"90684";"4260454043695A";"Ledersofa Couch Wohnlandschaft Eck Sessel Garnitur Design Modern Sofa";"4260454043695";"true";"EAN_DUPLICATE"
"91145";"JV4260454043701";"Ledersofa Couch Wohnlandschaft Dekor Eck Modern Ecksofa Design Garnitur";"4260454043701";"true";"EAN_DUPLICATE"
"91576";"148448416";"Wasserbett Hotel Doppel Bett Betten Komplett Lederbett Polsterbett Wasser LB8804";"4260606050748";"true";"EAN_DUPLICATE"
"91727";"4260174421575A";"Ledersofa Couch U-Form Wohnlandschaft Ecksofa Garnitur Design Modern";"4260174421575";"true";"EAN_DUPLICATE"
"92495";"148448394";"Wasserbett Hotel Doppel Bett Betten Komplett Lederbett Polsterbett Wasser LB8803";"4260606050731";"true";"EAN_DUPLICATE"
"92592";"148448387";"Wasserbett Hotel Doppel Bett Betten Komplett Lederbett Polsterbett Wasser LB8802";"4260606050724";"true";"EAN_DUPLICATE"
"92689";"148448379";"Wasserbett Hotel Doppel Bett Betten Komplett Lederbett Polsterbett Wasser LB8801";"4260606050717";"true";"EAN_DUPLICATE"
"92933";"148444595";"Designer Rundbett Bett Polsterbett Luxusbett Doppelbett Ehebett Betten Rundes LB8844";"4260606050496";"true";"EAN_DUPLICATE"
"92993";"148444524";"Designer Bett Polsterbett Luxusbett Doppelbett Ehebett Betten 140/160/180/200 LB8841";"4260606050489";"true";"EAN_DUPLICATE"
"93058";"148444506";"Designer Bett Polsterbett Luxusbett Doppelbett Ehebett Betten 140/160/180 LB8836";"4260606050472";"true";"EAN_DUPLICATE"
"93123";"148444486";"Designer Bett Polsterbett Luxusbett Doppelbett Ehebett Betten 140/160/180";"4260606050465";"true";"EAN_DUPLICATE"
"93211";"148442700";"Leder Bett Design Polster Betten Luxus Doppel Hotel Ehe Big 140/160/180";"4260606050458";"true";"EAN_DUPLICATE"
"93401";"148442641";"Leder Bett Design Polster Betten Luxus Doppel Modernes Ehe 140/160/180 LB8828";"4260606050434";"true";"EAN_DUPLICATE"
"93466";"148441968";"Leder Bett Design Polster Betten Luxus Doppel Modernes Ehe 140/160/180 LB8826";"4260606050410";"true";"EAN_DUPLICATE"
"93531";"148441938";"Luxus Leder Bett Design Polster Betten Doppel Modernes Ehe 140/160/180 LB8825";"4260606050403";"true";"EAN_DUPLICATE"
"93786";"148428779";"Luxus Leder Bett Design Polster Betten Doppel Modernes Ehe140/160/180 LB8823";"4260606050373";"true";"EAN_DUPLICATE"
"93904";"148427975";"Design Leder Bett Luxus Polster Betten Doppel Modernes Ehe 140/160/180 LB8822";"4260606050366";"true";"EAN_DUPLICATE"
"93983";"148427948";"Design Leder Bett Luxus Polster Betten Doppel Modernes Ehe 140/160/180 LB8821";"4260606050359";"true";"EAN_DUPLICATE"
"94078";"148422851";"Designer Bett Polsterbett Luxusbett Doppelbett Ehebett Betten 140/160/180 LB8818";"4260606050335";"true";"EAN_DUPLICATE"
"94143";"148422893";"Design Leder Bett Luxus Polster Betten Doppel Modernes Ehe 140/160/180 LB8820";"4260606050342";"true";"EAN_DUPLICATE"
"94231";"148422827";"Designer Bett Polsterbett Luxusbett Doppelbett Ehebett Betten 140/160/180/200 LB8817";"4260606050328";"true";"EAN_DUPLICATE"
"94296";"148422695";"Polster Design Luxus Bett Betten Leder Modernes Schlafzimmer 140/160/180 LB8816";"4260606050311";"true";"EAN_DUPLICATE"
"94407";"148417657";"Polster Design Luxus Bett Betten Leder Modernes Schlafzimmer 140/160/180 LB8815";"4260606050304";"true";"EAN_DUPLICATE"
"94518";"148417636";"Polster Design Luxus Bett Betten Leder Modernes Schlafzimmer 140/160/180 LB8814";"4260606050298";"true";"EAN_DUPLICATE"
"95360";"148417542";"Bett Design Luxus Luxus Betten Leder Modernes Schlafzimmer 140/160/180 LB8813";"4260606050281";"true";"EAN_DUPLICATE"
"95425";"148417415";"Bett Design Luxus Luxus Betten Leder Modernes Schlafzimmer 140/160/180 LB8812";"4260606050274";"true";"EAN_DUPLICATE"
"95513";"148417371";"Bett Design Luxus Luxus Betten Leder Modernes Schlafzimmer 140/160/180 LB8811";"4260606050267";"true";"EAN_DUPLICATE"
"95601";"148417326";"Bett Design Luxus Luxus Betten Leder Modernes Schlafzimmer LB8810";"4260606050250";"true";"EAN_DUPLICATE"
"95689";"148417258";"Luxus Bett + Beleuchtung Lederbett Betten Sofa Big Ehe Polster 140/160/180 Neu";"4260606050243";"true";"EAN_DUPLICATE"
"95823";"148417246";"Luxus Bett Beleuchtung Lederbett Betten Sofa Big Ehe Polster 140/160/180 LB8808";"4260606050236";"true";"EAN_DUPLICATE"
"95911";"148417192";"Luxus Bett +Beleuchtung Lederbett Betten Sofa Big Ehe Polster 140/160/180 LB8807";"4260606050229";"true";"EAN_DUPLICATE"
"95976";"148417179";"Designer Bett Polsterbett Luxusbett Doppelbett Ehebett Betten 140/160/180/200 LB8806";"4260606050212";"true";"EAN_DUPLICATE"
"96042";"148417165";"Designer Bett Polsterbett Luxusbett Doppelbett Ehebett Betten 140/160/180/200 LB8805";"4260606050205";"true";"EAN_DUPLICATE"
"96109";"148417149";"Designer Bett Polsterbett Luxusbett Doppelbett Ehebett Betten 140/160/180 LB8804";"4260606050199";"true";"EAN_DUPLICATE"
"96174";"148417090";"Designer Bett Polsterbett Luxusbett Doppelbett Ehebett Betten 140/160/180 LB8803";"4260606050182";"true";"EAN_DUPLICATE"
"96287";"148417048";"Designer Bett Polsterbett Luxusbett Doppelbett Ehebett Betten 140/160/180/200 LB8802";"4260606050175";"true";"EAN_DUPLICATE"
"96369";"148416997";"Designer Bett Polsterbett Luxusbett Doppelbett Ehebett Betten 140/160/180/200 LB8801";"4260606050168";"true";"EAN_DUPLICATE"
"97349";"4260174422886A";"Ledersofa Couch Wohnlandschaft Sofa Ecksofa Eck Garnitur Design Modern";"4260174422886";"true";"EAN_DUPLICATE"
"97636";"4260174423197A";"Ledersofa Modern Couch Wohnlandschaft Ecksofa Eck Garnitur Dekor Design";"4067282203488";"true";"EAN_DUPLICATE"
"97857";"JVM4260606055552";"Chesterfield Couch Polster Sofas Klassische Leder Textil Sofa 4 Sitzer";"4260606055552";"true";"EAN_DUPLICATE"
"97932";"135866825";"Design Polster Bett Betten Leder Doppel Hotel Ehe Schlafzimmer Boxspring";"4260533180853";"true";"EAN_DUPLICATE"
"98009";"JVM4260606054654";"Design Couch Polster Garnitur Sofagarnitur Ledersofa Set klassische";"4260606054654";"true";"EAN_DUPLICATE"
"98010";"JVM4260606054685";"Edle Designer Polster Couch Luxus Chesterfield Sitz Garnituren Sofas";"4260606054685";"true";"EAN_DUPLICATE"
"98034";"JVM4260606054692";"Ledersofa Sofa Couch Polster Couch 321 Leder Stoff Sofas Couchen";"4260606054692";"true";"EAN_DUPLICATE"
"98097";"JVM4260606054715";"Sofagarnitur Chesterfield Set Leder Textil Stoff Polster Sofa Couch Set";"4260606054715";"true";"EAN_DUPLICATE"
"98448";"4260174423432A";"Ledersofa Couch Sofagarnitur 3+2+1 Sitzer Garnitur Design Modern Sofa";"4067282202719";"true";"EAN_DUPLICATE"
"98937";"JVM4062292004285";"8x Design Sessel Lounge Club Polster Stuhl Stühle Garnitur Wohn Zimmer";"406229200428";"true";"EAN_NOT_13_DIGITS"
"99006";"JVM4260606055576";"Chesterfield Couch Polster Sofas Klassischer Sitz Leder Textil 3 Sitzer";"4260606055576";"true";"EAN_DUPLICATE"
"99081";"JVM4260606055736";"XXL Big Sofa Sofas Couch Chesterfield 245cm Polster 4 Sitzer Leder Textil";"4260606055736";"true";"EAN_DUPLICATE"
"99910";"JVM4260606054661";"Edle Designer Polster Sofa Couch Garnitur Leder Sofas Dekor Couchen 3+2+1";"4260606054661";"true";"EAN_DUPLICATE"
"100180";"4260174424019";"Modern Ledersofa Couch Wohnlandschaft Ecksofa Eck Dekor Garnitur Design";"4260174424019";"true";"EAN_DUPLICATE"
"102102";"JVM4260606055644";"XXL Big Sofa Sofas Couch Chesterfield 240 cm Polster 4 Sitzer Textil Leder";"4260606055644";"true";"EAN_DUPLICATE"
"102106";"JVM4260606056788";"Chesterfield Design Luxus Polster Sofa Garnitur Couch Sitz Textil Leder";"4260606056788";"true";"EAN_DUPLICATE"
"102263";"JVM4260606056061";"Chesterfield Textil Design Luxus Polster Sofa Couch Sitz Garnitur Leder";"4260606056061";"true";"EAN_DUPLICATE"
"102830";"4260584068049";"Ledersofa Sofa Couch Wohnlandschaft Ecksofa Garnitur Design Modern Sofa K5009";"4260584068049";"true";"EAN_DUPLICATE"
"103317";"4260584067905";"Ledersofa Sofa Couch Wohnlandschaft Ecksofa Eck Modern Garnitur Design";"4260584067905";"true";"EAN_DUPLICATE"
"103346";"JVM4260584067905";"Ledersofa Sofa Couch Wohnlandschaft Ecksofa Eck Garnitur Design Modern U K 5001";"4260584067905";"true";"EAN_DUPLICATE"
"103655";"JVM4260606058393";"Chesterfield Garnitur Design Luxus Polster Sofa Couch Sitz Leder Textil";"4260606058393";"true";"EAN_DUPLICATE"
"103665";"JVM4260606056405";"Chesterfield Design Luxus Polster Sofa Couch Sitz Garnitur Leder Textil Neu #193";"4260606056405";"true";"EAN_DUPLICATE"
"103674";"JVM4260606057686";"Chesterfield Couch Polster Sofas Klassischer Leder Schaffhau 3+2+1";"4260606057686";"true";"EAN_DUPLICATE"
"103675";"JVM4260606057648";"Chesterfield Design Luxus Polster Sofa Couch Sitz Garnitur Leder 3+3";"4260606057648";"true";"EAN_DUPLICATE"
"103715";"JVM4260606057730";"Chesterfield Vintage Echtleder Luxus Sofa Original Couch Sitz Polster";"4260606057730";"true";"EAN_DUPLICATE"
"103718";"JVM4260606057693";"Chesterfield Couch Polster Sofas Klassische Leder Sofagarnitur 3+2+1";"4260606057693";"true";"EAN_DUPLICATE"
"103733";"JVM4260606055415";"Chesterfield Ecksofa Sofa Couch Ledersofa Polster Eck Garnitur Dekor Couch";"4260606055415";"true";"EAN_DUPLICATE"
"103735";"JVM4260606055378";"Chesterfield Ecksofa Dekor Sofa Couch Ledersofa Polster Eck Couch Garnitur";"4260606055378";"true";"EAN_DUPLICATE"
"103756";"4260454044432";"Bett mit Matratze Kinderbett Autobett Kinderzimmer Farbauswahl SLEEP CAR";"4260454044432";"true";"EAN_DUPLICATE"
"103764";"JVM4260606059277";"Klassische Designer Chesterfield Sofagarnitur Couch Sofa Leder Polster";"4260606059277";"true";"EAN_DUPLICATE"
"103802";"JVM4260606053961";"Chesterfield Couch Polster Sofas Leder Schaffhau 3 + 1 Sitzer";"4260606053961";"true";"EAN_DUPLICATE"
"103810";"JVM4260606053886";"Chesterfield Sofagarnitur Leder Textil Chesterfield Komplett Set Sofa Couch 439";"4260606053886";"true";"EAN_DUPLICATE"
"103811";"JVM4260606054487";"Chesterfield Klassisch Sofagarnitur Dekor Textil Leder Komplett Set Sofa";"4260606054487";"true";"EAN_DUPLICATE"
"104815";"JVM4260606053336";"Design Couch Modern Relax Wohnlandschaft Polster Garnitur Stoff Sofa !";"4260606053312";"true";"EAN_DUPLICATE"
"104884";"JVM4260606053404";"Design Couch Modern Relax Wohnlandschaft Polster Garnitur Stoff Dekor Sofa";"4260606053404";"true";"EAN_DUPLICATE"
"107556";"4260454045262456949";"Ledersofa Sofa Couch Polster Sitz Chesterfield 2 Sitzer Kunst Sofort lieferbar";"4260454045262";"true";"NAME_CONTAINS_SOFORT"
"107559";"SofaA1159";"Rundsofa Sofa Couch Runde Polster Couchen Garnitur Ecksofa Sitz Ecke Rund A1159";"4062292002007";"true";"EAN_DUPLICATE"
"107638";"Sofa";"Ledersofa Couch Wohnlandschaft Ecksofa Eck Garnitur Design Modern Sofa A1102";"4062292001826";"true";"EAN_DUPLICATE"
"107715";"SofaA1109";"Ledersofa Couch Wohnlandschaft Garnitur Design Modern 3+2+1 Sitzer Sofa A1112";"4062292001833";"true";"EAN_DUPLICATE"
"107867";"SofaA1111";"Ledersofa Couch Wohnlandschaft Ecksofa Eck Garnitur Design Modern Sofa A1111";"4062292001857";"true";"EAN_DUPLICATE"
"107944";"SofaA1112";"Ledersofa Couch Wohnlandschaft 3+2+1 Sitzer Garnitur Design Modern Sofa A1112";"4062292001864";"true";"EAN_DUPLICATE"
"108021";"SofaA1116";"LEDERSOFA COUCH WOHNLANDSCHAFT ECKSOFA ECK GARNITUR DESIGN MODERN SOFA A1116";"4062292001871";"true";"EAN_DUPLICATE"
"108098";"SofaA1120";"Ledersofa Couch Wohnlandschaft Ecksofa Eck Garnitur Design Modern Sofa Neu A1120";"4062292001888";"true";"EAN_DUPLICATE"
"108478";"SofaA1121";"Ledersofa Couch Wohnlandschaft Ecksofa Eck Garnitur Design Modern A1121";"4062292001895";"true";"EAN_DUPLICATE"
"108555";"SofaA1121B";"Ledersofa Couch Wohnlandschaft Ecksofa Eck Garnitur Design Modern Sofa A1121B";"4062292001901";"true";"EAN_DUPLICATE"
"108638";"SofaA1121C";"Ledersofa Couch Wohnlandschaft Ecksofa Eck Garnitur Design Modern Sofa A1121C";"4062292001918";"true";"EAN_DUPLICATE"
"108911";"SofaA1122";"Ledersofa Couch Wohnlandschaft Ecksofa Eck Garnitur Design Modern Sofa A1122";"4062292001925";"true";"EAN_DUPLICATE"
"109104";"SofaA1126";"Ledersofa Couch Wohnlandschaft Ecksofa Eck Garnitur Design Modern Sofa A1126";"4062292001932";"true";"EAN_DUPLICATE"
"109265";"SofaA1127";"Ledersofa Couch Wohnlandschaft Ecksofa Eck Garnitur Design Modern Sofa A1127";"4062292001949";"true";"EAN_DUPLICATE"
"109342";"SofaA1128";"Ledersofa Couch Wohnlandschaft Ecksofa Eck Garnitur Design Modern Sofa A1128";"4062292001956";"true";"EAN_DUPLICATE"
"109619";"SofaA1130";"Ledersofa Couch Wohnlandschaft Ecksofa Eck Garnitur Design Modern Sofa A1130";"4062292001963";"true";"EAN_DUPLICATE"
"109696";"SofaA1131";"Ledersofa Couch Wohnlandschaft Ecksofa Eck Garnitur Design Modern Sofa A1131";"4062292001970";"true";"EAN_DUPLICATE"
"109773";"4062292011702";"Multifunktions Wohnzimmer Ecksofa Garnitur Ledersofa Sitz Ecke Sofa";"4062292011702";"true";"EAN_DUPLICATE"
"110255";"SofaA1146";"Ledersofa Couch Wohnlandschaft Ecksofa Eck Garnitur Design Modern Sofa A1146";"4062292001987";"true";"EAN_DUPLICATE"
"110454";"SofaA1147";"Ledersofa Couch Wohnlandschaft Ecksofa Eck Garnitur Design Modern Sofa A1147";"4062292001994";"true";"EAN_DUPLICATE"
"110721";"SofaA1163";"Ledersofa Couch Wohnlandschaft Ecksofa Eck Garnitur Design Modern Sofa A1163";"4062292002045";"true";"EAN_DUPLICATE"
"110808";"SofaA1163B";"Ledersofa Couch Wohnlandschaft Ecksofa Eck Garnitur Design Modern Sofa A1163B";"4062292002052";"true";"EAN_DUPLICATE"
"110885";"SofaA1163C";"Ledersofa Couch Wohnlandschaft Ecksofa Eck Garnitur Design Modern Sofa A1163C";"4062292002069";"true";"EAN_DUPLICATE"
"110962";"SofaA1163D";"Ledersofa Couch Wohnlandschaft 3+2+1 Sitzer Garnitur Design Modern Sofa A1163D";"4062292002076";"true";"EAN_DUPLICATE"
"111039";"SofaA1163E";"Ledersofa Couch Wohnlandschaft Ecksofa Eck Garnitur Design Modern Sofa A1163E";"4062292002083";"true";"EAN_DUPLICATE"
"111116";"SofaB2006";"Ledersofa Couch Wohnlandschaft Ecksofa Eck Garnitur Design Modern Sofa B2006";"4062292002090";"true";"EAN_DUPLICATE"
"111193";"SofaB2006B";"Ledersofa Couch Wohnlandschaft Ecksofa Eck Garnitur Design Modern Sofa B2006B";"4062292002106";"true";"EAN_DUPLICATE"
"111472";"SofaB2011";"Ledersofa Couch Wohnlandschaft Ecksofa Eck Garnitur Design Modern Sofa B2011";"4062292002113";"true";"EAN_DUPLICATE"
"112011";"SofaB2017B";"Ledersofa Couch Wohnlandschaft Ecksofa Eck Garnitur Design Modern Sofa B2017B";"4062292002137";"true";"EAN_DUPLICATE"
"112088";"SofaB2021";"Ledersofa Couch Wohnlandschaft Ecksofa Eck Garnitur Design Modern Sofa B2021";"4062292002144";"true";"EAN_DUPLICATE"
"112165";"SofaB2023";"Ledersofa Couch Wohnlandschaft 3+2+1 Sitzer Garnitur Design Modern Sofa B2023";"4062292002151";"true";"EAN_DUPLICATE"
"112240";"SofaB2027";"Ledersofa Couch Wohnlandschaft Ecksofa Eck Garnitur Design Modern Sofa B2027";"4062292002168";"true";"EAN_DUPLICATE"
"112673";"SofaC4011";"Ledersofa Couch Wohnlandschaft Ecksofa Eck Garnitur Design Modern Sofa C4011";"4062292002199";"true";"EAN_DUPLICATE"
"112751";"SofaC4011B";"Ledersofa Couch Wohnlandschaft Ecksofa Eck Garnitur Design Modern Sofa C4011B";"4062292002205";"true";"EAN_DUPLICATE"
"113034";"SofaC4011C";"Ledersofa Couch Wohnlandschaft Ecksofa Eck Garnitur Design Modern Sofa C4011C";"4062292002212";"true";"EAN_DUPLICATE"
"113123";"CouchtischCT9001";"Couchtisch Tisch Couchtische Glastisch Tische Designer Beistelltisch Neu CT9001";"4062292002229";"true";"EAN_DUPLICATE"
"113388";"CouchtischCT9002";"Couchtisch Tisch Couchtische Glastisch Tische Designer Beistelltisch Neu CT9002";"4062292002236";"true";"EAN_DUPLICATE"
"113452";"CouchtischCT9003";"Couchtisch Tisch Couchtische Glastisch Tische Designer Beistelltisch Neu CT9003";"4062292002243";"true";"EAN_DUPLICATE"
"114917";"4062292013812";"Ledersofa Couch Wohnlandschaft 3+2 Sitzer Design Sofa Klassische Garnitur";"4062292013812";"true";"EAN_DUPLICATE"
"117220";"CouchtischCT9004";"Couchtisch Tisch Couchtische Glastisch Tische Designer Beistelltisch Neu CT9004";"4062292002250";"true";"EAN_DUPLICATE"
"117375";"CouchtischCT9005";"Couchtisch Tisch Couchtische Glastisch Tische Designer Beistelltisch Neu CT9005";"4062292002267";"true";"EAN_DUPLICATE"
"117460";"CouchtischCT9006";"Couchtisch Tisch Couchtische Glastisch Tische Designer Beistelltisch Neu CT9006";"4062292002274";"true";"EAN_DUPLICATE"
"117524";"CouchtischCT9007";"Couchtisch Tisch Couchtische Glastisch Tische Designer Beistelltisch Neu CT9007";"4062292002281";"true";"EAN_DUPLICATE"
"117588";"CouchtischCT9008";"Couchtisch Tisch Couchtische Glastisch Tische Designer Beistelltisch Neu CT9008";"4062292002298";"true";"EAN_DUPLICATE"
"117652";"CouchtischCT9008B";"Couchtisch Tisch Couchtische Glastisch Tische Designer Beistelltisch Neu CT9008B";"4062292002304";"true";"EAN_DUPLICATE"
"117716";"CouchtischCT9009";"Couchtisch Tisch Couchtische Glastisch Tische Designer Beistelltisch Neu CT9009";"4062292002311";"true";"EAN_DUPLICATE"
"117781";"CouchtischCT9010";"Couchtisch Tisch Couchtische Glastisch Tische Designer Beistelltisch Neu CT9010";"4062292000003";"true";"EAN_DUPLICATE"
"117845";"CouchtischCT9012";"Couchtisch Tisch Couchtische Glastisch Tische Designer Beistelltisch Neu CT9012";"4062292000010";"true";"EAN_DUPLICATE"
"118068";"SofaF3014B";"Ledersofa Couch Wohnlandschaft Ecksofa Eck Garnitur Design Modern Sofa F_3014B";"4062292000027";"true";"EAN_DUPLICATE"
"118661";"4062292012723";"Ledersofa XXL U Form Wohnzimmer Couch Sofa Big Ledercouch Sofas";"4062292012723";"true";"EAN_DUPLICATE"
"119267";"4062292012945";"Chesterfield Sofagarnitur Klassiche Wonzimmer Couch Sofa Set Polster Garnitur";"4062292012945";"true";"EAN_DUPLICATE"
"120488";"4062292014246";"Moderne Rund Couch Wohnlandschaft Runde Sofa Polster Eck Garnitur";"4062292014246";"true";"EAN_DUPLICATE"
"120967";"4062292014291";"XXL Multifunktions Ledercouch Couch Big Sofa Polster Dekor Ecksofa Moderne";"4062292014291";"true";"EAN_DUPLICATE"
"122178";"SofaF3014D";"Ledersofa Couch Wohnlandschaft 3+2+1 Sitzer Garnitur Design Modern Sofa F_3014D";"4062292000041";"true";"EAN_DUPLICATE"
"122253";"SofaF3008";"Ledersofa Couch Wohnlandschaft Ecksofa Eck Garnitur Design Modern Sofa F3008";"4062292000058";"true";"EAN_DUPLICATE"
"122330";"SofaF3008B";"Ledersofa Couch Wohnlandschaft Ecksofa Eck Garnitur Design Modern Sofa F3008B";"4062292000065";"true";"EAN_DUPLICATE"
"122407";"SofaF3008C";"Ledersofa Couch Wohnlandschaft Ecksofa Eck Garnitur Design Modern Sofa F3008C";"4062292000072";"true";"EAN_DUPLICATE"
"122484";"SofaF3008D";"Ledersofa Couch Wohnlandschaft 3+2+1 Sitzer Garnitur Design Modern Sofa F3008D";"4062292000089";"true";"EAN_DUPLICATE"
"122559";"SofaF3011";"Ledersofa Couch Wohnlandschaft Ecksofa Eck Garnitur Design Modern Sofa Neu F3011";"4062292000096";"true";"EAN_DUPLICATE"
"122636";"SofaF3011B";"Ledersofa Couch Wohnlandschaft Ecksofa Eck Garnitur Design Modern Sofa F3011B";"4062292000102";"true";"EAN_DUPLICATE"
"122714";"SofaF3011C";"Ledersofa Couch Wohnlandschaft Ecksofa Eck Garnitur Design Modern Sofa F3011C";"4062292000119";"true";"EAN_DUPLICATE"
"122992";"SofaF3012";"Ledersofa Couch Wohnlandschaft Ecksofa Eck Garnitur Design Modern Sofa F3012";"4062292000126";"true";"EAN_DUPLICATE"
"123262";"SofaF3013";"Ledersofa Couch Wohnlandschaft 3+2+1 Sitzer Garnitur Design Modern Sofa F3013";"4062292000133";"true";"EAN_DUPLICATE"
"123538";"SofaF3014";"Ledersofa Couch Wohnlandschaft Ecksofa Eck Garnitur Design Modern Sofa F3014";"4062292000140";"true";"EAN_DUPLICATE"
"123615";"SofaF3015";"Ledersofa Couch Wohnlandschaft Ecksofa Eck Garnitur Design Modern Sofa F3015";"4062292000157";"true";"EAN_DUPLICATE"
"123692";"SofaF3016";"Ledersofa Couch Wohnlandschaft Ecksofa Eck Garnitur Design Modern Sofa F3016";"4062292000164";"true";"EAN_DUPLICATE"
"123769";"SofaF3017";"Ledersofa Couch Wohnlandschaft Ecksofa Eck Garnitur Design Modern Sofa F3017";"4062292000171";"true";"EAN_DUPLICATE"
"123846";"SofaF3017B";"Ledersofa Couch Wohnlandschaft Ecksofa Eck Garnitur Design Modern Sofa F3017B";"4067282203228";"true";"EAN_DUPLICATE"
"123923";"SofaF3017C";"Ledersofa Couch Wohnlandschaft Ecksofa Eck Garnitur Design Modern Sofa F3017C";"4067282203303";"true";"EAN_DUPLICATE"
"124000";"SofaF3018";"Ledersofa Couch Wohnlandschaft Ecksofa Eck Garnitur Design Modern Sofa F3018";"4062292000201";"true";"EAN_DUPLICATE"
"124481";"SofaG8001";"Ledersofa Couch Wohnlandschaft Ecksofa Eck Garnitur Design Modern Sofa G8001";"4062292000218";"true";"EAN_DUPLICATE"
"124560";"SofaG8001B";"Ledersofa Couch Wohnlandschaft Ecksofa Eck Garnitur Design Modern Sofa G8001B";"4062292000225";"true";"EAN_DUPLICATE"
"124837";"SofaG8001C";"Ledersofa Couch Wohnlandschaft Ecksofa Eck Garnitur Design Modern Sofa G8001C";"4062292000232";"true";"EAN_DUPLICATE"
"124914";"SofaG8001D";"Ledersofa Couch Wohnlandschaft 3+2+1 Sitzer Garnitur Design Modern Sofa G8001D";"4062292000249";"true";"EAN_DUPLICATE"
"124989";"SofaG8001E";"LEDERSOFA COUCH WOHNLANDSCHAFT ECKSOFA + 1 SITZER GARNITUR DESIGN MODERN G8001E";"4062292000256";"true";"EAN_DUPLICATE"
"125598";"SofaG8002B";"Ledersofa Couch Wohnlandschaft Modern Eck Ecksofa Garnitur Design Sofa";"4062292000263";"true";"EAN_DUPLICATE"
"125675";"SofaG8002C";"Ledersofa Couch Wohnlandschaft Ecksofa Eck Garnitur Design Modern Sofa G8002C";"4062292000270";"true";"EAN_DUPLICATE"
"125752";"SofaG8002D";"Ledersofa Couch Wohnlandschaft 3+2+1 Sitzer Garnitur Design Modern Sofa G8002D";"4062292000287";"true";"EAN_DUPLICATE"
"126029";"SofaG8002E";"DESIGN XXL BIG SOFA ECKSOFA LEDERSOFA COUCH SESSEL POLSTER WOHNLANDSCHAFT G8002E";"4062292000294";"true";"EAN_DUPLICATE"
"126266";"SofaG8003";"Ledersofa Couch Wohnlandschaft Ecksofa Eck Garnitur Design Modern Sofa G8003";"4062292000300";"true";"EAN_DUPLICATE"
"126564";"SofaG8003B";"Ledersofa Couch Wohnlandschaft Ecksofa Eck Garnitur Design Modern Sofa G8003B";"4062292000317";"true";"EAN_DUPLICATE"
"126664";"SofaG8003C";"Ledersofa Couch Wohnlandschaft Ecksofa Eck Garnitur Design Modern Sofa G8003C";"4062292000324";"true";"EAN_DUPLICATE"
"126741";"SofaG8003D";"Ledersofa Couch Wohnlandschaft 3+2+1 Sitzer Garnitur Design Modern Sofa G8003D";"4062292000331";"true";"EAN_DUPLICATE"
"126816";"SofaG8003E";"Design XXL Big Sofa Ecksofa Ledersofa Couch Polster Ecke Wohnlandschaft G8003E";"4062292000348";"true";"EAN_DUPLICATE"
"129476";"4062292001291";"Klassische Couchgarnitur Sofa Polster Sitz Leder Garnitur 3+2+1 Sofas";"4062292001291";"true";"EAN_DUPLICATE"
"129676";"4062292013652";"Chesterfield Sofa Couch Polster Sitz Komplett Set Garnitur Leder Sofas Neu";"4062292013652";"true";"EAN_DUPLICATE"
"132636";"4062292001215";"Ledersofa Couch Wohnlandschaft Ecksofa Eck Garnitur Design Sofa Modern";"4062292001215";"true";"EAN_DUPLICATE"
"135503";"4062292013027";"Luxus Glastisch Moderner Beistell Wohnzimmer Tische Glas Kindersicherer";"4062292013027";"true";"EAN_DUPLICATE"
"135661";"SofaG8004";"Ledersofa Couch Wohnlandschaft Ecksofa Eck Garnitur Design Modern Sofa G8004";"4062292000355";"true";"EAN_DUPLICATE"
"135738";"SofaG8004B";"Ledersofa Couch Wohnlandschaft Ecksofa Eck Garnitur Design Modern Sofa G8004B";"4067282203211";"true";"EAN_DUPLICATE"
"135815";"Sofa8004C";"Design Ledersofa Sofa Couch Polster Eckgarnitur Sitzgarnitur Leder Couchen 8004C";"4062292000379";"true";"EAN_DUPLICATE"
"136208";"SofaG8004D";"Ledersofa Couch Wohnlandschaft 3+2+1 Sitzer Garnitur Design Sofa Sofagarnitur G8004D";"4062292000386";"true";"EAN_DUPLICATE"
"136441";"SofaG8004F";"Design Set Ledersofa Eck Sofa Couch Sessel Polster Wohnlandschaft Garnitur Neu G8004F";"4062292000393";"true";"EAN_DUPLICATE"
"136834";"PufaFT01";"Design Polster Hocker Fußhocker Ottomane Sitz Chaise Gepolstert Pufa FT01";"4062292000409";"true";"EAN_DUPLICATE"
"136888";"PufaFT002";"Design Polster Hocker Fußhocker Ottomane Sitz Chaise Gepolstert Pufa FT002";"4062292000416";"true";"EAN_DUPLICATE"
"136942";"PufaFT003";"Design Polster Hocker Fußhocker Ottomane Sitz Chaise Gepolstert Pufa FT003";"4062292000423";"true";"EAN_DUPLICATE"
"136996";"PufaFT004";"Design Polster Hocker Fußhocker Ottomane Sitz Chaise Gepolstert Pufa FT004";"4062292000430";"true";"EAN_DUPLICATE"
"137050";"PufaFT006";"Design Polster Hocker Fußhocker Ottomane Sitz Chaise Gepolstert Pufa FT006";"4062292000447";"true";"EAN_DUPLICATE"
"137104";"PufaFT007";"Design Polster Hocker Fußhocker Ottomane Sitz Chaise Gepolstert Pufa FT007";"4062292000454";"true";"EAN_DUPLICATE"
"137158";"PufaFT008";"Design Polster Hocker Fußhocker Ottomane Sitz Chaise Gepolstert Pufa FT008";"4062292000461";"true";"EAN_DUPLICATE"
"137187";"4062292013157";"Moderner designer glastisch beistell sofa tische wohnzimmer couchtisch tisch";"4062292013157";"true";"EAN_DUPLICATE"
"137371";"PufaFT009";"Design Polster Hocker Fußhocker Ottomane Sitz Chaise Gepolstert Pufa FT009";"4062292000478";"true";"EAN_DUPLICATE"
"137400";"4062292013355";"Design Modern Couchtisch franco Tische Wohnzimmer Tisch Gepolstert";"4062292013355";"true";"EAN_DUPLICATE"
"137583";"Sofa1201B";"Ledersofa Couch Wohnlandschaft Ecksofa Eck Garnitur Design Modern Sofa 1201B";"4062292000867";"true";"EAN_DUPLICATE"
"137856";"Sofa1504B";"Ledersofa Couch Wohnlandschaft Ecksofa Eck Garnitur Design Modern Sofa 1504B";"4062292000874";"true";"EAN_DUPLICATE"
"138128";"Sofa1504C";"Multifunktion Couch Ecksofa Medien TV Sofa Couch Ledersofa";"4062292000881";"true";"EAN_DUPLICATE"
"138401";"Sofa1505ANG";"Multifunktion Couch Ecksofa Medien TV Sofa Couch Ledersofa 291 x 222cm";"4062292000898";"true";"EAN_DUPLICATE"
"138803";"Sofa1530B";"Sofa Ledersofa Couch Wohnlandschaft Modern Eck Ecksofa Garnitur Design";"4062292000911";"true";"EAN_DUPLICATE"
"139248";"Sofa1541";"Ledersofa Couch Wohnlandschaft Ecksofa Eck Garnitur Design Modern Sofa 1541";"4062292000928";"true";"EAN_DUPLICATE"
"139349";"Sofa1554";"Multifunktion Couch Ecksofa Medien TV Sofa Couch Ledersofa Wohnlandschaft";"4062292000935";"true";"EAN_DUPLICATE"
"139450";"Sofa2227";"Ledersofa Wohnlandschaft Ecksofa Polster Eck Sitz Couch Garnitur U Form";"4062292000942";"true";"EAN_DUPLICATE"
"139551";"Sofa2235";"Design Polster Couch Wohnlandschaft Garnitur Ecksofa Polster Sofa Sitz";"4062292000959";"true";"EAN_DUPLICATE"
"140168";"Sofa2236";"Moderne Wohnlandschaft mit Chesterfield Knöpfen Ledersofa Sofa Couch Polster 2236";"4062292000966";"true";"EAN_DUPLICATE"
"140397";"4062292013188";"Sofatisch Design Wonzimmer Glas Leder Couch Sofa Tisch Beistell Kaffee";"4062292013188";"true";"EAN_DUPLICATE"
"140514";"4062292013201";"Sofatisch Design Tisch Wonzimmer Glas Leder Sofa Beistell Kaffee Couch";"4062292013201";"true";"EAN_DUPLICATE"
"141620";"4062292013348";"Couchtisch Tisch Polster Design Glastisch Beistell Leder Sofa Couch Tische";"4062292013348";"true";"EAN_DUPLICATE"
"141878";"Sofa2242";"Ledersofa Ecksofa Sofa Wohnlandschaft Polster Sitz Eckgarnitur XXL Big Sofa 2242";"4062292000973";"true";"EAN_DUPLICATE"
"141979";"Sofa2263";"Große Ledersofa Couch Sitz Polster Eck Garnitur Wohnlandschaft 2263 mit Beleuchtung";"4062292000980";"true";"EAN_DUPLICATE"
"142181";"Sofa2276";"Runde xxl polster wohnlandschaft couch rund eck sofa ledersofa sitz eck";"4062292001000";"true";"EAN_DUPLICATE"
"142282";"Sofa2278";"Big xxl ledersofa sofa Couch polster eck lounge garnitur u form wohnlandschaft";"4062292001017";"true";"EAN_DUPLICATE"
"142383";"Sofa2280";"Moderne Couchgarnitur 290x290cm L Form Ecksofa Edle Sitz Couch Wohnlandschaft";"4062292001024";"true";"EAN_DUPLICATE"
"142705";"Sofa2512";"XXL U Form Leder Wohnlandschaft Couch Polster Sitz Ecksofa Sofa 2512";"4062292001055";"true";"EAN_DUPLICATE"
"143858";"148898254";"Chesterfield Design Luxus Polster Sofa Couch Sitz Garnitur Leder";"4260606056405";"true";"EAN_DUPLICATE"
"143859";"148885588";"Chesterfield Design Luxus Polster Sofa Couch Sitz Garnitur Leder Textil";"4260606056788";"true";"EAN_DUPLICATE"
"143860";"4260606058393";"Chesterfield Design Luxus Polster Sofa Couch Textil Sitz Garnitur Leder";"4260606058393";"true";"EAN_DUPLICATE"
"143861";"148936711";"Chesterfield Design Luxus Polster Sofa Couch Sitz Garnitur Textil Leder";"4260606056061";"true";"EAN_DUPLICATE"
"144359";"Design-Esszimmer-Garnitur-Stuhl-Set-Tisch-12";"Design Esszimmer Garnitur Stuhl Set Tisch + 12Stühle Essgarnituren Tische";"4062292018411";"true";"EAN_DUPLICATE"
"144411";"4062292017964";"Luxus Design Polster Stuhl Stühle Sitz Lehn Holz Büro Esszimmer Massiv";"4062292017964";"true";"EAN_DUPLICATE"
"144563";"JV4260174428949";"Ledersofa Couch Wohnlandschaft Ecksofa Eck Garnitur Design Modern Sofa G 8005B";"4260174428949";"true";"EAN_DUPLICATE"
"144723";"4062292017520";"XXL Big Designer Tisch 400cm Konferenztisch Holztisch Tische Meeting";"4062292017520";"true";"EAN_DUPLICATE"
"144724";"4062292017537";"XXL Big Designer Konferenztisch Holztisch Tische Meeting Esszimmer";"4062292017537";"true";"EAN_DUPLICATE"
"144726";"4062292017568";"Esstisch Esstische Tische Meeting Tisch Büro Holz Design Konferenztisch";"4062292017568";"true";"EAN_DUPLICATE"
"144735";"4062292017650";"Esstisch Tisch Konferenztisch Büro Küchen Dekor Tische Besprechungstisch";"4062292017650";"true";"EAN_DUPLICATE"
"144754";"4062292016912";"Esstisch Garnitur Tisch + 6x Stühle Stuhl Esszimmer Garnitur Tisch Holz";"4062292016912";"true";"EAN_DUPLICATE"
"144788";"JVM4260606054227";"Chesterfield Polster Couch Sofa Leder Sitz Garnitur 3 Sitzer + Ohrensessel";"4260606054227";"true";"EAN_DUPLICATE"
"144809";"JVM4260606057983";"Chesterfield Sofagarnitur 3+2 Sitzer Couch Sofa Polster Garnitur Komplett";"4260606057983";"true";"EAN_DUPLICATE"
"144814";"JVM4260606058102";"Chesterfield Sofa Leder Textil Sofagarnitur Polster Sitz Garnitur 3+2";"4260606058102";"true";"EAN_DUPLICATE"
"144818";"JVM4260606058423";"Chesterfield 2 Sitzer Wohnzimmer Couch Sofa Polster Sitz Textil Stoff";"4260606058423";"true";"EAN_DUPLICATE"
"144847";"JVM4260606059307";"Chesterfield Design Sofagarnitur 3 Sitz + Ohrensessel Couch Sofa";"4260606059307";"true";"EAN_DUPLICATE"
"145470";"4062292036798";"Design Bar Vasenbar Regal Glas Leuchte Vase Schrank Vitrinen 6861";"4062292036798";"true";"EAN_DUPLICATE"
"145536";"4062292019296";"XXL Vase Tisch Dekoration Dekorative Vasen Antik Stil Figur Kelch Skulptur";"4062292019296";"true";"EAN_DUPLICATE"
"145566";"4062292019630";"Griechischer Antik Dekoration Stil Säulen Säule Kolumne Blumen Ständer";"4062292019630";"true";"EAN_DUPLICATE"
"145647";"4062292006524";"Design Blumen Topf Dekoration Dekorative XXL Vase Vasen Handarbeit Kelch";"4062292006524";"true";"EAN_DUPLICATE"
"145662";"4062292006425";"XXL Design Blumen Topf Dekoration Vase Vasen Handarbeit Deko Kelch";"4062292006425";"true";"EAN_DUPLICATE"
"145716";"4062292022463";"Design Vase Dekovase Figur Statue Skulptur Figuren Skulpturen Dekoration";"4062292022463";"true";"EAN_DUPLICATE"
"145725";"JVM4062292022463";"Design Vase Decovase Figur Statue Skulptur Skulpturen Figuren Dekoration";"4062292022463";"true";"EAN_DUPLICATE"
"145758";"4062292022470";"Antik Stil Design and Dekoration Deko Teil Balkon Element Wand Kolumne";"4062292022470";"true";"EAN_DUPLICATE"
"145829";"4062292007149";"Boot Schale Antik Stil Vasen Designer XXL Schalen Teller 62cm Dekoration";"4062292007149";"true";"EAN_DUPLICATE"
"145850";"4062292006692";"Design XXL Obst Schale Vase Ellipse Vasen Antik Schalen Deko Dekoration";"4062292006692";"true";"EAN_DUPLICATE"
"145872";"4062292006883";"XXL Big Vase Design Medusa Antik Stil Blumen Vasen Pokal Deko";"4062292006883";"true";"EAN_DUPLICATE"
"145875";"4062292006784";"Vase Große Raum Dekoration Blumen Vasen Kübel Dekorative Antik Stil Obst";"4062292006784";"true";"EAN_DUPLICATE"
"146052";"4062292019593";"Griechischer Antik Stil Säulen Säule Kolumne Dekoration Blumen Ständer";"4062292019593";"true";"EAN_DUPLICATE"
"146085";"4062292005336";"Medusa Säule Römische Säulen Marmor Figur Skulptur Deko Antik Dekoration";"4062292005336";"true";"EAN_DUPLICATE"
"146160";"4062292005176";"Medusa Säule Antik Römische Säulen Marmor Skulptur Figur Dekoration Deko";"4062292005176";"true";"EAN_DUPLICATE"
"146187";"4062292005220";"Medusa Säule Römische Säulen Marmor Skulptur Dekoration Figur Antik Deko";"4062292005220";"true";"EAN_DUPLICATE"
"146217";"4062292005138";"Medusa Säule Römische Säulen Marmor Skulptur Antik Figur Dekoration Deko";"4062292005138";"true";"EAN_DUPLICATE"
"146247";"4062292019708";"Kolonial Stil Säule Podest Antik Design Element Säule Ständer Blumen";"4062292019708";"true";"EAN_DUPLICATE"
"146256";"4062292004872";"Säule Medusa Mäander Style Dekosäule Säulen Statue Ständer Barock";"4062292004872";"true";"EAN_DUPLICATE"
"146268";"4062292005091";"Antik Medusa Säule Römische Säulen Marmor Skulptur Figur Deko Dekoration";"4062292005091";"true";"EAN_DUPLICATE"
"146283";"4062292005008";"Säule Marmor Stil Dekoration Säulen Statue Skulptur Skulpturen Ständer";"4062292490927";"true";"EAN_DUPLICATE"
"146367";"4062292006234";"Kamin Verkleidung Umrandung Marmor Stil Dekoration Barock Klassische";"4062292006234";"true";"EAN_DUPLICATE"
"146412";"4062292006258";"Klassische RTV Sideboard Fernseh Tisch Tische Tv Board Medusa Dekor Regal";"4062292006258";"true";"EAN_DUPLICATE"
"146442";"4062292020681";"Design Vitrine Regal Glas Säule Vitrinen Regale CD Schrank Lampe 6894";"4062292020681";"true";"EAN_DUPLICATE"
"146469";"4062292005916";"Spiegel Relief Antik Stil Rahmen Klassischer Bad Flur Glas Design Bild";"4062292005916";"true";"EAN_DUPLICATE"
"146586";"4062292020957";"Design Ägyptischer Figur Ramses XXL Statue Skulptur Skulpturen";"4062292020957";"true";"EAN_DUPLICATE"
"146655";"4062292023187";"Design 67cm Pinguin Luxus Figur Skulptur Handarbeit XXL Tier";"4062292023187";"true";"EAN_DUPLICATE"
"146718";"JVM4062292023187";"XXL Design 67cm Pinguin Luxus Figur Skulptur Handarbeit Tier Skulpturen";"4062292023187";"true";"EAN_DUPLICATE"
"146910";"4260454044661";"Figur Skulptur Elfe Engel auf dem Stein 62cm Design Accessoire Dekoration";"4260454044661";"true";"EAN_DUPLICATE"
"146991";"4062292035593";"Design Sexy US Frauen Figur Statue Skulptur Figuren Skulpturen Sofort";"4062292035593";"true";"NAME_CONTAINS_SOFORT"
"147033";"JVM4260174424019";"Figur Skulptur Engel mit einer Laterne, weiß 69cm Design Accessoire";"4260174424019";"true";"EAN_DUPLICATE"
"147048";"4260484868299";"Figur Skulptur Statue Engel mit Harfe Weiß 60cm Design Accessoire";"4260484868299";"true";"EAN_DUPLICATE"
"147060";"4062292024153";"Design Flip und Flap Figur Statue Skulptur Figuren Skulpturen Dekoration";"4062292024153";"true";"EAN_DUPLICATE"
"147129";"4062292024917";"Design St.Antonius Figur Statue Skulptur Figuren Skulpturen Dekoration";"4062292024917";"true";"EAN_DUPLICATE"
"147132";"4062292023774";"Design Tänzer Figur Statue Skulptur Figuren Skulpturen Dekoration";"4062292024917";"true";"EAN_DUPLICATE"
"147381";"4062292021497";"Design Medusa Wand Relief Bild Rosette Statue Skulptur";"4062292021497";"true";"EAN_DUPLICATE"
"147507";"4062292024238";"Design Chaplin Figur Statue Skulptur Figuren Skulpturen Dekoration Deko";"4062292024238";"true";"EAN_DUPLICATE"
"147525";"4062292024948";"Design Jesus Figur Statue Skulptur Figuren Skulpturen Dekoration Deko";"4062292024948";"true";"EAN_DUPLICATE"
"147615";"JVM4062292007149";"42cm XXL Design Katze Dekoration Figur Skulptur Acryl Dekorative Statue";"4062292007149";"true";"EAN_DUPLICATE"
"147723";"4062292005763";"Stehleuchte Skulptur Figur Lampen Leuchte Weiß Statue Antik Dekor Figuren";"4062292005763";"true";"EAN_DUPLICATE"
"147738";"4062292042263";"Stehleuchte Lampe Leuchte Statue Figur Skulpturen Skulptur Statuen Sofort";"4062292042263";"false";"EAN_DUPLICATE|NAME_CONTAINS_SOFORT"
"147780";"4062292005510";"Design Pokal Vasen Tischleuchte Leuchte Tisch Lampen Leuchten";"4062292005510";"true";"EAN_DUPLICATE"
"147852";"4062292022159";"XXL Tischlampe Leuchte Leuchten Lampen Designer Beleuchtung Konsolen";"4062292022159";"true";"EAN_DUPLICATE"
"147861";"4062292005541";"Design Gothik Stehleuchte Lampe Dekorative Stand Leuchte Leuchten Drachen";"4062292005541";"true";"EAN_DUPLICATE"
"148029";"4062292020803";"Kamin Dekoration Verkleidung Kamine Dekokamin Dekorative Antik Wohnzimmer";"4062292020803";"true";"EAN_DUPLICATE"
"148041";"4062292006418";"Antik Stil Klassischer Globus Atlas Minibar Bar Wein Regal Statue Skulptur";"4062292006418";"true";"EAN_DUPLICATE"
"148167";"4062292005107";"Säule Skulptur Figur Sockel Ägypten Statue Figuren Skulpturen 1029";"4062292005107";"true";"EAN_DUPLICATE"
"148179";"4062292004407";"Venus Skulptur Skulpturen Figuren Antik Stil Statue Statuen Deko Figur XXL";"4062292004407";"true";"EAN_DUPLICATE"
"148191";"4062292007156";"Chesterfield Sofagarnitur Sofa 3+1+1 Couch Polster Set Sofas Couchen Oxford";"4062292007156";"true";"EAN_DUPLICATE"
"148209";"JVM4260454044661";"Figur Engel Skulptur Figuren 35,5cm Weiß Design Accessoire Dekoration";"4260454044661";"true";"EAN_DUPLICATE"
"148242";"4062292018749";"Design Figur Dekorative Antik Stil Skulptur Griechische Figuren Skulpturen";"4062292018749";"true";"EAN_DUPLICATE"
"148248";"4062292004476";"Design Buddha Figur Statue Skulptur Figuren Skulpturen Deko Dekoration";"4062292490934";"true";"EAN_DUPLICATE"
"148317";"JVM4062292004476";"Design Buddha Figur Statue Deko Skulptur Figuren Skulpturen Dekoration";"4062292490941";"true";"EAN_DUPLICATE"
"148377";"4260454044470";"Engel Design Abstrakte Figuren Figur Skulpturen Skulptur Statue Statuen";"4260454044470";"true";"EAN_DUPLICATE"
"148401";"4062292005152";"Medusa Säule Römische Säulen Antik Marmor Skulptur Figur Dekoration Deko";"4062292005152";"true";"EAN_DUPLICATE"
"149146";"4062292010026";"Chesterfield 3 Sitzer Designer Sofa Couch Polster Sofas Couchen Stoff Textil Neu";"4062292010026";"true";"EAN_DUPLICATE"
"149887";"062292016486";"Wohnlandschaft Big XXL Schlafsofa Polster Sitz Eck Garnitur Bettfunktion Sofa";"4062292016486";"true";"EAN_DUPLICATE"
"149977";"4062292016370";"Modern Design Ecksofa Vento Bettfunktion Couch Leder Polster Textil Sofas";"4062292016370";"true";"EAN_DUPLICATE"
"150273";"4062292015847";"Schlafzimmer Couch Sofa Schlafsofa Gästezimmer Kinderzimmer Büro Sofas";"4062292015847";"true";"EAN_DUPLICATE"
"150333";"4062292015991";"Boxspring Bett Hotel Betten 90x200cm Leder Komplett Bettkasten Topper";"4062292015991";"true";"EAN_DUPLICATE"
"150459";"4062292045196";"Wandbrunnen Waschbecken Dekorative Garten Ausgussbecken Gartenspüle Becken";"4062292045196";"true";"EAN_DUPLICATE"
"150580";"4062292043987";"Zierbrunnen Springbrunnen Skulptur Brunnen Dekor Fontaine Garten Teich";"4062292043987";"true";"EAN_DUPLICATE"
"150594";"4062292044021";"Springbrunnen Garten Teich Brunnen 213cm Steinbrunnen Gartenbrunnen";"4062292044021";"true";"EAN_DUPLICATE"
"150752";"4062292028571";"Garten Dekoration Bambi Terrasse Stein Figuren Figur Deko Statue";"4062292028571";"true";"EAN_DUPLICATE"
"150767";"4062292042621";"Stein für Steckdose Außen Steckdoesen Dekoration Deko Garten";"4062292042621";"true";"EAN_DUPLICATE"
"150770";"4062292029332";"Garten Dekoration Dekorative Katze Terrasse Stein Figuren Figur Statue";"4062292029332";"true";"EAN_DUPLICATE"
"150800";"4062292028632";"Figur Adler Garten Statue Skulptur Skulpturen Dekorative Figuren Statuen";"4062292028632";"true";"EAN_DUPLICATE"
"150836";"4062292029646";"Blumentöpfe Kasten Topf Blumen Töpfe XXL Dekorative Beton Garten Terrasse";"4062292029646";"true";"EAN_DUPLICATE"
"150847";"4062292028502";"Löwe Gartenfigur Terrassen Garten Skulptur Figuren Skulpturen";"4062292028502";"true";"EAN_DUPLICATE"
"150854";"4062292029363";"Garten Dekoration Elefant Terrasse Stein Figuren Figur Deko Statue";"4062292029363";"true";"EAN_DUPLICATE"
"150868";"4062292028175";"Löwe Liegend Statue Figur Garten Terrassen Dekoration Skulptur Antik";"4062292028175";"true";"EAN_DUPLICATE"
"150980";"4062292033469";"Junge Sitzende Figur Statue Dekorative Figuren Skulptur Statuen Garten";"4062292033469";"true";"EAN_DUPLICATE"
"150981";"4062292033537";"Hexe 30cm Skulptur Design Figur Statue Garten Figuren Statuen";"4062292033537";"true";"EAN_DUPLICATE"
"150991";"4062292033209";"Figur Skulptur Maria Jesus Skulpturen Gott Heilige Figuren Dekor Statuen";"4062292033209";"true";"EAN_DUPLICATE"
"151022";"4062292031977";"Garten Dekoration 59cm David Terrasse Stein Figuren Figur Deko";"4062292031977";"true";"EAN_DUPLICATE"
"151066";"4062292031779";"Garten Dekoration Frau 60cm Terrasse Stein Figuren Figur Deko";"4062292031779";"true";"EAN_DUPLICATE"
"151112";"4062292032677";"Dekoration Säule Säulen Stein Antik Stil Römische Dekor Weiß Ständer Sockel";"4062292032677";"true";"EAN_DUPLICATE"
"151191";"4062292034602";"Grabschmuck Grab Stein Dekoration Figur Skulptur Deko Engel Gott Heilig";"4062292034602";"true";"EAN_DUPLICATE"
"151225";"4062292034794";"Pilz 44cm Skulptur Design Figur Statue Garten Figuren Statuen";"4062292034794";"true";"EAN_DUPLICATE"
"151239";"4062292033940";"Junge Bub 31cm Figur Statue Figuren Skulptur Statuen Garten";"4062292033940";"true";"EAN_DUPLICATE"
"151240";"4062292033933";"42cm Deko Skulptur Design Figur Statue Garten Figuren Antik Stil Statuen";"4062292033933";"true";"EAN_DUPLICATE"
"151251";"4062292028601";"Figur Adler Garten Statue Skulptur Skulpturen Figuren Dekorative Statuen";"4062292028601";"true";"EAN_DUPLICATE"
"151267";"4062292034565";"Junge & Mädchen Lesen Garten Dekoration Kinder Figur Figuren";"4062292034565";"true";"EAN_DUPLICATE"
"151293";"4062292031250";"Dekoration Säule Säulen Stein Antik Stil Rom Ständer Sockel";"4062292031250";"true";"EAN_DUPLICATE"
"151359";"4062292034596";"Moai Statue Skulptur Figur Designer Garten Terrasen Deko Skulpturen";"4062292034596";"true";"EAN_DUPLICATE"
"151412";"4062292031496";"Eva 120cm Skulptur Design Figur Statue Garten Figuren Statuen";"4062292031496";"true";"EAN_DUPLICATE"
"151439";"4062292026454";"Antik Stil Stein Sessel Bank Stuhl Garten Terrase Edler Design Thron";"4062292026454";"true";"EAN_DUPLICATE"
"151473";"4062292032059";"Fontainen Teich Figur Adam Statue Figuren Skulpturen Dekorative Statuen";"4062292032059";"true";"EAN_DUPLICATE"
"151484";"4062292031908";"Kübel Blumentopf Topf Blumen Blumentöpfe Blumenkästen Garten Figur";"4062292031908";"true";"EAN_DUPLICATE"
"151555";"4062292015700";"Sofagarnitur Couch Sofa Polster Sitz Sofas Couchen 3+1+1 Schlafsofa";"4062292015700";"true";"EAN_DUPLICATE"
"151636";"4062292016691";"Moderne Schlafsofa Couch Polster Ecksofa Garnitur Bettfunktion Textil Leder";"4062292016691";"true";"EAN_DUPLICATE"
"151764";"4062292048173";"KLASSISCHER HOLZ DESIGN 6 STÜHLE ESSGRUPPE SOFORT K30";"4062292048173";"true";"NAME_CONTAINS_SOFORT"
"151772";"4062292048265";"Chesterfield Sofa Couch Polster Garnitur 3 Sitzer Sofas Klassisch Neu Sofort";"4062292048265";"true";"NAME_CONTAINS_SOFORT"
"152188";"4062292038129";"Design Chesterfield Sofagarnitur 3-Sitzer Leder Couch Weiß Polster";"4062292038129";"true";"EAN_DUPLICATE"
"152387";"4062292037849";"Design Chesterfield Sofagarnitur 2-Sitzer Couch Leder Gelb Couch Polster";"406229203784";"true";"EAN_NOT_13_DIGITS"
"152477";"4062292037627";"Chesterfield Ecksofa 3-E-3 Sofa Couchen Couch Polster Sofas Sitz Leder";"4062292037627";"true";"EAN_DUPLICATE"
"152962";"4062292037313";"Desiger Chesterfield Sofagarnitur Leder Braun 5 - Sitzer XXL Couch";"4062292037313";"true";"EAN_DUPLICATE"
"153176";"4062292037061";"Design Chesterfield 3+2+1 Sofagarnitur Leder Sitz Couch Sofa Polster";"4062292037061";"true";"EAN_DUPLICATE"
"153230";"4062292036989";"Design Chesterfield Sofa Couch Polster Sofas Couchen Sitz Garnitur Leder 3Sitzer";"406229203698";"true";"EAN_NOT_13_DIGITS"
"153955";"4260606050632";"RTV TV Sideboard Leder Glas Tisch Fernseh Dekor Schrank Tisch Designer";"4260606050632";"true";"EAN_DUPLICATE"
"154195";"4260606050564";"Couchtisch Tisch Couchtische Glastisch Tische Designer Beistelltisch Neu SR4408";"4260606050564";"true";"EAN_DUPLICATE"
"154323";"4260606050540";"Couchtisch Tisch Couchtische Glastisch Tische Designer Beistelltisch Neu SR4406";"4260606050540";"true";"EAN_DUPLICATE"
"154515";"4260606050519";"Couchtisch Tisch Couchtische Glastisch Tische Beistelltisch Designer Neu";"4260606050519";"true";"EAN_DUPLICATE"
"154643";"4260484868305";"Ledersofa Couch Wohnlandschaft 3+2+1 Sitzer Garnitur Sofa Sofagarnitur";"4260484868305";"true";"EAN_DUPLICATE"
"154949";"4062292002014";"Ledersofa Couch Wohnlandschaft Ecksofa Eck Sofa Garnitur Design Modern";"4062292002014";"true";"EAN_DUPLICATE"
"155180";"4260454043541";"Ledersofa Couch Wohnlandschaft Ecksofa Eck Garnitur Modern Design Sofa";"4260454043541";"true";"EAN_DUPLICATE"
"155334";"4260174422947";"Ledersofa Couch Wohnlandschaft Ecksofa Modern Eck Garnitur Dekor Design";"4260174422947";"true";"EAN_DUPLICATE"
"157485";"4062292006258Sofort";"Klassische RTV Sideboard Fernseh Tisch Tische Tv Board Dekor Medusa Regal";"4062292006258";"true";"EAN_DUPLICATE"
"157500";"4062292095399";"Chesterfield Leder Sessel Set Garnitur Ohrensessel x 2 + Hocker Garnitur Leder";"4062292095399";"true";"EAN_DUPLICATE"
"157524";"4062292095375";"Designer Luxus Wohnlandschaft Chesterfield Polster Sofa Sitz Couch";"4062292095375";"true";"EAN_DUPLICATE"
"157644";"4062292095177";"Klassische Ecksofa Ledersofa Polster Eck Sofa Couch Ecke Garnitur";"4062292095177";"true";"EAN_DUPLICATE"
"157668";"4062292095122";"Hochwertige Chesterfield Leder Sofa Couch Polster Eck Garnitur Stoff Sitz";"4062292095122";"true";"EAN_DUPLICATE"
"157686";"4062292095092";"Ecksofa Ledersofa Dunkelbraun Polster Eck Couch Neue Garnitur Design";"4062292095092";"true";"EAN_DUPLICATE"
"157740";"4062292095009";"Rote Chesterfield Ecksofa Couch 210x300cm Maßfertigung Ledersofa Sofa";"4062292095009";"true";"EAN_DUPLICATE"
"157788";"4062292094927";"Ecksofa Ledersofa Grün Polster Eck Couch Garnitur Sitz Design";"4062292094927";"true";"EAN_DUPLICATE"
"157830";"4062292094842";"Edle Chesterfield Couch Braune Sofa Eck Couch Garnitur Leder Sofas";"4062292094842";"true";"EAN_DUPLICATE"
"157854";"4062292094767";"Chesterfield Leder Dunkelbraun Ohrensessel 1 Sitzer Designer Fernseh";"4062292094767";"true";"EAN_DUPLICATE"
"158016";"4062292094279";"Chesterfield Designer Bordaux XXL Big 3-Sitzer Sofa Leder Luxus";"4062292094279";"true";"EAN_DUPLICATE"
"158100";"4062292094095";"Chesterfield Ledersofa Braune Wohnzimmer Ledercouch Sofa Polster";"4062292094095";"true";"EAN_DUPLICATE"
"158106";"4062292094088";"Chesterfield Couch Polster Weiße Leder Sofa Polster Couchen Weiß Sofas Garnitur";"4062292094088";"true";"EAN_DUPLICATE"
"158124";"561554665sofort";"Ecksofa Chesterfield Sofa Ledersofa Polster Eck Couch Garnitur Weiß";"4260174421339";"true";"EAN_DUPLICATE"
"158227";"4062292093869";"XXL Sofa 3 Sitzer Grün Couch Chesterfield Polster Sitz Garnitur Leder";"4062292093869";"true";"EAN_DUPLICATE"
"158299";"4062292093753";"Sofa 3 Sitzer Designer Couchen Couch Gelb Textil Stoff";"4062292093753";"true";"EAN_DUPLICATE"
"158305";"JVM4062292093753";"Edle Designer Couch Polster Sofa Gelbe Leder Textil Sofas Couchen";"4062292093753";"true";"EAN_DUPLICATE"
"158323";"4062292093708";"Hochwertige Leder Sofa Textil Stoff Chesterfield Couch England schwarz Sofas Neu";"4062292093708";"true";"EAN_DUPLICATE"
"158371";"4062292093623";"Chesterfield Sofa 2 Sitzer Kunstleder Polster Design Luxus Couch Klassische Sofa";"4062292093623";"true";"EAN_DUPLICATE"
"158875";"4062292092763";"Bordaux 3 Sitzer Chestrerfield Leder Sofa Couch Polster Garnitur Textil";"4062292092763";"true";"EAN_DUPLICATE"
"159001";"4062292092541";"Sofa 3 Sitzer Couch Chesterfield Polster Sitz Garnitur Leder Textil design Samt";"4062292092541";"true";"EAN_DUPLICATE"
"159097";"4062292092381";"Leder Luxus Fernseh Relax Chesterfield Club Sessel Cheserfield Lounge";"4062292092381";"true";"EAN_DUPLICATE"
"159235";"4062292092152";"Design Chesterfield Stoff Couch Sessel 1.5 Sitzer Polster Sofas Lounge";"4062292092152";"true";"EAN_DUPLICATE"
"159241";"4062292091070";"3 Sitzer Chesterfield Polster Sofas Design Luxus Couch Sofa Leder";"4062292091070";"true";"EAN_DUPLICATE"
"159577";"4062292091582";"XXL Chesterfield Polster Sofas Design Luxus Couch Sofa 4 Sitzer Leder";"4062292091582";"true";"EAN_DUPLICATE"
"159583";"4062292091575";"Chesterfield Polster Sofas Design Luxus Couch Dekor Sofa 4 Sitzer Leder";"4062292091575";"true";"EAN_DUPLICATE"
"159589";"4062292091568";"Chesterfield Braun Couch Sofa Polster 4 Sitzer Couchen Sitz Garnitur";"4062292091568";"true";"EAN_DUPLICATE"
"159619";"4062292091513";"XXL Big Wohnzimmer Couch Chesterfield 4 Sitzer Leder Sofa Couchen Garnitur Neu";"4062292091513";"true";"EAN_DUPLICATE"
"159625";"4062292091506";"Polster Sofa Design Luxus Couch Klassische Sofas3 Sitzer Chesterfield Leder Neu";"4062292091506";"true";"EAN_DUPLICATE"
"159649";"4062292091469";"Chesterfield XXL Sofa Couch 3 Sitzer Polster Textil Stoff Couchen";"4062292091469";"true";"EAN_DUPLICATE"
"159655";"4062292091452";"Sofa Couch Polster 3 Sitzer Rollen Chesterfield Neu Old Look Style Sofa Braun";"4062292091452";"true";"EAN_DUPLICATE"
"159661";"4062292091445";"Antik Braune Chesterfield Couch Sofa Polster Couchen Sofas Leder Texil";"4062292091445";"true";"EAN_DUPLICATE"
"159667";"JVM4062292091445";"Bordaux Rote Chesterfield Couch Sofa 3 Sitzer Polster Couchen Sofas";"4062292091445";"true";"EAN_DUPLICATE"
"159787";"4062292091247";"Schwarze Designer Sofa Couch Polster XXL 3 Sitzer Big Sofas Couchen";"4062292091247";"true";"EAN_DUPLICATE"
"159895";"4062292091063";"Chesterfield Polster Sofas Design Luxus Couch Sofa 3 Sitzer Leder";"4062292091063";"true";"EAN_DUPLICATE"
"159907";"4062292091049";"Ledersofa Sofa Couch Garnitur 3 Sitzer Sofas Couchen Deko Chesterfield";"4062292091049";"true";"EAN_DUPLICATE"
"160141";"4062292090646";"Deko Chesterfield Sessel Fernseh Couch 1 Sitzer Sofa Stoff Textil Couchen";"4062292090646";"true";"EAN_DUPLICATE"
"160147";"JVM4062292090646";"Chesterfield Sessel Fernseh Couch 1 Sitzer Sofa Stoff Textil Deko Couchen";"4062292090646";"true";"EAN_DUPLICATE"
"160297";"4062292090387";"Chesterfield Polster Sofas Design Luxus Stoffsofas Textil Sofa 2 Sitzer";"4062292090387";"true";"EAN_DUPLICATE"
"160363";"4062292090264";"Set Garnitur Polster Relax Fernseh Sessel Hocker Beistell Designer";"4062292090264";"true";"EAN_DUPLICATE"
"160369";"JVM4062292090264";"Chesterfield 1 Sitzer Sessel Textil Leder Polster Fernseh Sofa Couch";"4062292090264";"true";"EAN_DUPLICATE"
"160417";"4062292090189";"2 Sitzer Chesterfield Leder Couch Sofa Polster Sofas Design Luxus";"4062292090189";"true";"EAN_DUPLICATE"
"160507";"4062292090035";"Chesterfield Ohrensessel Klassische Polstersofas Stuhl der Premium Klasse #130";"4062292090035";"true";"EAN_DUPLICATE"
"161071";"4062292089091";"Chesterfield 3 Sitzer Design Couch Sofa Polster Sitz Leder Stoff Luxus";"4062292089091";"true";"EAN_DUPLICATE"
"161209";"4062292094798";"Designer Braun Hocker Leder Textil Luxuspolster Chesterfield Fußhocker";"4062292094798";"true";"EAN_DUPLICATE"
"161317";"4062292094149";"Sofa 3 Sitzer Bordaux Ledersofa Couchen Couch Chesterfield Garnitur Leder Sofas";"4062292094149";"true";"EAN_DUPLICATE"
"161385";"4062292101359";"Design XXL Obst Schale Vase Deko Ellipse Vasen Antik Schalen Dekoration";"4062292101359";"true";"EAN_DUPLICATE"
"161402";"4062292101441";"XXL Klassische Dekoration Antik Stil Vase Deko Vasen Statue Skulptur";"4062292101441";"true";"EAN_DUPLICATE"
"161407";"4062292101274";"Adam Römische Skulptur Antik Stil Designer Statue Figuren Statuen";"4062292101274";"true";"EAN_DUPLICATE"
"161411";"4062292103223";"6x Chesterfield Stuhl Set Sitz Garnitur Polster Esszimmer Stühle Lehn Leder";"4062292103223";"true";"EAN_DUPLICATE"
"161595";"4062292048524";"Pouf Fußhocker Rund Sitz Hocker Polsterhocker Sitzhocker Badhocker Puff";"4062292048524";"true";"EAN_DUPLICATE"
"162236";"4062292051357";"3 Sitzer 235cm Luxus Bank Sofa Couch Blau Wohnzimmer Kanzlei Möbel";"4062292051357";"true";"EAN_DUPLICATE"
"162930";"4062292007040";"Design Blumentöpfe Blumenvase Dekovase Vase Vasen Dekoration";"4062292007040";"true";"EAN_DUPLICATE"
"162931";"JVM4062292007040";"XXL Vase Dekoration Blumen Design Boden Topf Antik Stil Raum Dekorative";"4062292007040";"true";"EAN_DUPLICATE"
"162938";"JVM4062292004872";"Medusa Römische Säule Beistelltisch Säulen Tisch Glas Couch Sofa Tische";"4062292004872";"true";"EAN_DUPLICATE"
"162948";"4062292101915";"Tischlampe Tischleuchten Leuchten Lampen Lampe Vasen Vase";"4062292101915";"true";"EAN_DUPLICATE"
"162950";"4062292101892";"Klassische Standleuchte Leuchte Stehlampe Medusa Stehleuchte Lampe";"4062292101892";"true";"EAN_DUPLICATE"
"162959";"4062292101809";"Design Saxophon Büste Figur Statue Skulptur Figuren Dekorative Skulpturen";"4062292101809";"true";"EAN_DUPLICATE"
"162962";"4062292101779";"Design Sänger Figur Statue Skulpturen Dekoration Deko 57 cm Skulptur";"4062292101779";"true";"EAN_DUPLICATE"
"162971";"4062292101687";"Stehleuchte Skulptur Figur Lampen Leuchte Ägypten Gold Schwarz Statue Figuren";"4062292101687";"true";"EAN_DUPLICATE"
"163072";"4062292098222";"Bücherregal Standregal Regal Schrank Aufbewahrung Schränke Neu";"4062292098222";"true";"EAN_DUPLICATE"
"163184";"JVM4062292097065";"Schrank Hochschrank Kleiderschrank Mehrzweck Schränke Regal";"4062292284366";"true";"EAN_DUPLICATE"
"163242";"4062292096471";"Designer Zimmer Jugend & Kinder Schlafzimmer Tisch Bett Kommode Schrank";"4062292096471";"true";"EAN_DUPLICATE"
"163359";"4062292074769";"Design Gorilla sitzen Figur Statue Skulptur Figuren Skulpturen Garten";"4062292074769";"true";"EAN_DUPLICATE"
"163552";"4062292051470";"3 Sitz Sofa Couch Textil Stoff Bettfunktion Schlafsofa Neu Polster Garnitur Neu";"4062292051470";"true";"EAN_DUPLICATE"
"163651";"4062292102110";"Wand Chesterfield Wandverkleidung Wandpaneelen Verkleidung Polster Paneel Neu";"4062292102110";"true";"EAN_DUPLICATE"
"163681";"JVM4062292032059";"Fontainen Teich Figur Adam Statue Figuren Skulptur Statuen";"4062292032059";"true";"EAN_DUPLICATE"
"165115";"JVM4260454045347";"Esszimmer 4x Stuhl Set Stühle Garnitur Polster Lehn Wohnzimmer Holz";"4260454045347";"true";"EAN_DUPLICATE"
"166372";"4062292073175";"Design Ziege stehend, Kopf rechs Figur Statue Skulptur Figuren Skulpturen";"4062292073175";"true";"EAN_DUPLICATE"
"166653";"4062292072543";"Design Weihnachtsmann Garten Skulptur Figuren Skulpturen Figur Statue";"4062292072543";"true";"EAN_DUPLICATE"
"170075";"4062292070396";"Design Paprika Figur Garten Statue Skulptur Figuren Skulpturen Dekoration";"4062292070396";"true";"EAN_DUPLICATE"
"170672";"4062292069024";"Schornsteinfeger Statuen Figur Garten Statue Skulptur Figuren Skulpturen";"4062292069024";"true";"EAN_DUPLICATE"
"170726";"4062292068478";"Elefant Figur Garten Statue Skulptur Figuren Skulpturen Dekoration Deko";"4062292285837";"true";"EAN_DUPLICATE"
"171188";"4062292067709";"Design Zwerg Figur Dekoration Garten Statue Skulpturen Skulptur Figuren";"4062292067693";"true";"EAN_DUPLICATE"
"171189";"4062292067693";"Zwerg Figur Garten Statue Skulptur Figuren Skulpturen Dekoration Karikatur";"4062292067693";"true";"EAN_DUPLICATE"
"171201";"4062292067570";"Design Zwerg Figur Garten Statue Dekoration Skulptur Skulpturen Figuren";"4062292067570";"true";"EAN_DUPLICATE"
"173427";"4062292105616";"Leder Sofa Moderne Couch Polster Wohnlandschaft + Tisch Couchen Sitz";"4062292105616";"true";"EAN_DUPLICATE"
"173504";"JVM4062292105616";"Stoff Sofa Moderne Couch Polster Wohnlandschaft + Tisch Design Eck";"4062292105616";"true";"EAN_DUPLICATE"
"174501";"4062292105265";"Leder Couch Polster Sitz Design Modern Eck Garnitur Sofa U Form";"4062292105265";"true";"EAN_DUPLICATE"
"175994";"4062292104770";"Design Eck Couch Polster Sofa Leder Sitz Garnitur G8035D Moderne Sofas Sitz Neu";"4062292104770";"true";"EAN_DUPLICATE"
"176838";"4062292065781";"Kanone Waffee Antik Stil Figur Statue Skulptur Skulpturen Dekoration";"4062292065781";"true";"EAN_DUPLICATE"
"176843";"4062292065736";"Design Großeltern Figur Statue Skulptur Figuren Skulpturen Karikatur Dekoration";"4062292065736";"true";"EAN_DUPLICATE"
"177065";"4062292104640";"Ledersofa Couch Wohnlandschaft Eck Garnitur Design Modern Sofa L-Form K5001";"4062292104640";"true";"EAN_DUPLICATE"
"177142";"JVM4062292104640";"Ledersofa Couch Deko Wohnlandschaft Eck Garnitur Design Modern Sofa L-Form";"4062292104640";"true";"EAN_DUPLICATE"
"177444";"4062292063671";"Design Abstrakt Hund Figur Statue Skulpturen Skulptur Figuren Dekoration";"4062292063671";"true";"EAN_DUPLICATE"
"177451";"4062292063602";"Hund Balon Figur Statue Skulptur Figuren Skulpturen Dekoration Deko";"4062292063602";"true";"EAN_DUPLICATE"
"177453";"4062292063589";"Nilpferd Figur Statue Skulptur Figuren Skulpturen Dekoration Deko";"4062292063589";"true";"EAN_DUPLICATE"
"178535";"4062292039690";"Design Garten Figur Statue Skulptur Figuren Skulpturen Dekoration Neu";"4062292039690";"true";"EAN_DUPLICATE"
"178541";"406229203963";"Design Hexe Figur Statue Skulptur Figuren Skulpturen Dekoration Deko";"4062292039638";"true";"EAN_DUPLICATE"
"181721";"4062292104251";"Design Luxus Bett Polster Leder Ehe Moderne Hotel Betten 140/160/180/200";"4062292104251";"true";"EAN_DUPLICATE"
"181722";"JVM4062292104251";"Luxus Leder Polster Design Modernes Betten Doppel 140/160/180/200 Bett";"4062292104251";"true";"EAN_DUPLICATE"
"181723";"4062292104244";"Design Luxus Bett Polster Ehe Leder Moderne Hotel Betten 140/160/180/200";"4062292104244";"true";"EAN_DUPLICATE"
"181733";"4062292104145";"Doppel Luxus Design Leder Bett Polster Betten Hotel Moderne Multifunktion";"4062292104145";"true";"EAN_DUPLICATE"
"181765";"4062292100932";"Boxspringbett Bett Hotel Luxus Betten Polster Doppelbett Ehe 140 160 180";"4062292100932";"true";"EAN_DUPLICATE"
"182062";"4062292135804";"Chesterfield Textil Couch Polster Sitz Garnitur 3+1+1 Sitzer Designer Couchen";"4062292135804";"true";"EAN_DUPLICATE"
"182098";"4062292135538";"Leder Sofa Couch Polster Sitz Garnitur 3+2 Sitzer Sofas Couchen Italien Möbel";"4062292135538";"true";"EAN_DUPLICATE"
"182136";"4062292135545";"Garnitur Couch Polster Polster Sitz Garnituren 3+2 Designer Italien Design";"4062292135545";"true";"EAN_DUPLICATE"
"182445";"4062292123566";"Couch Tisch Holz Sofa Rund Designer Tische Metall Italienische Beistell Sofort";"4062292123566";"true";"NAME_CONTAINS_SOFORT"
"182563";"4062292128844";"Sessel Design Couch Sofa Relax Braun Leder Lounge Club Polster Sitzer";"4062292128844";"true";"EAN_DUPLICATE"
"182837";"4062292127175";"Designer Luxus Konsole Tisch Konsolen Tische Holz Metall Design Gold";"4062292127175";"true";"EAN_DUPLICATE"
"182885";"4062292126666";"Designer RTV TV Anrichte Kommode Side Low Board Schrank Regal Luxus";"4062292126666";"true";"EAN_DUPLICATE"
"182913";"JVM4062292094767";"Designer Nacht Tisch Konsole Luxus Nachttische Deko Beistell Metall Leder";"4062292094767";"true";"EAN_DUPLICATE"
"182917";"JVM4062292094729";"Nacht Tisch Konsole Luxus Klasse Nachttische Konsolen Beistell Metall";"4062292491016";"true";"EAN_DUPLICATE"
"183105";"4062292124457";"Dreisitzer Couch Polster Design Sofa 3er Sitz Sofas Zimmer Moderne Grau";"4062292124457";"true";"EAN_DUPLICATE"
"183149";"JVM4062292092275";"Design Samt Sofa Couch Gruppe Garnitur 3+2+1 Metall 3tlg Set Luxus Sofas";"4062292546532";"true";"EAN_DUPLICATE"
"183202";"4062292135491";"Garnitur Couch Polster Stoff Sofa Couchen Polster Sitz Garnituren 3+2+2";"4062292135491";"true";"EAN_DUPLICATE"
"183348";"4062292123085";"Kommode Hoch Schrank Side Low Board Kommoden Designer Edel Luxus";"4062292123085";"true";"EAN_DUPLICATE"
"183356";"4062292122996";"Neu Designer Klassischer Couchtisch Beistelltisch Sofa Wohnzimmer Tisch";"4062292122996";"true";"EAN_DUPLICATE"
"183359";"JVM4062292090134";"Designer Schmink Tische Konsolen Tisch Kommode Holz Side Board Schrank";"4062292090134";"true";"EAN_DUPLICATE"
"183364";"4062292122927";"Tisch Klassische Konsole Spiegel Kommode Schminktisch Schlafzimmer";"4062292122927";"true";"EAN_DUPLICATE"
"183451";"4062292103605";"Barock Rokoko Couchtisch Holz Tisch Beistell Sofa Couch Tische Marmor";"4062292103605";"true";"EAN_DUPLICATE"
"183452";"4062292103612";"Barock Rokoko Extra Klasse Couchtisch Deko Holz Tisch Beistell Sofa Couch";"4062292103612";"true";"EAN_DUPLICATE"
"183549";"JV4062292010026";"Chesterfield 3 + 2 + 2 Sitzer Sofa Garnitur Couch Textil Stoff in Beige";"4062292010026";"true";"EAN_DUPLICATE"
"183552";"JV4062292032059";"Fontainen Teich Figur Adam Statue Figuren Skulptur Statuen Skulptur";"4062292032059";"true";"EAN_DUPLICATE"
"183560";"JV4260454045347";"Esszimmer 4x Stuhl Set Stühle Garnitur Polster Lehn Wohnzimmer Holz SAMT NEU";"4260454045347";"true";"EAN_DUPLICATE"
"183566";"JV4062292013027";"Luxus Glastisch Moderner Beistell Wohnzimmer Tische Glas SOFORT LIEFERBAR";"4062292013027";"true";"EAN_DUPLICATE|NAME_CONTAINS_SOFORT"
"183576";"JV4260606050540";"Couchtisch Tisch Couchtische Tische Glastisch Designer Beistelltisch Neu Sofort";"4260606050540";"true";"EAN_DUPLICATE|NAME_CONTAINS_SOFORT"
"183591";"JV4062292020162";"Sessel Ohrensessel Chestefield Stuhl Sitz Polster Couch Lounge Echt";"4062292020162";"true";"EAN_DUPLICATE"
"183600";"4260533188446";"Polsterbett Bett Ehebett Lederbett Designerbett Doppelbett mit KRISTALLEN";"4260533188446";"true";"EAN_DUPLICATE"
"183628";"4062292132490";"Kristall-Tischlampe Elite Bohemia";"4062292132490";"true";"EAN_DUPLICATE"
"183667";"4062292130779";"Decken Pendel Kronleuchter Bohemia Kristalle Luster Goldene Lampe";"4062292130779";"true";"EAN_DUPLICATE"
"183700";"4062292129964";"Kronleuchter Kristall Leuchte Deckenleuchte Hängeleuchte Lampe Luster";"4062292129964";"true";"EAN_DUPLICATE"
"183706";"4062292129872";"Luxus Hotel Zimmer Kronleuchter Luster Echte Kristallsteine Decken";"4062292129834";"true";"EAN_DUPLICATE"
"183779";"4062292132681";"Wandleuchte Bohemia Luster Dekorative Antik Stil Kronleuchter Wand Lampen";"4062292132681";"true";"EAN_DUPLICATE"
"183787";"4062292132469";"Wandleuchte Bohemia Luster Antik Stil Kronleuchter Wand Dekorative Lampen";"4062292132469";"true";"EAN_DUPLICATE"
"183796";"4062292132308";"Bohemia Luster Kristall Kronleuchter Lampe Leuchte Deckenleuchte";"4062292132193";"true";"EAN_DUPLICATE"
"183805";"4062292132193";"Luster Kristall Kronleuchter Lampe Leuchte Deckenleuchte Bohemia";"4062292132193";"true";"EAN_DUPLICATE"
"183818";"4062292132001";"Bohemia Kristall Kronleuchter Leuchte Decke Lampe Leuchte Lampen";"4062292132001";"true";"EAN_DUPLICATE"
"183831";"4062292131752";"Klassisch Nachttischleuchte Tischleuchte Tischlampe Bohemia Tisch";"4062292131752";"true";"EAN_DUPLICATE"
"183835";"4062292131714";"Tischleuchte Antik Stil Tisch Lampe Kristall Leuchte Lampen Deko Leuchten";"4062292131714";"true";"EAN_DUPLICATE"
"183906";"4062292130113";"Tischleuchte Tisch Lampe Leuchten Kronleuchte Kristall Lampen Antik";"4062292130113";"true";"EAN_DUPLICATE"
"183907";"4062292130120";"Tischleuchte Tisch Lampe Leuchten Kronleuchte Kristall Antik Stil Leuchte";"4062292130120";"true";"EAN_DUPLICATE"
"183913";"4062292130090";"Wandleuchte Bohemia Luster Antik Stil Wand Lampen Wandlampe Neu";"4062292130090";"true";"EAN_DUPLICATE"
"183921";"4062292129933";"Decken Lampe Hänge Pendel Leuchte Strahler Luster Kronleuchter";"4062292129933";"true";"EAN_DUPLICATE"
"183926";"4062292129834";"Luster Luxus Kristall Decken Leuchten Neu Bohemia Lampen Kronleuchter";"4062292129834";"true";"EAN_DUPLICATE"
"184275";"JVM4260533186282";"STUHL ESSZIMMERSTUHL MASSIVHOLZ DESIGNER LEDER STUHL";"4260533186282";"true";"EAN_DUPLICATE"
"184459";"4062292076329";"Runder Designer Glas Couch Edelstahl Sofa Tisch Wohn Design Rund";"4062292076329";"true";"EAN_DUPLICATE"
"184976";"4062292075506";"XXL Big Sofa Couch Wohnlandschaft Sofas Couchen Polster 4 Sitzer XXL 330 cm";"4062292075506";"true";"EAN_DUPLICATE"
"185221";"4062292075438";"Italienische Design Eck Sofa Sitz Polster Eck Garnitur Couchen Ecke Leder";"4062292075438";"true";"EAN_DUPLICATE"
"185992";"4062292143564";"Badewannen Rechteckige Design Rund Badewanne Weiß Moderne";"4062292143564";"true";"EAN_DUPLICATE"
"185995";"4062292143533";"Modernes Becken Waschbecken Acryl Stand Bad Freistehender Waschtisch";"4062292143533";"true";"EAN_DUPLICATE"
"185996";"4062292143526";"Badewanne Einbauwanne Rechteckwanne Wannenset Wanne Bad";"4062292143526";"true";"EAN_DUPLICATE"
"185999";"4062292143496";"Duschtasse flach Acryl Duschwanne Dusche Acrylwanne Design Brausewanne";"4062292143496";"true";"EAN_DUPLICATE"
"186001";"4062292143472";"Badewannen LUXUS Design Einbau Wannen Badewanne Wanne Bad";"4062292143472";"true";"EAN_DUPLICATE"
"186003";"4062292143458";"Duschwanne Duschtasse flach Acryl Dusche Design Brausewanne Wanne";"4062292143458";"true";"EAN_DUPLICATE"
"186009";"4062292143397";"Exclusive Badewanne Weiß Bade Wannen freistehende Acrylwanne Design";"4062292143397";"true";"EAN_DUPLICATE"
"186048";"4062292142970";"Dusche Duschtasse Ablaufgarnitur Ablauf Duschwanne Flach Brausewanne";"4062292142970";"true";"EAN_DUPLICATE"
"186049";"4062292142963";"Dusche Duschtasse Acrylwanne Ablaufgarnitur Ablauf Duschwanne Flach";"4062292142963";"true";"EAN_DUPLICATE"
"186050";"4062292142956";"Badezimmer Unförmige Eck Badewannen Wannen Weiß Eckwanne";"4062292142956";"true";"EAN_DUPLICATE"
"186053";"4062292142925";"Exclusive Freistehende Design Badewanne Moderne Wanne Bad Frei";"4062292142925";"true";"EAN_DUPLICATE"
"186054";"4062292142918";"Exclusive freistehende Badewanne Acrylwanne Wanne Bad 160x70";"4062292142918";"true";"EAN_DUPLICATE"
"186055";"4062292142901";"Hochwertige Design Badewanne Exclusive freistehende Acrylwanne Wanne 160x70";"4062292142901";"true";"EAN_DUPLICATE"
"186065";"4062292142406";"Duschwanne Duschtasse Dusche Acrylwanne Flach Ablaufgarnitur Ablauf";"4062292142406";"true";"EAN_DUPLICATE"
"186066";"4062292142390";"Duschwanne Duschtasse Dusche Acrylwanne Brausewanne Flach";"4062292142390";"true";"EAN_DUPLICATE"
"186160";"4062292158018";"Statue Buddhismus Kwan-Yin Guan Yin Bodhisattva Skulptur Statuen Figur";"4062292158018";"true";"EAN_DUPLICATE"
"186199";"4062292157783";"Ägyptischer Kleopatra Statue Statuen Dekoration Figuren Skulpturen Deko";"4062292157783";"true";"EAN_DUPLICATE"
"186227";"4062292140631";"Rtv Sideboard Schrank Kommode Wohnzimmer Kommoden Low Board";"4062292140112";"true";"EAN_DUPLICATE"
"186361";"4062292140112";"Wohnzimmerschrank Sideboard rtv Kommode TV Schrank Lowboard";"4062292140112";"true";"EAN_DUPLICATE"
"186421";"4062292139703";"Mehrzweck Regale 180cm Schrank Regal Aufbewahrungs Deko Kleiderschrank";"4062292139703";"true";"EAN_DUPLICATE"
"186504";"4062292139567";"Garderobe Aufbewahrung 180cm Regal Schrank Archiv Schiebetüren";"4062292139567";"true";"EAN_DUPLICATE"
"186521";"4062292155529";"Abstrakt Figur Statue Skulptur Deko Garten Design Statuen Dekoration";"4062292155529";"true";"EAN_DUPLICATE"
"186613";"4062292147081";"Boxspring Lila Bett Hotel Doppel Betten Samt Luxus Neu Polster Kasten";"4062292147081";"true";"EAN_DUPLICATE"
"186614";"JVM4062292147081";"Boxspring Bett Hotel Doppel Bett Luxus Betten Polster 90/100/120/160/180";"4062292147081";"true";"EAN_DUPLICATE"
"186728";"4062292137358";"Abstrakte Deko Figur Statue Skulptur 110cm Statuen Skulpturen Design";"4062292137358";"true";"EAN_DUPLICATE"
"186729";"4062292137341";"Abstrakte Deko Figur Statue Skulptur 108cm Fuguren Statuen Skulpturen";"4062292137341";"true";"EAN_DUPLICATE"
"187005";"4062292162534";"Deko Figur Statue Vase Skulptur 110x 90cm Figuren Skulpturen Kelch Vasen";"4062292162534";"true";"EAN_DUPLICATE"
"187076";"4062292161926";"Medusa Säulen Säule Figur Statue Skulptur 99cm Figuren Ständer";"4062292161926";"true";"EAN_DUPLICATE"
"187095";"4062292192760";"Abstrakte Designer Kunst Niedliche Figur Statue Bunt Bemante Skulpturen";"4062292192760";"true";"EAN_DUPLICATE"
"187189";"4062292159787";"Weihnachtsmann Figur Statue Deko Figuren Deko Nikolaus Skulptur 75cm";"";"true";"EAN_BLANK"
"188006";"4062292209178";"Stuhl 8x Esszimmer Polsterstuhl Fernseh Lounge Sitz Sessel Set Neu Club";"4062292209178";"true";"EAN_DUPLICATE"
"188538";"4062292181221";"Klassische Braun Holz Kommode Kommoden Kommodenschrank";"4062292181221";"true";"EAN_DUPLICATE"
"188539";"4062292181214";"Klassische Kommode Kommoden Kommodenschrank Dekorative Holzschrank Wohn";"4062292181214";"true";"EAN_DUPLICATE"
"188540";"JVM4062292181214";"Klassische Kommode Dekorative Kommoden Kommodenschrank Holzschrank Wohn";"4062292181214";"true";"EAN_DUPLICATE"
"188542";"JVM4062292181221";"Klassische Braun Holz Kommode Kommoden Dekorative Art deco Kommodenschrank";"4062292181221";"true";"EAN_DUPLICATE"
"188588";"4062292180385";"Klassische Garnitur 3+2+2 Sitzer Polster Sofagarnitur Couch Sofa 100% Leder";"4062292180385";"true";"EAN_DUPLICATE"
"188622";"4062292120480";"Wohnzimmer Sofagarnitur Couch Polster Sitz Sofa Leder Holz 3+2 Set";"4062292120480";"true";"EAN_DUPLICATE"
"188626";"4062292120176";"Antik Stil Ledersofa Couch Sofagarnitur 3+1+1 Sitzer Leder Italienisches Polster";"4062292120176";"true";"EAN_DUPLICATE"
"188694";"4062292119330";"Multifunktions Couch Sofagarnitur Ledersofa 3+1+1 Relax Kino Sofa Set Polster";"4062292120480";"true";"EAN_DUPLICATE"
"188844";"4062292721519";"Chesterfield Couch Polster Sitz Garnitur 3+1+1 Sitzer Samt Designer Couchen Neu";"4062292721519";"true";"EAN_DUPLICATE"
"188953";"4062292302916";"Chesterfield Englisches Bett Schwarz 160/180x200 Doppelbett Betten";"4062292302916";"true";"EAN_DUPLICATE"
"188954";"4062292302909";"Chesterfield Design Englisches Bett Grau 160/180x200 Doppelbett Betten";"4062292302909";"true";"EAN_DUPLICATE"
"188955";"4062292302893";"Chesterfield Design Polster Doppelbett Englisches Beige 140/160/180x200";"4062292302893";"true";"EAN_DUPLICATE"
"188982";"4062292115813";"Set 8x Stoff Massivholz Stuhl Esszimmerstuhl Designer Stühle Esszimmerstühle";"4062292115813";"true";"EAN_DUPLICATE"
"189001";"4062292302848";"Chesterfield Design Polster Englisches Bett Doppelbett Grau Betten";"4062292546198";"true";"EAN_DUPLICATE"
"189013";"4062292302855";"Chesterfield Design Polster Englisches Bett Grau Betten 160/180x200";"4062292302855";"true";"EAN_DUPLICATE"
"189019";"4062292302862";"Chesterfield Design Polster Englisches Bett Grau 160/180x200 Doppelbett";"4062292302862";"true";"EAN_DUPLICATE"
"189025";"4062292302879";"Luxus Schlafzimmer Bett Polster Design Luxus Doppel Hotel Chesterfield Betten";"4062292302879";"true";"EAN_DUPLICATE"
"189031";"4062292302886";"Design Polster Englisches Doppelbett Betten Chesterfield Luxus 140/160/180x200";"4062292302886";"true";"EAN_DUPLICATE"
"189235";"JVM4062292303036";"Chesterfield 3 Sitzer Sofa Ledersofa Couch Garnitur Polster Sitz 3er Sofas Neu";"4062292303036";"true";"EAN_DUPLICATE"
"189358";"4062292302947";"Sofa Luxus Textil Chesterfield Couch Sofas Polster 2 Sitzer Zweisitzer";"4062292302947";"true";"EAN_DUPLICATE"
"189364";"4062292302930";"Chesterfield 2 Sitzer Sofa Stoffsofa Couch Polster Sitz Garnitur 2er";"4062292302930";"true";"EAN_DUPLICATE"
"189515";"4062292202780";"Chesterfield Sofa Couch Polster Stoff Leder Couchen Polster Garnitur";"4062292202780";"true";"EAN_DUPLICATE"
"189521";"4062292202773";"Günstig & Hochwertig Chesterfield Sofa Couch Dreisitzer Garnitur Neu";"4062292202773";"true";"EAN_DUPLICATE"
"189545";"4062292202926";"jvmoebel ® Textil Sofa Couch - Schwarz Polster Dreisitzer Couch";"4062292202926";"true";"EAN_DUPLICATE"
"189551";"4062292202919";"Chesterfield Sofa Couch Polster Stoff Leder Polster Garnitur Couchen";"4062292202919";"true";"EAN_DUPLICATE"
"189557";"4062292202902";"Klassische Leder Couch - Grüne Chesterfield Stoff Sofa 3 Sitzer Neu";"4062292202902";"true";"EAN_DUPLICATE"
"189581";"4062292202988";"Chesterfield Sofa Couch Polster Stoff Leder Couchen Deko Polster Garnitur";"4062292202988";"true";"EAN_DUPLICATE"
"189587";"4062292202971";"jvmoebel ® - Leder Sofa Couch - Rote Polster Dreisitzer Couch Garnitur";"4062292546204";"true";"EAN_DUPLICATE"
"189593";"4062292202964";"Chesterfield Sofa Couch Polster Stoff Leder Couchen Polster Deko Garnitur";"4062292202964";"true";"EAN_DUPLICATE"
"189599";"4062292202957";"Chesterfield Mens Club Sofa Couch Leder Polster Zweisitzer Braun";"4062292202957";"true";"EAN_DUPLICATE"
"189605";"4062292202940";"Mens Club Chesterfield Sofa Couch Leder Polster 2 Sitzer Braun";"4062292202940";"true";"EAN_DUPLICATE"
"189611";"4062292202933";"Couch Grau Chesterfield Büro Sofa Emfpangs Couchen Leder Textil";"4062292546174";"true";"EAN_DUPLICATE"
"189617";"4062292203046";"Marken Möbel jvmoebel ® Chesterfield Sofa Couch Textil Stoff Garnitur Textil";"4062292203046";"true";"EAN_DUPLICATE"
"189641";"4062292203008";"Klassische Leder Couch - Blaue Chesterfield Stoff Sofa 2 Sitzer Textil";"4062292203008";"true";"EAN_DUPLICATE"
"189683";"4062292203060";"Rosa Chesterfield Sofa Couch Polster Stoff Leder Couchen Polster";"4062292203060";"true";"EAN_DUPLICATE"
"189762";"4062292202728";"jvmoebel ® - Textil Sofa Couch - Grüne Polster Zweisitzer Couch";"4062292202728";"true";"EAN_DUPLICATE"
"190050";"JVM4062292202988";"Chesterfield Sofa Couch Polster Stoff Leder Garnitur Polster Couchen Deko";"4062292202988";"true";"EAN_DUPLICATE"
"190056";"JVM4062292203008";"Chesterfield Sofa Couch Polster Stoff Leder Garnitur Polster Deko Couchen";"4062292203008";"true";"EAN_DUPLICATE"
"190068";"JVM4062292203046";"Chesterfield Sofa Couch Polster Stoff Leder Garnitur Deko Polster Couchen";"4062292203046";"true";"EAN_DUPLICATE"
"190080";"JVM4062292203060";"Chesterfield Sofa Couch Polster Stoff Leder Garnitur Couchen Polster 4 Sitzers";"4062292203060";"true";"EAN_DUPLICATE"
"190086";"JVM4062292203077";"Chesterfield Sofa Couch Polster Stoff Leder Deko Garnitur Polster Couchen";"4062292203077";"true";"EAN_DUPLICATE"
"190110";"JVM4062292202926";"Stoffsofa Leder gemütliche Sofa 4 Sitzer Grau liege Couch Chesterfield";"4062292202926";"true";"EAN_DUPLICATE"
"190122";"JVM4062292202940";"Chesterfield Sofa Deko Couch Polster Stoff Leder Garnitur Couchen Polster";"4062292202940";"true";"EAN_DUPLICATE"
"190128";"JVM4062292202957";"Chesterfield Deko Sofa Couch Polster Stoff Leder Garnitur Couchen Polster";"4062292202957";"true";"EAN_DUPLICATE"
"190183";"4062292302664";"Chesterfield Sofa Couch Polster Stoff Leder Garnitur Couchen Deko Polster";"4062292302664";"true";"EAN_DUPLICATE"
"190189";"JVM4062292202902";"Chesterfield Sofa Couch Deko Polster Stoff Leder Garnitur Couchen Polster";"4062292202902";"true";"EAN_DUPLICATE"
"190195";"JVM4062292202919";"Chesterfield Sofa Couch Polster Doppelter Ohrensessel Leder Couchen";"4062292202919";"true";"EAN_DUPLICATE"
"190201";"4062292302749";"Design Ecksofa Couch Leder Polster Sofa Eckgarnitur Kristallsteine Ecksofa";"4062292302749";"true";"EAN_DUPLICATE"
"190219";"JVM4062292202773";"Chesterfield Sofa Couch Polster Deko Stoff Leder Garnitur Couchen Polster";"4062292202773";"true";"EAN_DUPLICATE"
"190225";"JVM4062292202780";"Chesterfield Sofa Couch Polster Leder Stoff Garnitur Couchen Polster 4 Sitzers";"4062292202780";"true";"EAN_DUPLICATE"
"190231";"4062292302671";"Chesterfield Sofa Polster Stoff Leder Couchen Polster Garnitur Sessel";"4062292546181";"true";"EAN_DUPLICATE"
"190237";"4062292302688";"Chesterfield Design Polster Englisches Doppelbett Beige 140/160/180x200";"4062292302688";"true";"EAN_DUPLICATE"
"190249";"4062292302701";"Rundes Leder Bett Chesterfield Luxus Polster Rund Betten Runde Stoff Hotel";"4062292302701";"true";"EAN_DUPLICATE"
"190255";"4062292302718";"Rote Chesterfield Designer Couch Samt Velvet Sitz Polster Dreisitzer";"4062292302718";"true";"EAN_DUPLICATE"
"190327";"4062292300998";"Chesterfield 3 Sitzer Klassische Luxus Barock Rokoko Sofa Textil Leder";"4062292300998";"true";"EAN_DUPLICATE"
"190333";"JVM4062292300998";"jvmoebel ® Leder Sofa Couch - Design Polster Couch Dreisitzer Garnitur";"4062292300998";"true";"EAN_DUPLICATE"
"190585";"4062292301209";"Chesterfield 4 Sitzers Klassische Luxus Dekor Barock Rokoko Sofa Couch";"4062292301209";"true";"EAN_DUPLICATE"
"190615";"4062292301131";"Chesterfield 4 Sitzers Klassische Luxus Barock Rokoko Sofa Couch";"4062292301131";"true";"EAN_DUPLICATE"
"190633";"4062292301520";"Klassische Betten Design Bett Polster Textil 140x200cm jvmoebel ® Chesterfield";"4062292301520";"true";"EAN_DUPLICATE"
"190657";"JVM4062292301520";"Design Chesterfield Leder Bett Hotel Schlafzimmer Betten Neu Samt Polster";"4062292301520";"true";"EAN_DUPLICATE"
"191155";"JVM4062292302886";"Chesterfield Design Samt Luxus Bett Textil Betten Deko Schlafzimmer Doppel";"4062292302886";"true";"EAN_DUPLICATE"
"191161";"JVM4062292302893";"Chesterfield Luxus Hotel Doppel Polster Leder Bett Schlafzimmer Betten";"4062292302893";"true";"EAN_DUPLICATE"
"191167";"JVM4062292302909";"Luxus Chesterfield Hotel Doppel Polster Leder Bett Schlafzimmer Betten";"4062292302909";"true";"EAN_DUPLICATE"
"191173";"JVM4062292302916";"Luxus Chesterfield Hotel Polster Doppel Leder Bett Schlafzimmer Betten";"4062292302916";"true";"EAN_DUPLICATE"
"191179";"JVM4062292302930";"Klassisches Design Bett Polster Betten Chesterfield Textil 140x200cm";"4062292302930";"true";"EAN_DUPLICATE"
"191185";"JVM4062292302947";"Bett Chesterfield Polsterbett Luxus Schlafzimmer Design Textil Betten Samt";"4062292302947";"true";"EAN_DUPLICATE"
"191191";"JVM4062292302688";"Chesterfield Hotel Luxus Doppel Polster Leder Bett Schlafzimmer Betten";"4062292302688";"true";"EAN_DUPLICATE"
"191203";"JVM4062292302664";"Chesterfield Hotel Doppel Polster Luxus Leder Bett Schlafzimmer Betten";"4062292302664";"true";"EAN_DUPLICATE"
"191215";"JVM4062292302701";"Designer Bett Schlafzimmer Betten Textil Leder Samt Hotel Luxus Polster";"4062292302701";"true";"EAN_DUPLICATE"
"191221";"JVM4062292302718";"Designer Bett Schlafzimmer Betten Leder Textil Hotel Luxus Samt Polster";"4062292302718";"true";"EAN_DUPLICATE"
"191227";"JVM4062292302732";"Chesterfield Bett Schlafzimmer Betten Textil Leder Hotel Luxus Polster Samt";"4062292302732";"true";"EAN_DUPLICATE"
"191233";"JVM4062292302749";"Designer Bett Chesterfield Betten Textil Leder Hotel Luxus Polster Samt Stoff";"4062292302749";"true";"EAN_DUPLICATE"
"191245";"JVM4062292302855";"Designer Schlafzimmer Chesterfield Bett Textil Leder Polster 140/160/180/200 cm";"4062292302855";"true";"EAN_DUPLICATE"
"191251";"JVM4062292302862";"Schlafzimmer Designer Chesterfield Bett Textil Leder Polster 140/160/180/200 cm";"4062292302862";"true";"EAN_DUPLICATE"
"191257";"JVM4062292302879";"Schlafzimmer Chesterfield Designer Bett Textil Leder Polster 140/160/180/200 cm";"4062292302879";"true";"EAN_DUPLICATE"
"191278";"JVM4062292134654";"Sofa 3 Sitzer Chesterfield Couch Schlafsofa Bettfunktion Samt Kristalle SOFORT";"4062292134654";"true";"EAN_DUPLICATE|NAME_CONTAINS_SOFORT"
"191291";"JVM4260606050540";"Couchtisch Tisch Couchtische Glastisch Beistelltisch Tische Designer Neu";"4260606050540";"true";"EAN_DUPLICATE"
"191298";"JVM4062292162534";"Deko Figur Statue XXL Vase Skulptur 110x 90cm Figuren Skulpturen Kelch";"4062292162534";"true";"EAN_DUPLICATE"
"191303";"JVM4062292101892";"Klassische Standleuchte Leuchte Stehlampe Medusa Stehleuchte Lampe 158cm";"4062292101892";"true";"EAN_DUPLICATE"
"191311";"4260606058423";"Chesterfield 2 Sitzer Wohnzimmer Couch Sofa Polster Textil Stoff Garnitur SOFORT";"4260606058423";"true";"EAN_DUPLICATE|NAME_CONTAINS_SOFORT"
"191316";"4260484865359";"Chesterfield Sofagarnitur Sofa Couch 3+2+1 Polster Garnitur 100% Leder Antik Rot";"4260484865359";"true";"EAN_DUPLICATE"
"191321";"JVM4062292103612";"Barock Rokoko Extra Klasse Couchtisch Holz Tisch Beistell Couch Sofa Tische";"4062292103612";"true";"EAN_DUPLICATE"
"191323";"JVM4062292135491";"Designer Sofa 3 Sitzer Couch Edelstahl Metall Garnitur in Schwarz Leder SOFORT";"4062292135491";"true";"EAN_DUPLICATE|NAME_CONTAINS_SOFORT"
"191327";"JVM4062292005916";"Spiegel Relief Antik Stil Rahmen Klassischer Bad Flur Glas Design Bild SOFORT";"4062292005916";"true";"EAN_DUPLICATE|NAME_CONTAINS_SOFORT"
"191328";"JVM4062292005954";"Helena Troja Tafel Wandrelief Antik Relief Wand Gemälde Bild Handarbeit SOFORT";"4062292005954";"true";"NAME_CONTAINS_SOFORT"
"191331";"JVM4062292033933";"33cm Deko Skulptur Design Figur Statue Garten Figuren Statuen Skulpturen";"4062292033933";"true";"EAN_DUPLICATE"
"191332";"JVM4062292033940";"Junge Bub 31cm Figur Statue Figuren Skulptur Statuen Garten Dekoration";"4062292033940";"true";"EAN_DUPLICATE"
"191336";"JVM4062292017568";"Esstisch Esstische Tische Meeting Tisch Büro Konferenztisch 100x160 cm / 400 cm";"4062292017568";"true";"EAN_DUPLICATE"
"191337";"JVM4062292005756";"Design Lampe Tischlampe Leuchte Klassische Beleuchtung Stehleuchten Tisch Lampen XXL";"4062292490842";"true";"EAN_DUPLICATE"
"191338";"JVM4062292017964";"Luxus Design Polster Stuhl Stühle Sitz Büro Lehn Esszimmer Massiv Holz";"4062292017964";"true";"EAN_DUPLICATE"
"191339";"JAM4260606050540";"Couchtisch Tisch Couchtische Glastisch Tische Designer Weiß Kunstleder";"4260606050540";"true";"EAN_DUPLICATE"
"191345";"JQM4062292009334";"Antik Kolonial Gründer Zeit Stil Kleiderschrank Schrank Landhaus Holz 801 SOFORT";"4062292009334";"true";"NAME_CONTAINS_SOFORT"
"191347";"JVM4062292042133";"Ledertisch Couchtisch Glastisch Sofa Beistell Tisch Tische Neu Sofort lieferbar";"4062292490880";"false";"NAME_CONTAINS_SOFORT"
"191351";"JVM4062292701788";"Couchtisch Tisch Beistelltisch Wohnzimmertisch Sofatisch Hochglanz Metall SOFORT";"4062292701788";"true";"EAN_DUPLICATE|NAME_CONTAINS_SOFORT"
"191596";"4062292704529";"Couchtisch Tische Designer Beistelltisch Neu Couchtisch Tisch";"4062292704529";"true";"EAN_DUPLICATE"
"191598";"4062292704543";"Deko Bett Polster Design Luxus Doppel Hotel Betten Schlaf Zimmer Leder";"4062292704543";"true";"EAN_DUPLICATE"
"191633";"4062292704055";"Design Sofa 2 Sitzer Wohnzimmer Couch Couchen Polster Sofas Neu XXL";"4062292704055";"true";"EAN_DUPLICATE"
"191790";"4062292702495";"Design Rund Ess Zimmer Stuhl Set Tische Metall Sessel 4x Stühle + Tisch";"4062292702495";"true";"EAN_DUPLICATE"
"191801";"4062292702297";"Hotelbett Luxus Design Betten Polster Deko Metall Leder Schlafzimmer XXL";"4062292702297";"true";"EAN_DUPLICATE"
"191853";"4062292701801";"Designer Doppelbett Bett Hotel Luxus Schlafzimmer 180x200cm Leder Metall";"4062292701801";"true";"EAN_DUPLICATE"
"191871";"4062292701788";"Couchtisch Tisch Beistelltisch Wohnzimmertisch Sofatisch Hochglanz";"4062292701788";"true";"EAN_DUPLICATE"
"191890";"JVM4062292202728";"Britische Dreisitzer Couch - Luxus Leder Möbel - Wohnzimmer Sofa Dreisitzer";"4062292202728";"true";"EAN_DUPLICATE"
"191936";"JVM4062292301209";"Chesterfield 5 Sitzers Klassische Luxus Barock Rokoko Sofa Couch Textil";"4062292301209";"true";"EAN_DUPLICATE"
"191966";"4062292302732";"Natur Sofa Leder Holz Bank Sitz Polster Couch Dreisitzer Echte Handarbeit 3er";"4062292302732";"true";"EAN_DUPLICATE"
"192016";"4062292302282";"Chesterfield Designer Bett Schlafzimmer Textil Leder Polster Samt 160x200";"4062292302282";"true";"EAN_DUPLICATE"
"192085";"4062292198991";"Garten Gnom Garten Dekoration Figuren Figur Hand bemalt Neu 75 cm";"4062292198991";"true";"EAN_DUPLICATE"
"192121";"4062292191114";"Stier Dekorative Statue Garten Figuren Statuen 110 cm Lebensgroß Figur";"4062292191114";"true";"EAN_DUPLICATE"
"192463";"4062292163586";"Deko Figur Statue Skulptur 50 cm Figuren Statuen Skulpturen Charlie";"4062292163586";"true";"EAN_DUPLICATE"
"192568";"4062292219535";"Chesterfield Bett Luxus Schlafzimmer Hotel Polster Betten mit Knöpfen";"4062292219535";"true";"EAN_DUPLICATE"
"192569";"4062292219542";"Doppelbett Betten Textil Designer Ehe Modernes Bett Schlafzimmer Polster";"4062292219542";"true";"EAN_DUPLICATE"
"192570";"4062292219559";"Schwarz Chesterfield 3 Sitzer Klassische Luxus Sofa Leder Couch Stil";"4062292219559";"true";"EAN_DUPLICATE"
"192701";"4062292700705";"Sofa 4 Sitzer XXL Couch Sitz Polster Sofas Couchen Wohnzimmer Design Big";"4062292075506";"true";"EAN_DUPLICATE"
"192702";"4062292700712";"Designer Sofa 3 Sitzer Chesterfield Couch Polster Sofas Designsofa Sitz";"4062292700712";"true";"EAN_DUPLICATE"
"192742";"4062292203411";"Designer LED Bar Ablagen Wasser Wand Bar Theke Regal Möbel";"4062292203411";"true";"EAN_DUPLICATE"
"192743";"4062292203558";"Wasser Wand Säule Water Wall Regal Bar Regal Schrank Möbel LED";"4062292203558";"true";"EAN_DUPLICATE"
"192749";"4062292076336";"Designer Metall Edelstahl Couch Kunstmarmor Tisch + Beistell Tische Sofa Neu 2 tlg.";"4062292076336";"true";"EAN_DUPLICATE"
"192761";"4062292076114";"Chesterfield Zwei Sitzer 2 Sitz Couch Sitz Sofa Couchen Design Italien Polster";"4062292076114";"true";"EAN_DUPLICATE"
"192783";"JVM4062292075438";"Eck Sofa Polster Couch Designer Sitz Wohn Landschaft Leder Couchen";"4062292075438";"true";"EAN_DUPLICATE"
"193365";"4062292216732";"Modern Sofagarnitur 3+2+1 Sitzer Set Design Sofa Polster Couchen Couch";"4062292216732";"true";"EAN_DUPLICATE"
"193496";"4062292216756";"Sofagarnitur Ledersofa Couch Garnituren Design Modern Sofa 3+1+1 Sitzer";"4062292216756";"true";"EAN_DUPLICATE"
"195834";"4062292215544";"Design Ecksofa Leder Sofa Couch Polster Eck Wohnlandschaft Sitz Garnitur";"4062292215544";"true";"EAN_DUPLICATE"
"195843";"4062292719912";"Luxus Leder Design Polster Betten Doppel Modernes Bett Deko Ehe Exclusiv";"4062292719912";"true";"EAN_DUPLICATE"
"195857";"4062292719721";"Ecksofa L-Form Design Sofa Ecksofa Couch Leder Polster Textil Sofas";"4062292719721";"true";"EAN_DUPLICATE"
"203218";"4062292718496";"Sofa Sitzlandschaft Couchgarnituren Polster Sitz Couchen Sofas L Form Set";"4062292718496";"true";"EAN_DUPLICATE"
"203226";"4062292718595";"Relax Sofagarnitur 3+2+1 Sitzer Set Design Sofas Polster Couchen Leder";"4062292718595";"true";"EAN_DUPLICATE"
"203254";"4062292717819";"Design Glastisch Leder Couch Tisch Tische Glas Deko Sofa Wohnzimmertisch";"4062292717819";"true";"EAN_DUPLICATE"
"206854";"4062292717871";"Couchtisch Tisch Couchtische Glastisch Tische Designer Beistelltisch";"4062292717871";"true";"EAN_DUPLICATE"
"206862";"4062292717956";"Klassischer Luxus Designer Couchtisch Dekor Sofa Wohnzimmer Tisch Leder";"4062292717956";"true";"EAN_DUPLICATE"
"206864";"4062292717970";"Design Glastisch Deko Leder Couch Tisch Tische Glas Sofa Wohnzimmertisch";"4062292717970";"true";"EAN_DUPLICATE"
"206889";"4062292717703";"Bett Polster Design Luxus Doppel Hotel Betten Ehe 180x200cm Deko Schlaf";"4062292717703";"true";"EAN_DUPLICATE"
"206896";"4062292717581";"Designer Bett Chesterfield Leder Hotel Betten Doppel Luxus Schlaf Zimmer";"4062292717581";"true";"EAN_DUPLICATE"
"206898";"4062292717604";"Design Doppelbett Lederbett Betten Bett Polster Leder Schlafzimmer Ehe";"4062292717604";"true";"EAN_DUPLICATE"
"206905";"4062292717673";"Lederbett Polsterbett Bett Betten Leder Leder Polster Ehe mit Belechtung";"4062292717673";"true";"EAN_DUPLICATE"
"206911";"4062292717475";"Luxus Funktions Bett mit Tresor Laptop Ablage Doppel Ehe Betten xxl Hotel";"4062292717475";"true";"EAN_DUPLICATE"
"208216";"4260454040380";"Chesterfield Sofa Couch Polster 3 Sitz Klassische Couchen Garnitur Neu";"4260454040380";"true";"EAN_DUPLICATE"
"208222";"4260454045750";"Chesterfield Ohrensessel Polster Fernseh Queen Sessel Antik Look Couch";"4260454045750";"true";"EAN_DUPLICATE"
"210405";"4062292024528";"Design Eisdiele Eis Figur Statue Skulptur Figuren Skulpturen Deko 5648";"4062292024528";"true";"EAN_DUPLICATE"
"210411";"JVM4062292024528";"Design Eisdiele Eis Figur Statue Skulptur Skulpturen Figuren Deko Massiv";"4062292024528";"true";"EAN_DUPLICATE"
"210439";"4062292004698";"Design Ägypten Skulptur Tutanchamun Figur Skulpturen Figuren Dekoration";"4062292004698";"true";"EAN_DUPLICATE"
"210489";"4062292252839";"Wohnlandschaft Multifunktion Couch Ecksofa U Form Bettfunktion Schlaf";"4062292252839";"true";"EAN_DUPLICATE"
"210628";"4062292251191";"Neu 3 Sitzer Couch Polster Sofa Textil Stoff Chesterfield Couchen Dreisitzer Neu";"4062292251191";"true";"EAN_DUPLICATE"
"210717";"4062292729430";"Stoff L-Form Couch Wohnlandschaft Ecksofa Garnitur Modern Design Sofa";"4062292729430";"true";"EAN_DUPLICATE"
"210773";"4062292728839";"Design Sessel Leder Luxus Fernseh Relax Couch 1 Sitzer Sofa Lounge Club";"4062292728839";"true";"EAN_DUPLICATE"
"211101";"4062292134654";"Sofa 3 Sitzer Chesterfield Couch Schlafsofa Bettfunktion Couchen Sofas Stoff Neu";"4062292134654";"true";"EAN_DUPLICATE"
"211123";"JVM4062292139703";"Sofa Leder Polster Sitz Garnitur 3+2+1 Design Couch Garnituren Sofas";"4062292139703";"true";"EAN_DUPLICATE"
"211171";"4062292213786";"Ledertisch Couchtisch Glastisch Sofa Beistell Tisch Tische Couchtische";"4062292213786";"true";"EAN_DUPLICATE"
"211174";"4062292213946";"Ledertisch Couchtisch Glastisch Sofa Beistell Moderner Tisch Gepolsterte";"4062292213946";"true";"EAN_DUPLICATE"
"211186";"4062292213700";"Designer Unterschrank Kommode Side Low Board Schrank Wohn Zimmer";"4062292213700";"true";"EAN_DUPLICATE"
"211190";"4062292213830";"Couchtisch Kaffeetisch Glas Design Beistelltische Tisch Tische Wohnzimmer";"4062292284304";"true";"EAN_DUPLICATE"
"211191";"4062292213854";"Edler Luxus Couchtische Glas Design Couch Tisch Sofa Beistell Leder Tische";"4062292213854";"true";"EAN_DUPLICATE"
"211206";"4062292214431";"Luxus Möbel Sofagarnitur Couch Sofa Polster 3+2 Ledersofa Couch Set Garnitur";"4062292214431";"true";"EAN_DUPLICATE"
"211231";"4062292216251";"Sofa Sofagarnitur 3+1+1 Sitzer Set Design Polster Couchen Couch Modern";"4062292216251";"true";"EAN_DUPLICATE"
"211236";"4062292215537";"Couch Ecksofa Leder Wohnlandschaft Garnitur Design Modern Sofa L-Form";"4062292215537";"true";"EAN_DUPLICATE"
"216583";"4062292222139";"Design Nacht Konsole Tisch Kommode Tische Schrank Konsolen Schlafzimmer";"4062292222139";"true";"EAN_DUPLICATE"
"216591";"4062292221835";"Luxus 1x Stuhl Esszimmerstuhl Küchenstühle Polsterstuhl Wohnzimmerstuhl";"4062292221835";"true";"EAN_DUPLICATE"
"216607";"4062292161711";"Deko Figur Statue Skulptur 70 cm Figuren Statuen Dekorative Skulpturen Neu";"4062292161711";"true";"EAN_DUPLICATE"
"216621";"4062292223044";"Klassischer Luxus Couchtisch Sofa Wohnzimmer Designer Tisch Neu Beistell";"4062292223044";"true";"EAN_DUPLICATE"
"216624";"4062292221552";"Italienische Stil Wohnzimmer Möbel Couchtisch Beistelltisch Holz Tische";"4062292221552";"true";"EAN_DUPLICATE"
"216686";"4062292221392";"Boxspringbett Design Polsterbett Bett Betten Hotel Hotelbett Italienische";"4062292221392";"true";"EAN_DUPLICATE"
"216698";"4062292223105";"Hochwertige Vitrine Vitrinen Luxus Schrank Holz Italienische Stil Möbel Glas";"4062292223105";"true";"EAN_DUPLICATE"
"216712";"4062292222573";"Chesterfield Bett Lederbett Polsterbett Schlafzimmer Ehebett Betten 180x200cm";"4062292222573";"true";"EAN_DUPLICATE"
"216725";"4062292222078";"Klassische Schlafzimmer Set Bett 2x Nachttisch Kommode 3tlg. Set Betten";"4062292222078";"true";"EAN_DUPLICATE"
"216730";"4062292222856";"Designer Kommode Anrichte Sideboard Schrank Wohn Zimmer Regale";"4062292222856";"true";"EAN_DUPLICATE"
"216742";"4062292223051";"Esstisch Tisch Esszimmer Wohnzimmer Holz Design Tische Italienische";"4062292223013";"true";"EAN_DUPLICATE"
"216744";"4062292221828";"Design Esstisch Esszimmer Wohnzimmer Holz Hochglanz Tische Italienische";"4062292221828";"true";"EAN_DUPLICATE"
"216746";"4062292221804";"RTV TV- Schrank Tisch Wohnzimmer Kommode Lowboard Dekor Sideboard Holz";"4062292221804";"true";"EAN_DUPLICATE"
"216791";"4062292223013";"Spiegel Anrichte Esstisch Vitrine Polster Garnitur Küchen Wohnzimmer";"4062292223013";"true";"EAN_DUPLICATE"
"216816";"4062292724961";"Chefsessel Sessel Klassischer Stuhl Büro Drehstuhl Leder Holz Barock";"4062292724961";"true";"EAN_DUPLICATE"
"216822";"4062292722875";"Tisch Beistelltisch Couchtisch Wohnzimmertisch Holz Tische Sofa Beistell";"4062292722875";"true";"EAN_DUPLICATE"
"216838";"4062292724558";"Polsterstuhl Luxus Sessel Stuhl Stühle Deko Wohnzimmer Esszimmer Lehnstuhl";"4062292724558";"true";"EAN_DUPLICATE"
"216839";"4062292724350";"Klassischer Tisch Couchtisch Barock Beistelltisch Sofa Design Wohnzimmer";"4062292724350";"true";"EAN_DUPLICATE"
"216844";"4062292723872";"Klassischer Tisch Couchtisch Sofa Beistelltisch Design Wohnzimmer Barock";"4062292723872";"true";"EAN_DUPLICATE"
"216848";"4062292722868";"Edler Design Couchtisch Beistelltisch Sofa Deko Wohnzimmer Tisch Barock";"4062292722868";"true";"EAN_DUPLICATE"
"216853";"4062292724985";"Couchtisch Kaffeetisch Beistelltisch Design Tisch Wohnzimmer Tische";"4062292724985";"true";"EAN_DUPLICATE"
"216855";"4062292725470";"Designer Klassischer Couchtisch Sofa Wohnzimmer Tisch Edle Tische";"4062292725470";"true";"EAN_DUPLICATE"
"216875";"4062292723957";"Fußhocker Club Lounge Hocker Leder Textil Ottoman Designer Pufa Ottomane";"4062292723957";"true";"EAN_DUPLICATE"
"216897";"4062292726194";"Luxus Couchtisch Echtes Deko Holz Tische Beistell Sofa Tisch Wohnzimmer";"4062292726194";"true";"EAN_DUPLICATE"
"216905";"4062292724022";"Barock Runder Esstisch Rund Klassischer Tisch Runde Rund Tische Holz";"4062292724022";"true";"EAN_DUPLICATE"
"216928";"4062292721687";"Tisch Couchtisch Beistelltisch Wohnzimmertisch Tische Sofa Beistell Holz";"4062292721687";"true";"EAN_DUPLICATE"
"216932";"4062292725173";"Königlicher Esstisch Tisch Holz Tische Klassische Barock Rokoko Esszimmer";"4062292725173";"true";"EAN_DUPLICATE"
"216980";"4062292161292";"malaysia Deko Figur Statue Skulptur 108 cm Figuren Statuen Skulpturen";"4062292161292";"true";"EAN_DUPLICATE"
"216994";"4062292726163";"Rundes Samt Bett Chesterfield Luxus Polster Rund Betten Stoff Textil Hotel";"4062292726163";"true";"EAN_DUPLICATE"
"217009";"4062292724565";"Set 4x Stuhl Echtes Holz Polster Sitz Esszimmer Garnitur Esszimmer Stühle";"4062292724565";"true";"EAN_DUPLICATE"
"217258";"4062292726033";"Sofagarnitur Klassisch 321 Sitz Sofa Polster Gruppe Wohnlandschaft Couch";"4062292726033";"true";"EAN_DUPLICATE"
"217300";"4062292723483";"Chesterfield Sofagarnitur 3+2 Sitzer Set Design Sofa Polster Couchen Couch";"4062292723483";"true";"EAN_DUPLICATE"
"220162";"4062292142161";"Design Ecksofa Couch Multifunktion Wohnlandschaft Textil Polster Sofas";"4067282202078";"true";"EAN_DUPLICATE"
"220163";"4062292142178";"Ecksofa U-form Schlaffunktion Wohnlandschaft Sofa Couch Sofas Couchen";"4067282202269";"true";"EAN_DUPLICATE"
"220170";"4062292142246";"Ecksofa U-form Eckcouch mit Schlaffunktion Ecksofa Wohnlandschaft Sofa";"4067282202252";"true";"EAN_DUPLICATE"
"220173";"4062292142277";"Ecksofa L-form Grau Ecksofa Eckcouch mit Bettkasten Sofa Wohnlandschaft";"4067282202276";"true";"EAN_DUPLICATE"
"220181";"4062292141881";"Sofa Ecksofa L-form Schlafgarnitur Ecksofa Eckcouch Bettkasten Wohnlandschaft";"4067282202313";"true";"EAN_DUPLICATE"
"220182";"4062292141898";"Ecksofa L-form Schlafgarnitur Ecksofa Eckcouch Bettkasten Sofa Wohnlandschaft";"4067282202306";"true";"EAN_DUPLICATE"
"220198";"4062292142055";"Ecksofa U-form Eckcouch Schlaffunktion Wohnlandschaft Sofa Couch Sofas";"4067282202344";"true";"EAN_DUPLICATE"
"220220";"4062292261558";"Luxus Schaufenster Vitrine Vitrinen Glas Schrank Antik Stil Barock Rokoko";"4062292261558";"true";"EAN_DUPLICATE"
"220258";"4062292261121";"Sofagarnitur 321 Sitzer Sofa Couch Leder Garnitur Polster Set Holz Barock";"4062292261121";"true";"EAN_DUPLICATE"
"220290";"4062292722912";"Sessel Club Lounge Designer Lehn Sofa Stuhl 1 Sitzer Fernseh Neu Polster";"4062292722912";"true";"EAN_DUPLICATE"
"220293";"4062292725555";"Holztisch Couchtische aus Holz massive wohnzimmer möbel 135x90cm";"4062292725555";"true";"EAN_DUPLICATE"
"220298";"4062292260735";"Klassischer 3 Sitzer Couch Sofa Couch Polster Sofas Couchen Barock";"4062292260735";"true";"EAN_DUPLICATE"
"220300";"JVM4062292260742";"Klassisches Bett Barock Chesterfield Hotel Rokoko Stil Doppel Leder Antik";"4062292260759";"true";"EAN_DUPLICATE"
"220356";"4062292204050";"Moderne Trennwand Wasser Wände Dekorative LED Wasserwand Beleuchtete Wand";"4062292204050";"true";"EAN_DUPLICATE"
"220364";"4062292204135";"Trennwand Regal Schrank Dekorative Wasserwand Säule Wände Waterwall LED";"4062292204135";"true";"EAN_DUPLICATE"
"220366";"4062292203756";"Trennwand Regal Schrank Wasserwand Säule Wände Waterwall LED";"4062292203756";"true";"EAN_DUPLICATE"
"220391";"4062292203787";"Wandpaneel LED Wasserwand Wasser Wände Wasser Blasen Dekorative Modern Wand";"4062292203787";"true";"EAN_DUPLICATE"
"220407";"4062292203466";"Design Tisch Couchtisch Wasser Säulen Säule Water Sofa Tische LED";"4062292203466";"true";"EAN_DUPLICATE"
"220417";"4062292203367";"Led Wasser Wand Bar Regal Säule Wassersäulen Theke Regale Designer";"4062292203367";"true";"EAN_DUPLICATE"
"220481";"4062292720499";"Doppelbett Bett Ehebett Design Luxus Betten Deko Barock Rokoko Antik Stil";"4062292720499";"true";"EAN_DUPLICATE"
"220502";"4062292720307";"Klassischer Couchtisch Holztisch Beistelltisch Tische Wohnzimmer Holz";"4062292720307";"true";"EAN_DUPLICATE"
"220508";"4062292720369";"Schminktisch Spiegel Hocker Deko Komplett Set Kommode Schlafzimmer Neu";"4062292720369";"true";"EAN_DUPLICATE"
"220595";"4062292207150";"Spielplatz Geräte Kinderkarussell Drehplatte Karussell Ringelreiten Made in EU";"4062292207150";"true";"EAN_DUPLICATE"
"220601";"4062292207235";"Drehbarer Kinder Karussell Spielplatzgeräte Karusselle Kinderkarussell";"4062292207235";"true";"EAN_DUPLICATE"
"220612";"4062292218125";"Konferenztisch Bürotisch Konferenzmöbel Besprechungstisch Tisch Meeting";"4062292218125";"true";"EAN_DUPLICATE"
"220640";"4062292217845";"Konferenztisch Büro Chef Zimmer Möbel Design Schreibtische Praxis";"4062292217845";"true";"EAN_DUPLICATE"
"220679";"4062292217326";"Wandschrank Schrank Büro Schränke Einrichtung Office Bücher Akten";"4062292217326";"true";"EAN_DUPLICATE"
"220691";"4062292217135";"Bürotisch Arbeitstisch Firma Möbel Schreibtisch Eckschreibtisch Computertisch";"4062292217135";"true";"EAN_DUPLICATE"
"220702";"4062292774041";"Couchtisch River Tisch Echtes Holz Flusstisch 120x90 Massive Tische";"4062292774041";"true";"EAN_DUPLICATE"
"220746";"JVM4062292773464";"Couchtisch River Tisch Epoxidharz Massiv Tische 120x70 Flusstisch";"4062292284298";"true";"EAN_DUPLICATE"
"220774";"4062292227639";"Luxus Schlafzimmer Bett Polster Design Leder Doppel Hotel Betten Textil";"4062292227639";"true";"EAN_DUPLICATE"
"220775";"4062292227646";"Multifunktion Bett Doppelbetten Modernes Bettgestell Betten 180x200cm";"4062292227646";"true";"EAN_DUPLICATE"
"220783";"4062292227325";"Sofagarnitur Polster 321 Sitzer Set Design Sofas Couchen Leder Modern";"4062292227325";"true";"EAN_DUPLICATE"
"224308";"4062292214608";"Ledersofa Sofa Couch Sofagarnitur Sitzer Garnitur Design Moderne Sofas";"4062292214608";"true";"EAN_DUPLICATE"
"224310";"4062292214622";"Sofagarnitur Chesterfield Möbel Sofa Sitzer Set Sofa Polster Couch Leder";"4062292214622";"true";"EAN_DUPLICATE"
"224311";"4062292733833";"Couchen Sofas Polster Leder 32 Sitzer Sofagarnitur Set Designer Garnituren";"4062292733833";"true";"EAN_DUPLICATE"
"224357";"4062292214318";"Ledersofa Ecksofa Couch Chesterfield Polster Eckgarnitur Sofa Couchen";"4062292214318";"true";"EAN_DUPLICATE"
"224384";"4062292213670";"Multifunktion Bett Design Polster Doppelbett Betten Chesterfield Luxus";"4062292213670";"true";"EAN_DUPLICATE"
"224396";"4062292213434";"Bett Betten Polster Doppel Ehe Hotel Luxus Leder Moderne Designer";"4062292213434";"true";"EAN_DUPLICATE"
"224399";"4062292213472";"Designer Bett Ehebett Doppelbett Polsterbett Schlafzimmer Lederbett Neu";"4062292213472";"true";"EAN_DUPLICATE"
"224400";"4062292213489";"Designer Ehebett Polsterbett Doppelbett Bett Schlafzimmer Lederbett Neu";"4062292213489";"true";"EAN_DUPLICATE"
"224403";"4062292213526";"Boxspringbett Designer Polsterbett Bett Betten Hotel Chesterfield Hotelbett";"4062292213526";"true";"EAN_DUPLICATE"
"226440";"4062292261756";"Schreibtisch Eckschreibtisch Computertisch Arbeitstisch Bürotisch Firma";"4062292261756";"true";"EAN_DUPLICATE"
"232199";"4062292261770";"Büro Akten Regal Schrank Holz Regale Schränke Office Wohnzimmer";"4062292261770";"true";"EAN_DUPLICATE"
"233962";"4062292303036";"Chesterfield 3 Sitzer Sofa Ledersofa Couch Polster Garnitur Sitz 3er Sofas Neu";"4062292303036";"true";"EAN_DUPLICATE"
"233980";"4260606053961";"Chesterfield Couch Polster Sofas Leder Schaffhau 3 + 1 Sitzer +Ohrensessel";"4260606053961";"true";"EAN_DUPLICATE"
"233997";"4260439210340";"Klassische Kommode Vitrine Sideboard Kommoden Kommodenschrank Bar";"4260439210340";"true";"EAN_DUPLICATE"
"234063";"4062292314643";"Chesterfield Sofa Zweisitzer Klassische Sofas Couch Ledersofa Couchen";"4062292314643";"true";"EAN_DUPLICATE"
"234064";"4062292314650";"Klassische Polster Möbel Chesterfield Braun Couch Textil Leder Stoff Sofa";"4062292314650";"true";"EAN_DUPLICATE"
"234120";"4062292314285";"Sofa 4 Sitzer Couch design Polster Chesterfield Sitz Garnitur Textil Leder Neu";"4062292314285";"true";"EAN_DUPLICATE"
"234121";"4062292314292";"Design Chesterfield Couch Stoff Sessel 1.5 Sitzer Polster Sofas Lounge Club";"4062292314292";"true";"EAN_DUPLICATE"
"234137";"4062292314155";"Design Chesterfield Sessel 1 Sitzer Couch Polster Klassische Luxus Textil Sofas";"4062292314155";"true";"EAN_DUPLICATE"
"234157";"4062292313738";"Braune Chesterfield Couch Leder 4 Sitzer xxl Big Sofa Couchen Big Neu Polster";"4062292313738";"true";"EAN_DUPLICATE"
"234228";"402916678661";"Sessel Fernseh Sitz Club Lounge Textil Leder Edler Design Chesterfield Polster";"402916678661";"true";"EAN_NOT_13_DIGITS"
"234235";"4062292313240";"Sofa Vier Sitzer Couch Chesterfield Polster Sitz Garnitur Leder Textil Grau Neu";"4062292312168";"true";"EAN_DUPLICATE"
"234241";"4062292312977";"Design Chesterfield Sofa 2 Sitzer Couch Polster Leder Sofas Wohnzimmer Leder";"4062292312977";"true";"EAN_DUPLICATE"
"234269";"4062292312625";"xxl big sofa Chesterfield Sofa 4 Sitzer Couch Polster Luxus Klassische Textil";"4062292312625";"true";"EAN_DUPLICATE"
"234315";"4062292312168";"Design Chesterfield Sofa 3-Sitzer Grau Couch Polster Leder Sofas Wohnzimmer Neu";"4062292312168";"true";"EAN_DUPLICATE"
"234325";"4062292312267";"Chesterfield Design Luxus Polster Sofa Couch Sitz Garnitur Leder Textil Braun";"4062292312267";"true";"EAN_DUPLICATE"
"234355";"4062292311765";"Wohnzimmer Chesterfield Sofa Couch Design Textil Couchen Sofas Dreisitzer";"4062292311765";"true";"EAN_DUPLICATE"
"234390";"4062292311253";"Chesterfield Original Sofa JVMoebel Couch Textil Sofas Couchen Stoff";"4062292311253";"true";"EAN_DUPLICATE"
"234421";"4062292311079";"Sofa Design 2 Sitzer Sofa Garnitur Couch Ledersofa Couch Polster";"4062292311079";"true";"EAN_DUPLICATE"
"234549";"4062292727375";"Kommode Schrank Designer Kommoden Schränke Anrichte Wohnzimmer";"4062292727375";"true";"EAN_DUPLICATE"
"234550";"4062292727382";"Luxus Kommode Schrank Dekorative Sideboard Kommoden Schränke Stil Möbel";"4062292727375";"true";"EAN_DUPLICATE"
"234593";"4062292727078";"Vitrine Kommode Schrank Vitrinen Wohnzimmer Schau Schränke Design";"4062292727078";"true";"EAN_DUPLICATE"
"234670";"4062292203831";"Design Tisch Couchtisch Wasser Säulen Säule Dekor Water Sofa Tische LED";"4062292203831";"true";"EAN_DUPLICATE"
"234672";"4062292182846";"Set Modern Wohnwand Vitrinen RTV Schrank Wohnzimmer Barock Stil";"4062292182846";"true";"EAN_DUPLICATE"
"234687";"4062292182648";"Designer Polsterbett Bett Betten Stoff Holz Luxus Ehebett 180x200cm";"4062292182846";"true";"EAN_DUPLICATE"
"234774";"4062292262326";"Eckschreibtisch Arbeits Schreib Büro Tisch Designer Luxus Klasse Möbel";"4062292262326";"true";"EAN_DUPLICATE"
"234786";"4062292262456";"Design Büro Möbel Einrichtung Schreibtisch Eck Tisch Boss Leder Holz";"4062292262456";"true";"EAN_DUPLICATE"
"234790";"4062292262067";"Moderner xxl Büro Konferenztisch Tische Esszimmer Besprechungs Tisch";"4062292262067";"true";"EAN_DUPLICATE"
"234795";"4062292262111";"Aktenschrank Regal Schrank Büro Einrichtung Arbeitszimmer Büroschrank";"4062292262456";"true";"EAN_DUPLICATE"
"234819";"4062292261855";"Stuhl Bürostuhl Schreibtisch Drehstuhl Sessel Stühle Chefsessel Büro";"4062292261855";"true";"EAN_DUPLICATE"
"234837";"4062292778445";"Italienische Möbel Wohnzimmer Ecksofa Couch Polster Luxus Sofa Eckgarnitur";"4062292778445";"true";"EAN_DUPLICATE"
"234892";"4062292777363";"WohnlandschaftSofa Garnitur Eckgarnitur Ledersofa Ecksofa Polster Polster";"4062292777363";"true";"EAN_DUPLICATE"
"234932";"4062292776960";"wohnzimmer Leder xxl couch sofa polster landschaft moderne designer";"4062292776960";"true";"EAN_DUPLICATE"
"245429";"4062292217159";"Eckschreibtisch Büro Einrichtung Chef Zimmer Möbel Design Schreibtische";"4062292217159";"true";"EAN_DUPLICATE"
"245542";"4062292323805";"Matratze Exklusive Matratzen mit Visco Kern 7 Zonen Luxus Schlafzimmer";"4062292323805";"true";"EAN_DUPLICATE"
"245546";"4062292323843";"Hochwertige Matratze Matratzen 7 Zonen Matratze Bett Visco Schaumstoff";"4062292323843";"true";"EAN_DUPLICATE"
"245660";"4062292179280";"Badmöbel Waschbecken Antik Stil Becken mit Unterschrank Landhaus";"4062292179280";"true";"EAN_DUPLICATE"
"245690";"4062292179273";"Brauner Waschtisch Unterschrank Hochwertige Waschbecken";"4062292179273";"true";"EAN_DUPLICATE"
"245710";"4062292178818";"Spiegelschrank Wandschrank Badezimmerschrank mit Deko Spiegel 80 cm LED";"4062292178818";"true";"EAN_DUPLICATE"
"245787";"4062292177934";"Hochschrank Badezimmer Regal Badschrank Badmöbel Regale Bad";"4062292177934";"true";"EAN_DUPLICATE"
"245822";"4062292177668";"Design Badezimmer Möbel Bad 3 tlg. Set Garnitur Schrank Waschbecken";"4062292177668";"true";"EAN_DUPLICATE"
"245843";"4062292177477";"Design Waschbecken 57cm Badezimmer Waschtisch Bad Becken";"4062292177477";"true";"EAN_DUPLICATE"
"245870";"4062292260520";"Chesterfield Ecksofa L-Form Design Couch Polster Sitz Sofa Eck Sofort Lieferbar";"4062292260520";"false";"NAME_CONTAINS_SOFORT"
"245872";"4062292261725";"Ecksofa L Form Couch Wohnlandschaft Garnitur Design Modern Sofa Stoff Sofort";"4062292261725";"false";"NAME_CONTAINS_SOFORT"
"245875";"4062292261633";"Sofa Sofagarnitur 2x 3 Sitzer Set Design Polster Couchen Modern Garnitur Sofort";"4062292261633";"false";"NAME_CONTAINS_SOFORT"
"245878";"4062292252389";"Designer Sofa 3 Sitzer Chesterfield Couch Polster Sofas Designsofa Neu Sofort";"4062292252389";"true";"NAME_CONTAINS_SOFORT"
"245887";"4260454045224";"Sofagarnitur 2 Sitzer Sofa Couch Polster Leder Garnitur Neu Sofort lieferbar";"4260454045224";"true";"NAME_CONTAINS_SOFORT"
"245893";"4062292261718";"Sofa Stoff L Form Couch Wohnlandschaft Ecksofa Garnitur Modern Couchen Sofort";"4062292261718";"false";"NAME_CONTAINS_SOFORT"
"245901";"4062292261657";"Chesterfield Sofagarnitur 3 2 Sitzer Set Garnitur Polstersofa Couch Sofort Leder";"4062292261657";"true";"NAME_CONTAINS_SOFORT"
"245908";"4062292252310";"Designer Sofa Ecksofa Leder Textil Polster Garnitur Wohnlandschaft L Form Sofort";"4062292252310";"true";"NAME_CONTAINS_SOFORT"
"245912";"4062292260551";"Sofa 2 Sitzer Chesterfield Couch Polster Samt Stoff Zweisitzer Sofort Lieferbar";"4062292260551";"true";"NAME_CONTAINS_SOFORT"
"245917";"4062292220890";"Sofa 4 Sitzer Couch Chesterfield Grüne Design Couch Textil Sofort lieferbar";"4062292220890";"true";"NAME_CONTAINS_SOFORT"
"245923";"4062292272349";"Klassische Vitrine Kommoden Vitrinen Vitrinenschrank Schrank Glasschrank Sofort";"4062292272349";"false";"NAME_CONTAINS_SOFORT"
"245929";"4062292260483";"Design Komplett Stuhl 6x Set Barhocker Hocker Garnitur Stühle Sofort Lieferbar";"4062292260483";"true";"EAN_DUPLICATE|NAME_CONTAINS_SOFORT"
"245930";"4062292014659";"Fußhocker Hocker Lederhocker Leder Polster Ottomane Beistell Sofort lieferbar";"4062292014659";"true";"NAME_CONTAINS_SOFORT"
"245936";"4062292260377";"Hocker Sofa Pouf Polster Beistellhocker Fußhocker Ottomane Möbelhocker Sofort";"4062292260377";"true";"NAME_CONTAINS_SOFORT"
"245937";"4062292252143";"Neu 2x Fußhocker Hocker Stoffhocker Polster Ottomane Beistell Club Sofa Sofort";"4062292252143";"true";"NAME_CONTAINS_SOFORT"
"245939";"4260454040908";"Fußhocker Hocker Lederhocker Polster Ottomane Beistell Leder Sofort lieferbar";"4260454040908";"true";"NAME_CONTAINS_SOFORT"
"245943";"4062292274008";"Eckcouch Eckgarnitur L Form Sofa Ecksofa Garnitur Polster Wohnlandschaft Sofort";"4062292274008";"true";"NAME_CONTAINS_SOFORT"
"245946";"4062292260230";"Weicher Liegestuhl mit weicher Polsterung für maximalen Komfort, leicht und praktisch Sofort";"4062292260230";"true";"NAME_CONTAINS_SOFORT"
"245948";"4062292260063";"Chesterfield Stuhl Set Echtleder Polster Garnitur Sessel Gruppe 8x Stühle Sofort";"4062292260063";"true";"NAME_CONTAINS_SOFORT"
"245951";"4062292252358";"Fußhocker Hocker Polsterhocker Sitzhocker Ottomane Chesterfield Neu Sofort";"4062292252358";"true";"NAME_CONTAINS_SOFORT"
"245962";"4062292202667";"Chesterfield Hocker Stoff Design Couch Echtleder Modern Cognac 40x40 cm SOFORT";"4062292202667";"true";"NAME_CONTAINS_SOFORT"
"245964";"4062292252617";"Design Lampe Tischlampe Leuchte Klassische Beleuchtung Tisch Lampen 120cm Sofort";"4062292252617";"false";"NAME_CONTAINS_SOFORT"
"245974";"4062292252495";"Klassischer Tisch Couchtisch Beistelltisch Sofa Design Wohnzimmer Holz Sofort";"4062292252495";"true";"NAME_CONTAINS_SOFORT"
"245975";"4062292346095";"Chesterfield Luxus Designer Bett mit Kristallsteinen 200x200cm Betten Sofort";"4062292346095";"true";"NAME_CONTAINS_SOFORT"
"245976";"4062292252365";"Designer Couchtisch Beistelltisch Sofa Wohnzimmer Tisch Designer Tische Sofort";"4062292252365";"false";"NAME_CONTAINS_SOFORT"
"245985";"4062292260070";"Luxus Sessel Set 8x Stuhl Gruppe Sitz Lehn Stühle Garnitur Holz Massiv sofort";"4062292260070";"true";"NAME_CONTAINS_SOFORT"
"245992";"4062292272233";"Designer Kommode Side Anrichte Low Board Schrank Wohn Zimmer Regal Luxus Sofort";"4062292272233";"true";"NAME_CONTAINS_SOFORT"
"246005";"4062292346071";"Bett Schrankbett Bettschrank Schrank Betten Kommoden Ausklappbares Bett SOFORT";"4062292346071";"true";"NAME_CONTAINS_SOFORT"
"246010";"4062292260612";"Büffelschädel Büffelkopf Wanddeko Geweih Hörner Skelett Indianer Gold Neu Sofort";"4062292260612";"true";"NAME_CONTAINS_SOFORT"
"246014";"4062292252426";"Adam Römische Skulptur Designer Statue Figuren Statuen Skulpturen Neu Sofort";"4062292252426";"true";"NAME_CONTAINS_SOFORT"
"246019";"4062292252204";"Design Panther Figur Garten Statue Skulptur Figuren Skulpturen Dekoration Sofort";"4062292252204";"true";"NAME_CONTAINS_SOFORT"
"246023";"4260174429243";"4X DESIGNER ESSZIMMERSTUHL LEHNSTUHL STUHL ESSGRUPPE LEDER NEU SOFORT LIEFERBAR";"4260174429243";"true";"NAME_CONTAINS_SOFORT"
"246040";"4062292252600";"Design Stehleuchte Standleuchte Stand Leuchten Lampen Lampe Wohnzimmer Sofort";"4062292252600";"true";"NAME_CONTAINS_SOFORT"
"246043";"4062292252273";"Bartisch Bar Tresen Hausbar Tische Barock Rokoko Edler Luxus Stil Holz Sofort";"4062292252273";"true";"NAME_CONTAINS_SOFORT"
"246044";"4062292273957";"Vitrine Schrank Wohnzimmer Vitrinenschrank Vitrinen Glasschrank Schränke Sofort";"4062292273957";"true";"NAME_CONTAINS_SOFORT"
"246045";"4062292219511";"Rundes Bett Moderne Design Luxus Rund Betten Textil Stoff Rundbetten Neu Sofort";"4062292219511";"false";"NAME_CONTAINS_SOFORT"
"246048";"4062292273964";"Elegante Kolumne mit Ablage – für Blumen und Wohnaccessoires Sofort";"4062292273964";"true";"NAME_CONTAINS_SOFORT"
"246051";"4062292252570";"Moderne Holz Kommode Sideboard Kommoden Low Boards Wohnzimmerschrank Sofort";"4062292252570";"true";"NAME_CONTAINS_SOFORT"
"246061";"4260454043312";"Design Polsterbett Bett Betten Doppel Ehe Modernes 180x200 cm Sofort lieferbar";"4260454043312";"false";"NAME_CONTAINS_SOFORT"
"246063";"4062292273872";"Wandregal Regal Bücherschrank Bücherregal Wohnwand Wohnzimmer Wand Regal Sofort";"4062292273872";"false";"NAME_CONTAINS_SOFORT"
"246064";"4062292260216";"Bar Hocker Barhocker Tresen Stuhl Set Stühle Polster Sitz 2x Sofort Lieferbar";"4062292260216";"false";"NAME_CONTAINS_SOFORT"
"246065";"4062292273841";"Wandregal Regal Bücherschrank Bücherregal Wohnwand Wohnzimmer Wand Sofort";"4062292273841";"true";"NAME_CONTAINS_SOFORT"
"246066";"4062292252624";"Design Stehllampe Designer Steh Leuchte Lampe Schirm Leuchten Medusa Sofort";"4062292252624";"true";"NAME_CONTAINS_SOFORT"
"246070";"4062292260629";"Stierkopf Schädel Hörner Silber Metall Kuhschädel Kuh Stier Kopf Bulle Sofort";"4062292260629";"true";"NAME_CONTAINS_SOFORT"
"246074";"4062292252648";"Design Tischleuchte Lampe Nachttisch Tisch Konsolen Leuchte Lampen Sofort";"4062292252648";"true";"NAME_CONTAINS_SOFORT"
"246088";"4260174422473";"Deisgner Wohnlandschaft Couch Polster Sofa Sitz Ecksofa Garnitur Grau Sofort";"4062292490736";"true";"NAME_CONTAINS_SOFORT"
"246089";"4062292273810";"Kleiderschrank Möbel Regal Schränke Schrank Schlafzimmer Neu Schrank Holz Sofort";"4062292273810";"true";"NAME_CONTAINS_SOFORT"
"246091";"4062292252563";"Designer Kommode Anrichte Side Low Board Schrank Wohn Zimmer Regal Luxus Sofort";"4062292252563";"true";"NAME_CONTAINS_SOFORT"
"246092";"4062292260018";"Massivholz Stuhl Esszimmerstuhl Designer Polster Stuhl Stühle sofort lieferbar";"4062292260018";"true";"NAME_CONTAINS_SOFORT"
"246093";"4062292252280";"Barhocker Barstuhl Tresenhocker Stuhl Hocker Sessel Bar Barock Rokoko Sofort";"4062292252280";"true";"NAME_CONTAINS_SOFORT"
"246095";"4062292273889";"Couchtisch Couchtische Tisch Beistelltisch Wohnzimmertisch Holz Tische Sofort";"4062292273889";"false";"NAME_CONTAINS_SOFORT"
"246103";"4062292274039";"Design Tisch Sekretär Luxus Schreib Büro Möbel Tische Holz Schreibtische Sofort";"4062292274039";"true";"NAME_CONTAINS_SOFORT"
"246108";"4062292330810";"Design Figuren Skulpturen Moderne Abstrakte Skulptur Ballerina Sofort lieferbar";"4062292330810";"false";"NAME_CONTAINS_SOFORT"
"246109";"4062292252457";"Design Mädchen Figur Statue Katzen Skulptur Figuren Skulpturen Neu Sofort";"4062292252457";"true";"NAME_CONTAINS_SOFORT"
"246110";"4062292252518";"Design Kuh Figur Statue Skulptur Figuren Skulpturen Dekoration Rind Büste Sofort";"4062292252518";"true";"NAME_CONTAINS_SOFORT"
"246113";"4062292252242";"Malaysia Figur Statue Skulptur 75cm Figuren Statuen Skulpturen Buddha Sofort";"4062292252242";"true";"NAME_CONTAINS_SOFORT"
"246116";"4062292273940";"Wandregal Regal Bücherschrank Bücherregal Wohnzimmer Wand Regale Schrank Sofort";"4062292273940";"true";"NAME_CONTAINS_SOFORT"
"246117";"4062292272301";"Chesterfield Hocker Fußhocker Sitzhocker Sitzpouf Wohnzimmer Pufa Textil Sofort";"4062292272301";"true";"NAME_CONTAINS_SOFORT"
"246127";"4062292273834";"Sideboard rtv Kommode Wohnzimmerschrank TV Schrank Möbel Schränke Regal Sofort";"4062292273834";"true";"NAME_CONTAINS_SOFORT"
"246128";"4062292274114";"Nachttisch Set Konsole 2x Tische Konsole Tisch Kommode Schlafzimmer Sofort";"4062292274114";"true";"NAME_CONTAINS_SOFORT"
"246130";"4062292260179";"Design Esszimmer 2x Stühle Set Neu Stuhl Garnitur Sessel Polster Gruppe Sofort";"4062292260179";"true";"NAME_CONTAINS_SOFORT"
"246463";"4062292275869";"Epoxidharz Esstisch River Tisch Echtes Holz Massiv Tische 220x90";"4062292275869";"true";"EAN_DUPLICATE"
"246499";"4062292275340";"Esstisch Meer Wasser River Echtes Holz Flusstisch 161x81 Tische";"4062292275340";"true";"EAN_DUPLICATE"
"246520";"4062292275081";"Luxus Design Epoxidharz Esstisch River Tisch Echtes Holz Massiv Tische";"4062292275081";"true";"EAN_DUPLICATE"
"246546";"4062292783166";"Luxus Bett Schlafzimmer Betten Moderne Holz Doppel Schlafbett Grau";"4062292783166";"true";"EAN_DUPLICATE"
"246573";"4062292782961";"Vitrine xxl Schrank Vitrinen Schau Schränke Design Italienische Möbel";"4062292782961";"true";"EAN_DUPLICATE"
"247007";"4062292363597";"Chesterfield Couch Polster Sofas Klassische Leder 3 Sitzer Couchen Sofa Braun";"4062292363597";"true";"EAN_DUPLICATE"
"249005";"4062292359958";"xxl Big Sofa Couch Chesterfield 265cm Deko Polster Sofas 4 Sitzer Leder";"4062292359958";"true";"EAN_DUPLICATE"
"249355";"JVM4062292283307";"Chesterfield Ohrensessel Echtleder Sessel Sofa Polster Sitz Loung Braun";"4062292283307";"true";"EAN_DUPLICATE"
"249365";"4062292284021";"Sessel Fernsehsessel Designer Polstersessel Armlehnsessel Relaxsessel Neu Sofort";"4062292284021";"true";"NAME_CONTAINS_SOFORT"
"249369";"4062292283833";"Designer Couch L Form Polster Couchen Neu Leder Garnituren Wohnlandschaft Sofort";"4062292283833";"true";"NAME_CONTAINS_SOFORT"
"249380";"4260499871581";"Chesterfield Ohrensessel + Hocker Sessel Couch Polster Set Samt Textil SOFORT";"4062292490859";"true";"NAME_CONTAINS_SOFORT"
"249382";"4062292283970";"Wohnlandschaft Stoff Sofas Garnitur Design Modern Sofas Ecksofa Textil Sofort";"4062292283970";"false";"NAME_CONTAINS_SOFORT"
"249394";"4062292284205";"Moderne Designer Ecksofa L Form Wohnlandschaft Couch Polster Ecke Sofa Sofort";"4062292284205";"true";"NAME_CONTAINS_SOFORT"
"249405";"4260454041189";"Wohnlandschaft Ecksofa Sofa Couch Polster Garnitur Ledersofa Schlafsofa Sofort";"4260454041189";"true";"EAN_DUPLICATE|NAME_CONTAINS_SOFORT"
"249406";"4260499874254";"Sofagarnitur 2+2+1 Couch Polster Sitzgarnitur Sofa Garnitur Dunkelbraun Sofort";"4067282201736";"true";"EAN_DUPLICATE|NAME_CONTAINS_SOFORT"
"249412";"JV4260606055552";"Chesterfield 3 Sitzer Sofas Couch Polster Sofa 100% Echt Leder Vintage Sofort";"4260606055552";"true";"EAN_DUPLICATE|NAME_CONTAINS_SOFORT"
"249430";"JVM4062292122996";"Neu Designer Klassischer Couchtisch Beistelltisch Sofa Wohnzimmer Tisch Sofort";"4062292122996";"true";"EAN_DUPLICATE|NAME_CONTAINS_SOFORT"
"249431";"JVM4062292005138";"Medusa Säule Römische Säulen Marmor Skulptur Figur Deko Dekoration 1034 Sofort";"4062292005138";"false";"EAN_DUPLICATE|NAME_CONTAINS_SOFORT"
"249435";"4062292284151";"Set Doppel Couchtisch Kaffee Beistell Designer Rund Tische Runder Tisch Sofort";"4062292284151";"true";"NAME_CONTAINS_SOFORT"
"249452";"4260560940376";"Ledersofa Designersofa Design Braun Weiß Ecksofa Sofa Couch Eckcouch Neu Sofort";"4260560940376";"true";"EAN_DUPLICATE|NAME_CONTAINS_SOFORT"
"249463";"JVM4062292125942";"Design Nacht Tisch Konsole Metall Glanz Tische Konsolen Schlaf Zimmer Sofort";"4062292125942";"true";"NAME_CONTAINS_SOFORT"
"249465";"4062292042133";"Designer Couchtisch Glastisch Sofa Beistell Tisch Tische Beige Samt Neu Sofort";"4062292042133";"false";"NAME_CONTAINS_SOFORT"
"249472";"JVM4062292203787";"Wandpaneel LED Wasserwand Wasser Wände Blasen Wand Waterwall 80x160cm Sofort";"4062292203787";"true";"EAN_DUPLICATE|NAME_CONTAINS_SOFORT"
"249474";"4062292284250";"Doppelstockbett Etagenbett Jugend Bett Betten Etagenbetten Etagen Hoch Sofort";"4062292284250";"false";"NAME_CONTAINS_SOFORT"
"249475";"JVM4062292006234";"Kamin Verkleidung Umrandung Marmor Stil Dekoration Barock Klassische Ofen Sofort";"4062292006234";"false";"EAN_DUPLICATE|NAME_CONTAINS_SOFORT"
"249483";"4260454042803";"Sofortlieferbar Hochglanz Wohnwand Wohnzimmer Sideboard Vitrine Anbauwand Neu!";"4260454042803";"true";"EAN_DUPLICATE"
"249491";"4062292283642";"Bett Polsterbett Luxus Doppel Schlafzimmer Holz Betten Textil Designer Sofort";"4062292283642";"true";"NAME_CONTAINS_SOFORT"
"249495";"JVM4062292126666";"Designer RTV TV Anrichte Kommode Side Low Board Schrank Regal Luxus Wohn Sofort";"4062292126666";"true";"EAN_DUPLICATE|NAME_CONTAINS_SOFORT"
"249500";"4062292284076";"Beistelltisch 2x Nachttisch Nacht Tische Couchtische Tisch Konsolen Holz Sofort";"4062292284076";"false";"NAME_CONTAINS_SOFORT"
"249519";"JVM4062292072543";"Design Weihnachtsmann Garten Skulptur Figuren Skulpturen Figur Nikolaus Sofort";"4062292072543";"true";"EAN_DUPLICATE|NAME_CONTAINS_SOFORT"
"249574";"4260174421414";"Chesterfield Sofagarnitur Sofa Couch Sitz 3+2+1 Garnitur Kristallsteine Sofort";"4260174421414";"true";"EAN_DUPLICATE|NAME_CONTAINS_SOFORT"
"249637";"4062292283635";"Ledersofa L-Form Couch Wohnlandschaft Ecksofa Garnitur Design Modern Sofa Sofort";"4062292283635";"true";"NAME_CONTAINS_SOFORT"
"249638";"JVM4062292011702";"Multifunktions Wohnzimmer Ecksofa Garnitur Ledersofa Sitz Ecke Sofa Couch Sofort";"4062292011702";"true";"EAN_DUPLICATE|NAME_CONTAINS_SOFORT"
"249639";"4062292366475";"Vitrine Glasschrank Regal Bücherschrank Schrank Wohnwand Möbel Regale Wohnzimmer";"4062292366475";"true";"EAN_DUPLICATE"
"249750";"4062292279928";"Design Retro Lounge Sessel Sitzer Egg Ball Silber Drehbar Aviator Space";"4062292279928";"true";"EAN_DUPLICATE"
"249753";"4062292279966";"Beistelltisch Vintage Leder Möbel Aluminium Silber Alu Tisch";"4062292279966";"true";"EAN_DUPLICATE"
"250407";"4260174421735";"Designer Ledersofa Sofa Couch Fußstütze Barfunktion Wohnlandschaft Leder Sofort";"4260174421735";"false";"EAN_DUPLICATE|NAME_CONTAINS_SOFORT"
"250410";"JVM4062292096471";"Designer Zimmer Jugend & Kinderzimmer Tisch Bett Kommode Schrank Set Grau Sofort";"4062292096471";"false";"EAN_DUPLICATE|NAME_CONTAINS_SOFORT"
"250433";"4062292337581";"Italienische Möbel Beistelltisch Designer Konsolentisch Tisch Wohnzimmertisch";"4062292337581";"true";"EAN_DUPLICATE"
"250435";"4260533180778";"Jugendzimmer Doppelstockbett Etagenbett Kleiderschrank Schreibtisch RAJ 5 SOFORT";"4260533180778";"false";"EAN_DUPLICATE|NAME_CONTAINS_SOFORT"
"250443";"JVM4062292008146";"Doppel Bett Klassische Betten Kolonial Leder Antik Stil Hotel XXL Big Sofort";"4062292008146";"false";"NAME_CONTAINS_SOFORT"
"250453";"4062292490828";"DOPPELSTOCKBETT &quot;HOCHGLANZ&quot; KINDER HOCHBETT ETAGENBETT BETT SOFORT - FARBWAHL";"4062292490828";"true";"NAME_CONTAINS_SOFORT"
"250484";"4062292335945";"Italienische Klassisches Holz Möbel Luxus Sessel Büromöbel Stil Barock";"4062292335945";"true";"EAN_DUPLICATE"
"250497";"4062292337536";"Gold Spiegel Design luxus xxl Wandspiegel Holz Rahmen Barock Stil Italien Neu";"4062292337536";"true";"EAN_DUPLICATE"
"250505";"4062292284236";"Hochwertige Designer Kommode Büro Kommoden Sideboard Möbel Sofort";"4062292284236";"false";"NAME_CONTAINS_SOFORT"
"250534";"JVM4062292179280";"Badmöbel Waschbecken Antik Stil Becken Unterschrank Landhaus Badezimmer Sofort";"4062292179280";"false";"EAN_DUPLICATE|NAME_CONTAINS_SOFORT"
"250563";"4062292283888";"Nachttisch Set Konsole 2x Tische Konsole Tisch Kommode Nachttische Holz Sofort";"4062292283888";"false";"NAME_CONTAINS_SOFORT"
"250565";"JVM4062292178818";"Spiegelschrank Badezimmerschrank mit Spiegel 80 cm LED Beleuchtung Neu Sofort";"4062292178818";"true";"EAN_DUPLICATE|NAME_CONTAINS_SOFORT"
"250566";"JVM4062292177477";"Design Waschbecken 57cm Badezimmer Waschtisch Bad Becken Hochglanz Weiß Sofort";"4062292177477";"true";"EAN_DUPLICATE|NAME_CONTAINS_SOFORT"
"250580";"4062292274435";"Led Wassersäulen Säulen Wasserspiel Water Waterwall Club Restaurant Laden Sofort";"4062292274435";"true";"NAME_CONTAINS_SOFORT"
"250589";"4062292283772";"Moderner Leder Couchtisch Tisch Moderner Glastisch Design Tische Glas Sofort";"4062292283772";"false";"NAME_CONTAINS_SOFORT"
"250596";"JVM4062292222139";"Design Nacht Konsole Tisch Kommode Tische Konsolen Schrank Schlafzimmer Sofort";"4062292222139";"true";"EAN_DUPLICATE|NAME_CONTAINS_SOFORT"
"250615";"JVM4062292069024";"Schornsteinfeger Statuen Figur Garten Statue Skulptur Figuren Skulpturen Sofort";"4062292069024";"true";"EAN_DUPLICATE|NAME_CONTAINS_SOFORT"
"250621";"JVM4260174422893";"Kommode Schuhschrank Hotel Kofferbock Koffer Bock Schrank Neu Sofort lieferbar";"4260174422893";"false";"EAN_DUPLICATE|NAME_CONTAINS_SOFORT"
"250629";"JVM4062292034596";"Moai Statue Skulptur Figur Designer Garten Terrasen Deko Skulpturen 76cm Sofort";"4062292034596";"true";"EAN_DUPLICATE|NAME_CONTAINS_SOFORT"
"250633";"JVM4062292070396";"Design Paprika Figur Garten Statue Skulptur Figuren Skulpturen Dekoration SOFORT";"4062292070396";"false";"EAN_DUPLICATE|NAME_CONTAINS_SOFORT"
"250711";"JVM4062292039690";"Design Garten Figur Skulptur Figuren Skulpturen Dekoration Neu Deko C732 Sofort";"4062292039690";"true";"EAN_DUPLICATE|NAME_CONTAINS_SOFORT"
"250722";"4062292356964";"Konsole Kommode Anrichte Wand Tisch Wohnzimmer rtv Konsolentisch";"4062292356964";"true";"EAN_DUPLICATE"
"250728";"4062292357138";"Couchtisch Sideboard Wohnzimmer Möbel Deko Tisch Lowboard Schrankwände";"4062292357138";"true";"EAN_DUPLICATE"
"250735";"4062292371400";"Set 2x Couchtisch Kaffeetisch Beistelltisch Deko Designer Wohnzimmertisch";"4062292371400";"true";"EAN_DUPLICATE"
"250816";"4062292371165";"Runder Tisch Luxus Rund Tische Esszimmer Möbel Säulen Fuß Stein Optik";"4062292371165";"true";"EAN_DUPLICATE"
"250970";"4062292279522";"Eggchair Leder Braun Metall silber Ohrensessel Egg Chair Flieger Club";"4062292279522";"true";"EAN_DUPLICATE"
"251086";"4062292354236";"Luxus Wohnzimmer Couchtisch Edelstahl Hochglanz Tische Design Möbel";"4062292354236";"true";"EAN_DUPLICATE"
"251094";"4062292279539";"Kommode Design Möbel Vintage Retro Schrank Schubladenregal Flugzeug";"4062292279539";"true";"EAN_DUPLICATE"
"251287";"4062292278631";"Echtleder Sofa Leder Designsofa 3-Sitzer Vintage Couch Aluminium Flugzeug Metall";"4062292278631";"true";"EAN_DUPLICATE"
"251364";"4062292338557";"Italienische Möbel 2tlg Garnitur Sekretaer mit Spiege Holz Echtholz Barock Stil";"4062292336393";"true";"EAN_DUPLICATE"
"251406";"4062292284748";"Wandregal Regale Bücherschrank Bücherregal Wohnzimmer Wand Regal Schrank Sofort";"4062292284748";"true";"NAME_CONTAINS_SOFORT"
"251409";"4062292284649";"Wandregal Regal Bücherschrank Bücherregal Wohnwand Wand Regal Wohnzimmer Sofort";"4062292284649";"true";"NAME_CONTAINS_SOFORT"
"251422";"4062292278419";"Gartenbank Holz Parkbank Massiv Sitzbank Garten Gartenmöbel 3 Sitzer Rad Möbel";"4062292278419";"true";"EAN_DUPLICATE"
"251426";"4062292284571";"Luxus Sideboard TV Lowboard RTV Holz Low Board Schrank Tisch Wohnzimmer Sofort";"4062292284571";"false";"NAME_CONTAINS_SOFORT"
"251469";"4062292778261";"Ledersofa Sofa Couch Polster 321 Sitzer Couchtisch 2x Beistelltisch 6tlg. Neu";"4062292778261";"true";"EAN_DUPLICATE"
"251492";"4062292778070";"Leder Designer Sofa Couch Polster Garnitur 6tlg. Set Garnituren Couchtisch";"4062292778070";"true";"EAN_DUPLICATE"
"251496";"4062292284618";"Couchtisch Beistelltisch Tisch Kommode Tische Konsolen Holz Wohnzimmer Sofort";"4062292284618";"false";"NAME_CONTAINS_SOFORT"
"251500";"4062292284632";"Jugendzimmer Kinderzimmer Schrank Kleiderschränke Schrank Schränke Modern Sofort";"4062292284632";"true";"NAME_CONTAINS_SOFORT"
"251529";"4062292284601";"Couchtische Tisch Luxus Möbel Couchtisch Tische Konsolen Design Braun Neu Sofort";"4062292284601";"true";"NAME_CONTAINS_SOFORT"
"251558";"4062292284526";"Designer Bett Lederbett Polsterbett Modern Betten Leder 180x200 cm Neu Sofort";"4062292284526";"false";"NAME_CONTAINS_SOFORT"
"251567";"4062292284595";"Sofa 4 Sitz Couch Sofas Couchen Chesterfield Design Viersitzer Kunstleder Sofort";"4062292284595";"true";"NAME_CONTAINS_SOFORT"
"251571";"4062292284540";"Chesterfield Couch Polster Sofas Klassische Textil Sofa 4 Sitzer Couchen Sofort";"4062292284540";"true";"NAME_CONTAINS_SOFORT"
"251581";"4062292284670";"Esstisch Tisch Esszimmer Wohnzimmer Tische Holz Barock Esstische Antik Sofort";"4062292284670";"true";"NAME_CONTAINS_SOFORT"
"251622";"4062292777400";"Sofagarnitur 321 Sitzer Modernes Sofa Ledersofa Designer Sofa Wohnlandschaft Neu";"4062292777400";"true";"EAN_DUPLICATE"
"251624";"4062292777417";"Klassische Ledersofa Garnitur Komplett Set 8 tlg. Wohnzimmer Set Tisch Hocker";"4062292777417";"true";"EAN_DUPLICATE"
"251687";"4062292284816";"Wohnlandschaft U Form Ecksofa Design Eck Garnitur Couchen Sitzmöbel Leder Sofort";"4062292284816";"true";"NAME_CONTAINS_SOFORT"
"251726";"4062292546044";"Schminktisch Spiegel Hocker Komplett Set Kommode Schlafzimmer";"4062292546044";"true";"EAN_DUPLICATE"
"251735";"4062292546020";"Schminktisch Hocker Konsole Schmink Deko Tische Tisch Konsolen Sekretär";"4062292546020";"true";"EAN_DUPLICATE"
"251742";"4062292546006";"Schminktisch mit Spiegel Luxus Konsole Kommode Schlafzimmer Neu 2tlg";"4062292546006";"true";"EAN_DUPLICATE"
"251756";"4062292283239";"LED Wasserwand Wandpaneel mit Wasserblasen Designer Wasser Wand";"4062292283239";"true";"EAN_DUPLICATE"
"251939";"4062292775321";"Polster Ecksofa Ecksofa Wohnlandschaft Ledersofa Designer-Sofa Ecksofa L-Form";"4062292775321";"true";"EAN_DUPLICATE"
"253310";"4062292354977";"Büro Schreibtisch Sessel Schreibtische Tisch Holztisch Tische Holz";"4062292354977";"true";"EAN_DUPLICATE"
"256136";"4062292545672";"Luxus Bett Leder Betten 180x200 Multifunktion Schlafzimmer Liege Regale Neu";"4062292545672";"true";"EAN_DUPLICATE"
"256256";"4062292356926";"Moderner Esstisch Tisch Holz Tische 160 x 80cm Esszimmer Design Sofort";"4062292356926";"true";"NAME_CONTAINS_SOFORT"
"256335";"4062292366253";"Esstisch Tisch Esszimmer Wohnzimmer Holz Design Stühle S2 Esstische Küchentisch";"4062292366253";"true";"EAN_DUPLICATE"
"256338";"4062292366246";"Esstisch Tisch Esszimmer Wohnzimmer Holz Moderne Tische 100/140cm Ausziehbar Neu";"4062292366246";"true";"EAN_DUPLICATE"
"256393";"4062292226854";"Rundmatratze Matratze für Rundes Rund Runde Bett Rundbett Matratze 220 cm Sofort";"4062292226854";"false";"EAN_DUPLICATE|NAME_CONTAINS_SOFORT"
"256407";"4062292366093";"Ess Tisch Design Luxus Möbel Holz Tische Küche Wohn Zimmer 100x250/350 Holztisch !";"4062292366093";"true";"EAN_DUPLICATE"
"256421";"JVM4062292013355";"Design Modern Couch Sofa Tische Wohnzimmer Gepolstert Leder Tisch Weiß Sofort";"4062292013355";"true";"EAN_DUPLICATE|NAME_CONTAINS_SOFORT"
"256424";"4062292116216";"Esszimmerstuhl Stuhl Set Sessel Leder Polster Massiv Holz Neu Gastro Sofort";"4062292116216";"true";"NAME_CONTAINS_SOFORT"
"256598";"4062292546464";"Nacht Tisch Konsole Beistell Schlaf Holz Design Zimmer Tische Konsolen";"4062292546464";"true";"EAN_DUPLICATE"
"256673";"4062292546426";"Design Nacht Konsole Tisch Kommode Tische Konsolen. Schrank";"4062292546426";"true";"EAN_DUPLICATE"
"256677";"4062292546402";"Design Nacht Konsole Tisch Kommode Tische Schrank Konsolen Schlafzimmer Beistell";"4062292546402";"true";"EAN_DUPLICATE"
"256706";"4062292274336";"Wandpaneel LED Wasserwand Wasser Modern Wände Wasser Blasen Dekorative Wand";"4062292274336";"true";"EAN_DUPLICATE"
"256836";"4062292353499";"Bett 2x Nachttisch 3 tlg Schlafzimmer Set Möbel Modern Luxus Betten";"4062292353499";"true";"EAN_DUPLICATE"
"256867";"4062292365867";"Design Esstisch Holz Tische Esszimmer Möbel Runden Echtholz Tische Modern Neu";"4062292365867";"true";"EAN_DUPLICATE"
"256882";"JVM4062292366093";"Ess Tisch Design Luxus Holz Tische Küche Wohnzimmer 100x250/350 Holztisch Sofort";"4062292366093";"false";"EAN_DUPLICATE|NAME_CONTAINS_SOFORT"
"256998";"4062292181900";"Hochglanz Wohnzimmer Sideboard Modern Lowboard TV-Ständer Möbel Neu";"4062292181900";"true";"EAN_DUPLICATE"
"257175";"4062292274961";"Luxus Säule Wassersäulen Wasser Wand Säulen 220cm Edelstahl";"4062292274961";"true";"EAN_DUPLICATE"
"257274";"4062292274220";"Moderne Trennwand Wasserwand Wände Wasserfall Water Wall Led";"4062292274220";"true";"EAN_DUPLICATE"
"257448";"JVM4062292723872";"Klassischer Tisch Couchtisch Beistelltisch Sofa Barock Royal Barock Holz Sofort";"4062292723872";"false";"EAN_DUPLICATE|NAME_CONTAINS_SOFORT"
"257449";"JVM4062292260735";"Klassischer 3 Sitzer Couch Sofa Couch Sofas Couchen Barock Chesterfield Sofort";"4062292260735";"true";"EAN_DUPLICATE|NAME_CONTAINS_SOFORT"
"257477";"4062292226885";"Rund Design Matratze Luxus 220x25cm Matratzen für Bett Runde Betten Textil Neu";"4062292226885";"true";"EAN_DUPLICATE"
"257482";"4062292306440";"Schaff Lebensgroße Figur Dekoration Statuen Skulptur Garten Realistisch Figuren";"4062292306440";"true";"EAN_DUPLICATE"
"257585";"4062292421235";"Chesterfield Sessel Leder Braun Kreative Möbel Neu Wohnzimmer Modern";"4062292421235";"true";"EAN_DUPLICATE"
"257606";"4062292372025";"Couch Sofa Sessel Design Sitzer Leder Lounge Club Polster Luxus Ohren";"4062292372025";"true";"EAN_DUPLICATE"
"257627";"4062292285707";"Design Säulenlampe Leuchten Leuchte Lampenschirm Dekolampe Säule Lampe Sofort";"4062292285707";"true";"NAME_CONTAINS_SOFORT"
"257657";"4062292372186";"Luxus Boxspring Bett Schwarz Weiß Betten Schlafzimmermöbel Design Doppel Hotel";"4062292372186";"true";"EAN_DUPLICATE"
"257659";"4062292351808";"Himmelbett Echtes Holz Bett Design Luxus Klassische Schlafzimmer";"4062292351808";"true";"EAN_DUPLICATE"
"257677";"4062292285097";"Ecksofa Designersofa L Form Leder Couch Design Garnitur Polstercouch Sofort";"4062292285097";"false";"NAME_CONTAINS_SOFORT"
"257691";"4062292285554";"Konsolentisch Schminktisch Tisch Anrichte Luxus Klassische Konsolen Neu Sofort";"4062292285554";"false";"NAME_CONTAINS_SOFORT"
"257694";"4062292285202";"Set Esszimmergruppe Esstisch Garnitur Essgruppe Tisch 3 Stühlen 4tlg. Sofort";"4062292285202";"false";"NAME_CONTAINS_SOFORT"
"257699";"4062292372155";"Klassisches Bett Modern Stil Doppel Holz Hotel Betten 220x220 Schlafzimmer Neu";"4062292372155";"true";"EAN_DUPLICATE"
"257703";"4062292285059";"Esszimmergruppe Tisch 6x Stühle Sitzgruppe Esszimmergarnitur Tischset Sofort";"4062292285059";"true";"NAME_CONTAINS_SOFORT"
"257711";"4062292285561";"Sofa 4 Sitzer Ledersofas Luxus Design Couch Neu Sofa Luxus Polstersofas Sofort";"4062292285561";"true";"NAME_CONTAINS_SOFORT"
"257724";"4062292285141";"Set 2x Nachttisch Nachtschrank Nachtkonsole Beistelltisch 2 Schubladen Sofort";"4062292285141";"true";"NAME_CONTAINS_SOFORT"
"257731";"4062292285547";"Schminktisch Design Tische Kosmetik Frisier Spiegel Konsole Schlafzimmer Sofort";"4062292285547";"true";"NAME_CONTAINS_SOFORT"
"257734";"4062292285523";"Skulptur Würstchen Wurst 156cm Aufsteller Metzger Laden Bude Restaurant Sofort";"4062292285523";"true";"NAME_CONTAINS_SOFORT"
"257735";"4062292285684";"Lounge Chesterfield Sofa Liege Polster Liegen Chaiselongues Club Weiß Neu Sofort";"4062292285684";"true";"NAME_CONTAINS_SOFORT"
"257736";"4062292306655";"Löwe Figur Statue Skulptur 100cm Figuren Statuen Skulpturen Dekoration";"4062292306655";"true";"EAN_DUPLICATE"
"260356";"JVM4062292213854";"Edler Luxus Couchtische Glas Design Couch Tisch Sofa Beistell Leder Tisch Sofort";"4062292213854";"false";"EAN_DUPLICATE|NAME_CONTAINS_SOFORT"
"260359";"4062292285332";"Nachttisch Nachtschrank 2er Set Kommode Beistelltisch mit Schublade Neu Sofort";"4062292285332";"false";"NAME_CONTAINS_SOFORT"
"260369";"4062292285417";"Sideboard Leder TV Schrank Lowboard Hängeboard Fernsehtisch Leder 195cm Sofort";"4062292285417";"true";"NAME_CONTAINS_SOFORT"
"260414";"4062292285172";"Set Esszimmerstuhl Essstühle Polsterstuhl Stuhl Metall Stühle Möbel Set Sofort";"4062292285172";"true";"NAME_CONTAINS_SOFORT"
"260416";"4062292285080";"Beistelltisch Couchtisch Kaffetisch Quadrat Wohnzimmertisch Weiß Sofort";"4062292285080";"true";"NAME_CONTAINS_SOFORT"
"260418";"4062292284892";"Modern Stil Schrank Regal Aufbewahrung Kleiderschrank Schränke Sofort";"4062292284892";"true";"NAME_CONTAINS_SOFORT"
"261979";"4062292285004";"Kleiderschrank Schlafzimmerschrank Jugendzimmer Kinderzimmer Schrank Sofort";"4062292285004";"true";"NAME_CONTAINS_SOFORT"
"262024";"4062292285356";"Regal Bücherregal Wandregal Vitrine Schrank Möbel Regale Bücherschrank Sofort";"4062292285356";"true";"NAME_CONTAINS_SOFORT"
"262040";"4062292352850";"Amerikanisch Doppel Betten luxus Schlafzimmer Designer Doppelbetten 180x200 Neu";"4062292352850";"true";"EAN_DUPLICATE"
"266606";"4062292355745";"Tisch Schreibtisch Holztisch Computertisch Massivholz Bürotisch Büromöbel";"4062292355745";"true";"EAN_DUPLICATE"
"266608";"4062292372018";"Wohnlandschaft L Form Ecksofa Textil Design Polster Garnitur Sofa Ecke Eckcouch";"4062292372018";"true";"EAN_DUPLICATE"
"266618";"4062292356209";"Konsolen Tisch Schminktisch Schmink Tische Konsole Schlaf Zimmer Sekretär";"4062292356209";"true";"EAN_DUPLICATE"
"267169";"4062292359613";"Schmink Frisiertisch Frisierkommode Schmink Deko Kommode Kosmetiktisch";"4062292359613";"true";"EAN_DUPLICATE"
"267188";"4062292284915";"Sideboard Anrichte Highboard Kommode Schrank Wohnzimmer mit 2 Schubladen Sofort";"4062292284915";"true";"NAME_CONTAINS_SOFORT"
"267201";"4062292285714";"Wand Chesterfield Wandverkleidung Wandpaneelen 2x Verkleidung Neu Paneel Sofort";"4062292285714";"true";"NAME_CONTAINS_SOFORT"
"267202";"4062292284977";"Lowboard Weiß tv Schrank Sideboard Kommode Fernseh Tisch Anrichte Neu Sofort";"4062292284977";"false";"NAME_CONTAINS_SOFORT"
"267206";"4062292284984";"Wandregal CD Regal Bücherregal Medienregal Hängeregal Wandablage Sofort";"4062292284984";"true";"NAME_CONTAINS_SOFORT"
"267208";"4062292285028";"Wandboard Wandregal Hängeregal Bücherregal CD DVD Holz Regal Sofort";"4062292285028";"true";"NAME_CONTAINS_SOFORT"
"267211";"4062292284922";"Bücherregal Wandregal Holz Hänge-Regal CD DVD Standregal Wand Regale Sofort";"4062292284922";"true";"NAME_CONTAINS_SOFORT"
"267212";"4062292284953";"Wandboard Wandregal 119cm Bücherregal Regalbrett Regal Wand Board Sofort";"4062292284953";"true";"NAME_CONTAINS_SOFORT"
"267215";"4062292372285";"Wohnlandschaft Luxus Sofa Couch Garnitur Ecksofa Textil Couchen Sofas Möbel Neu";"4062292372285";"true";"EAN_DUPLICATE"
"267217";"4062292285721";"Tischleuchte Lampe Nachttisch Tisch Lampe Konsolen Leuchten Leuchte Neu Sofort";"4062292285721";"true";"NAME_CONTAINS_SOFORT"
"267484";"4062292355752";"Tisch Schreibtisch Holztisch Massivholz Computertisch Bürotisch Büromöbel";"4062292355752";"true";"EAN_DUPLICATE"
"267825";"4062292332845";"Designer Gorilla Figure Statue Und Moderne Figuren Statuen Dekoration Deko Garten Neu";"4062292332845";"true";"EAN_DUPLICATE"
"267849";"4062292007620";"Chesterfield design luxus polster sitz couch xxl big 3 sitz sofa Couchen Sofort";"4062292007620";"false";"NAME_CONTAINS_SOFORT"
"267957";"4062292333569";"Hund Neu Design Figuren Skulpturen Moderne Bulldogge Skulptur Deko";"4062292333569";"true";"EAN_DUPLICATE"
"268012";"4062292421013";"Chesterfield 3 Sitzer Bordaux Modern Design Couchen Leder Sofa Neu";"4062292421013";"true";"EAN_DUPLICATE"
"268047";"4062292421167";"Chesterfield 3 Sitzer Leder Braune Sofa Textil Couchen Möbel Wohnzimmer";"4062292421167";"true";"EAN_DUPLICATE"
"268072";"4062292307331";"Rind Lebensgroße Figur Dekorationn Statuen Deko Skulptur Garten Figuren";"4062292307331";"true";"EAN_DUPLICATE"
"268099";"4062292333200";"Neu Design Und Perfekt Figuren Frauen Skulpturen Moderne Abstrakte Skulptur Ballon Hunde deko neu";"4062292333200";"true";"EAN_DUPLICATE"
"268157";"4062292282317";"Dreisitzer Couch Polster Design Sofa Moderne 3er Sitz Sofas chesterfield braun";"4062292282317";"true";"EAN_DUPLICATE"
"275703";"4062292421334";"Chesterfield 4 Sitzer Modern Design Couchen Leder Sofa xxl big Möbel";"4062292421334";"true";"EAN_DUPLICATE"
"275906";"4062292364587";"Essgarnituren Designer Esszimmer Set Garnitur Stuhl Tisch 4 Stühle Gruppe 5tlg.";"4062292364587";"true";"EAN_DUPLICATE"
"276138";"4062292331022";"Designer Statue Figuren Dekoration Moderne Figur Hund Garten Skulptur Skulpturen";"4062292331022";"true";"EAN_DUPLICATE"
"276221";"4062292334269";"Boxspring Bett Schlafzimmer Set 3tlg Textil Bett 2x Nachttisch Design Betten Neu";"4062292334238";"true";"EAN_DUPLICATE"
"276222";"4062292334238";"Modernes Designer Luxus Bett mit 2 Nachttischen und Sitzbank Möbel Zimmer 4-teilig";"4062292334238";"true";"EAN_DUPLICATE"
"276467";"JVM4062292132681";"Wandleuchte Bohemia Luster Kronleuchter Wand Lampen Antik Stil Wandlampe Neu";"4062292132681";"false";"EAN_DUPLICATE"
"276486";"4062292583957";"Konsolentisch Schminktisch Konsole Schminktisch Schlafzimmer Sekretär Sofort";"4062292583957";"true";"NAME_CONTAINS_SOFORT"
"276626";"406229222607";"Modernes Designer Holz Bett Schlafzimmer Edles Polster Möbel Doppel Betten Neu";"406229222607";"true";"EAN_NOT_13_DIGITS"
"277276";"JVM4062292726033";"Sofagarnitur Klassisch 3+2+1+1 Garnitur Sofa Polster Couch Barock Neu Sofort";"4062292726033";"false";"EAN_DUPLICATE|NAME_CONTAINS_SOFORT"
"278297";"4062292364693";"Essgarnitur Esstisch 6 x Stuhl Set Garnitur Tisch Essgruppe 7tlg. Tische Neu";"4062292364693";"true";"EAN_DUPLICATE"
"278448";"JVM4062292728839";"Design Sessel Leder Luxus Fernseh Couch 1 Sitzer Sofa Relax Lounge Club Sofort";"4062292728839";"false";"EAN_DUPLICATE|NAME_CONTAINS_SOFORT"
"278458";"JVM4062292222856";"Designer Kommode Anrichte Sideboard Schrank Wohn Zimmer Regale Schränke Sofort";"4062292222856";"false";"EAN_DUPLICATE|NAME_CONTAINS_SOFORT"
"278813";"4062292350627";"Chaiselongue Liegen Möbel Ottomane Wohnzimmer Design Sofa Beige Stoff Liege Neu";"4062292350627";"true";"EAN_DUPLICATE"
"279336";"4062292364020";"Esszimmer Holz Tische Essgruppe Set Stuhl Gruppe Neu Tisch 6 Design Stühle 7tlg";"4062292364020";"true";"EAN_DUPLICATE"
"279417";"4260439211934";"Chesterfield Sessel Ohrensessel Fernsehsessel Couch Relax Leder Sofa Sitz Sofort";"4260439211934";"true";"EAN_DUPLICATE|NAME_CONTAINS_SOFORT"
"279665";"4062292701412";"Hocker Pouf Sofa Polster Beistellhocker Fußhocker Ottomane Möbelhocker Neu";"4062292701412";"true";"EAN_DUPLICATE"
"279666";"4062292491078";"Dreisitzer Sofa Klassisches Design 3-Sitzer Couch Polster Sofas Couchen SOFORT";"4062292491078";"true";"NAME_CONTAINS_SOFORT"
"279695";"4260499871437";"Chesterfield 3 Sitzer Big Sofa Couch Textil Samt Polster Sofas Leder Neu Sofort";"4260499871437";"true";"EAN_DUPLICATE|NAME_CONTAINS_SOFORT"
"279771";"4062292701269";"Lounge Ohren Sessel Club Designer Möbel Fernseh Sofa Stuhl Samt Polster Sitz Neu";"4062292701269";"true";"EAN_DUPLICATE"
"279894";"4062292701047";"Kindersofa Couch Ecksofa Polstersofa Schlafsofa Schlaffunktion Bettkasten Zimmer";"4062292701047";"true";"EAN_DUPLICATE"
"280180";"4062292701054";"Dreisitzer Sofa 3 Sitzer Sofas Couch Polster Garnitur Moderne Couchen Stoff Sitz";"4062292701054";"true";"EAN_DUPLICATE"
"280378";"4062292701146";"Luxus Schlafzimmer Bett Deko Polster Design 180x200cm Doppel Hotel Betten";"4062292701146";"true";"EAN_DUPLICATE"
"281563";"4062292700897";"Stoff Ecksofa L-Form Sofa Couch Design Polster Modern Textil Bettfunktion neu";"4062292700897";"true";"EAN_DUPLICATE"
"282054";"4062292583568";"Designer Bett Schlafzimmer Betten Leder Hotel Luxus Polster Italienische";"4062292583568";"true";"EAN_DUPLICATE"
"282386";"4062292583483";"Betten Hotel Hotelbett 180x200cm Luxus Möbel Bettgestell Design Polsterbett";"4062292583483";"true";"EAN_DUPLICATE"
"282860";"4062292551413";"Design xxl Couchen Sofa 4 - Sitzer Couch Leder Polster Weiß Luxus Sofa Viersitz";"4062292551413";"true";"EAN_DUPLICATE"
"282943";"4062292550676";"Modernes King Size Bett Chesterfield Betten modernes Hotelbett Doppelbett";"4062292550676";"true";"EAN_DUPLICATE"
"283536";"JVM4062292031250";"Dekoration Säule Säulen Stein Antik Stil Rom Ständer Sockel Säulenfüß Neu Sofort";"4062292031250";"true";"EAN_DUPLICATE|NAME_CONTAINS_SOFORT"
"283538";"4062292583452";"Doppel Betten Ehe Schlaf Zimmer Leder Hotel Neu Bett Polster Design Luxus Metall";"4062292583452";"true";"EAN_DUPLICATE"
"283582";"4062292558627";"Doppel Luxus Leder Bett + USB Polster Betten Moderne Hotel Multifunktion massage";"4062292558627";"true";"EAN_DUPLICATE"
"283815";"4062292583216";"Design Bett XXL Big Leder Hotel Polster 180x200 Multifunktion Regal Betten";"4062292583216";"true";"EAN_DUPLICATE"
"283822";"4062292583223";"Bett Doppel Regale Leder Polster Betten Multifunktion mit Massagefunktion Neu";"4062292583223";"true";"EAN_DUPLICATE"
"283901";"4062292583353";"Betten Moderne Hotel Multifunktion Liege Doppel Luxus Design Leder Bett";"4062292583353";"true";"EAN_DUPLICATE"
"283909";"4062292558641";"Rundes Bett Rund Betten Multifunktion Hotel Polster Led Regal Kingsize";"4062292558641";"true";"EAN_DUPLICATE"
"283949";"JVM4062292222573";"Chesterfield Bett Lederbett Polsterbett Ehebett Betten 180x200cm Neu Sofort";"4062292222573";"false";"EAN_DUPLICATE|NAME_CONTAINS_SOFORT"
"283977";"4062292558696";"Multifunktion Deluxe Betten Massage Bett Hotel Polster Led usb Radio";"4062292558696";"true";"EAN_DUPLICATE"
"284061";"4062292558719";"Bett Massage Liege Multifunktion Betten Polster USB Regal Leder Polster";"4062292558719";"true";"EAN_DUPLICATE"
"284077";"4062292558726";"Multifunktion Deluxe Betten Massage Funktion Bett Hotel Polster Led usb Radio";"4062292558726";"true";"EAN_DUPLICATE"
"284084";"4062292583407";"Design Leder Betten Hotel Doppel Ablage Regal 180x200 Multifunktions";"4062292583407";"true";"EAN_DUPLICATE"
"284228";"4062292359118";"Sofagarnitur 3+2 Sitzer Set Design Sofas Polster Couchen Moderne Couch Sofort";"4062292359118";"true";"NAME_CONTAINS_SOFORT"
"284504";"JVM4062292355752";"Tisch Schreibtisch Holztisch Computertisch Massivholz Bürotisch Büromöbel Sofort";"4062292355752";"true";"EAN_DUPLICATE|NAME_CONTAINS_SOFORT"
"284581";"4062292286872";"Engel Figur Antik Stil Skulptur Figuren Skulpturen Dekoration Skulptur Sofort";"4062292286872";"false";"NAME_CONTAINS_SOFORT"
"284594";"4062292287152";"Deko Figur Statue Skulptur Figuren Statuen Skulpturen Neu Hund Garten Neu Sofort";"4062292287152";"true";"NAME_CONTAINS_SOFORT"
"284614";"4062292287169";"Design Figur Skulptur Figuren Skulpturen Dekoration Stein Schuh Skulptur Sofort";"4062292287169";"true";"NAME_CONTAINS_SOFORT"
"284633";"4062292287374";"Gartenplatte Trittplatte Gartenfiese Gartenweg Steinoptik Holzoptik Sofort";"4062292287374";"false";"NAME_CONTAINS_SOFORT"
"284653";"4062292286971";"Skulpturen Design Figur Statue Figuren Skulptur Garten Dekoration Sofort";"4062292286971";"false";"NAME_CONTAINS_SOFORT"
"284661";"4062292286988";"Schildkröte Figur Garten Skulptur Figuren Skulpturen Dekoration Deko Meer Sofort";"4062292286988";"false";"NAME_CONTAINS_SOFORT"
"284662";"4062292286841";"Skulpturen Design Skulptur Figuren Skulpturen Dekoration Skulptur Leuchte Sofort";"4062292286841";"false";"NAME_CONTAINS_SOFORT"
"284667";"4062292556449";"Betten Schwarz Luxus Hotel 180x200cm Bett Polster Design Möbel Doppel";"4062292556449";"true";"EAN_DUPLICATE"
"284894";"4062292287008";"Deko Figur Statue Skulptur Figuren Statuen Skulpturen Dekoration Sofort";"4062292287008";"false";"NAME_CONTAINS_SOFORT"
"284895";"4062292286803";"Engel Skulptur Skulpturen Figuren Statue Schutzengel Engel Dekoration Sofort";"4062292286803";"false";"NAME_CONTAINS_SOFORT"
"284898";"4062292287091";"Skulpturen Mädchen Statuen Figuren Hund Deko Figur Statue Dekoration neu Sofort";"4062292287091";"true";"NAME_CONTAINS_SOFORT"
"284903";"4062292286834";"Deko Skulptur Figur Statue Figuren Statuen Skulpturen Dekoration neu Sofort";"4062292286834";"true";"NAME_CONTAINS_SOFORT"
"284907";"4062292286155";"Garten Figur Antik Stil Skulptur Figuren Skulpturen Dekoration Deko Lampe Sofort";"4062292286155";"true";"NAME_CONTAINS_SOFORT"
"284932";"4062292286612";"Buddha Malaysia Statue Figur Garten Figuren Statuen Skulptur Skulpturen Sofort";"4062292286612";"true";"NAME_CONTAINS_SOFORT"
"284943";"4062292286544";"Figur Adler Garten Statue Skulptur Figuren Statuen Skulpturen Deko Neu Sofort";"4062292286544";"true";"NAME_CONTAINS_SOFORT"
"284948";"4062292286148";"Design Spalten Säule Dekosäule Säulen Blumensäule Garten Ständer Podest Sofort";"4062292286148";"true";"NAME_CONTAINS_SOFORT"
"285052";"4062292286285";"Statuen Figur Skulptur Griechische Garten Figuren Skulpturen Dekoration Sofort";"4062292286285";"false";"NAME_CONTAINS_SOFORT"
"285059";"4062292286704";"Blumen Kübel Figur Statue Skulptur Figuren Skulpturen Dekoration Statuen Sofort";"4062292286704";"true";"NAME_CONTAINS_SOFORT"
"285060";"4062292286711";"Figur Statue Skulptur Japan Garten Skulpturen Dekoration Deko Statuen Sofort";"4062292286711";"false";"NAME_CONTAINS_SOFORT"
"285064";"4062292286445";"Deko Figur Statue Skulptur 80cm Figuren Statuen Skulpturen Neu Dekoration Sofort";"4062292286445";"true";"NAME_CONTAINS_SOFORT"
"285066";"4062292286025";"Figur Engel Statue Figur Garten Ornamente Skulptur Skulpturen Figuren Sofort";"4062292286025";"false";"NAME_CONTAINS_SOFORT"
"285068";"4062292286049";"Figur Garten Deko Statue Skulptur Skulpturen Dekoration Figuren Statuen Sofort";"4062292286049";"false";"NAME_CONTAINS_SOFORT"
"285074";"4062292285967";"Deko Schnecke Figur Statue Skulptur Figuren Statuen Skulpturen Dekoration Sofort";"4062292285967";"false";"NAME_CONTAINS_SOFORT"
"285083";"4062292286599";"Chesterfield 1 Sitzer Stoff Wohnzimmercouch Sofa Couch Wohnzimmersofa Neu Sofort";"4062292286599";"true";"NAME_CONTAINS_SOFORT"
"285086";"4062292285943";"Design Figur Statue Skulptur Figuren Skulpturen Dekoration Deko Sofort Gorilla";"4062292285943";"false";"NAME_CONTAINS_SOFORT"
"285087";"4062292285950";"Abstrakte Deko Figur Statue Skulptur Figuren Statuen Skulpturen Gorilla Sofort";"4062292285950";"false";"NAME_CONTAINS_SOFORT"
"285094";"4062292285974";"Designer Figuren Ballerinas Skulpturen Moderne Skulptur Frau Dekoration Sofort";"4062292285974";"true";"NAME_CONTAINS_SOFORT"
"285125";"4062292285981";"Design Figuren Gorilla Skulpturen Moderne Abstrakte Skulptur Dekoration Sofort";"4062292285981";"true";"NAME_CONTAINS_SOFORT"
"285424";"JVM4062292251191";"3 Sitzer Couch Polster Sofa Chesterfield Couchen Dreisitzer Kunstleder Sofort";"4062292251191";"false";"EAN_DUPLICATE|NAME_CONTAINS_SOFORT"
"285564";"4062292291661";"Oval Chesterfield Polster Hocker Fußhocker Ottomane Tisch Sofa Beistell Rund";"4062292291661";"true";"EAN_DUPLICATE"
"285565";"JVM4062292291661";"Spiegel Holzrahmen Wandspiegel Klassischer Designer Wand Möbel arredoclassic";"4062292291661";"true";"EAN_DUPLICATE"
"285609";"4062292291630";"Sofa Schlafsofa Designer 3Sitzer Sofa mit Bettfunktion Couch Textil Sofa Polster";"4062292291630";"true";"EAN_DUPLICATE"
"285630";"JVM4062292291630";"Klassischer Spiegel Luxus Wandspiegel Echt Holz Rahmen Neu Barock arredoclassic";"4062292291630";"true";"EAN_DUPLICATE"
"285895";"4062292347896";"Bürostuhl Beige Leder Edelstahl Arbeitszimmer Büro Möbel Luxus Einrichtung Neu";"4062292347896";"true";"EAN_DUPLICATE"
"285926";"JVM4062292028502";"Löwe Gartenfigur Terrassen Garten Skulptur Figuren Skulpturen S103010 Statuen Sofort";"4062292028502";"false";"EAN_DUPLICATE|NAME_CONTAINS_SOFORT"
"285979";"4062292350863";"Braune Eckcouch Western Stil Eckgarnitur Ecksofa Eckcouch Garnitur Polster";"4062292350863";"true";"EAN_DUPLICATE"
"286317";"4062292557538";"Design Ecksofa Leder L-Form Modern Style Couch Polstermöbel Wohnzimmer";"4062292557521";"true";"EAN_DUPLICATE"
"286345";"4062292557521";"Ecksofa Wohnzimmer L-Form Polster Sofa Leder Design NEU Modern";"4062292557521";"true";"EAN_DUPLICATE"
"286810";"JVM4260499873684";"Chesterfield Sofa 2 Sitzer Designer Couchen Sofas Garnitur Couch Gold Neu Sofort";"4260499873684";"true";"EAN_DUPLICATE|NAME_CONTAINS_SOFORT"
"287185";"4062292556906";"Wohnzimmer Samt Ecksofa U-Form Wohnlandschaft Polsterecke Sofa Couch Sofas Neu";"406229255690";"true";"EAN_NOT_13_DIGITS"
"287975";"4062292290909";"Klassisch Esstisch Tisch Holz Tische arredoclassic Esszimmer Made in Italy neu";"4062292290909";"true";"EAN_DUPLICATE"
"287994";"4062292290916";"Vitrine Kommoden Vitrinen Kommodenschrank Glas Schrank Italien arredoclassic";"4062292290909";"true";"EAN_DUPLICATE"
"287995";"4062292290923";"Sofagarnitur 3+2+1 Sitzer Wohnlandschaft Sofa Couch Arredoclassic Garnitur Sofas";"4062292290909";"true";"EAN_DUPLICATE"
"287996";"4062292290930";"Vitrine Vitrinen Schrank Glasschrank Wohnzimmer Regal Barock Rokoko Echtes Holz";"4062292290909";"true";"EAN_DUPLICATE"
"288216";"4062292290558";"Dreisitzer Couch Polster Design Sofa Klassisch Sitz Sofas Zimmer Möbel 3er Neu";"4062292290558";"true";"EAN_DUPLICATE"
"288448";"4062292289880";"Klassischer Wandspiegel Holzrahmen Spiegel Möbel Hängespiegel Glas Rahmen Wand";"4062292289880";"true";"EAN_DUPLICATE"
"288882";"4062292644726";"Schlafsofa, mit Bettfunktion Designer Stoffsofa 3 Sitzer Couch Sofort";"4062292644726";"true";"NAME_CONTAINS_SOFORT"
"288885";"4062292644740";"Hochwertiges 3-Sitzer Sofa mit Bettfunktion Stoffsofa Sofort";"4062292644740";"true";"NAME_CONTAINS_SOFORT"
"288886";"4062292644757";"Doppelbett mit Federkernmatratze Designer Bett Schlafzimmer Design Möbel Modern Luxus Betten Sofort";"4062292644757";"true";"NAME_CONTAINS_SOFORT"
"288917";"4062292644764";"Boxspring Ehe Bett Hotel Betten Polster 160 x 200cm Sofort";"4062292644764";"true";"NAME_CONTAINS_SOFORT"
"288918";"4062292644771";"Boxspringbett Doppelbett Ehebett Bettgestell Bett Polsterbett Betten Polyester Sofort";"4062292644771";"true";"NAME_CONTAINS_SOFORT"
"288919";"4062292644788";"Design Doppel Hotel Modern Bett Schlafzimmer Betten Neu Bettrahmen Stoff Textil Sofort";"4062292644788";"true";"NAME_CONTAINS_SOFORT"
"288950";"4062292644795";"Modern Bettgestell Polster Bett Hotel Textil Betten Stoff 180x200cm Sofort";"4062292644795";"true";"NAME_CONTAINS_SOFORT"
"288951";"4062292644801";"Design Ecksofa Sofa Bettfunktion Couch Schlafsofa Polster Textil Sofas Neu Sofort";"4062292644801";"true";"NAME_CONTAINS_SOFORT"
"289102";"4062292644818";"Schlafsofa, Ecksofa Sofa Wohnlandschaft Couch L Form Bettfunktion Textil Stoff Sofort";"4062292644818";"true";"NAME_CONTAINS_SOFORT"
"289104";"4062292644825";"Design Ecksofa Sofa Bettfunktion Couch Schlafsofa Polster Textil Sofas Sofort";"4062292644825";"true";"NAME_CONTAINS_SOFORT"
"289105";"4062292644832";"Neu Design Ecksofa Schlafsofa Bettfunktion Couch Textil Polster Sofas Sofort";"4062292644832";"true";"NAME_CONTAINS_SOFORT"
"289107";"4062292644856";"Design Ecksofa Schlafsofa Bettfunktion Couch Textil Polster Sofas SOFORT LIEFERBAR";"4062292644856";"true";"NAME_CONTAINS_SOFORT"
"289108";"4062292644863";"Ecksofa Bettfunktion Grau Stoff L-Form Sofa Couch Design Polster Modern Sofort";"4062292644863";"true";"NAME_CONTAINS_SOFORT"
"289109";"4062292644870";"Ecksofa Wohnlandschaft Schlafsofa Sofa Bett Textil Stoff Polster Ecke Couch Neu Sofort";"4062292644870";"true";"NAME_CONTAINS_SOFORT"
"289110";"4062292644887";"Ecksofa L-Form Design Polster Textil Bettfunktion Stoff Sofa Couchen Sofort";"4062292644887";"true";"NAME_CONTAINS_SOFORT"
"289111";"4062292644894";"Sessel Stoff Wohnzimmer Design Polster Neu Textil Luxus Ohrensessel Sofort";"4062292644894";"true";"NAME_CONTAINS_SOFORT"
"289112";"4062292643989";"Wohnzimmer Einsitzer Sofa Couch Hotel Luxus Moderner Design Sessel Sofort";"4062292643989";"true";"NAME_CONTAINS_SOFORT"
"289113";"4062292643996";"Sessel Designer Stuhl Relax Sitz Design Couch Lounge Club Textil Möbel Textil Sofort";"4062292643996";"true";"NAME_CONTAINS_SOFORT"
"289114";"4062292644009";"Dreisitzer Couch Polster Design Sofa 3er Sitz Sofas Zimmer Möbel Textil Moderne Sofort";"4062292644009";"true";"NAME_CONTAINS_SOFORT"
"289115";"4062292644016";"Schlafsofa Sofa Polster Wohnzimmer Textil Ecksofa Couch Sitz Garnitur Sofas Sofort";"4062292644016";"true";"NAME_CONTAINS_SOFORT"
"289116";"4062292644023";"Boxspring Bett Schlafzimmer Betten Polster Design Doppel Hotel Luxus 180x200 Sofort";"4062292644023";"true";"NAME_CONTAINS_SOFORT"
"289117";"4062292644030";"Betten Grau Luxus Hotel 180x200cm Bett Polster Design Möbel Doppel Hotel Neu Sofort";"4062292644030";"true";"NAME_CONTAINS_SOFORT"
"289118";"4062292644047";"Design Ecksofa Sofa Couch Polster Sitz Eck Sofas Textil Neu Wohnlandschaft Sofort";"4062292644047";"true";"NAME_CONTAINS_SOFORT"
"289119";"4062292644054";"Ecksofa Sofa Couch Eck Couch Polster Sofas Couchen Garnitur Sitzecke Ecksofas Sofort";"4062292644054";"true";"NAME_CONTAINS_SOFORT"
"289120";"4062292644061";"Design Sofa Holz Sofa Stoff Couch Textil Polster Sitz Sofas Couchen Sofort";"4062292644061";"true";"NAME_CONTAINS_SOFORT"
"289121";"4062292644085";"Big Wohnlandschaft Couch Polster Ecksofa Sofa Couchen Sofas Textil Garnitur Sofort";"4062292644085";"true";"NAME_CONTAINS_SOFORT"
"289122";"4062292644092";"Ecksofa Wohnlandschaft Sofa Couch U Form Polster Couchen Textil Design Sofort";"4062292644092";"true";"NAME_CONTAINS_SOFORT"
"289123";"4062292644108";"Dreifachsitz Textilsofa Couch Holz Couch Polster Sofa 3 Sitzer Textil Couchen Neu Sofort";"4062292644108";"true";"NAME_CONTAINS_SOFORT"
"289124";"4062292644115";"Sofa 3 Sitzer Design Sofas Polster Couchen Leder Relax Moderne Sitz Dreisitzer Sofort";"4062292644115";"true";"NAME_CONTAINS_SOFORT"
"289125";"4062292644122";"Doppelbett 160*200cm Textilbett Bett Betten Textil Polster Ehe Designer Neu Sofort";"4062292644122";"true";"NAME_CONTAINS_SOFORT"
"289126";"4062292644146";"Designer Bett Luxus Doppel Hotel Betten Schlaf Zimmer Textil 180x200cm Neu Sofort";"4062292644146";"true";"NAME_CONTAINS_SOFORT"
"289127";"4062292644139";"Bett Polster Doppel Ehe Luxus Textil Moderne Designer Schlafzimmer Hotel Sofort";"4062292644139";"true";"NAME_CONTAINS_SOFORT"
"289128";"4062292644153";"Bett Polster Design Luxus Doppel Hotel Betten Schlaf Zimmer Textil Luxus Schwarz Sofort";"4062292644153";"true";"NAME_CONTAINS_SOFORT"
"289129";"4062292644160";"Modern Tisch Couchtisch Beistelltisch Sofa Design Wohnzimmer Holz Sofort";"4062292644160";"true";"NAME_CONTAINS_SOFORT"
"289130";"4062292644177";"Designer Luxus Wohnzimmer Couchtische Tische Holz Sofa Couch Neu Sofort";"4062292644177";"true";"NAME_CONTAINS_SOFORT"
"289131";"4062292644184";"Modern Tisch Couchtisch Modern Beistelltisch Sofa Design Wohnzimmer Sofort";"4062292644184";"true";"NAME_CONTAINS_SOFORT"
"289132";"4062292644191";"Neu Designer Couchtisch Beistelltisch Sofa Wohnzimmer Tisch Design Tische Sofort";"4062292644191";"true";"NAME_CONTAINS_SOFORT"
"289350";"4062292644207";"Couchtisch Kaffeetisch Beistelltisch Designer Tisch Wohnzimmertisch Tische Sofort";"4062292644207";"true";"NAME_CONTAINS_SOFORT"
"289351";"4062292644214";"Design Modern Couchtisch Beistelltisch Sofa Wohnzimmer Tisch Möbel Neu Sofort";"4062292644214";"true";"NAME_CONTAINS_SOFORT"
"289352";"4062292644221";"Designer Sofa Ecksofa Stoffsofa Schlafsofa Sofa Textil Samt Eckcouch Couch Sofort";"4062292644221";"true";"NAME_CONTAINS_SOFORT"
"289356";"4062292644245";"Designer Sofa Ecksofa Stoffsofa Bettfunktion Sofa Textil Eckcouch Couch NEU Sofort";"4062292644245";"true";"NAME_CONTAINS_SOFORT"
"289359";"4062292644269";"Design Ecksofa U-form Bettfunktion Couch Textil Sofas Neu Luxus-Möbel Sofort";"4062292644269";"true";"NAME_CONTAINS_SOFORT"
"289360";"4062292644276";"Design Ecksofa L-Form Sofa Couch Polster Schlafsofa Textil Bettfunktion Schlaf Sofort";"4062292644276";"true";"NAME_CONTAINS_SOFORT"
"289361";"4062292644283";"Design Ecksofa Sofa Couch Polster Sitz Eck Sofas Couchen Schlafsofa Bettfunktion Sofort";"4062292644283";"true";"NAME_CONTAINS_SOFORT"
"289362";"4062292644290";"Schlafsofa Sofa Polster Bett Couchen Sofas Couch Sitz Bettfunktion Neu Schlaf Sofort";"4062292644290";"true";"NAME_CONTAINS_SOFORT"
"289363";"4062292644313";"Holz Design Beistell Tische Couch Tisch Sofa Wohn Zimmer 2x Set Wohn Zimmer Sofort";"4062292644313";"true";"NAME_CONTAINS_SOFORT"
"289364";"4062292644320";"Luxus Tisch Couchtisch Design Tische Style Möbel Wohnzimmer 2x Couchtisch Sofort";"4062292644320";"true";"NAME_CONTAINS_SOFORT"
"289365";"4062292644337";"Design Schlafsofa Sofa Polster Wohnzimmer Ecksofa Couch Textl Stoff Garnitur Sofort";"4062292644337";"true";"NAME_CONTAINS_SOFORT"
"289366";"4062292644344";"Schlafsofa Ecksofa Sofa Couch Polster Eck Garnitur Sofas Textil Couchen Neu Sofort";"4062292644344";"true";"NAME_CONTAINS_SOFORT"
"289377";"4062292644351";"Design Ecksofa Couch Wohnlandschaft Schlafsofa Funktionssofa Eck Polster Sofas Sofort";"4062292644351";"true";"NAME_CONTAINS_SOFORT"
"289379";"4062292644368";"Ecksofa Couch Wohnlandschaft Schlafsofa Funktionssofa Polster Sofas Sofort";"4062292644368";"true";"NAME_CONTAINS_SOFORT"
"289391";"4062292644375";"Design Ecksofa Bettfunktion Couch Textil Sofas Schlaf Sofa Couchen Sofort";"4062292644375";"true";"NAME_CONTAINS_SOFORT"
"289392";"4062292644382";"Ecksofa Sofa Couch Eck Polster Sitz Garnitur Stoff Sofas Schlafsofa Bettfunktion Sofort";"4062292644382";"true";"NAME_CONTAINS_SOFORT"
"289393";"4062292644399";"Design Ecksofa Sofa Sina Couch Polster Sitz Eck Sofas Schlafsofas Couchen Ecke Sofort";"4062292644399";"false";"NAME_CONTAINS_SOFORT"
"289395";"4062292644412";"Design Ecksofa Sofa Bettfunktion Couch Polster Sitz Eck Sofas Wohnlandschaft Sofort";"4062292644412";"true";"NAME_CONTAINS_SOFORT"
"289397";"4062292644429";"Ecksofa Schlafsofa Sofa Couch Polster Eckgarnitur Bettfunktion Sitz Couchen Sofort";"4062292644429";"true";"NAME_CONTAINS_SOFORT"
"289398";"4062292644436";"Design Sofa mit Bettfunktion Schlaf Eckcouch Polstergarnitur Sofas Couchen Sofort";"4062292644436";"true";"NAME_CONTAINS_SOFORT"
"289399";"4062292644443";"Design Ecksofa Schlafsofa Bettfunktion Couch Textil Polster Sofas Stoff Sofort";"4062292644443";"true";"NAME_CONTAINS_SOFORT"
"289400";"4062292644450";"Schlafsofa Design Ecksofa U-form Bettfunktion Couch Textil Sofas Stoff Schlaf Sofort";"4062292644450";"true";"NAME_CONTAINS_SOFORT"
"289401";"4062292644467";"Schlafsofa Kinderzimmer kleines Sofa bequemes Bett Kinderbett Textil Sofort";"4062292644467";"true";"NAME_CONTAINS_SOFORT"
"289402";"4062292644474";"Kindersofa gepolstertes Sofa Bett Ecksofa Polstermöbel Kinderbett Textil Sofort";"4062292644474";"true";"NAME_CONTAINS_SOFORT"
"289403";"4062292644481";"Sofa 3 Sitzer Couch Textil Polster Stoff Bettfunktion Schlafsofa Modern Neu Sofort";"4062292644481";"true";"NAME_CONTAINS_SOFORT"
"289414";"4062292644498";"Designer Ecksofa Schlafsofa Bettfunktion Couch Leder Textil Polster Sofas Neu Sofort";"4062292644498";"true";"NAME_CONTAINS_SOFORT"
"289416";"4067282024960";"Wohnlandschaft Sofa Schlafsofa Couch Polster Eckgarnitur Bettfunktion Ecksofa Sofort";"4067282024960";"true";"NAME_CONTAINS_SOFORT"
"289417";"4067282024977";"Sofa Couch Polster Sofas Couchen Schlafsofa Bettfunktion 3 Sitzer Textil Neu Sofort";"4067282024977";"true";"NAME_CONTAINS_SOFORT"
"289426";"4260174420837";"rtv sideboard Fernseh Lowboard Unterschrank TV Led Fernsehschrank Neu Sofort";"4260174420837";"true";"EAN_DUPLICATE|NAME_CONTAINS_SOFORT"
"289435";"4067282024984";"Luxus Designer Polsterbett Bett Betten Designerbett NEU 90x200cm Boxspring Sofort";"4067282024984";"true";"NAME_CONTAINS_SOFORT"
"289448";"4067282024991";"Designer Sofa Ecksofa Stoffsofa Bettfunktion Sofa Textil Eckcouch Couch Sofort";"4067282024991";"true";"NAME_CONTAINS_SOFORT"
"289449";"4067282025004";"Polsterbett Betten Bett Polster Designer Hotel Doppel Luxus Design 180x200cm Neu Sofort";"4067282025004";"true";"NAME_CONTAINS_SOFORT"
"289452";"4067282025011";"Design Ecksofa Couch Polster Sitz Eckgarnitur Schlafsofa Sofa Couchen Bett Neu Sofort";"4067282025011";"true";"NAME_CONTAINS_SOFORT"
"289453";"4067282025028";"Design Ecksofa Schlafsofa Bettfunktion Sofa Couch Polster Textil Sofas Neu Sofort";"4067282025028";"true";"NAME_CONTAINS_SOFORT"
"289455";"4067282025035";"Hocker Ottomane Couch Textil Sitz Neu Fußhocker Polster Neu Bank Beistellhocker Sofort";"4067282025035";"true";"NAME_CONTAINS_SOFORT"
"289456";"4067282025042";"Polsterbett Betten Bett Polster Hotel Luxus Doppel Design 180x200cm Neu Sofort";"4067282025042";"true";"NAME_CONTAINS_SOFORT"
"289457";"4067282025059";"Boxspringbett Betten Matratze Bett Polster Textil Design Hotel Doppel neu Sofort";"4067282025059";"true";"NAME_CONTAINS_SOFORT"
"289458";"4067282025066";"Sessel Design Couch Sofa Sitzer Lounge Club Polster Luxus Ohren Sitz Relax Sofort";"4067282025066";"true";"NAME_CONTAINS_SOFORT"
"289459";"4067282025073";"Design Ohren Sessel Club Lounge Möbel Fernseh Sofa Stuhl Stühle Polster Sitz Neu Sofort";"4067282025073";"true";"NAME_CONTAINS_SOFORT"
"289460";"4067282025080";"Moderne Schlafsofa Couch Polster Sitz Garnitur L Form Textil Stoff Sofas Sofort";"4067282025080";"true";"NAME_CONTAINS_SOFORT"
"289461";"4067282025103";"Schlafsofa Stoff Neu Sofa mit Bettfunktion 3 Sitz Sofa Couch Textil Polster Sofort";"4067282025103";"true";"NAME_CONTAINS_SOFORT"
"289648";"4067282025110";"Design Ecksofa Schlafsofa Bettfunktion Textil Couch Polster Sofas Stoff Sofort";"4067282025110";"true";"NAME_CONTAINS_SOFORT"
"289649";"4067282025127";"NEU Ecksofa L Form Sofa Couch Polster Sofas Wohnlandschaft Stoffsofa mit Hocker Sofort";"4067282025127";"true";"NAME_CONTAINS_SOFORT"
"289650";"4067282025134";"Ecksofa L Form mit Hocker Sofa Couch Design Polster Textil Modern Blau Sofa Sofort";"4067282025134";"true";"NAME_CONTAINS_SOFORT"
"289651";"4067282025141";"Sofa U-Form Textilsofa Couch Wohnlandschaft Garnitur Design Modern Sofa Ecksofa Sofort";"4067282025141";"true";"NAME_CONTAINS_SOFORT"
"289652";"4067282025158";"Fußhocker Hocker Ottomane Couch Textil Sitz Neu Polster Neu Bank Beistellhocker Sofort";"4067282025158";"true";"NAME_CONTAINS_SOFORT"
"289653";"4067282025165";"Ecksofa Sofa Couch Polster Wohnlandschaft Textil Eck Sofas Garnitur L Form Neu Sofort";"4067282025165";"true";"NAME_CONTAINS_SOFORT"
"289654";"4067282025172";"Ecke Ecksofa L-Form Wohnlandschaft Sofa Couch Polster Garnitur Stoff Sofas Textil Sofort";"4067282025172";"true";"NAME_CONTAINS_SOFORT"
"289655";"4067282025189";"Designer Beistell Tische Couch Tisch Sofa Wohn Zimmer 2x Set Wohn Zimmer Sofort";"4067282025189";"true";"NAME_CONTAINS_SOFORT"
"289656";"4067282025196";"Sofas L Form Sofa Couch Polster Wohnlandschaft Design Ecksofa Textil Neu Sofort";"4067282025196";"true";"NAME_CONTAINS_SOFORT"
"289657";"4067282025202";"Sofa Bett Stoff Neu Set Bett Funktion 3 Sitze Sofa Bett Textil Polsterung Sofort";"4067282025202";"true";"NAME_CONTAINS_SOFORT"
"289658";"4067282025219";"Design Ecksofa Schlafsofa Bettfunktion Couch Polster Textil Sofas Neu Sofort";"4067282025219";"true";"NAME_CONTAINS_SOFORT"
"289660";"4067282025226";"Design Sofa Schlafsofa Bettfunktion Couch Polster Textil Sofas Neu Sofort";"4067282025226";"true";"NAME_CONTAINS_SOFORT"
"289662";"4067282025233";"Royal Matratze Hochwertige Schlaf Himmel Matratzen Exklusive Luxus 160x200 17cm Sofort";"4067282025233";"true";"NAME_CONTAINS_SOFORT"
"289663";"4067282025240";"Matratze Taschenfederkern Matratzen Polster Orthopädische 180x200cm Sofort";"4067282025240";"true";"NAME_CONTAINS_SOFORT"
"289664";"4067282025257";"weiß gepolsterte Federkernmatratze Komfortable Luxus-Doppelmatratze Sofort";"4067282025257";"true";"NAME_CONTAINS_SOFORT"
"289665";"4067282025264";"Taschenfederkernmatratzen exklusive, hochwertige Matratzen 160*200*15cm Sofort";"4067282025264";"true";"NAME_CONTAINS_SOFORT"
"289666";"4067282025271";"Hochwertige Polyurethanschaum-Matratze 80*200cm Sofort";"4067282025271";"true";"NAME_CONTAINS_SOFORT"
"289667";"4067282025288";"90x200 cm Matratzenschoner bis 4 cm Steghöhe atmungsaktiv wärmeregulierend Sofort";"4067282025288";"true";"NAME_CONTAINS_SOFORT"
"289668";"4067282025295";"Matratzen, 18 cm hoch, Premium Taschenfederkernmatratze für guten und gesunden Schlaf Sofort";"4067282025295";"true";"NAME_CONTAINS_SOFORT"
"289669";"4067282025301";"Taschenfederkernmatratze mit hervorragender Körperanpassung Sofort";"4067282025301";"true";"NAME_CONTAINS_SOFORT"
"289688";"JVM4062292067570";"Design Zwerg Figur Garten Statue Skulptur Figuren Skulpturen Dekoration Sofort";"4062292067570";"true";"EAN_DUPLICATE|NAME_CONTAINS_SOFORT"
"290654";"4062292634802";"Chesterfield Ledersofa Sofagarnitur 321 Sofa Couch Garnitur Couchen Sofas Sofort";"4062292634802";"true";"NAME_CONTAINS_SOFORT"
"290821";"4062292634604";"Kommoden E61 Sideboards Wohnzimmer Barock Anrichte Spiegel Neu Kommode Sofort";"4062292634604";"true";"NAME_CONTAINS_SOFORT"
"290906";"4067282025455";"Skulptur Deko Statue Kuh Deko Statue Skulptur Abstrakt Design Figur Sofort";"4067282025455";"true";"NAME_CONTAINS_SOFORT"
"290908";"4067282025431";"Figur Statue Design Skulptur Rind Dekoration Garten Außen Kuh Bauernhof Sofort";"4067282025431";"false";"NAME_CONTAINS_SOFORT"
"290912";"4067282025400";"Chesterfield Design Sessel Polster Couch Luxus Textil Couchen 1 Sitzer Sofort";"4067282025400";"false";"NAME_CONTAINS_SOFORT"
"291079";"4062292289699";"Spiegel Wandspiegel Flurspiegel Bad Flur Holz Wand Dekoration Spieglein Barock";"4062292289699";"true";"EAN_DUPLICATE"
"291321";"JVM4062292290558";"Sofa Dreisitzer Klassische Textil Couch Polster 3 Sitzer Couchen Stoff Neu";"4062292290558";"true";"EAN_DUPLICATE"
"291476";"4062292635861";"Moderne Trennwand Wände LED Wasserwand Beleuchtete Wand Sofort";"4062292635861";"true";"NAME_CONTAINS_SOFORT"
"291484";"4062292635885";"Couch Polster Sofa Chesterfield Couchen Dreisitzer Kunstleder 3 Sitzer Sofort";"4062292635885";"false";"NAME_CONTAINS_SOFORT"
"291493";"4062292635908";"Esszimmer Stühle Luxus Sessel Stuhl Holz Weiß Stühle Wohnzimmer Möbel Sofort";"4062292635908";"false";"NAME_CONTAINS_SOFORT"
"292878";"JVM4062292724961";"Chefsessel Sessel Klassischer Stuhl Büro Drehstuhl Leder Barock Rokoko Sofort";"4062292724961";"false";"EAN_DUPLICATE|NAME_CONTAINS_SOFORT"
"292880";"JVM4062292279966";"Beistelltisch Vintage Leder Möbel Aluminium Silber Alu Tisch Aviator Neu Sofort";"4062292279966";"true";"EAN_DUPLICATE|NAME_CONTAINS_SOFORT"
"293311";"4062292584282";"Bett Bücher Schrank Regal Gästebett Schränke Wand Schrank Wandschrank Betten";"4062292584282";"true";"EAN_DUPLICATE"
"293443";"JVM4062292124457";"Dreisitzer Couch Polster Design Sofa 3er Sitz Sofas Zimmer Moderne Grau Sofort";"4062292124457";"true";"EAN_DUPLICATE|NAME_CONTAINS_SOFORT"
"293607";"4062292583087";"Kleiderschrank 6 Türen Kleider Schrank Designer Möbel Schränke Spiegel Möbel Neu";"4062292583087";"true";"EAN_DUPLICATE"
"293619";"4062292584121";"Schrank Bett Wandschrank Betten Wohnwand Schlafzimmer Gästezimmer Möbel Regal";"4062292584121";"true";"EAN_DUPLICATE"
"294628";"JVM4062292033537";"Hexe 30cm Skulptur Design Figur Statue Garten Figuren Statuen Skulpturen Sofort";"4062292033537";"true";"EAN_DUPLICATE|NAME_CONTAINS_SOFORT"
"294632";"4260499874506";"Wasserbrunnen Springbrunnen Brunnen Fontäne Fontaine Wasserspiele Garten";"4260499874506";"true";"EAN_DUPLICATE"
"294944";"4062292577918";"Bettrahmen Betten Ehebett Modern Bett Kunstleder Polsterbett Doppelbett Schwarz";"4062292577918";"true";"EAN_DUPLICATE"
"295610";"4062292015137";"Hocker Sitz Fußhocker Sitzhocker Sitzpouf Wohnzimmer Designer Pufa Würfel Sofort";"4062292015137";"true";"NAME_CONTAINS_SOFORT"
"295820";"4062292578182";"Luxus Tisch Metall Esstisch Mega Design Tische Edelstahl Marmor Imitat Esstisch";"4062292578182";"true";"EAN_DUPLICATE"
"295892";"4062292578229";"Runder Luxus Tisch Design Tische Rund Stein Möbel Esszimmer Esstische Modern Neu";"4062292578229";"true";"EAN_DUPLICATE"
"295905";"4062292578113";"Luxus Esstische Tische Design Tisch Edelstahl Stein Möbel Esszimmer Modern Säule";"4062292578113";"true";"EAN_DUPLICATE"
"296019";"4062292578076";"Luxus Tische Runder Tisch Runde Design Möbel Edelstahl Esszimmer Esstische Neu";"4062292578076";"true";"EAN_DUPLICATE"
"296047";"JVM4260174422473";"LEDERSOFA XXL WOHNLANDSCHAFT ECKCOUCH LEDER ECKSOFA ROT / WEIß GARNITUR SOFORT";"4260174422473";"true";"EAN_DUPLICATE|NAME_CONTAINS_SOFORT"
"296082";"4062292578168";"Luxus Esstisch Esszimmer Tisch Metall Gold Tische Esstische Möbel Einrichtung";"4062292578168";"true";"EAN_DUPLICATE"
"296234";"4062292558832";"Luxus Tische Esszimmer Tisch Metall Esszimmertisch Moderner Möbel Gold Edelstahl";"4062292558832";"true";"EAN_DUPLICATE"
"296374";"4062292558788";"Luxus Moderner Marmor Stil Esstisch Möbel Tische Esszimmer Design Küche";"4062292558788";"true";"EAN_DUPLICATE"
"296405";"4062292555817";"Edelstahl Esstisch Esszimmer Moderne Wohnzimmer Küche Tische Design Tisch Metall";"4062292555817";"true";"EAN_DUPLICATE"
"296440";"4062292555787";"Moderner Esstisch Tisch Tische Esszimmer Luxus Möbel Design Stein Küche Neu";"4062292555787";"true";"EAN_DUPLICATE"
"296452";"4062292558856";"Esstisch Esszimmer Moderne Edelstahl Wohnzimmer Küche Tische Design Tisch Metall";"4062292558856";"true";"EAN_DUPLICATE"
"296643";"JVM4062292033469";"Junge Sitzende Figur Statue Figuren Skulptur Statuen Garten Dekoration Sofort";"4062292033469";"true";"EAN_DUPLICATE|NAME_CONTAINS_SOFORT"
"296644";"4062292558863";"Luxus Tische Esstisch Möbel Säule Tisch Marmor Stil Esstische Metall Edelstahl";"4062292558863";"true";"EAN_DUPLICATE"
"296673";"4062292555763";"Esszimmer Möbel Edelstahl Oval Esstisch Tisch Design Tische Luxus Möbel Rund Neu";"4062292555763";"true";"EAN_DUPLICATE"
"296709";"4067282040571";"Vitrine Kommoden Vitrinen Kommoden Schränke Glas Designer Schrank Eck";"4067282040571";"true";"EAN_DUPLICATE"
"296710";"4062292555633";"Esstisch Moderne Esszimmer Wohnzimmer Küche Tische Design Tisch Edelstahl Metall";"4062292555633";"true";"EAN_DUPLICATE"
"296720";"4062292555756";"Marmor Esstisch Moderne Esszimmer Wohnzimmer Küche Tische Design Tisch Rund Neu";"4062292555756";"true";"EAN_DUPLICATE"
"296966";"JVM4062292107498";"Design Figur Antik Stil Skulptur Figuren Skulpturen Dekoration Skulptur Sofort";"4062292107498";"true";"NAME_CONTAINS_SOFORT"
"297734";"4062292575471";"Ecksofa U-form Polster Modern Relax Sitz Luxus Möbel Wohnlandschaft Sofa Couch";"4062292575471";"true";"EAN_DUPLICATE"
"298093";"4062292592959";"Tisch Beistelltisch Couchtisch Kaffeetisch Beistelltisch Wohnzimmertisch Tische";"4062292592959";"true";"EAN_DUPLICATE"
"298177";"4062292733062";"Couchtisch Luxus Design Couch Tisch Kaffee Beistell Tische Rund Sofa Wohnzimmer";"4062292733062";"true";"EAN_DUPLICATE"
"298550";"4062292733437";"Ledersofa Couch Wohnlandschaft Garnitur Design Modern Sofas Sofa 3 Sitzer Sitz";"4062292733437";"true";"EAN_DUPLICATE"
"298666";"JVM4062292717604";"Design Doppelbett Lederbett Bett Leder Polster Schlafzimmer Ehe 180x200 Sofort";"4062292717604";"false";"EAN_DUPLICATE|NAME_CONTAINS_SOFORT"
"298871";"4062292578779";"Kinderbett Etagenbett Jugendbett Hochbett Design Modern Bett Kinderzimmer Betten Sofort";"4062292578779";"true";"EAN_DUPLICATE|NAME_CONTAINS_SOFORT"
"298912";"4260174420462";"Designer Sessel Modern Luxus Sitz Rot Schwarz mit Relax Sessel Sofort";"4260174420462";"false";"EAN_DUPLICATE|NAME_CONTAINS_SOFORT"
"298939";"JVM4062292350863";"Braune Eckcouch Western Stil Eckgarnitur Ecksofa Eckcouch Garnitur Braun Sofort";"4062292350863";"true";"EAN_DUPLICATE|NAME_CONTAINS_SOFORT"
"298972";"4062292734014";"Sofagarnitur 3+2 Sitzer Wohnlandschaft Sofa Couch Polster Garnitur Sofas Leder";"4062292734014";"true";"EAN_DUPLICATE"
"299101";"4062292733079";"Sofa L-Form Ledersofa Couch Wohnlandschaft Ecksofa Garnitur Moderne Couchen Neu";"4062292733079";"true";"EAN_DUPLICATE"
"299141";"4062292592515";"kommode rtv design sideboard fernseh matt low schrank neu board wand luxus holz";"4062292592515";"true";"EAN_DUPLICATE"
"299549";"4062292334399";"Bett Textil Schlafzimmer Möbel Luxus Moderne Betten Chesterfield Boxspring Neu";"4062292334399";"true";"EAN_DUPLICATE"
"299728";"4062292733123";"Sofagarnitur 4+3+2 Ledersofa Couch Wohnlandschaft Garnitur Design Modern Sofa";"4062292733123";"true";"EAN_DUPLICATE"
"300079";"4062292350801";"Sofagarnitur Dreisitzer Stoff Wohnzimmer Samt Design Grün Sofa 2 Sessel Gruppe";"4062292350801";"true";"EAN_DUPLICATE"
"300088";"4062292347153";"Graue Ecksofa Design Couchen Polster Sofas Italienische Einrichtung Wohnzimmer";"4062292350801";"true";"EAN_DUPLICATE"
"300190";"4062292349355";"Ecksofa Blau Wohnlandschaft Couch Eckgarnitur Polster Italienische Möbel Design";"4062292349355";"true";"EAN_DUPLICATE"
"300548";"4062292334528";"Bett 2x Nachttisch 3 tlg. Schlafzimmer Set Luxus Design Möbel Modern Betten Neu";"4062292334528";"true";"EAN_DUPLICATE"
"301136";"4062292634710";"Esszimmer Sessel Lehnstuhl Luxus Stühle Neu Gold Stühle thron Samt Stuhl sofort";"4062292634710";"true";"NAME_CONTAINS_SOFORT"
"301261";"4062292582479";"Eckvitrine Vitrine Anrichte Vitrinen Luxus Glas Schrank Schranke Eck Holz Design";"4062292582479";"true";"EAN_DUPLICATE"
"301388";"4062292632655";"Hocker Designer Modern Hocker Beistellhocker Fußhocker Chaiselounge Polster";"4062292632655";"true";"EAN_DUPLICATE"
"301391";"JV4062292632655";"Ottomane Sitz Textil Chaise Lounge Pufa Design Hocker Design Polster Fußhocker";"4062292632655";"true";"EAN_DUPLICATE"
"301612";"4062292349560";"Gelb Dreisitzer Stoff Wohnzimmer Design Couchen Polster Sofa Sofas Chesterfield";"4062292349560";"true";"EAN_DUPLICATE"
"301624";"4062292349607";"Silber Dreisitzer Stoff Design Couchen Polster Sofas Original Chesterfield Neu";"4062292349560";"true";"EAN_DUPLICATE"
"301759";"4067282109940";"Tisch Esszimmertisch Esstisch Esszimmer Holz Tische Barock Ess Luxus Möbel Neu";"4067282109940";"true";"EAN_DUPLICATE"
"301844";"4067282109490";"Sofagarnitur 3+1+1 Sitz Sofa Sessel Sofas Luxus Garnitur Stoff Wohnzimmer Möbel";"4067282109490";"true";"EAN_DUPLICATE"
"301944";"4067282109322";"Sofagarnitur 3+3+1+1 Sitz Couchtisch Chesterfield Sofa Sessel Luxus Set 5tlg";"4067282109322";"true";"EAN_DUPLICATE"
"302041";"4067282169364";"Esszimmerstuhl Stuhl Stühle Holz Luxus Esszimmer Ess Stoff Stil Barock Rokoko";"4067282169364";"true";"EAN_DUPLICATE"
"302098";"JVM4062292177668";"Design Badezimmer Möbel Bad Garnitur Schrank Sofort";"4062292177668";"true";"EAN_DUPLICATE|NAME_CONTAINS_SOFORT"
"302185";"4062292776380";"Designer Ecksofa Wohnlandschaft Ledersofa Sofa Sofa Couch Polster Lform Orange";"4062292776380";"true";"EAN_DUPLICATE"
"302728";"4062292775420";"Sofa Ledersofa Eckcouch Polstergarnitur Couch Eckgarnitur Wohnlandschaft Polster";"4062292776380";"true";"EAN_DUPLICATE"
"302879";"4062292349881";"Beige Dreisitzer Leder Chesterfield Wohnzimmer Modern Design Couchen Sofa Neu";"4062292092541";"true";"EAN_DUPLICATE"
"302897";"4062292581458";"Couchtisch Tische Designer Beistelltisch Luxus Holz Wohnzimmer Tisch Couchtische";"4062292581458";"true";"EAN_DUPLICATE"
"303088";"4067282115989";"Wohnzimmer Design Tische Möbel Tisch Luxus Beistelltisch Holz Modern Couchtisch";"4067282115989";"true";"EAN_DUPLICATE"
"303109";"4062292252549";"Luxus Ecksofa L-Form Garnitur Leder Ledersofa Sitz Wohnzimmer Ecke Sofa Sofort";"4062292252549";"true";"NAME_CONTAINS_SOFORT"
"303725";"JVM4062292090189";"2 Sitzer Chesterfield Leder Couch Sofa Polster Sofas Design Luxus Sofas Sofort";"4062292090189";"false";"EAN_DUPLICATE|NAME_CONTAINS_SOFORT"
"303729";"4260439210838";"Hocker Sofa Pouf Polster Beistellhocker Fußhocker Ottomane Beige Möbelhocker Sofort";"4260439210838";"true";"NAME_CONTAINS_SOFORT"
"304088";"4062292642456";"Sofagarnitur 3+1+1 Sitzer Set Design Sofa Neu Polster Couchen Couch Garnitur Neu";"4062292642456";"true";"EAN_DUPLICATE"
"304502";"4062292642562";"Esszimmer Garnitur Lehn Samt Textil Stuhl 6x Stühle Gruppe Set Wohn Holz Echtes";"4062292642562";"true";"EAN_DUPLICATE"
"304550";"4062292284007";"Wohnzimmer Schrank Klassische Holt Glas Vitrine Vitrinenschrank Vitrinen Sofort";"4062292284007";"true";"NAME_CONTAINS_SOFORT"
"304918";"4067282115750";"Lowboard Kommoden Italienische Möbel Neu Sideboard Kommode Design Einrichtung";"4067282115750";"true";"EAN_DUPLICATE"
"304992";"4062292644917";"Rund Esstisch Esszimmer Tisch Ausziehbarer Luxus Tische Holz Italienische Möbel";"4062292644917";"true";"EAN_DUPLICATE"
"305004";"4062292645099";"Vitrine Schrank Klassische Vitrinen Schränke Wohnzimmer Deko Anrichte";"4062292645099";"true";"EAN_DUPLICATE"
"305052";"4067282115071";"Kommode Italienischer Stil Kommoden Gold Sideboards Massiv Holz Möbel Kommoden";"4067282115071";"true";"EAN_DUPLICATE"
"305088";"4062292642418";"Modern Ess Esszimmer Holztisch Design neu Esstisch Tisch Ausziehbar Tische Holz";"4062292642418";"true";"EAN_DUPLICATE"
"305092";"JVM4062292644917";"Luxus Esszimmer Set Garnitur 7tlg Braun Holz Möbel Kommode Stuhl Tisch Vitrine";"4062292644917";"true";"EAN_DUPLICATE"
"305308";"4067282115019";"Bettgestell Betten Holz Hotel Bettrahmen Grau Möbel Bett Doppelbetten Modernes";"4067282115019";"true";"EAN_DUPLICATE"
"305357";"4067282115033";"Nachttisch Beistelltisch Tisch Holz Tische Schlafzimmer Möbel Nachttische Grau";"4067282115033";"true";"EAN_DUPLICATE"
"308667";"4062292203565";"Regale Designer Beleuchtet Led Wasser Wand Bar Regal Säule Theke Wassersäulen";"4062292203565";"true";"EAN_DUPLICATE"
"308692";"4067282115859";"Sideboard rtv Kommode TV Schrank Lowboard TV Möbel TV Rahmen Wohnzimmerschrank";"4067282115859";"true";"EAN_DUPLICATE"
"308827";"JVM4062292723797";"Buffet Anrichte Kommode mit Spiegel Echte Handarbeit Holz Barock Rokoko Sofort";"4062292509773";"true";"EAN_DUPLICATE|NAME_CONTAINS_SOFORT"
"308882";"4062292283758";"Chesterfield Liegen Chaiselounge Liege Couch Sofa Ledersofa Neu Lounge Sofort";"4062292283758";"true";"NAME_CONTAINS_SOFORT"
"309143";"4260454043497";"Designer Polsterbett Betten Polster Ehe Leder Doppel Bett 180x200cm Sofort";"4260454043497";"true";"EAN_DUPLICATE|NAME_CONTAINS_SOFORT"
"309187";"4067282115873";"Betten Doppel Bettrahmen Design Möbel Neu Bett Doppelbetten Kamin Deko Truhe Neu";"4067282115873";"true";"EAN_DUPLICATE"
"309233";"4062292330780";"Design Wohn Deko Statuen Skulpturen Figuren Abstrakte Frauen Figur Dekoration";"4062292330780";"true";"EAN_DUPLICATE"
"309274";"4062292330285";"Dekorationen Garten Giraffe Statue Skulptur Skulpturen Designer Figuren Moderne";"4062292330285";"true";"EAN_DUPLICATE"
"309307";"JVM4062292330285";"Dekorationen Garten Giraffe Statue Skulptur Figuren Skulpturen Designer Moderne";"4062292330285";"true";"EAN_DUPLICATE"
"309709";"JVM4062292261121";"Sofagarnitur 321 Sitzer Sofa Couch Leder Garnitur Polster Set Holz Barock Sofort";"4062292261121";"false";"EAN_DUPLICATE|NAME_CONTAINS_SOFORT"
"310214";"4062292284304";"Couchtisch Kaffeetisch Glas Design Beistelltische Tisch Wohnzimmer";"4062292284304";"true";"EAN_DUPLICATE"
"310333";"4067282116658";"Sofagarnitur Couch Polster 3311 Sitzer Set Design Sofas Polster";"4067282116658";"true";"EAN_DUPLICATE"
"310553";"4067282189027";"Massagesessel Ganzkörper Massagefunktion 3D Massagerollen Sofort";"4067282189027";"true";"NAME_CONTAINS_SOFORT"
"310558";"4067282189003";"Schlafzimmer Kinderbett Betten Kinder Zimmer Polizei Auto Sofort";"4067282189003";"true";"NAME_CONTAINS_SOFORT"
"310693";"4067282188907";"Italienische Möbel Holz Luxus Stuhl Neu Lehnstühle Klassische Sofort";"4067282188907";"true";"NAME_CONTAINS_SOFORT"
"310700";"4067282188914";"Luxus Dreisitzer Couch Polster Möbel Couchen Sofas Kunstleder Sofort";"4067282188914";"true";"NAME_CONTAINS_SOFORT"
"310781";"4067282188860";"Moderner Wohnzimmer Tisch Glas Holz Couchtisch Beistell Tische Sofort";"4067282188860";"false";"NAME_CONTAINS_SOFORT"
"310808";"4067282188969";"Esszimmer Stuhl 1 Sitzer Luxus Klasse Rokoko Möbel Design E63 Sofort";"4067282188969";"false";"NAME_CONTAINS_SOFORT"
"310814";"4067282188839";"Esszimmer Design Holz Stuhl Barock Rokoko E38 1x Lehnstuhl Sofort";"4067282188839";"false";"NAME_CONTAINS_SOFORT"
"310839";"4067282188921";"Runder Fußhocker Ottomane Sitz Bank Sofa Pouf Metall Polster Sofort";"4067282188921";"false";"NAME_CONTAINS_SOFORT"
"310842";"4067282188938";"Ottomane Sitzhocker Sitzpouf Wohnzimmer Polster Bank Fußhocker Sofort";"4067282188938";"false";"NAME_CONTAINS_SOFORT"
"310851";"4067282188853";"Couchtisch Wohnzimmertisch Beistelltisch Kaffeetisch Sofort";"4067282188853";"false";"EAN_DUPLICATE|NAME_CONTAINS_SOFORT"
"310895";"JVM4062292636493";"Wohnwand Set 4tlg. Wohnzimmer rtv Vitrine Regal Modern Garnitur Gruppe Holz tv";"4062292636493";"true";"EAN_DUPLICATE"
"311056";"JVM4062292005336";"Römische Medusa-Säule aus Marmor dekorativer Skulpturenständer Sofort";"4062292005336";"true";"EAN_DUPLICATE|NAME_CONTAINS_SOFORT"
"311059";"4067282025097";"Design Ecksofa Schlafsofa Bettfunktion Couch Polster Wohnlandschaft Textil Sofas Neu Sofort";"4067282025097";"true";"NAME_CONTAINS_SOFORT"
"311352";"JVM4062292092381";"Leder Luxus Fernseh Relax Chesterfield Club Sessel Cheserfield 1 Sitzer Sofort";"4062292092381";"true";"EAN_DUPLICATE|NAME_CONTAINS_SOFORT"
"311474";"4067282204973";"Sessel Polster Sitzer Design Couch Sessel Relax Stoff Lounge Luxus Wohnzimmer";"4067282204973";"true";"EAN_DUPLICATE"
"311511";"4067282256422";"Dreisitzer Sofa Luxus Chesterfield 3 Sitzer Couches Grau Sofas Samt Neu Couch";"4067282256422";"true";"EAN_DUPLICATE"
"311557";"4062292260087";"Klassische Stühle Stuhl Designer Holzstuhl Esszimmerstuhl Neu Sofort Lieferbar";"4062292260087";"true";"NAME_CONTAINS_SOFORT"
"311728";"JVM_4062292090134";"Designer Schmink Tische Konsolen Tisch Holz Kommode Side Board Schrank Sofort";"4062292090134";"true";"EAN_DUPLICATE|NAME_CONTAINS_SOFORT"
"311995";"JVM4062292226823";"Lattenrost robuster Bettrost Aluminium Rahmen 180x200 cm Bett Lattenroste Sofort";"4062292226823";"false";"EAN_DUPLICATE|NAME_CONTAINS_SOFORT"
"312175";"4260484866806";"Ecksofa mit Bettfunktion Wohnlandschaft Sofa Ecksofa Couch Ecke Polster Garnitur";"4260484866806";"true";"EAN_DUPLICATE"
"312255";"4067282076457";"Esstisch Esszimmer Wohnzimmer Holz Mode Design Möbel Massivholz Tisch Neu";"4067282076457";"true";"EAN_DUPLICATE"
"312257";"JVM4067282076457";"Esstisch Tisch Tische Luxus Holz Esszimmer Design Möbel Möbel Einrichtung Neu";"4067282076457";"true";"EAN_DUPLICATE"
"312318";"4067282126718";"Sessel 1 Sitzer Beige Chesterfield Luxus Design Einsitzer Möbel Stoff";"4067282126718";"true";"EAN_DUPLICATE"
"312583";"4062292284366";"Schrank Hochschrank Kleiderschrank Mehrzweck Schränke Regal Kleiderschränke Neu";"4062292284366";"true";"EAN_DUPLICATE"
"312709";"4062292016486";"Wohnlandschaft Big XXL Polster Schlafsofa Sitz Eck Garnitur Bettfunktion Sofa";"4062292016486";"true";"EAN_DUPLICATE"
"312710";"4062292284298";"Couchtisch River Tisch Epoxidharz Massiv Tische 120x70 Flusstisch Echtes Holz";"4062292284298";"true";"EAN_DUPLICATE"
"312796";"4067282117907";"Esszimmer Stuhl 1 Sitzer Sessel Edelstahl Luxus Modern Möbel Design";"4067282117907";"true";"EAN_DUPLICATE"
"312974";"4067282074132";"Jugend Kinder Zimmer Nachttisch Schrank Modern Schlafzimmer Kommode Tisch 5tlg.";"4067282074132";"true";"EAN_DUPLICATE"
"313007";"4062292774522";"tisch esstisch tische harz epoxy massive design möbel 200x100 echtes holz epoxid";"4062292774522";"true";"EAN_DUPLICATE"
"313015";"4062292774669";"tische epoxid harz esstisch holz massive möbel wasserfall epoxy tisch giessharz";"4062292774669";"true";"EAN_DUPLICATE"
"313029";"4062292636486";"Vitrinen Wohnzimmer Schränke Anrichte Schrank Klassische Regal Glas";"4062292636493";"true";"EAN_DUPLICATE"
"313117";"4260533187340";"Ecksofa Sofa Couch Polster Ledersofa mit Regal Sitz Couchgarnitur Ecke GenovaS";"4260533187340";"true";"EAN_DUPLICATE"
"313320";"JVM4062292155529";"Abstrakt Pinguin Figur Statue Skulptur Deko Garten Design Statuen Dekoration Neu";"4062292155529";"true";"EAN_DUPLICATE"
"313343";"4062292562877";"Design Luxus Konsolen Tisch Konsole Sideboard Kommode Sideboards Hotel";"4062292562877";"true";"EAN_DUPLICATE"
"313371";"4062292285837";"Elefant Figur Garten Statue Skulptur Figuren Skulpturen Dekoration Deko Zoo Tier";"4062292285837";"true";"EAN_DUPLICATE"
"313462";"4062292563027";"Konsolentisch Wandtisch Beistelltisch Konsole Tischkonsole Tisch Wand";"4062292563027";"true";"EAN_DUPLICATE"
"313485";"4062292562907";"Moderner Konsolentisch Designer Gold Handgemacht Edelstahl 120x40cm";"4062292562907";"true";"EAN_DUPLICATE"
"313545";"JVM4062292021497";"Design Medusa Wand Relief Bild Rosette Statue Skulptur Skulpturen Figuren Sofort";"4062292021497";"true";"EAN_DUPLICATE|NAME_CONTAINS_SOFORT"
"314299";"4067282119352";"Lila Kinder Hochbett Etagenbett Doppelstockbett Bett Hochglanz Möbel";"4067282119352";"true";"EAN_DUPLICATE"
"314347";"4067282149601";"Sofagarnitur 3+3+1 Sitzer Sofa Sofas Sessel Stoff Holz Graue Couchen";"4067282149601";"false";"EAN_DUPLICATE"
"314355";"4067282003392";"Couchtisch tisch Beistelltisch Designer Tisch Wohnzimmertisch Tische Möbel";"4067282003392";"true";"EAN_DUPLICATE"
"314451";"JVM4062292131752";"Klassisch Nachttischleuchte Tischleuchte Tischlampe Bohemia Tisch Leuchte Sofort";"4062292131752";"true";"EAN_DUPLICATE|NAME_CONTAINS_SOFORT"
"314452";"JVM4062292019708";"Kolonial Stil Säule Podest Antik Design Element Säule Ständer Blumen Sofort";"4062292019708";"true";"EAN_DUPLICATE|NAME_CONTAINS_SOFORT"
"314505";"4067282080270";"Schlafzimmer Set Bett Nachttisch Kommode Spiegel Kleiderschrank 5tlg.";"4067282080270";"true";"EAN_DUPLICATE"
"314768";"4067282219878";"Chaiselounge Chesterfield Liege Bank Liegen Hocker Klassische Möbel";"4067282219878";"true";"EAN_DUPLICATE"
"314844";"4067282218543";"Schlafzimmer Konsolen Nachttisch Set 2x Nachttische Luxus Hotel Möbel Beige Neu";"4067282218543";"true";"EAN_DUPLICATE"
"314950";"4067282080638";"Bett Doppelbett Betten Möbel Einrichtung Schlafzimmer Möbel Design";"4067282080638";"true";"EAN_DUPLICATE"
"314955";"4067282218550";"Schminktisch Set Konsole Spiegel Schlafzimmer Möbel Design Hocker Set Neu";"4067282218550";"true";"EAN_DUPLICATE"
"314956";"4067282220263";"Luxus Dreisitzer Sofa 3 Sitzer Stoff Sofas Design Beige Textil Schwarz";"4067282220263";"true";"EAN_DUPLICATE"
"314992";"4067282192195";"Fußhocker Ottomane Sitz Bank Hocker Sofa Pouf Braun Beige Polster Sofort";"4067282192195";"true";"NAME_CONTAINS_SOFORT"
"315011";"4067282218710";"Schminktisch Set Konsole Schlafzimmer Möbel Design Hocker Luxus Tisch Holz 2tlg";"4067282218710";"true";"EAN_DUPLICATE"
"315025";"4067282192027";"Statue Figur Engel auf Erde Globus Statuen Skulpturen Dekoration Sofort";"4067282192027";"false";"NAME_CONTAINS_SOFORT"
"315027";"4067282192010";"Engel Figur auf Globus Skulptur Statur Figuren Skulpturen Statuen Sofort";"4067282192010";"true";"NAME_CONTAINS_SOFORT"
"315059";"4067282192119";"Runder Tisch Wohnzimmer Tische Couchtisch Leder Luxus Möbel Beistell Sofort";"4067282192119";"false";"NAME_CONTAINS_SOFORT"
"315085";"4067282191921";"Nachttisch Design Beistell Tische Schlaf Zimmer Holz Konsolen Möbel Sofort Rot";"4067282191921";"false";"NAME_CONTAINS_SOFORT"
"315086";"4067282192263";"Chesterfield 1 Sitzer Stoff Ohrensessel Sessel Einsitzer Sofa Neu Sofort";"4067282192263";"false";"NAME_CONTAINS_SOFORT"
"315087";"4067282192294";"Chesterfield Sessel Fernsehsessel Couch Ohrensessel Leder Sofa Sofort";"4067282192294";"false";"NAME_CONTAINS_SOFORT"
"315089";"4067282192072";"Sessel Sitzer Design Wohnzimmer Polster Holz Polster Moderne Luxus Grau Sofort";"4067282192072";"true";"NAME_CONTAINS_SOFORT"
"315093";"4067282191877";"Wohnzimmer Hocker Polster Bank Fußhocker Ottomane Sitzhocker Sitzpouf Sofort";"4067282191877";"false";"NAME_CONTAINS_SOFORT"
"315098";"4067282192201";"Sofa L-Form Ledersofa Couch Wohnlandschaft Design Couchen Sofas Sofort";"4067282192201";"true";"NAME_CONTAINS_SOFORT"
"315102";"4067282217683";"Luxus Einsitzer Sessel Couch Polster Möbel Relax Club Designer Sofa";"4067282217683";"true";"EAN_DUPLICATE"
"315110";"4067282191846";"Luxus Dreisitzer Klassische Couch Polster Möbel Grün Sofas Sofort";"4067282191846";"true";"NAME_CONTAINS_SOFORT"
"315113";"4067282192133";"Couchtisch Chesterfield Echtleder Tisch Kristallsteine Tische Glastisch Sofort";"4067282192133";"false";"NAME_CONTAINS_SOFORT"
"315114";"4067282192041";"Beistelltisch Couchtisch Tisch Wohnzimmer Möbel Rund Braun Holz Tische Sofort";"4067282192041";"false";"NAME_CONTAINS_SOFORT"
"315257";"4067282264878";"Klassische Chesterfield Couch Barock Stil Sofgarnitur Gruppe Couchen 3tlg.";"4067282264878";"true";"EAN_DUPLICATE"
"315301";"4067282006201";"Couchtisch Kaffeetisch Beistelltisch Designer Tisch Wohnzimmertisch Tische";"4067282006201";"true";"EAN_DUPLICATE"
"315417";"4067282266452";"Luxus Ecksofa Textil Couchen Möbel Eckgarnitur Metall Elemente Couch Sofa";"4067282266452";"true";"EAN_DUPLICATE"
"315425";"4067282266131";"Ovale Couch Zweisitzer Couchen Möbel Sofa Einrichtung Wohnzimmer Sofas";"4067282266131";"true";"EAN_DUPLICATE"
"315426";"4067282218529";"Begehbarer Kleiderschrank Möbel Glasschrank getönte Fronten Schrank Eckschrank";"4067282218529";"true";"EAN_DUPLICATE"
"315486";"4067282218079";"Moderner Kleiderschrank Luxus Schrank Holz Schränke Glas Hochglanz";"4067282218079";"true";"EAN_DUPLICATE"
"315491";"4067282148666";"Ecksofa Wohnlandschaft Chesterfield Couch Polster Sofa Couchen Möbel";"4067282148666";"false";"EAN_DUPLICATE"
"315737";"4067282117679";"Esszimmer Stuhl Garnitur Sessel Design 4 Stühle Gruppe Set Polster Neu";"4067282117679";"true";"EAN_DUPLICATE"
"315768";"4067282117433";"Set 6 Sessel Stuhl Design Metall Stoff Polster Stühle Esszimmer Textil";"4067282117433";"true";"EAN_DUPLICATE"
"315973";"JVM4062292098222";"Bücherregal Standregal Regal Schrank Aufbewahrung Schränke Neu Sofort";"4062292098222";"true";"EAN_DUPLICATE|NAME_CONTAINS_SOFORT"
"316165";"4260454043534";"Dekokissen Sofakissen Designer Leder Kissen Sofakissen Kopfkissen";"4260454043534";"true";"EAN_DUPLICATE"
"316172";"4062292000430";"Design Polster Hocker Fußhocker Ottomane Sitz Chaise Gepolstert FT004";"4062292000430";"true";"EAN_DUPLICATE"
"316186";"4062292000447";"Design Polster Hocker Fußhocker Ottomane Sitz Chaise Gepolstert FT006";"4062292000447";"true";"EAN_DUPLICATE"
"316193";"4062292000454";"Design Polster Hocker Fußhocker Ottomane Sitz Gepolstert Pufa FT007";"4062292000454";"true";"EAN_DUPLICATE"
"316200";"4062292000461";"Design Polster Hocker Fußhocker Ottomane Sitz Chaise Gepolstert FT008";"4062292000461";"true";"EAN_DUPLICATE"
"316227";"4062292000478";"Design Polster Hocker Fußhocker Ottomane Sitz Gepolstert Pufa FT009";"4062292000478";"true";"EAN_DUPLICATE"
"316234";"4062292000416";"Design Polster Hocker Fußhocker Ottomane Sitz Gepolstert Pufa FT002";"4062292000416";"true";"EAN_DUPLICATE"
"316241";"4062292000423";"Design Polster Hocker Fußhocker Ottomane Sitz Gepolstert Pufa FT003";"4062292000423";"true";"EAN_DUPLICATE"
"316315";"4062292000409";"Design Polster Hocker Fußhocker Ottomane Sitz Gepolstert Pufa FT01";"4062292000409";"true";"EAN_DUPLICATE"
"316776";"4260454043428";"Leder Tisch Couchtisch Polster Neuware Beistelltisch Tische 132x70x45";"4260454043428";"true";"EAN_DUPLICATE"
"316952";"4260454043473";"Designer Glastisch Tisch Polster Leder Tisch Couch Sofa Ledertische";"4260454043473";"true";"EAN_DUPLICATE"
"317621";"4260454043206";"Ledertische Couchtische Tische Designer Glastisch Couchtisch MANS";"4260454043206";"true";"EAN_DUPLICATE"
"319065";"4260454045415";"Couchtisch Tisch Couchtische Glastisch Tische Designer Beistelltisch";"4260454045415";"true";"EAN_DUPLICATE"
"319066";"4260484864536";"Designer Couchtisch Polster Tisch Leder Glas Tische Glastische #SBA1A";"4260484864536";"true";"EAN_DUPLICATE"
"319067";"4260484864543";"Designer Couchtisch Polster Tisch Leder Glas Moderner Tische #SB3009";"4260484864543";"true";"EAN_DUPLICATE"
"319068";"4260484864567";"Designer Couchtisch Polster Tisch Leder Glas Moderner Tische 6108";"4260484864567";"true";"EAN_DUPLICATE"
"319552";"4062292490996";"Designer Couchtisch Polster Tisch Leder Glas Moderner Tische Glas";"4062292490996";"true";"EAN_DUPLICATE"
"320392";"4260484864581";"Designer Couchtisch Polster Tisch Leder Glas Moderner Tische #8009";"4260484864581";"true";"EAN_DUPLICATE"
"320398";"4260484864505";"Designer Couchtisch Polster Tisch Leder Glas Moderner Tisch (Hamburg)";"4260484864505";"true";"EAN_DUPLICATE"
"320404";"4062292002267";"Couchtisch Tisch Couchtische Glastisch Designer Beistelltisch CT9005";"4062292002267";"true";"EAN_DUPLICATE"
"320414";"4062292002274";"Couchtisch Beistelltisch CT9006 Tisch Couchtische Glastisch Designer";"4062292002274";"true";"EAN_DUPLICATE"
"320425";"4062292002281";"Couchtisch Tisch Couchtische Glastisch Tische Beistelltisch Designer";"4062292002281";"true";"EAN_DUPLICATE"
"320437";"4062292002298";"Couchtisch Tisch Couchtische Glastisch Tische Design Kidnersicher";"4062292002298";"true";"EAN_DUPLICATE"
"320448";"4067282266834";"Esszimmer Set Garnitur Essgruppe Esstisch mit 4x Lehnstuhl Stuhl Sets";"4067282266834";"true";"EAN_DUPLICATE"
"320484";"4062292002304";"Kindersicherer Couchtisch Tisch Couchtische Glastisch Beistelltisch";"4062292002304";"true";"EAN_DUPLICATE"
"320491";"4062292002311";"Gepolsterter Couchtisch Tisch Couchtische Glastisch Beistelltisch";"4062292002311";"true";"EAN_DUPLICATE"
"320498";"4062292000003";"Couchtisch Tisch Couchtische Glastisch Designer Beistelltisch CT9010";"4062292000003";"true";"EAN_DUPLICATE"
"320505";"4062292000010";"Couchtisch Tisch Couchtische Glastisch Designer Beistelltisch CT9012";"4062292000010";"true";"EAN_DUPLICATE"
"320512";"4062292002229";"Couchtisch Tisch Couchtische Glastisch Designer Beistelltisch CT9001";"4062292002229";"true";"EAN_DUPLICATE"
"320523";"4260454043435";"Designer Lederhocker Lounge Hocker Couch Sofa Beistell Fernseh";"4260454043435";"true";"EAN_DUPLICATE"
"320543";"4062292002236";"Couchtisch Tisch Couchtische Glastisch Designer Beistelltisch CT9002";"4062292002236";"true";"EAN_DUPLICATE"
"320550";"4062292002243";"Couchtisch Tisch Couchtische Glastisch Designer Beistelltisch CT9003";"4062292002243";"true";"EAN_DUPLICATE"
"320573";"4062292002250";"Couchtisch Tisch Couchtische Glastisch Designer Beistelltisch CT9004";"4062292002250";"true";"EAN_DUPLICATE"
"320609";"4260484864598";"RTV TV Sideboard Leder Glas Tisch Fernseh Schrank Tisch Designer 3009";"4260484864598";"true";"EAN_DUPLICATE"
"320628";"4260484864604";"RTV TV Sideboard Leder Glas Tisch Fernseh Schrank Tisch Designer 403";"4260484864604";"true";"EAN_DUPLICATE"
"320634";"4260484864611";"RTV TV Sideboard Leder Glas Tisch Fernseh Schrank Tisch Designer 6108";"4260484864611";"true";"EAN_DUPLICATE"
"320635";"4260533180600";"RTV TV Sideboard Leder Glas Tisch Fernseh Schrank Tisch Lowboard Mo.A";"4260533180600";"true";"EAN_DUPLICATE"
"320641";"4260533180617";"RTV TV Sideboard Leder Glas Tisch Fernseh Schrank Tisch Lowboard Mo.B";"4260533180617";"true";"EAN_DUPLICATE"
"320647";"4260533180624";"RTV TV Sideboard Leder Glas Tisch Fernseh Schrank Tisch Lowboard Mo.C";"4260533180624";"true";"EAN_DUPLICATE"
"320734";"4260533180631";"RTV TV Sideboard Leder Glas Tisch Fernseh Schrank Lowboard Mo.F";"4260533180631";"true";"EAN_DUPLICATE"
"320740";"4260533180655";"RTV TV Sideboard Leder Glas Tisch Fernseh Schrank Tisch Lowboard Mo.I";"4260533180655";"true";"EAN_DUPLICATE"
"321103";"4067282425415";"U Förmige Wohnzimmer Eckcouch Sitzgarnitur Ecksofa Leder Sofa Polster Couch +USB";"4062292139567";"true";"EAN_DUPLICATE"
"321109";"4260533180648";"RTV TV Sideboard Leder Glas Tisch Fernseh Schrank Tisch Lowboard Mo.G";"4260533180648";"true";"EAN_DUPLICATE"
"321128";"4260533180662";"RTV TV Sideboard Leder Glas Tisch Fernseh Schrank Tisch Lowboard Mo.J";"4260533180662";"true";"EAN_DUPLICATE"
"321693";"4260606050427";"Leder Bett Design Polster Betten Luxus Doppel Ehe 140/160/180 LB8827";"4260606050427";"true";"EAN_DUPLICATE"
"321721";"JVM4067282074132";"Jugend Kinder Zimmer Nachttisch Schrank Modern Kommode Tisch 5tlg. Sofort";"4067282074132";"false";"EAN_DUPLICATE|NAME_CONTAINS_SOFORT"
"321900";"4260484864154";"XXL Doppelbett Lederbett Bett Betten Leder Polster Ehe Designer 4761";"4260484864154";"true";"EAN_DUPLICATE"
"321935";"4260606050434";"Leder Bett Design Polster Betten Luxus Doppel Ehe 140/160/180 LB8828";"4260606050434";"true";"EAN_DUPLICATE"
"321981";"4260606050441";"Leder Bett Design Polster Betten Luxus Doppel 140/160/180 LB8829";"4067282126954";"true";"EAN_DUPLICATE"
"322031";"4260606050458";"Leder Bett Design Polster Betten Luxus Doppel Big 140/160/180 LB8831";"4260606050458";"true";"EAN_DUPLICATE"
"322054";"4260606050465";"Designer Bett Polsterbett Doppelbett Ehebett Betten 140/160/180 LB8835";"4260606050465";"true";"EAN_DUPLICATE"
"322070";"4260606050403";"Luxus Leder Bett Design Polster Betten Doppel Ehe 140/160/180 LB8825";"4260606050403";"true";"EAN_DUPLICATE"
"322086";"4260606050366";"Design Leder Bett Luxus Polster Betten Doppel Ehe 140/160/180 LB8822";"4260606050366";"true";"EAN_DUPLICATE"
"322102";"4260606050410";"Leder Bett Design Polster Betten Luxus Doppel Ehe 140/160/180 LB8826";"4260606050410";"true";"EAN_DUPLICATE"
"322185";"4260606050380";"Luxus Leder Bett Design Polster Betten Doppel Ehe140/160/180 LB8824";"4260606050380";"true";"EAN_DUPLICATE"
"322202";"4260606050472";"Designer Bett Polsterbett Doppelbett Ehebett Betten 140/160/180 LB8836";"4260606050472";"true";"EAN_DUPLICATE"
"322539";"4260606050243";"Luxus Bett + Beleuchtung Lederbett Betten Sofa Polster 140/160/180/200";"4260606050243";"true";"EAN_DUPLICATE"
"322622";"4260606050267";"Bett Design Luxus Luxus Betten Leder Schlafzimmer 140/160/180/200 LB8811";"4260606050267";"true";"EAN_DUPLICATE"
"322640";"4260606050274";"Bett Design Luxus Luxus Betten Leder Schlafzimmer 140/160/180/200 LB8812";"4260606050274";"true";"EAN_DUPLICATE"
"322656";"4260606050281";"Bett Design Luxus Luxus Betten Leder Schlafzimmer 140/160/180/200 LB8813";"4260606050281";"true";"EAN_DUPLICATE"
"322672";"4260606050298";"Polster Design Luxus Bett Betten Leder Schlafzimmer 140/160/180 LB8814";"4260606050298";"true";"EAN_DUPLICATE"
"322688";"4260606050304";"Polster Design Luxus Bett Betten Leder Schlafzimmer 140/160/180 LB8815";"4260606050304";"true";"EAN_DUPLICATE"
"322710";"4260606050311";"Polster Design Luxus Bett Betten Leder Schlafzimmer 140/160/180/200 LB8816";"4260606050311";"true";"EAN_DUPLICATE"
"322737";"4260606050328";"Designer Bett Polsterbett Doppelbett Ehebett Betten 140/160/180/200 LB8817";"4260606050328";"true";"EAN_DUPLICATE"
"322757";"4260606050342";"Design Leder Bett Luxus Polster Betten Doppel Ehe 140/160/180 LB8820";"4260606050342";"true";"EAN_DUPLICATE"
"322777";"4260606050335";"Designer Bett Polsterbett Doppelbett Ehebett Betten 140/160/180/200 LB8818";"4260606050335";"true";"EAN_DUPLICATE"
"322779";"4260606050359";"Design Leder Bett Luxus Polster Betten Doppel Ehe 140/160/180 LB8821";"4260606050359";"true";"EAN_DUPLICATE"
"322799";"JVM4062292219542";"Doppelbett Betten Textil Designer Modernes Bett Polster Textil Bettkasten Sofort";"4062292219542";"false";"EAN_DUPLICATE|NAME_CONTAINS_SOFORT"
"322800";"4260606050168";"Designer Bett Polsterbett Doppelbett Ehebett Betten 140/160/180/200 LB8801";"4260606050168";"true";"EAN_DUPLICATE"
"322819";"4260606050175";"Designer Bett Polsterbett Doppelbett Ehebett Betten 140/160/180/200 LB8802";"4260606050175";"true";"EAN_DUPLICATE"
"322837";"4260606050182";"Designer Bett Polsterbett Doppelbett Ehebett Betten 140/160/180 LB8803";"4260606050182";"true";"EAN_DUPLICATE"
"322844";"4260606050199";"Designer Bett Polsterbett Doppelbett Ehebett Betten 140/160/180/200 LB8804";"4260606050199";"true";"EAN_DUPLICATE"
"322860";"4260606050212";"Designer Bett Polsterbett Doppelbett Ehebett Betten 140/160/180/200 LB8806";"4260606050212";"true";"EAN_DUPLICATE"
"322877";"4260606050229";"Luxus Bett +Beleuchtung Lederbett Betten Sofa Big 140/160/180/200 LB8807";"4260606050229";"true";"EAN_DUPLICATE"
"322897";"4260606050236";"Luxus Bett Beleuchtung Lederbett Betten Sofa Big 140/160/180/200 LB8808";"4260606050236";"true";"EAN_DUPLICATE"
"323048";"4260606050489";"Designer Bett Polsterbett Doppelbett Ehebett Betten 140/160/180/200 LB8841";"4260606050489";"true";"EAN_DUPLICATE"
"323246";"JVM4062292545672";"Luxus Bett Leder 180x200 Multifunktion Schlafzimmer Liege Regale Sofort";"4062292545672";"false";"EAN_DUPLICATE|NAME_CONTAINS_SOFORT"
"323306";"4062292169267";"Design Rund Bett Polsterbett Luxusbett Doppelbett USB Betten Rundes";"4062292169267";"true";"EAN_DUPLICATE"
"323338";"4067282126954";"Schlafzimmer Set Braun Bett Nachttisch Elegantes Design Mobel 3tlg";"4067282126954";"true";"EAN_DUPLICATE"
"323448";"4067282258921";"Sofa Chesterfield Designer Gruppe 5tlg.Set Sofagarnitur 3+3+1+1 Sitz Couchtisch";"4067282258921";"true";"EAN_DUPLICATE"
"323590";"4062292493010";"Boxspring Bett Luxus Doppel Design Betten Schlafzimmer 140x200 Sofort";"4062292493010";"false";"NAME_CONTAINS_SOFORT"
"323639";"4067282207691";"Wohnzimmer Textil L-Form Luxus Sofas Sofas Ecke Ecksofa Polstermöbel";"4067282207691";"true";"EAN_DUPLICATE"
"323671";"JVM4062292645099";"Vitrine Schrank Klassische Vitrinen Wohnzimmer Schränke Anrichte Italy Sofort";"4062292645099";"true";"EAN_DUPLICATE|NAME_CONTAINS_SOFORT"
"323791";"4067282257382";"Klassische Sessel Luxus Polster Textil Polster Sitz Einsitzer Moderne Weiß Neu";"4067282257382";"true";"EAN_DUPLICATE"
"323905";"4067282207943";"Barock Schlafzimmer Set Bett 180x200cm Nachttische 2x Holz Klassische";"4067282207943";"true";"EAN_DUPLICATE"
"323956";"4067282263710";"Luxus Couchtisch Tisch 136x90 Barock Rokoko Tische Rechteckig Dekoration";"4067282263710";"true";"EAN_DUPLICATE"
"323996";"4067282263208";"Holz Tisch Beistelltisch Möbel Luxus Couchtisch Braune Couchtische Wohnzimmer";"4067282263208";"true";"EAN_DUPLICATE"
"324012";"4067282207844";"Schlafzimmer Bett Polster Design Möbel Luxus Doppel Beige Betten Leder";"4067282207844";"true";"EAN_DUPLICATE"
"324082";"4067282207745";"Kaffee Tisch Beistell Tische Wohnzimmer Holz Couchtisch Design Weiß";"4067282207745";"true";"EAN_DUPLICATE"
"324093";"4067282148567";"Sessel 1 Sitzer Wohnzimmer Lehnstuhl Einsitzer Holz Textil Stoff";"4067282148567";"false";"EAN_DUPLICATE"
"324215";"4062292493034";"Hochwertige Matratze King Size Matratzen Model Stol 180x200 cm Sofort";"4062292493034";"false";"NAME_CONTAINS_SOFORT"
"324268";"4067282275157";"Bett Beige Doppelbett Schlafzimmer Holzmöbel Design elegant Polsterung Stoff neu";"4067282275140";"true";"EAN_DUPLICATE"
"324429";"JVM4062292332845";"Designer Gorilla Figur Statue Moderne Figuren Statuen Dekoration Garten Sofort";"4062292332845";"true";"EAN_DUPLICATE|NAME_CONTAINS_SOFORT"
"324976";"4067282305762";"4tlg Design Schlafzimmer Set Bett Kleiderschrank 2x Nachttisch";"4067282305762";"true";"EAN_DUPLICATE"
"324977";"4067282305540";"4tlg Schlafzimmer Set Luxus Bett 2x Nachttisch Kommode Spiegel Möbel";"4067282305762";"true";"EAN_DUPLICATE"
"325070";"4067282259263";"Klassischer Esstisch Beige Design Tisch Holz Tische Möbel Wohnzimmer";"4067282259263";"true";"EAN_DUPLICATE"
"325094";"4062292493058";"Fußhocker Hocker Lederhocker Polster Ottomane Schwarz Sofort lieferbar";"4062292493058";"false";"EAN_DUPLICATE|NAME_CONTAINS_SOFORT"
"325095";"JVM_4062292226823";"Lattenrost Alumin Wählbar 140x200 160x200 180x200 200x200 Lattenroste Sofort";"4062292226823";"false";"EAN_DUPLICATE|NAME_CONTAINS_SOFORT"
"325110";"JVM4062292289880";"Klassischer Wandspiegel Holzrahmen Spiegel Möbel Hängespiegel Glas Rahmen Sofort";"4062292289880";"true";"EAN_DUPLICATE|NAME_CONTAINS_SOFORT"
"325114";"4062292493133";"Chesterfield 3 Sitzer Couch Sitz Kunstleder Design Sofas Polster Sofort";"4062292493133";"true";"NAME_CONTAINS_SOFORT"
"325121";"JVM4062292001291";"Klassische Couchgarnitur Sofa Polster Sitz Leder Garnitur 3+2+1 Sofas Sofort";"4062292001291";"false";"EAN_DUPLICATE|NAME_CONTAINS_SOFORT"
"325122";"4062292493164";"Leder Bett Weiß Design Luxus Doppel Chesterfield Schlafzimmer Betten Sofort";"4062292493164";"false";"NAME_CONTAINS_SOFORT"
"325124";"4067282262812";"Sofa 3 Sitz Stoff Dreisitzer Sofas Luxus Wohnzimmer Chesterfield Barock";"4067282262812";"true";"EAN_DUPLICATE"
"325259";"4062292493232";"Chesterfield Chaiselongues Liege Ottomane Sofa Kunstleder Relax Sofort";"4062292493232";"true";"NAME_CONTAINS_SOFORT"
"325260";"4062292493249";"Chesterfield U Form Sofa XXL Big Textil Stoff Couchen Luxus Möbel Sofort";"4062292493249";"false";"NAME_CONTAINS_SOFORT"
"325263";"4062292493270";"Schminktisch mit Spiegel Luxus Kommode Schlafzimmer Konsole Barock Sofort";"4062292493270";"false";"NAME_CONTAINS_SOFORT"
"325271";"JVM4260533180624";"RTV TV SIDEBOARD LEDER GLAS TISCH FERNSEH SCHRANK TISCH LOWBOARD SOFORT";"4260533180624";"true";"EAN_DUPLICATE|NAME_CONTAINS_SOFORT"
"325284";"4067282305793";"Wohnzimmer Anrichte Spiegel Sideboard Holz mit Metall Stil schwarze";"4067282305793";"true";"EAN_DUPLICATE"
"325286";"4067282305618";"Wohnzimmer Anrichte mit Spiegel Garnitur Ess Holz Modern Stil";"4067282305793";"true";"EAN_DUPLICATE"
"325287";"4067282305953";"Luxus Kleiderschrank mit Schwebetüren Holz Schrank Modern Stil Beige";"4067282305953";"true";"EAN_DUPLICATE"
"325321";"4067282305724";"Luxus Loft Schlafzimmer Bett Design Betten Polster Stil Möbel grau";"4067282305724";"true";"EAN_DUPLICATE"
"325323";"4067282259478";"Sofagarnitur 3311 Sitz Set Design Sofa Polster Couchen Couch Klassiker Luxus";"4067282259478";"true";"EAN_DUPLICATE"
"325335";"4067282305571";"Kommoden Wohnzimmer Set Kommode mit Spiegel Holz Still Modern weiß";"4067282305724";"true";"EAN_DUPLICATE"
"325475";"4067282450820";"Moderner luxus Schminktisch mit elegantem Hocker 2tlg. Konsole Tisch Neu Grau";"4067282450820";"true";"EAN_DUPLICATE"
"325497";"JVM4062292777363";"WohnlandschaftSofa Garnitur Eckgarnitur Ledersofa Ecksofa Polster Polster Sofort";"4062292777363";"true";"EAN_DUPLICATE|NAME_CONTAINS_SOFORT"
"325562";"JVM4067282218550";"Schminktisch Set Konsole Spiegel Schlafzimmer Möbel Design Hocker Set Sofort";"4067282218550";"false";"EAN_DUPLICATE|NAME_CONTAINS_SOFORT"
"325568";"4062292493362";"L Form Ecksofa + Sessel Couchgarnituren Weiß Polster Sitz Couchen 2 tlg. Sofort";"4062292493362";"true";"NAME_CONTAINS_SOFORT"
"325569";"JVM4260584068049";"Ledersofa U-Form Sofa Couch Wohnlandschaft Ecksofa Garnitur Design K5009 Sofort";"4260584068049";"false";"EAN_DUPLICATE|NAME_CONTAINS_SOFORT"
"325570";"JVM4062292718496";"Sofa Sitzlandschaft Couchgarnituren Polster Sitz Couchen Sofas L Form Set Sofort";"4062292718496";"true";"EAN_DUPLICATE|NAME_CONTAINS_SOFORT"
"325637";"4062292554766";"1 Sitzer Sofa Couch Fernseh Polster Möbel Neu Sessel Einsitzer Lounge";"4062292554766";"true";"EAN_DUPLICATE"
"325692";"4062292372483";"Kinderzimmer Bett Mädchen Betten Schlafzimmer Design Doppelbett Neu";"4062292372483";"true";"EAN_DUPLICATE"
"325740";"4260606057563";"Chesterfield Luxus Polster Sofa Couch Sitz Garnitur Leder Textil #129 Sofort";"4260606057563";"true";"NAME_CONTAINS_SOFORT"
"325949";"4062292544040";"Bett Polster Design Luxus Hotel Doppel Betten Schlaf Zimmer 180x200cm";"4062292544040";"true";"EAN_DUPLICATE"
"326097";"JVM4062292285677";"Chesterfield Sessel Loungesessel Clubsessel Cocktailsessel Textil Sessel Sofort";"4062292285677";"false";"NAME_CONTAINS_SOFORT"
"326152";"JVM4067282533868";"Luxus Sofagarnitur 3+1+1 Sofa Leder 100% Weiß Chesterfield Wohnzimmer Sofort";"4067282533868";"true";"NAME_CONTAINS_SOFORT"
"326275";"4067282533882";"Designer Komplett 4x Stühle Modern Möbel Esszimmer Set Metall Textil Sofort";"4067282533882";"true";"NAME_CONTAINS_SOFORT"
"326287";"4067282533899";"Schlafzimmer Set Bett + 2x Nachttische Rosa Möbel Barock Rokoko Sofort";"4067282533899";"false";"NAME_CONTAINS_SOFORT"
"326322";"4067282533974";"Exklusives schreibtisch Schlafzimmer Möbel Holz Beige/Blau Schreibtisch Sofort";"4067282533974";"true";"NAME_CONTAINS_SOFORT"
"326324";"JVM4062292583087";"Kleiderschrank 6 Türen Kleider Schrank Designer Schränke Spiegel Möbel Sofort";"4062292583087";"true";"EAN_DUPLICATE|NAME_CONTAINS_SOFORT"
"326503";"4260499872809";"Chesterfield Sofa 3 SITZER Polster Designer Couchen Sofas 100% Leder Sofort";"4260499872809";"true";"EAN_DUPLICATE|NAME_CONTAINS_SOFORT"
"326504";"JVM4260533189238";"Chesterfield Sofa Couch Polster Garnitur 3 Sitzer Klassisch 100% Leder Sofort";"4260533189238";"true";"EAN_DUPLICATE|NAME_CONTAINS_SOFORT"
"326579";"JVM4062292311253";"Chesterfield Original Sofa JVMoebel Textil Sofas Stoff Schwarz 100% Leder Sofort";"4062292311253";"true";"EAN_DUPLICATE|NAME_CONTAINS_SOFORT"
"326600";"JVM4062292094095";"Chesterfield Ledersofa Braune Wohnzimmer Sofa Polster Sitz 100% Leder Sofort";"4062292094095";"true";"EAN_DUPLICATE|NAME_CONTAINS_SOFORT"
"326631";"JVM4062292724350";"Klassischer Tisch Couchtisch Barock Beistelltisch Sofa Wohnzimmer Holz Sofort";"4062292724350";"false";"EAN_DUPLICATE|NAME_CONTAINS_SOFORT"
"326641";"4260606057457";"Chesterfield Design Luxus Polster Sofa Couch Sitz Leder 100% Leder Sofort";"4260606057457";"true";"NAME_CONTAINS_SOFORT"
"326642";"JVM4062292091070";"3 Sitzer Chesterfield Polster Sofas Design Luxus Sofa Leder 100% Leder Sofort";"4062292091070";"true";"EAN_DUPLICATE|NAME_CONTAINS_SOFORT"
"326645";"JVM4062292091049";"Ledersofa Sofa Garnitur 3 Sitzer Sofas Couchen Chesterfield 100% Leder Sofort";"4062292091049";"true";"EAN_DUPLICATE|NAME_CONTAINS_SOFORT"
"326646";"4260499871352";"Chesterfield Polster Sofa Couch Designer Couchen Klassisch 100% Leder Sofort";"4260499871352";"true";"EAN_DUPLICATE|NAME_CONTAINS_SOFORT"
"326716";"JVM4067282218048";"Schlafzimmer Set Design Betten Luxus Nachttische Kleiderschrank 5 tlg Sofort";"4067282218048";"false";"NAME_CONTAINS_SOFORT"
"326718";"4062292007729";"Design Klassiker 3 Sitzer Chesterfield Big XXL Couch Leder Textil Sofas Sofort";"4062292007729";"false";"NAME_CONTAINS_SOFORT"
"326803";"4067282446083";"Schwarzer Kleiderschrank Design Schrank Luxus Einrichtung Schlafzimmer Möbel";"4067282446083";"true";"EAN_DUPLICATE"
"326810";"JVM4062292578625";"Kleiderschrank Schränke Holz Schrank Kinderzimmer Kleiderschränke Sofort";"4062292578625";"true";"NAME_CONTAINS_SOFORT"
"326812";"JVM4062292578762";"Etagenbett Kinderbett Jugendbett Kids Design Modern Bett Kinderzimmer Sofort";"4062292578762";"true";"EAN_DUPLICATE|NAME_CONTAINS_SOFORT"
"326851";"4062292258855";"Stuhl mit Armlehne Küchenstuhl Stuhl Massivholz Kiefernholz handgefertigt Sofort";"4062292258855";"false";"NAME_CONTAINS_SOFORT"
"327153";"4067282534209";"Schlafzimmer Betten Kunstleder Luxus Bett Bettkasten 180 x 200 cm Sofort";"4067282534209";"false";"NAME_CONTAINS_SOFORT"
"327173";"JVM4062292094279";"Chesterfield Designer Bordaux XXL Big 3Sitzer Sofa Leder Luxus 100% Leder Sofort";"4062292094279";"true";"EAN_DUPLICATE|NAME_CONTAINS_SOFORT"
"327192";"JVM4062292094149";"Sofa 3 Sitzer Bordaux Ledersofa Sofas Couch Chesterfield Leder 100% Leder Sofort";"4062292094149";"true";"EAN_DUPLICATE|NAME_CONTAINS_SOFORT"
"327194";"JVM4062292092763";"Bordaux 3 Sitzer Chestrerfield Leder Sofa Polster Garnitur 100% Leder Sofort";"4062292092763";"true";"EAN_DUPLICATE|NAME_CONTAINS_SOFORT"
"327214";"JVM4062292421013";"Chesterfield 3 Sitzer Bordaux Modern Design Couchen Sofas 100% Leder Sofort";"4062292421013";"true";"EAN_DUPLICATE|NAME_CONTAINS_SOFORT"
"327217";"4260499872144";"Chesterfield Sofa 3 SITZER Polster Couchen Sofas 100% Leder Sofort";"4260499872144";"true";"EAN_DUPLICATE|NAME_CONTAINS_SOFORT"
"327248";"4260606056160";"Chesterfield Design Luxus Polster Sofa Couch Sitz Garnitur 100% Leder Sofort";"4260606056160";"true";"NAME_CONTAINS_SOFORT"
"327250";"4260499871413";"Chesterfield Polster Sofa Couch Designer Garnitur 3 Sitz 100% Leder Sofort";"4260499871413";"true";"EAN_DUPLICATE|NAME_CONTAINS_SOFORT"
"327252";"JVM4062292091506";"Polster Sofa Design Klassische Sofas 3 Sitzer Chesterfield 100% Leder Sofort";"4062292091506";"true";"EAN_DUPLICATE|NAME_CONTAINS_SOFORT"
"327253";"JVM4062292091063";"Chesterfield Polster Sofas Design Luxus Couch Sofa 3 Sitzer 100% Leder Sofort";"4062292091063";"true";"EAN_DUPLICATE|NAME_CONTAINS_SOFORT"
"327274";"JVM4062292203411";"Designer LED Bar Ablagen Wasser Wand Bar Theke Regal Wasserwände Regal Sofort";"4062292203411";"true";"EAN_DUPLICATE|NAME_CONTAINS_SOFORT"
"327291";"JVM4062292314643";"Chesterfield Sofa 2 Sitzer Klassische Sofas Ledersofa Couchen 100% Leder Sofort";"4062292314643";"true";"EAN_DUPLICATE|NAME_CONTAINS_SOFORT"
"327293";"JVM4062292314650";"Klassische Polster Möbel Chesterfield Braun Couch Textil Leder 100% Leder Sofort";"4062292314650";"true";"EAN_DUPLICATE|NAME_CONTAINS_SOFORT"
"327296";"JVM4062292312977";"Design Chesterfield Sofa 2 Sitzer Couch Polster Leder Sofas 100% Leder Sofort";"4062292312977";"true";"EAN_DUPLICATE|NAME_CONTAINS_SOFORT"
"327297";"JVM4062292093623";"Chesterfield Sofa 2 Sitzer Polster Design Luxus 100% Leder Sofort";"4062292093623";"true";"EAN_DUPLICATE|NAME_CONTAINS_SOFORT"
"327299";"JVM4062292312267";"Chesterfield Design Luxus Polster Sofa Couch Sitz 100% Leder Sofort";"4062292312267";"true";"EAN_DUPLICATE|NAME_CONTAINS_SOFORT"
"327302";"4067282499331";"Sofa 2 Sitzer Couch Polster Sofa Braun Chesterfield Sofas 100% Leder Sofort";"4067282499331";"true";"EAN_DUPLICATE|NAME_CONTAINS_SOFORT"
"327307";"JVM4062292311079";"Sofa Design 2 Sitzer Garnitur Couch Ledersofa Couch Polster 100% Leder Sofort";"4062292311079";"true";"EAN_DUPLICATE|NAME_CONTAINS_SOFORT"
"327309";"4067282499942";"Chesterfield Luxus 2 Sitzer Couch Polster Sofa Zweisitzer 100% Leder Sofort";"4067282499942";"true";"NAME_CONTAINS_SOFORT"
"327319";"JVM4062292092152";"Design Chesterfield Stoff Couch Sessel 1.5 Sitzer Polster Lounge Club Sofort";"4062292092152";"true";"EAN_DUPLICATE|NAME_CONTAINS_SOFORT"
"327342";"4260439210043";"Chesterfield Sofa Couch 3 Sitz Leder Couch Sofas Couchen Braun 100% Leder Sofort";"4260439210043";"true";"EAN_DUPLICATE|NAME_CONTAINS_SOFORT"
"327344";"4260439210135";"CHESTERFIELD SOFA 3 SITZER NAPOLI POLSTER BRAUN 100%LEDER SOFORT";"4260439210135";"true";"EAN_DUPLICATE|NAME_CONTAINS_SOFORT"
"327346";"4260499872847";"Chesterfield Sofa 3 SITZER Polster Designer Couchen 100% Leder Sofort";"4260499872847";"true";"EAN_DUPLICATE|NAME_CONTAINS_SOFORT"
"327347";"4260533189108";"Polster Couch Sofa Klassik Chesterfield Chesterfield 3 Sitzer 100% Leder Sofort";"4260533189108";"true";"NAME_CONTAINS_SOFORT"
"327804";"4067282534414";"Designer Couchtisch Sofa Wohnzimmer Tisch Leder Tische Glas Sofort";"4067282534414";"true";"NAME_CONTAINS_SOFORT"
"328063";"4067282534469";"Designer 3x Stühle Esszimmer Stuhl Küchenstuhl luxus Stühle Holz Weiß Sofort";"4067282534469";"true";"EAN_DUPLICATE|NAME_CONTAINS_SOFORT"
"328064";"4067282534483";"Sofa Chesterfield Designer Sofa 3 Sitzer Wohnzimmer Couch Grün Sofort";"4067282534483";"false";"NAME_CONTAINS_SOFORT"
"328636";"JVM4062292274336";"Wandpaneel LED Wasserwand Wasser Blasen Wand Waterwall 40x70cm Sofort";"4062292274336";"false";"EAN_DUPLICATE|NAME_CONTAINS_SOFORT"
"328704";"JVM4062292203466";"Tisch Couchtisch Wasser Säulen Säule LED Beleuchtet AFBT2436 Sofort";"4062292203466";"true";"EAN_DUPLICATE|NAME_CONTAINS_SOFORT"
"328768";"4067282534551";"Luxe Hocker Exklusive Wohnlandschaft Hocker Wohnzimmer Grün Leder Sofort";"4067282534551";"true";"NAME_CONTAINS_SOFORT"
"328770";"4067282534568";"Design Wohnzimmer Luxus Sofa 3 Sitzer Chesterfield Sofa Blau Textil Sofort";"4067282534568";"false";"NAME_CONTAINS_SOFORT"
"328775";"4067282534575";"Designer Sessel Wohnzimmer Möbel Chesterfield Sessel Grün Textil Sofort";"4067282534575";"true";"NAME_CONTAINS_SOFORT"
"329132";"JVM4067282450820";"Moderner Schminktisch mit elegantem Hocker 2tlg. Konsole Tisch Grau Sofort";"4067282450820";"false";"EAN_DUPLICATE|NAME_CONTAINS_SOFORT"
"329136";"JVM4062292130779";"Decken Pendel Kronleuchter Bohemia Kristalle Luster Goldene Lampe Leuchte Sofort";"4062292130779";"false";"EAN_DUPLICATE|NAME_CONTAINS_SOFORT"
"329312";"4067282429680";"Barockes Chesterfield Sofa Set 5 Stück";"4067282429680";"true";"EAN_DUPLICATE"
"330162";"JVM4062292356209";"Konsolen Tisch Schminktisch Schmink Tische Konsole Schlaf Zimmer Sekretär Sofort";"4062292356209";"false";"EAN_DUPLICATE|NAME_CONTAINS_SOFORT"
"330552";"4062292139161";"Luxus Multifunktions Wasserbett Doppel Bett Wasser Betten Polster 200x200 + USB";"4062292139161";"true";"EAN_DUPLICATE"
"330827";"4062292169434";"Design Bett XXL Big Betten Leder Hotel Polster 160x200cm Multifunktion Regal USB";"4062292139161";"true";"EAN_DUPLICATE"
"330908";"4067282499591";"Sofa 4 Sitzer Sitz Modern Chesterfield Sofas Couchen Polster Braun Neu";"4067282499591";"true";"EAN_DUPLICATE"
"331203";"JVM4062292261558";"Luxus Schaufenster Vitrine Vitrinen Glas Schrank Antik Stil Barock Rokoko Sofort";"4062292261558";"false";"EAN_DUPLICATE|NAME_CONTAINS_SOFORT"
"331522";"4260484864765";"Tisch Esstisch Holztisch XXL Konferenztisch 100X250cm Ausziehbar 250X350cm";"4260484864765";"true";"EAN_DUPLICATE"
"331788";"4067282193024";"Luxus Design Polster Stuhl Stühle Sitz Lehn Büro Esszimmer Holz SOFORT";"4067282193024";"false";"NAME_CONTAINS_SOFORT"
"331807";"4067282193000";"Kinderzimmer Bett Betten Schlafzimmer Design Einrichtung Sofort";"4067282193000";"false";"NAME_CONTAINS_SOFORT"
"331841";"JVM4062292031977";"Garten Dekoration 59cm David Terrasse Stein Figuren Figur Deko Skulptur Sofort";"4062292031977";"false";"EAN_DUPLICATE|NAME_CONTAINS_SOFORT"
"331851";"4067282192928";"Holz-Esszimmerstühle mit Rückenlehne, Lieferung möglich Sofort";"4067282192928";"true";"EAN_DUPLICATE|NAME_CONTAINS_SOFORT"
"331943";"4260484864666";"Tisch Esstisch Holztisch XXL Konferenztisch 70X120cm Ausziehbar 120X160cm";"4260484864666";"true";"EAN_DUPLICATE"
"332317";"4067282468566";"Esstisch Esszimmertisch Tisch Esszimmer Essecke Holz Modern Braun Tische";"4067282468566";"true";"EAN_DUPLICATE"
"332445";"4260174429472";"Leder Eckbank Eckbankgruppe MAßFERTIGUNG Sitzbank Küchenecke";"4260174429847";"true";"EAN_DUPLICATE"
"332457";"4067282192829";"Klassischer 6x Stuhl Holz Textil Club Sitz Polster Design Sessel Sofort";"4067282192829";"true";"NAME_CONTAINS_SOFORT"
"332490";"4067282534858";"Design Ecksofa L-Form + Couchtisch Wohnzimmer Möbel Luxus Sofa L-Form Sofort";"4067282534858";"true";"NAME_CONTAINS_SOFORT"
"332491";"4067282534865";"TV Sideboard rtv Ständer Wohnwand Möbel Kommode Schrank Lowboard Sofort";"4067282534865";"true";"NAME_CONTAINS_SOFORT"
"332704";"4062292259289";"Buche Brotkasten 40 cm Brotbox Rollokasten Brot Rollklappe Echtes Holz Schatulle";"4062292259289";"true";"EAN_DUPLICATE"
"332800";"4067282534933";"U-Form Couch Ecksofa Garnitur Design Modern Wohnlandschaft Sofa Sofort";"4067282534933";"true";"NAME_CONTAINS_SOFORT"
"332830";"4062292259067";"Hocker Sitzmöbel Holz Massiv Echtholz Stuhl Sitz Holzhocker Holzstuhl Sitzhocker";"4062292259067";"true";"EAN_DUPLICATE"
"333144";"4067282268395";"Schaukel Sessel Hängekorb Hängeschaukel Hängestuhl Gartensessel Hängesessel";"4067282268395";"true";"EAN_DUPLICATE"
"333482";"4067282534940";"Ecksofa Design U-Form Couch Garnitur Wohnlandschaft Modern Schwarz Holz Sofort";"4067282534940";"true";"NAME_CONTAINS_SOFORT"
"333486";"4067282534964";"Sofa Dreisitzer Bettkasten Couch Polster 3 Sitzer 100% Textil Couch Sofort";"4067282534964";"true";"NAME_CONTAINS_SOFORT"
"333487";"JVM4062292583407";"Design Leder Betten Hotel Doppel Ablage Regal 180x200 Multifunktions Grau Sofort";"4062292583407";"true";"EAN_DUPLICATE|NAME_CONTAINS_SOFORT"
"333557";"4067282534995";"Dreisitzer Sofa Wohnzimmer Couch Polster 3 Sitzer 100% Textil Couch Sofort";"4067282534995";"true";"NAME_CONTAINS_SOFORT"
"333559";"JVM4062292701269";"Lounge Ohren Sessel Club Designer Möbel Fernseh Sofa Stuhl Samt Polster Sofort";"4062292701269";"true";"EAN_DUPLICATE|NAME_CONTAINS_SOFORT"
"333561";"4067282535008";"Lounge Ohren Sessel Grau Polster Club Möbel Fernseh Sofa Stuhl Samt Sofort";"4067282535008";"true";"EAN_DUPLICATE|NAME_CONTAINS_SOFORT"
"333563";"JVM4067282535008";"Lounge Ohren Sessel Gelb Polster Club Möbel Fernseh Sofa Stuhl Samt Sofort";"4067282535008";"true";"EAN_DUPLICATE|NAME_CONTAINS_SOFORT"
"333564";"4067282535015";"Polsterbett Bett Kinderzimmer Betten Schlaf Sofa Holz 80x190cm Sofort";"4067282535015";"false";"EAN_DUPLICATE|NAME_CONTAINS_SOFORT"
"333566";"JVM4067282535015";"Kinder Zimmer Polsterbett Bett Betten Holz Schlaf Sofa Matratze 80x190cm Sofort";"4067282535015";"false";"EAN_DUPLICATE|NAME_CONTAINS_SOFORT"
"333628";"JVM4062292701054";"Wohnzimmer Sofa 3 Sitzer Sofas Couch Polster Garnitur Moderne Couchen Sofort";"4062292701054";"true";"EAN_DUPLICATE|NAME_CONTAINS_SOFORT"
"333684";"JVM_4062292701054";"Moderne Wohnzimmer Sofa 3 Sitzer Sofas Grau Polster Garnitur Couchen Sofort";"4062292701054";"true";"EAN_DUPLICATE|NAME_CONTAINS_SOFORT"
"333939";"4067282429253";"Verstellbare Couch mit Tisch Tiefe Sofa Big Schlaf Couchen Möbel 226cm";"4067282429253";"true";"EAN_DUPLICATE"
"334001";"JVM4062292207235";"Drehbarer Kinder Karussell Spielplatzgeräte Karusselle Kinderkarussell Sofort";"4062292207235";"false";"EAN_DUPLICATE|NAME_CONTAINS_SOFORT"
"334229";"4067282429512";"Klassischer Stuhl Esszimmer Beige Essstühle Design klassisch Luxus Stühle";"4067282429512";"true";"EAN_DUPLICATE"
"334366";"4260560949997";"TANTRA PORNO LIEBE SOFAS SEX BONDAGE FESSEL KAMASUTRA LIEBES SESSEL";"4260560949997";"true";"EAN_DUPLICATE"
"334386";"JVM4062292101809";"Saxophon Büste Figur Statue Skulptur Figuren Skulpturen Dekoration Sofort";"4062292101809";"true";"EAN_DUPLICATE|NAME_CONTAINS_SOFORT"
"334399";"JVM4062292592515";"Kommode rtv design sideboard fernseh matt low schrank neu board wand Sofort";"4062292592515";"true";"EAN_DUPLICATE|NAME_CONTAINS_SOFORT"
"334494";"4067282275140";"Bett Grau Doppelbett Schlafzimmer Holz Möbel Design Polster Stoff Neu";"4067282275140";"true";"EAN_DUPLICATE"
"334961";"4067282282391";"Multifunktion Bett Doppelbetten Modernes Bettgestell Betten 200x200cm Hotel Neu";"4067282282391";"true";"EAN_DUPLICATE"
"335008";"4067282547322";"Klassische Wohnzimmer Sitzbank Designer Polsterbank Barock Stil Neu";"4067282547322";"true";"EAN_DUPLICATE"
"335097";"4067282671980";"WEISSER HÄNGESCHRANK MIT DREI EINLEGEBÖDEN IN MODERN FÜR EINE KÜCHENZEILE SET W200";"4067282671980";"true";"EAN_DUPLICATE"
"335100";"4067282671997";"KÜCHENHÄNGESCHRANK MIT DREI REGALEN IN MODERNER OPTIK IN WEISS FÜR EINE KÜCHENZEILE SET W200";"4067282671980";"true";"EAN_DUPLICATE"
"335219";"4067282535442";"Design Sessel Lounge Club Fernseh Stuhl Stühle Relax Lehnstuhl Polster Sofort";"4067282535442";"true";"NAME_CONTAINS_SOFORT"
"335220";"4067282535459";"Design Bett Textil Luxus Betten Modernes Hotel Gestell Schlaf Zimmer Sofort";"4067282535459";"false";"NAME_CONTAINS_SOFORT"
"335221";"4067282535466";"Design Sofa L-Form Couch Polster Schlafsofa Textil Bettfunktion Couchen Sofort";"4067282535466";"true";"NAME_CONTAINS_SOFORT"
"335232";"JVM4062292592959";"Tisch Beistelltisch Couchtisch Kaffeetisch Wohnzimmertisch Tische Sofort";"4062292592959";"true";"EAN_DUPLICATE|NAME_CONTAINS_SOFORT"
"335236";"JVM4067282040571";"Vitrine Kommoden Vitrinen Kommoden Schränke Glas Designer Schrank Eck Sofort";"4067282040571";"false";"EAN_DUPLICATE|NAME_CONTAINS_SOFORT"
"335246";"JVM4062292335945";"Italienische Klassisches Stuhl Möbel Luxus Sessel Büromöbel Stil Barock Sofort";"4062292335945";"true";"EAN_DUPLICATE|NAME_CONTAINS_SOFORT"
"335256";"4062292554537";"Tisch Büro Design Konferenztisch Esstisch Esstische Besprechungs Tische Sofort";"4062292554537";"true";"NAME_CONTAINS_SOFORT"
"335313";"4067282437555";"Chesterfield Ecksofa U Form Ledersofa Ecksofas Leder Couch Modern";"4067282437555";"true";"EAN_DUPLICATE"
"335593";"4067282437494";"Chesterfield Ecksofa U-Form Luxus Couch Ledersofa Sofas Weiß Modern";"4067282437494";"true";"EAN_DUPLICATE"
"335625";"4067282672697";"WANDGESCHIRRSCHRANK FÜR DIE KÜCHE IN WEISSER FARBE FÜR DEN KÜCHENRAUM G60K";"4067282672697";"true";"EAN_DUPLICATE"
"335628";"4067282672703";"KÜCHENHÄNGESCHRANK FÜR GESCHIRR IN FÜR KÜCHENRAUM G60K";"4067282672697";"true";"EAN_DUPLICATE"
"335680";"JVM4062292701047";"Kindersofa Couch Ecksofa Polstersofa Schlafsofa Schlaffunktion Bettkasten Sofort";"4062292701047";"false";"EAN_DUPLICATE|NAME_CONTAINS_SOFORT"
"336099";"JVM4062292015847";"Schlafzimmer Couch Sofa Schlafsofa Gästezimmer Kinderzimmer Büro Sofas Sofort";"4062292015847";"false";"EAN_DUPLICATE|NAME_CONTAINS_SOFORT"
"336100";"4067282535794";"Schlafsofa Ecksofa Couch Polstersofa Schlaffunktion Bettkasten Sofort";"4067282535794";"false";"NAME_CONTAINS_SOFORT"
"336101";"4067282535800";"Schlafsofa Couch Ecksofa Polstersofa Schlaffunktion Bettkasten Sofort";"4067282535800";"false";"NAME_CONTAINS_SOFORT"
"336102";"4067282535817";"Schlafsofa Rosa Couch Ecksofa Polstersofa Schlaffunktion Bettkasten Sofort";"4067282535817";"false";"NAME_CONTAINS_SOFORT"
"336103";"4067282535824";"Grau Schlafsofa Couch Ecksofa Polstersofa Schlaffunktion Bettkasten Sofort";"4067282535824";"false";"NAME_CONTAINS_SOFORT"
"336149";"4067282535831";"Schlafsofa Kinderzimmer Schlafzimmer Grau Couch Gästezimmer Büro Sofas Sofort";"4067282535831";"false";"NAME_CONTAINS_SOFORT"
"336151";"4067282535855";"Klassische Sofa Dreisitzer Couch Neu Polster 3 Sitzer Textil Couchen Sofort";"4067282535855";"true";"NAME_CONTAINS_SOFORT"
"336153";"4067282535862";"Luxus Sofa Braun Dreisitzer Couch Neu Klassische Polster 3 Sitzer Textil Sofort";"4067282535862";"true";"NAME_CONTAINS_SOFORT"
"336154";"4067282535879";"Ecksofa Wohnzimmer Bettfunktion Couch Grau Textil Polster Sofas Sofort";"4067282535879";"true";"EAN_DUPLICATE|NAME_CONTAINS_SOFORT"
"336158";"4067282535886";"Wohnzimmer Ecksofa sofa Couch Textil Polster Möbel Grau Sofas Sofort";"4067282535886";"true";"EAN_DUPLICATE|NAME_CONTAINS_SOFORT"
"336341";"4067282604124";"Antik Stil Leuchte Tischleuchte Tisch Lampe Leuchten Kronleuchte Kristall";"4067282604124";"true";"EAN_DUPLICATE"
"336348";"4067282535893";"Wohnlandschaft Ecksofa L Form Ecke Modern Sofa Textil Wohnzimmer Sofort";"4067282535893";"false";"EAN_DUPLICATE|NAME_CONTAINS_SOFORT"
"336350";"4067282535916";"Wohnzimmer Ecksofa L-Form Couch Grau Polster 3 Sitzer Textil Ecke Sofort";"4067282535916";"true";"NAME_CONTAINS_SOFORT"
"336351";"4067282536036";"Sofa 3 Sitzer Bettkasten Dreisitzer Couch Polster Textil Couch Sofort";"4067282536036";"true";"NAME_CONTAINS_SOFORT"
"336352";"4067282536043";"Modern Sofa Blau 3 Sitzer Bettkasten Dreisitzer Couch Polster Textil Couch Sofort";"4067282536043";"true";"NAME_CONTAINS_SOFORT"
"336353";"4067282536050";"Modern Wohnzimmer Sofa 3 Sitzer Luxus Couch Textil Wohnlandschaft Sofort";"4067282536050";"true";"NAME_CONTAINS_SOFORT"
"336354";"4067282536067";"Luxus Wohnzimmer Sofa Modern 3 Sitzer Couch Textil Wohnlandschaft Sofort";"4067282536067";"true";"NAME_CONTAINS_SOFORT"
"336355";"4067282536074";"Luxus Wohnzimmer 3 Sitzer Couch Textil Sofa Polster Wohnlandschaft Sofort";"4067282536074";"true";"NAME_CONTAINS_SOFORT"
"336522";"4067282536098";"Essgarnitur Essgruppe Möbel Gruppe Esszimmer 6x Stuhl Garnitur Set Stühle Sofort";"4067282536098";"true";"NAME_CONTAINS_SOFORT"
"336640";"4067282470262";"Kleiderschrank Schlafzimmer Schrank Luxus Schränke Viertürig Gold Spiegel";"4067282470262";"true";"EAN_DUPLICATE"
"336655";"4067282470309";"TV Ständer RTV Lowboard Wohnwand Sideboard Gold Holz Modern Design";"4067282470309";"true";"EAN_DUPLICATE"
"336867";"4062292133619";"Design Chesterfield Stühle Hotel Garnitur Stuhl Textil Polster Gruppe 8xSet Neu";"4062292133619";"true";"EAN_DUPLICATE"
"336868";"4062292133671";"Design Stühle Chesterfield Garnitur Stuhl Polster Hotel Gruppe 8xSet Neu Textil";"4062292133619";"true";"EAN_DUPLICATE"
"336869";"4062292133794";"Design Stühle Chesterfield Hotel Garnitur Stuhl Textil Polster Gruppe 8xSet Neu";"4062292133619";"true";"EAN_DUPLICATE"
"336870";"4062292133855";"Design Chesterfield Stühle Garnitur Hotel Stuhl Textil Polster Gruppe 8xSet Neu";"4062292133619";"true";"EAN_DUPLICATE"
"336871";"4062292133626";"Design Stühle Polster Garnitur Hotel Stuhl Textil Gruppe Chesterfield 10x Set";"4062292133619";"true";"EAN_DUPLICATE"
"336872";"4062292134227";"Barhocker Barstuhl Stoff Design Barstühle Bar Hocker Tresen Stühle Samt 10er";"4062292133619";"true";"EAN_DUPLICATE"
"336873";"4062292134395";"Barhocker Barstuhl Samt Stoff Design Barstühle Bar Hocker 8er Set Tresen Stühle";"4062292133619";"true";"EAN_DUPLICATE"
"336874";"4062292134272";"Barhocker Barstuhl Stoff Design Barstühle Bar Hocker 8er Set Tresen Stühle Samt";"4062292133619";"true";"EAN_DUPLICATE"
"336875";"4062292134159";"Barhocker Barstuhl Samt Stoff Design Barstühle Bar Hocker 8er Set Tresen Stühle";"4062292133619";"true";"EAN_DUPLICATE"
"336876";"4062292134210";"Barhocker Barstuhl 8er Set Stoff Design Barstühle Bar Hocker Tresen Stühle Samt";"4062292133619";"true";"EAN_DUPLICATE"
"336878";"4062292134388";"Barhocker Barstuhl 6er Set Stoff Design Barstühle Bar Hocker Tresen Stühle Samt";"4062292133619";"true";"EAN_DUPLICATE"
"336919";"4062292133510";"Stuhl Set Gruppe Stühle Hotel Polster Garnitur 4x Gruppen Textil Sessel Lehn";"4062292133619";"true";"EAN_DUPLICATE"
"336920";"4062292133602";"Stuhl Set Gruppe Stühle Garnitur 6x Gruppen Sessel Lehn Polster Hotel Textil Neu";"4062292133619";"true";"EAN_DUPLICATE"
"336921";"4062292133664";"Stuhl Set Gruppe Stühle 6x Gruppen Sessel Lehn Polster Hotel Textil Garnitur";"4062292133619";"true";"EAN_DUPLICATE"
"336923";"4062292133787";"Chesterfield Stühle mit Klopfer Edle Design Polster Hotel Stuhl 6x Gruppe Neu";"4062292133619";"true";"EAN_DUPLICATE"
"336924";"4062292133961";"Design Stühle Chesterfield Garnitur Polster Hotel Gruppe 6xSet Neu Textil Stuhl";"4062292133619";"true";"EAN_DUPLICATE"
"336925";"4062292133725";"Design Stühle Chesterfield Garnitur Stuhl Polster Hotel Gruppe 6xSet Neu Textil";"4062292133619";"true";"EAN_DUPLICATE"
"336926";"4062292133909";"Design Stühle Chesterfield Garnitur Stuhl Polster Hotel Gruppe 6xSet Neu Textil";"4062292133619";"true";"EAN_DUPLICATE"
"336927";"4062292134203";"Barhocker Barstuhl 6er Set Stoff Design Barstühle Bar Hocker Tresen Stühle Samt";"4062292133619";"true";"EAN_DUPLICATE"
"336928";"4062292134142";"Bar Hocker Chesterfield Hotel Stühle Garnitur Stuhl Textil Polster Gruppe 6xSet";"4062292133619";"true";"EAN_DUPLICATE"
"336929";"4062292134326";"Barhocker Barstuhl Samt Design Barstühle Bar Hocker 6er Set Tresen Stühle Stoff";"4062292133619";"true";"EAN_DUPLICATE"
"336930";"4062292134258";"Design Stühle Chesterfield Stuhl Textil Polster Hotel Gruppe 4xSet Neu Garnitur";"4062292133619";"true";"EAN_DUPLICATE"
"336999";"JVM4067282508316";"Wohnzimmer Eleganter Couchtisch Edlem Couchtisch Charme Wohnzimmer möbel Sofort";"4067282508316";"true";"EAN_DUPLICATE|NAME_CONTAINS_SOFORT"
"337135";"4067282202276";"Ecksofa L-form Grau Ecksofa Eckcouch mit Bettkasten Sofa Wohnlandschaft Sofas";"4067282202276";"true";"EAN_DUPLICATE"
"337141";"4067282202306";"Ecksofa L-form Schlafgarnitur Ecksofa Eckcouch Bettkasten Sofa Wohnlandschaft";"4067282202306";"true";"EAN_DUPLICATE"
"337142";"4067282202313";"Sofa Ecksofa L-form Schlafgarnitur Ecksofa Eckcouch Bettkasten Wohnlandschaft";"4067282202313";"true";"EAN_DUPLICATE"
"337146";"4067282202078";"Design Ecksofa Couch Multifunktion Wohnlandschaft Textil Polster Sofas Leder";"4067282202078";"true";"EAN_DUPLICATE"
"337149";"4067282202252";"Ecksofa U-form Eckcouch mit Schlaffunktion Ecksofa Wohnlandschaft Sofa Couch";"4067282202252";"true";"EAN_DUPLICATE"
"337150";"4067282202269";"Ecksofa U-form Schlaffunktion Wohnlandschaft Sofa Couch Sofas Couchen Eckcouch";"4067282202269";"true";"EAN_DUPLICATE"
"337151";"4067282202344";"Ecksofa U-form Eckcouch Schlaffunktion Wohnlandschaft Sofa Couch Sofas Couchen";"4067282202344";"true";"EAN_DUPLICATE"
"337188";"JVM4067282536128";"Esszimmer Esstisch 6x Stühle Stuhl Esszimmer Set Essgruppe 7tlg Sofort";"4067282536128";"true";"NAME_CONTAINS_SOFORT"
"337195";"JVM4067282536104";"Esstisch 6x Stühle Luxus Möbel Stuhl Esszimmer Set Essgruppe 7tlg Sofort";"4067282536104";"true";"NAME_CONTAINS_SOFORT"
"337223";"JVM4062292095009";"Chesterfield Ecksofa Couch 210x300cm Maßfertigung Luxus Sofa Sofort";"4062292095009";"true";"EAN_DUPLICATE|NAME_CONTAINS_SOFORT"
"337230";"JVM4067282536173";"Esszimmer 4x Lehnstuhl Barock Polsterstuhl Stuhl 4x Stühle Wohnzimmer Sofort";"4067282536173";"false";"NAME_CONTAINS_SOFORT"
"337254";"JVM4067282381261";"Bett Design Doppelbett Samt Bett Stoff Polster Ehe 160x200 Betten Sofort";"4067282381261";"false";"NAME_CONTAINS_SOFORT"
"337268";"JVM4067282536289";"Schlafzimmer Set Bett Betten Nachttisch Kommode mit Spiegel Luxus 4tlg. Sofort";"4067282536289";"false";"NAME_CONTAINS_SOFORT"
"337494";"JVM4062292700712";"Designer Sofa 3 Sitzer Chesterfield Couch Polster Sofas Design Orange Sofort";"4062292700712";"false";"EAN_DUPLICATE|NAME_CONTAINS_SOFORT"
"337504";"4062292569470";"Design Chesterfield Rundes Bett Rund Betten Schlafzimmer Doppel Hotel Betten";"4062292569470";"true";"EAN_DUPLICATE"
"337509";"4067282437852";"Chesterfield Sofa 3 Sitzer Couch Sitz Luxus Couchen Dreisitzer 230cm";"4067282437852";"true";"EAN_DUPLICATE"
"337707";"204031485912";"Luxus Ecksofa L-form Sofa Sofas Modern Wohnzimmer Textil Polster Design Eck Neu";"204031485912";"true";"EAN_NOT_13_DIGITS|EAN_NOT_STARTING_WITH_4"
"337814";"4067282536463";"Designer Leder Tische Glas Couchtisch Sofa Wohnzimmer Tisch Sofort";"4067282536463";"true";"NAME_CONTAINS_SOFORT"
"337949";"4067282512658";"Kommode Design im Wohnzimmer modern neu Wohnzimmer Holz";"4067282512658";"true";"EAN_DUPLICATE"
"337991";"JVM4067282499331";"Sofa 2 Sitzer Couch Polster Sofa Textil Stoff Chesterfield Couchen";"4067282499331";"true";"EAN_DUPLICATE"
"338216";"4067282425545";"Schlafzimmer Bett 2x Nachttische Luxus Möbel 3 Stück Modern neu";"4067282512658";"true";"EAN_DUPLICATE"
"338237";"4067282619364";"Klassische Weiß Stuhl Designer Barhocker Holzstuhl Luxus Möbel Hocker";"4062292133619";"true";"EAN_DUPLICATE"
"338254";"4067282536524";"Chesterfield Designer Sofa 3 Sitzer Sofa Polster Sofas Orange Sofort";"4067282536524";"false";"NAME_CONTAINS_SOFORT"
"338255";"4067282536371";"Wohnzimmer Chesterfield Sofa 3 Sitzer Schwarz Polyester Sofas Design Sofort";"4067282536371";"true";"NAME_CONTAINS_SOFORT"
"338292";"JVM4067282536548";"Italy Design Möbel Sofa Couch Wohnzimmer 3 Sitzer Couchen Sofas Polster Sofort";"4067282536548";"false";"NAME_CONTAINS_SOFORT"
"338298";"JVM4062292227325";"Sofagarnitur Polster 321 Sitzer Set Design Sofas Couchen Leder Modern Sofort";"4062292227325";"true";"EAN_DUPLICATE|NAME_CONTAINS_SOFORT"
"338381";"JVM4062292734014";"Sofagarnitur 3+2 Sitzer Wohnlandschaft Sofa Couch Polster Garnitur Sofas Sofort";"4062292734014";"false";"EAN_DUPLICATE|NAME_CONTAINS_SOFORT"
"338389";"JVM4067282536500";"Luxus Couchtisch Designer Couchtisch Grün Wohnzimmer Möbel Tisch Sofort";"4067282536500";"false";"NAME_CONTAINS_SOFORT"
"338390";"4067282536579";"Designer Couchtisch Polster Tisch Leder Glas Moderner Tische Glastische Sofort";"4067282536579";"false";"NAME_CONTAINS_SOFORT"
"338423";"JVM4067282536494";"Hocker Klassische Sitz Bank Fußhocker Sitzhocker Fuß Hocker Wohnzimmer Sofort";"4067282536494";"true";"NAME_CONTAINS_SOFORT"
"338430";"JVM4067282536487";"Bett Hotel Schlafzimmer Betten Polster Schlafzimmer Möbel Doppel Sofort";"4067282536487";"true";"NAME_CONTAINS_SOFORT"
"338432";"JVM4062292024238";"Design Chaplin Figur Statue Skulptur Figuren Skulpturen Dekoration Deko Sofort";"4062292024238";"true";"EAN_DUPLICATE|NAME_CONTAINS_SOFORT"
"338440";"4067282534438";"Luxus Nachttisch Tisch Schlafzimmer Möbel Stil Modern Nachttisch Sofort";"4067282534438";"true";"NAME_CONTAINS_SOFORT"
"338450";"4067282536586";"Wohnzimmer Eleganter Designer Couchtisch Chesterfield Tisch Glastisch Sofort";"4067282536586";"false";"NAME_CONTAINS_SOFORT"
"338451";"4067282536593";"WOHNZIMMER COUCHTISCH POLSTER TISCH LEDER GLAS MODERNER TISCHE GLASTISCHE SOFORT LIEFERBAR";"4067282536593";"false";"NAME_CONTAINS_SOFORT"
"338554";"4067282352025";"Spielplatz Geräte Kinderkarussell Drehplatte Karussell Ringelreiten Made in EU";"4067282352025";"true";"EAN_DUPLICATE"
"338595";"JVM4062292493317";"LEHNSTUHL WEIß KUNSTLEDER STUHL SESSEL LEDER STÜHLE BRAUN HOLZ SOFORT";"4062292493317";"true";"NAME_CONTAINS_SOFORT"
"338604";"JVM4067282536418";"Couchtisch Tisch Holz Handarbeit Tische Wohnzimmer Möbel Harz Sofort";"4067282536418";"false";"NAME_CONTAINS_SOFORT"
"338605";"JVM4067282536395";"Lowboard Board Schrank Fernsehtisch Unterschank RTV Kommode Kommoden Sofort";"4067282536395";"true";"NAME_CONTAINS_SOFORT"
"338621";"4067282305205";"Luxus Tische Esszimmer Tisch Esszimmer Moderner Edelstahl Sofort Weiß";"4067282305205";"true";"NAME_CONTAINS_SOFORT"
"338640";"JVM4062292123085";"Kommode Hoch Schrank Side Low Board Kommoden Designer Edel Luxus Schränke Sofort";"4062292123085";"false";"EAN_DUPLICATE|NAME_CONTAINS_SOFORT"
"338641";"JVM4062292221392";"Boxspringbett Design Polsterbett Bett Betten Hotel Hotelbett Italienische Sofort";"4062292221392";"true";"EAN_DUPLICATE|NAME_CONTAINS_SOFORT"
"338642";"JVM4062292337581";"Italienische Möbel Beistelltisch Konsolentisch Tisch Wohnzimmertisch Sofort";"4062292337581";"true";"EAN_DUPLICATE|NAME_CONTAINS_SOFORT"
"338643";"JVM4062292260261";"Esszimmer Sessel Stuhl Sitz Lehn Wohnzimmer Stühle Holz Sofort";"4062292260261";"true";"EAN_DUPLICATE|NAME_CONTAINS_SOFORT"
"338644";"JVM4062292009129";"Barock Rustikal Stil Klassisch Wohnzimmer Holz Tisch Couchtisch Beistell Sofort";"4062292009129";"false";"NAME_CONTAINS_SOFORT"
"338645";"JVM4067282536616";"Wohnzimmer Edler Designer Couchtisch Beistelltisch Tische Barock Sofort";"4067282536616";"false";"NAME_CONTAINS_SOFORT"
"338647";"JVM4067282536623";"Design Glastisch Leder Couch Tisch Tische Glas Sofa Wohnzimmertisch NEU Sofort";"4067282536623";"false";"NAME_CONTAINS_SOFORT"
"338648";"JVM4067282536630";"Schminktisch Konsole Schmink Tische Tisch Konsolen Sekretär Sofort";"4067282536630";"true";"NAME_CONTAINS_SOFORT"
"338651";"JVM4067282536432";"Ledersofa XXL U Form Wohnzimmer Couch Sofa Big Ledercouch Sofas Ecksofa Sofort";"4067282536432";"true";"NAME_CONTAINS_SOFORT"
"338682";"4067282152533";"Luxus Tische Esszimmer Tisch Esszimmer Moderner Gold Edelstahl Sofort";"4067282152533";"true";"NAME_CONTAINS_SOFORT"
"338692";"JVM4067282536715";"Stylische Side Low Board Kommoden Designer Edel Luxus Schränke Sofort";"4067282536715";"false";"NAME_CONTAINS_SOFORT"
"338693";"JVM4067282536722";"Sideboard Luxus Schrank Regal Holz Anrichte Schränke Wohnzimmer Modern Sofort";"4067282536722";"false";"NAME_CONTAINS_SOFORT"
"338694";"JVM4067282536746";"Wohnzimmer Chesterfield Designer Sofa 3 Sitzer Couch Polster Sofort Lieferbar";"4067282536746";"false";"NAME_CONTAINS_SOFORT"
"338695";"JVM4067282536739";"Design Chesterfield Designer Sofa 3 Sitzer Chesterfield Couch Polster Sofort";"4067282536739";"true";"NAME_CONTAINS_SOFORT"
"338705";"JVM4067282536791";"Sofa 3 Sitzer Chesterfield Couch Polster Wohnzimmer Sofas Design Sofort";"4067282536791";"true";"NAME_CONTAINS_SOFORT"
"338744";"JVM4067282536814";"Couchtisch Glastisch Couch Tisch Tische Glas Wohnzimmertisch Sofort";"4067282536814";"true";"NAME_CONTAINS_SOFORT"
"338757";"JVM4067282534506";"Design Skulptur Garten Skulptur Figur Birne Statue Deekoration Sofort";"4067282534506";"true";"NAME_CONTAINS_SOFORT"
"338761";"JVM4067282536821";"Esstisch River Tisch Handgefertigt Mitte Esstisch Epoxidharz Sofort";"4067282536821";"false";"NAME_CONTAINS_SOFORT"
"338780";"JVM4067282536869";"Exklusive Epoxid Harz Luxus Couchtisch Matt Schwarz Tische Holz Sofort";"4067282536869";"true";"NAME_CONTAINS_SOFORT"
"338781";"JVM4067282536876";"Luxus Exklusive Couchtisch Epoxid Harz Tisch Matt Schwarz Tische Holz Sofort";"4067282536876";"false";"EAN_DUPLICATE|NAME_CONTAINS_SOFORT"
"338877";"4067282623705";"Esstisch Modern Stil Ess Tisch Luxus Tische Braun Holz Möbel Wohnzimmer";"4067282623705";"true";"EAN_DUPLICATE"
"339297";"4062292569722";"Esszimmer Set Garnitur Tisch 6x Stühle Design Modern Möbel Luxus Esstisch";"4062292569722";"true";"EAN_DUPLICATE"
"339569";"4062292569708";"Luxus Tisch Weiß Edelstahl Italienisches Design";"4062292569708";"true";"EAN_DUPLICATE"
"339632";"JVM4062292132469";"Wandleuchte Bohemia Luster Antik Stil Kronleuchter Wand Lampen Wandlampe Sofort";"4062292132469";"true";"EAN_DUPLICATE|NAME_CONTAINS_SOFORT"
"339673";"JVM4062292026454";"Antik Stil Stein Sessel Bank Stuhl Garten Terrase Edler Design Thron Sofort";"4062292026454";"false";"EAN_DUPLICATE|NAME_CONTAINS_SOFORT"
"339674";"JVM4062292043987";"Zierbrunnen Springbrunnen Skulptur Brunnen Dekor Fontaine Garten Teich Sofort";"4062292043987";"true";"EAN_DUPLICATE|NAME_CONTAINS_SOFORT"
"339684";"JVM4067282535572";"Stilvoll Wandpaneel Paneelen Weiß 50x50 cm 5,00qm/20Stück 3D Paneele Sofort";"4067282535572";"true";"NAME_CONTAINS_SOFORT"
"339750";"4067282508521";"Wohnzimmer Set Sofagarnitur Naturfarben Design Polstermöbel Couchtisch";"4067282258921";"true";"EAN_DUPLICATE"
"339757";"JVM4067282534803";"Elegant 2x Nachttisch 2x Nachttische Konsole Schlafzimmer Holz Tisch Sofort";"4067282534803";"false";"NAME_CONTAINS_SOFORT"
"339762";"JVM4067282535053";"Wandplatte Panel Welle Styropor Weiß 50x50 cm 5,00qm 3D Paneele Sofort";"4067282535053";"true";"NAME_CONTAINS_SOFORT"
"339763";"JVM4067282535558";"Luxuriös Paneele Wandverkleidung Weiß 50x50 cm 5,00qm/20Stück 3D Paneele Sofort";"4067282535558";"true";"NAME_CONTAINS_SOFORT"
"339765";"JVM4067282535565";"Moderne Paneele Wandpaneel Weiß 50x50 cm 5,00qm/20Stück 3D Paneele Sofort";"4067282535565";"true";"NAME_CONTAINS_SOFORT"
"339768";"JVM4067282536159";"Esszimmer Set Essgruppe Esstisch 6x Stühle Luxus Möbel Stuhl 7tlg Sofort";"4067282536159";"true";"NAME_CONTAINS_SOFORT"
"339774";"JVM4067282536388";"Design Ecksofa U-Form Vento Bettfunktion Couch Polster Textil Sofas Sofort";"4067282536388";"true";"NAME_CONTAINS_SOFORT"
"339783";"JVM4067282536852";"Exklusive Epoxid Harz Luxus Esstisch Tische Holz Epoxid Tisch Sofort";"4067282536852";"false";"NAME_CONTAINS_SOFORT"
"339789";"4067282307643";"Wohnzimmer Sessel Design Couch Sitzer Kunstleder Polster Luxus";"4067282307643";"true";"EAN_DUPLICATE"
"339824";"JVM4062292063589";"Nilpferd Figur Statue Skulptur Figuren Skulpturen Dekoration Deko Statue Sofort";"4062292063589";"true";"EAN_DUPLICATE|NAME_CONTAINS_SOFORT"
"339828";"JVM4062292029363";"Garten Dekoration Elefant Terrasse Stein Figuren Deko Statue Skulptur Sofort";"4062292029363";"false";"EAN_DUPLICATE|NAME_CONTAINS_SOFORT"
"339833";"JVM4062292331022";"Designer Figur Statue Moderne Figuren Dekoration Hund Garten Skulptur Sofort";"4062292331022";"true";"EAN_DUPLICATE|NAME_CONTAINS_SOFORT"
"339837";"JVM4067282534513";"Dekokissen Designer 6x Sofakissen Beige Braun Leder 6x Kissen Dekoration Sofort";"4067282534513";"true";"NAME_CONTAINS_SOFORT"
"339846";"JVM4062292131714";"Tischleuchte Antik Stil Tisch Lampe Kristall Leuchte Leuchten Kronleuchte Sofort";"4062292131714";"false";"EAN_DUPLICATE|NAME_CONTAINS_SOFORT"
"339851";"JVM4062292130090";"Wandleuchte Bohemia Luster Antik Stil Wand Lampen Wandlampe Kronleuchter Sofort";"4062292130090";"true";"EAN_DUPLICATE|NAME_CONTAINS_SOFORT"
"339859";"4067282259553";"Gruppe Stühle Garnitur Textil Stoff Holz Gepolsterte Esszimmer 4x Stühle";"4067282259553";"true";"EAN_DUPLICATE"
"339907";"4260499875558";"Stein Blumentopf Römischer Topf Pflanzgefäß Blumenkasten Kübel Blumentopf 2042";"4260499875558";"true";"EAN_DUPLICATE"
"339967";"JVM4062292284557";"Kleiderschrank Schlafzimmer Holz Schrank Möbel Neu Schränke Eckschrank Sofort";"4062292284557";"false";"NAME_CONTAINS_SOFORT"
"339979";"JVM4062292104145";"Doppel Luxus Design Bett Polster Betten 140x200 Multifunktion Neu LB8840 sofort";"4062292104145";"false";"EAN_DUPLICATE|NAME_CONTAINS_SOFORT"
"339981";"JVM4067282534797";"Stuhl Esszimmerstuhl Designer Textil Stühle Massivhol Esszimmerstühle Sofort";"4067282534797";"true";"EAN_DUPLICATE|NAME_CONTAINS_SOFORT"
"339993";"JVM4062292721687";"Couchtisch Tisch Beistelltisch Wohnzimmertisch Holz Tische Royal Barock Sofort";"4062292721687";"false";"EAN_DUPLICATE|NAME_CONTAINS_SOFORT"
"339994";"4067282068902";"Dekoration für Garten und Haus figurine Dekoration Skulptur neu Sofort";"4067282068902";"true";"NAME_CONTAINS_SOFORT"
"339998";"4067282068889";"Design Stele Figur Statue Skulptur Figurinen Dekor Neu Sofort";"4067282068889";"true";"NAME_CONTAINS_SOFORT"
"340001";"JVM4062292063671";"Design Hund Figur Statue Skulptur Figuren Skulpturen Dekoration Deko Sofort";"4062292063671";"true";"EAN_DUPLICATE|NAME_CONTAINS_SOFORT"
"340007";"JVM4062292093708";"Hochwertige Leder Sofa Chesterfield Couch England Schwarz 100% Leder Sofort";"4062292093708";"true";"EAN_DUPLICATE|NAME_CONTAINS_SOFORT"
"340046";"4067282068919";"Schickes dekoratives Steinobjekt im griechischen Stil Neu 80 x 12 cm Sofort";"4067282068919";"false";"EAN_DUPLICATE|NAME_CONTAINS_SOFORT"
"340050";"4067282068926";"Dekorative Blumensäule Blumenständer Säule im griechischen Stil Sofort";"4067282068926";"true";"EAN_DUPLICATE|NAME_CONTAINS_SOFORT"
"340078";"JVM4067282068926";"Weiß Dekorative Blumensäule Blumenständer Säule im griechischen Stil Sofort";"4067282068926";"true";"EAN_DUPLICATE|NAME_CONTAINS_SOFORT"
"340083";"JVM4067282068919";"Schickes dekoratives Steinobjekt im griechischen Stil Neu Sofort";"4067282068919";"false";"EAN_DUPLICATE|NAME_CONTAINS_SOFORT"
"340089";"JVM4062292215544";"Design Ecksofa Leder Sofa Couch Wohnlandschaft U-Form Sofa Sofort";"4062292215544";"false";"EAN_DUPLICATE|NAME_CONTAINS_SOFORT"
"340094";"JVM4260439211910";"Chaise Lounge Liege Chesterfield Polster Liegen Leder Relax 100% Leder Sofort";"4260439211910";"true";"EAN_DUPLICATE|NAME_CONTAINS_SOFORT"
"340096";"JVM4260439211941";"Chesterfield 3 Sitzer mit Bettfunktion Sofa Couch Polster 100% Leder Sofort";"4260439211941";"true";"EAN_DUPLICATE|NAME_CONTAINS_SOFORT"
"340098";"JVM4062292091247";"Schwarze Designer Sofa Couch Polster XXL 3 Sitzer Big Sofas 100% Leder Sofort";"4062292091247";"true";"EAN_DUPLICATE|NAME_CONTAINS_SOFORT"
"340101";"JVM4260174421285";"Chesterfield XXL Polster Big Sofa Couch Lord Textil Stoff 100% Leder Sofort";"4260174421285";"true";"EAN_DUPLICATE|NAME_CONTAINS_SOFORT"
"340104";"JVM4062292038129";"Design Chesterfield Sofagarnitur 3-Sitzer Leder Couch Weiß 100% Leder Sofort";"4062292038129";"true";"EAN_DUPLICATE|NAME_CONTAINS_SOFORT"
"340117";"4067282068957";"Dekorativer Blumenständer im griechischen Stil in geschwärzter Goldfarbe Sofort";"4067282068957";"false";"NAME_CONTAINS_SOFORT"
"340210";"JVM4067282069008";"Dekorative Figur in abstrakte Ballon Hund Figur Designer Figur Sofort";"4067282069008";"false";"NAME_CONTAINS_SOFORT"
"340216";"JVM4067282068971";"Hirsch Skulptur für Garten Deko-Skulptur Figur Orange Neu Sofort";"4067282068971";"true";"NAME_CONTAINS_SOFORT"
"340218";"JVM4067282068964";"Gorilla Statuette Designer Statuette moderner Stil dekorative Statuette Sofort";"4067282068964";"false";"NAME_CONTAINS_SOFORT"
"340221";"JVM4260454040380";"Chesterfield Sofa Couch Polster 3 Sitzer Klassische Couchen 100% Leder Sofort";"4260454040380";"true";"EAN_DUPLICATE|NAME_CONTAINS_SOFORT"
"340223";"JVM4062292421235";"Chesterfield Sessel Leder Braun Kreative Möbel Wohnzimmer 100% Leder Sofort";"4062292421235";"true";"EAN_DUPLICATE|NAME_CONTAINS_SOFORT"
"340224";"JV4260533189443";"Echter Chesterfield Ohrensessel Sessel Couch Sofa Polster 100% Leder Sofort";"4260533189443";"true";"EAN_DUPLICATE|NAME_CONTAINS_SOFORT"
"340225";"JVM4260454045750";"Chesterfield Ohrensessel Queen Sessel Antik Look Couch Polster 100% Leder Sofort";"4260454045750";"true";"EAN_DUPLICATE|NAME_CONTAINS_SOFORT"
"340227";"JVM4062292090035";"Chesterfield Ohrensessel Klassische Stuhl der Premium Klasse 100% Leder Sofort";"4062292090035";"true";"EAN_DUPLICATE|NAME_CONTAINS_SOFORT"
"340233";"JVM4062292314292";"Design Chesterfield Stoff Couch Sessel 1.5 Sitz Polster Sofas 100% Leder Sofort";"4062292314292";"true";"EAN_DUPLICATE|NAME_CONTAINS_SOFORT"
"340235";"JVM4062292094088";"Chesterfield Couch Polster Weiße Leder Sofa Couchen Weiß 100% Leder Sofort";"4062292094088";"true";"EAN_DUPLICATE|NAME_CONTAINS_SOFORT"
"340238";"JVM4260606057914";"Chesterfield design luxus Sofa Polster garnitur Leder 3 Sitzer 100% Leder Sofort";"4260606057914";"true";"NAME_CONTAINS_SOFORT"
"340240";"JVM4260499871505";"Chesterfield Couch Polster Sofa XXL Big Sofas 3 Sitzer 100% Leder Sofort";"4260499871505";"true";"EAN_DUPLICATE|NAME_CONTAINS_SOFORT"
"340242";"JVM4260174421261";"Chesterfield Liege Chaiselongues Couch Ledersofa 100% Leder Sofort";"4260174421261";"true";"EAN_DUPLICATE|NAME_CONTAINS_SOFORT"
"340244";"4062292283307";"Chesterfield Ohrensessel Sessel Sofa Polster Sitz Loung Braun 100% Leder Sofort";"4062292283307";"true";"EAN_DUPLICATE|NAME_CONTAINS_SOFORT"
"340247";"JVM4260499871550";"Chesterfield Sessel 1 Sitzer Ohrensessel Sofa 161013-27 100% Leder Sofort";"4260499871550";"true";"EAN_DUPLICATE|NAME_CONTAINS_SOFORT"
"340251";"JVM4062292102165";"Echtes Leder Sessel Sofa Couch Chesterfield Ohrensessel 100% Leder Sofort";"4062292102165";"true";"NAME_CONTAINS_SOFORT"
"340264";"4067282508316";"Wohnzimmer Eleganter Couchtisch Edlem Charme möbel";"4067282508316";"true";"EAN_DUPLICATE"
"340290";"4260499871277";"Komplett Wohnzimmer Esszimmer 9 tlg Set Verona Wohngruppe Essgruppe ItalienNeu";"4260499871277";"true";"EAN_DUPLICATE"
"340307";"4067282330092";"Goldenes Bett Doppelbett Schlafzimmer Betten Möbel designer Doppelbett Beige";"4067282330092";"true";"EAN_DUPLICATE"
"340329";"4260484868008";"Klassische Kronenabschluss Satz für Bücherschrank Schrank System SE-LN-S1010";"4260484868008";"true";"EAN_DUPLICATE"
"340330";"4260484866929";"Klassische Vitrine Vitrinenschrank Vitrinen Glasschrank Schrank Kolonial OW2A";"4260484866929";"true";"EAN_DUPLICATE"
"340388";"4260484866523";"Klassischer Designer Spiegel Wandspiegel echten Holz Rahmen Kolonial Stil OL 3";"4260484866523";"true";"EAN_DUPLICATE"
"340389";"4260484866196";"Klassischer Nachtschrank Nachttisch Massiv Konsole Ablage Schlafzimmer N-SzN";"4260484866196";"true";"EAN_DUPLICATE"
"340396";"4260484865410";"Klassischer TV Sideboard Echtes Holz Kommode Board Schrank Kommoden Neu PR-RTV-M";"4260484865410";"true";"EAN_DUPLICATE"
"340404";"4260174429052";"Klassischer Bürotisch Tisch Sekretär Holztisch Klassisch Antik Style Office Neu";"4260174429052";"true";"EAN_DUPLICATE"
"340405";"4260480945963";"Klassisches Bett Doppelbett Betten Leder Textil Echtes Antik Stil Holz";"4260480945963";"true";"EAN_DUPLICATE"
"340406";"4260480945994";"Nachttisch Nachttische Tisch Konsole Schlafzimmer Beistelltisch antik Stil Neu";"4260480945994";"true";"EAN_DUPLICATE"
"340407";"4260454047143";"Klassischer Unterschank RTV Fernsehschrank - Model V-RTV-M";"4260454047143";"true";"EAN_DUPLICATE"
"340409";"4260454046740";"Element Model V-A für Begehbarer Schrank Kleiderschrank Italienische Möbel";"4260454046740";"true";"EAN_DUPLICATE"
"340410";"4260454046757";"Element Model V-B für Begehbarer Schrank Kleiderschrank Italienische Möbel";"4260454046757";"true";"EAN_DUPLICATE"
"340411";"4260454046764";"Element Model V-F fürBegehbarer Schrank Kleiderschrank Italienische Möbel";"4260454046764";"true";"EAN_DUPLICATE"
"340412";"4260454046467";"Element Model V-15-N für Begehbarer Schrank Kleiderschrank Italienische Möbel";"4260454046467";"true";"EAN_DUPLICATE"
"340413";"4260454046481";"Element Model V2D-14 für Begehbarer Schrank Kleiderschrank Italienische Möbel";"4260454046481";"true";"EAN_DUPLICATE"
"340414";"4260454046405";"Element Model V1D-11 für Begehbarer Schrank Kleiderschrank Italienische Möbel";"4260454046405";"true";"EAN_DUPLICATE"
"340415";"4260454046825";"Begehbarer Element von Kleiderschrank Schrank Kronensockel für Schränke Verona";"4260454046825";"true";"EAN_DUPLICATE"
"340416";"4260454046849";"Säule Dekosäule Säulen Römische Griechische Deko Begehbarer Schrank Verona";"4260454046849";"true";"EAN_DUPLICATE"
"340417";"4260454046863";"Element für Begehbaren Kleiderschrank Schrank Neu Verona V-Abschlussseitenwand";"4260454046863";"true";"EAN_DUPLICATE"
"340418";"4260454046856";"Element Abschluss Teil Begehbarer Kleiderschrank Schrank Verona";"4260454046856";"true";"EAN_DUPLICATE"
"340420";"4260454046887";"Abschlußelement Kleiderschrank Schrank Begehbarer Neu V-Seitenabschlussteil L/P";"4260454046887";"true";"EAN_DUPLICATE"
"340421";"4260454046917";"Element für Kleiderschrank Schrank Begehbaren Schrank Seitenschrank Säule Neu";"4260454046917";"true";"EAN_DUPLICATE"
"340422";"4260454046900";"Element für Begehbaren Schrank Kleiderschrank Krone Verona V- Kronenaufsatz";"4260454046900";"true";"EAN_DUPLICATE"
"340423";"4260454046894";"Ecksäule Säule Holzsäule Eck Abschluss Element Säulen Verona V-Eckpfeiler";"4260454046894";"true";"EAN_DUPLICATE"
"340424";"4260454046658";"Klassischer Design Chippendale Spiegel Großer Standspiegel Model V-Standspiegel";"4260454046658";"true";"EAN_DUPLICATE"
"340425";"4260454046559";"Element Model V2D-04 für Begehbarer Schrank Kleiderschrank Italienische Möbel";"4260454046559";"true";"EAN_DUPLICATE"
"340426";"4260454046443";"Element Model V2D-09 für Begehbarer Schrank Kleiderschrank Italienische Möbel";"4260454046443";"true";"EAN_DUPLICATE"
"340427";"4260454046399";"Element Model V1D-12 für Begehbarer Schrank Kleiderschrank Italienische Möbel";"4260454046399";"true";"EAN_DUPLICATE"
"340672";"4067282069282";"Chesterfield Sofa 2 Sitzer mit Bettfunktion Sofa in Kunstleder Sofort";"4067282069282";"true";"NAME_CONTAINS_SOFORT"
"340674";"JVM4067282069299";"Lederbett Bett Luxus Doppelbett Holzbetten Textil Designer Bett Sofort";"4067282069299";"false";"NAME_CONTAINS_SOFORT"
"341001";"4067282446540";"Kinder Jugendzimmer Bett + Schreibtisch + Kleiderschrank 3-teilige";"4067282446540";"true";"EAN_DUPLICATE"
"341510";"JVM4062292282317";"Dreisitzer Couch Polster Design Sofa Moderne 3er Sofas Braun 100% Leder Sofort";"4062292282317";"true";"EAN_DUPLICATE|NAME_CONTAINS_SOFORT"
"341518";"JVM4062292311765";"Wohnzimmer Chesterfield Sofa Design Couchen Sofas Dreisitzer 100% Leder Sofort";"4062292311765";"true";"EAN_DUPLICATE|NAME_CONTAINS_SOFORT"
"341523";"JVM4260606055880";"XXL Big Sofa Couch Chesterfield 240cm Polster Sofas 4 Sitzer 100% Leder Sofort";"4260606055880";"true";"NAME_CONTAINS_SOFORT"
"341583";"JVM4062292219559";"Schwarz Chesterfield 3Sitzer Klassische Luxus Sofa Leder Couch 100% Leder Sofort";"4062292219559";"true";"EAN_DUPLICATE|NAME_CONTAINS_SOFORT"
"341585";"JVM4062292421167";"Chesterfield 3 Sitzer Leder Braune Sofa Couchen Möbel Luxus 100% Leder Sofort";"4062292421167";"true";"EAN_DUPLICATE|NAME_CONTAINS_SOFORT"
"341844";"JVM4260174421063";"Ledersofa Sofagarnitur Sofa Couch Polster 3+2+1 Chesterfield 100% Leder Sofort";"4260174421063";"true";"EAN_DUPLICATE|NAME_CONTAINS_SOFORT"
"341855";"JVM4260454045217";"Sofagarnitur Sofa Polster Set Couch 3+2+1 Garnitur Antik 100% Leder Sofort";"4260454045217";"true";"NAME_CONTAINS_SOFORT"
"342066";"4067282553385";"Hänge Vitrine Weiß Schrank Möbel Wohnzimmer Einrichtung Holz Luxus";"4067282553385";"true";"EAN_DUPLICATE"
"342085";"4067282677012";"Weiß Vitrine Luxus Wohnzimmer Hänge Vitrine Neu Möbel Holz Design";"4067282553385";"true";"EAN_DUPLICATE"
"342277";"JVM4062292556449";"Betten Schwarz Luxus Hotel 180x200cm Bett Polster Design Möbel Doppel Sofort";"4062292556449";"false";"EAN_DUPLICATE|NAME_CONTAINS_SOFORT"
"342286";"4067282643994";"Kleiderständer Garderobe Oberbekleidung Kleiderschrank Flur";"4067282643994";"true";"EAN_DUPLICATE"
"342394";"JVM4062292222078";"Klassische Schlafzimmer Set Bett 2x Nachttisch Kommode 3tlg. Set Betten Sofort";"4062292222078";"false";"EAN_DUPLICATE|NAME_CONTAINS_SOFORT"
"342396";"4260454042384";"CHESTERFIELD BETT KUNSTLEDERBETT DOPPELBETT 220x200 POLSTERBETT SOFORT";"4260454042384";"false";"EAN_DUPLICATE|NAME_CONTAINS_SOFORT"
"342397";"JVM4260454042384";"CHESTERFIELD BETT KUNSTLEDERBETT DOPPELBETT 160x200 POLSTERBETT SOFORT";"4260454042384";"false";"EAN_DUPLICATE|NAME_CONTAINS_SOFORT"
"342398";"JVM4062292017520";"XXL Big Designer Tisch 400cm Konferenztisch Holztisch Tische Esszimmer Sofort";"4062292017520";"false";"EAN_DUPLICATE|NAME_CONTAINS_SOFORT"
"342569";"JVM4062292702297";"Luxus Design Bett + 2 Nachttische Leder Schlafzimmer-Set XXL 180x200 Sofort";"4062292702297";"false";"EAN_DUPLICATE|NAME_CONTAINS_SOFORT"
"342584";"JVM4062292104244";"Design Luxus Bett Polster Ehe Hotel Moderne Betten Leder 200x200 cm Sofort";"4062292104244";"false";"EAN_DUPLICATE|NAME_CONTAINS_SOFORT"
"342645";"4260454040250";"Chesterfield Big XXL Designer Bett Betten Polster Lederbett Doppelbett Sofort";"4260454040250";"false";"EAN_DUPLICATE|NAME_CONTAINS_SOFORT"
"342748";"4067282627314";"Modern Schminktisch Beige Schlafzimmer Möbel Schminktisch mit Spiegel Sofort";"4067282627314";"true";"NAME_CONTAINS_SOFORT"
"343015";"4067282643260";"Kommode mit 4 Schubladen Sideboard Wohnzimmer Schubladenschrank Design";"4067282643260";"true";"EAN_DUPLICATE"
"343025";"JVM4062292285486";"Moderner Esstisch Küchentisch 80x200cm Esszimmertisch Holztisch Sofort lieferbar";"4062292285486";"true";"EAN_DUPLICATE|NAME_CONTAINS_SOFORT"
"343033";"JVM_4062292285486";"Esstisch Küchentisch 80x200cm Esszimmertisch Holztisch Sofort lieferbar";"4062292285486";"true";"EAN_DUPLICATE|NAME_CONTAINS_SOFORT"
"343038";"JVM4062292724022";"Barock Runder Esstisch Klassischer Tisch Runde Rund Tische Holz Möbel Sofort";"4062292724022";"true";"EAN_DUPLICATE|NAME_CONTAINS_SOFORT"
"343059";"4260174420790";"TV SCHRANK LOWBOARD SIDEBOARD Fernsehschrank HOCHGLANZ UNTERSCHRANK Sofort";"4260174420790";"true";"EAN_DUPLICATE|NAME_CONTAINS_SOFORT"
"343061";"JVM4062292048524";"Pouf Fußhocker Rund Sitz Hocker Polsterhocker Sitzhocker Badhocker Puff Sofort";"4062292048524";"false";"EAN_DUPLICATE|NAME_CONTAINS_SOFORT"
"343159";"4260606053312";"Design Couch Modern Relax Wohnlandschaft Polster Garnitur Stoff Sofa Louis";"4260606053312";"true";"EAN_DUPLICATE"
"343177";"4260439210029";"Designer Luxus Wasserbett Bett Betten Komplett System Doppelbett Leder Hotel Neu";"4260439210029";"true";"EAN_DUPLICATE"
"343197";"JVM4067282069992";"Haus Figur Statuette Skulptur Figurinen Skulpturen Dekor Statuen Sofort";"4067282069992";"true";"NAME_CONTAINS_SOFORT"
"343201";"JVM4062292095399";"Chesterfield Leder Set 2x Ohrensessel+ Hocker Garnitur 100% Leder Sofort";"4062292095399";"true";"EAN_DUPLICATE|NAME_CONTAINS_SOFORT"
"343203";"JVM4062292091568";"Chesterfield Braun Couch Sofa Polster 4 Sitzer Couchen Sitz 100% Leder Sofort";"4062292091568";"false";"EAN_DUPLICATE|NAME_CONTAINS_SOFORT"
"343206";"JVM4062292091513";"XXL Big Wohnzimmer Couch Chesterfield 4 Sitzer Sofa Couchen 100% Leder Sofort";"4062292091513";"true";"EAN_DUPLICATE|NAME_CONTAINS_SOFORT"
"343214";"4260606057730";"Chesterfield Vintage Echtleder Luxus Sofa Original Couch Sitz 100% Leder Sofort";"4260606057730";"true";"EAN_DUPLICATE|NAME_CONTAINS_SOFORT"
"343216";"JVM4062292314285";"Sofa 4 Sitzer Couch design Chesterfield Polster Sitz Garnitur 100% Leder Sofort";"4062292314285";"true";"EAN_DUPLICATE|NAME_CONTAINS_SOFORT"
"343218";"4067282642638";"Kommode Schlafzimmer Kommoden klassischer Stil Braun Schränke Sideboard";"4067282643260";"true";"EAN_DUPLICATE"
"343230";"JVM4062292076336";"Designer Metall Edelstahl Wohnzimmer Kunstmarmor Tisch Tische Luxus Neu Sofort";"4062292076336";"true";"EAN_DUPLICATE|NAME_CONTAINS_SOFORT"
"343243";"4067282389939";"Designer Sessel Relax Chair Fußstütz Couch Racing Gamer Weiß Schwarz SOFORT";"4062292020162";"true";"EAN_DUPLICATE|NAME_CONTAINS_SOFORT"
"343245";"4067282068704";"Chesterfield Design Stoff Couch Sessel 1 Sitzer Polster Sofort";"4067282068704";"false";"NAME_CONTAINS_SOFORT"
"343250";"JVM4062292016370";"Klassisch Design Ecksofa Vento Bettfunktion Couch Leder Polster Textil Sofort";"4062292016370";"true";"EAN_DUPLICATE|NAME_CONTAINS_SOFORT"
"343251";"4062292000935";"Multifunktion Couch Ecksofa Medien TV Sofa Couch Ledersofa Wohnlandschaft Sofort";"4062292000935";"true";"EAN_DUPLICATE|NAME_CONTAINS_SOFORT"
"343253";"4067282626294";"Luxus Sofagarnitur 3+2+1 Chesterfield Sofa Sessel Couchen Wohnzimmer Sofort";"4067282626294";"false";"NAME_CONTAINS_SOFORT"
"343256";"4067282626287";"Modern Rot Ecksofa U-form USB Ladestation Luxus Design Wohnzimmer Sofort";"4067282626287";"false";"NAME_CONTAINS_SOFORT"
"343257";"JVM4062292105265";"Leder Couch Polster Sitz Design Modern Eck Sofa U Form Wohnlandschaft Sofort";"4062292105265";"false";"EAN_DUPLICATE|NAME_CONTAINS_SOFORT"
"343262";"JVM4062292089091";"Chesterfield 3 Sitzer Design Couch Sofa Polster Sitz Sofas 100% Leder Sofort";"4062292089091";"true";"EAN_DUPLICATE|NAME_CONTAINS_SOFORT"
"343274";"JVM4062292091452";"Sofa Couch Polster 3 Sitzer Rollen Chesterfield Old Look Style 100% Leder Sofort";"4062292091452";"true";"EAN_DUPLICATE|NAME_CONTAINS_SOFORT"
"343276";"4260606057341";"Chesterfield 3 Sitzer Design Luxus Polster Sofa Couch Sitz 100% Leder Sofort";"4260606057341";"true";"NAME_CONTAINS_SOFORT"
"343277";"4260606056801";"Chesterfield Design Luxus Polster Couch Sitz Garnitur 100% Leder Sofort";"4260606056801";"true";"NAME_CONTAINS_SOFORT"
"343282";"4260606057617";"Chesterfield Design Polster Couch Leder Sofa Garnitur Luxus 100% Leder Sofort";"4260606057617";"true";"NAME_CONTAINS_SOFORT"
"343292";"4260499872441";"Chesterfield Sofa Polster Designer Couchen Sofas Garnitur Textil Stoff Textil 10";"4260499872441";"true";"EAN_DUPLICATE"
"343300";"4260174429502";"Eckbank Leder Eckbankgruppe Sitzbank Essecke Lederbank FARBWAHL und WUNSCHGRÖßE";"4260174429502";"true";"EAN_DUPLICATE"
"343603";"JVM4062292313738";"Braune Chesterfield Couch Leder 4 Sitzer xxl Big Sofa Couchen 100% Leder Sofort";"4062292313738";"true";"EAN_DUPLICATE|NAME_CONTAINS_SOFORT"
"343604";"JVM4062292421334";"Chesterfield 4 Sitzer Modern Design Couchen Leder Sofa xxl 100% Leder Sofort";"4062292421334";"true";"EAN_DUPLICATE|NAME_CONTAINS_SOFORT"
"343605";"JVM4062292312625";"Big Chesterfield Sofa 4 Sitzer Couch Polster Luxus Klassische 100% Leder Sofort";"4062292312625";"true";"EAN_DUPLICATE|NAME_CONTAINS_SOFORT"
"343606";"JVM4062292359958";"xxl Big Sofa Couch Chesterfield 265cm Polster Sofas 4 Sitzer 100% Leder Sofort";"4062292359958";"true";"EAN_DUPLICATE|NAME_CONTAINS_SOFORT"
"343622";"4260606056771";"Chesterfield Polster Sofas Klassischer Leder Schaffhau 3 Sitzer 100% Leder Sofort";"4260606056771";"true";"NAME_CONTAINS_SOFORT"
"343623";"4260606055576";"Chesterfield Couch Polster Sofas Klassischer Leder 3 Sitzer 100% Leder Sofort";"4260606055576";"true";"EAN_DUPLICATE|NAME_CONTAINS_SOFORT"
"343635";"4260606056078";"Chesterfield Büro Couch Polster Sofas Klassischer Leder 3 Sitzer 100% Leder Sofort";"4260606056078";"true";"NAME_CONTAINS_SOFORT"
"343636";"JVM4062292363597";"Chesterfield Polster Sofas Klassische Leder 3Sitzer Sofa Braun 100% Leder Sofort";"4062292363597";"true";"EAN_DUPLICATE|NAME_CONTAINS_SOFORT"
"343637";"JVM4260499872755";"Chesterfield Sofa 8 SITZER XXL Polster Designer Couchen Sofas 100% Leder Sofort";"4260499872755";"true";"EAN_DUPLICATE|NAME_CONTAINS_SOFORT"
"343666";"JVM4260499871659";"Chesterfield Sofagarnitur Designer Polster Sitz Couch 3+2+1 100% Leder Sofort";"4260499871659";"false";"EAN_DUPLICATE|NAME_CONTAINS_SOFORT"
"343689";"4260606054692";"Ledersofa Sofa Couch Polster Couch 321 Leder Stoff Sofas 100% Leder Sofort";"4260606054692";"true";"EAN_DUPLICATE|NAME_CONTAINS_SOFORT"
"343707";"4260606054685";"Edle Designer Polster Couch Luxus Chesterfield Sitz Garnituren 100% Leder Sofort";"4260606054685";"true";"EAN_DUPLICATE|NAME_CONTAINS_SOFORT"
"343719";"JVM4062292012945";"Chesterfield Sofagarnitur Klassiche Wonzimmer Couch Sofa Set 100% Leder Sofort";"4062292012945";"true";"EAN_DUPLICATE|NAME_CONTAINS_SOFORT"
"343818";"JVM4062292214608";"Ledersofa Sofa Couch Sofagarnitur 3+2+1 Sitzer Garnitur Design 100% Leder Sofort";"4062292214608";"true";"EAN_DUPLICATE|NAME_CONTAINS_SOFORT"
"343894";"JVM4062292214622";"Sofagarnitur Chesterfield Möbel Sofa Sitzer Set Sofa Polster 100% Leder Sofort";"4062292214622";"true";"EAN_DUPLICATE|NAME_CONTAINS_SOFORT"
"343970";"JVM4062292013652";"Chesterfield Sofa Set 3+2+1 Couch Polster Sitz Komplett Set 100% Leder Sofort";"4062292013652";"true";"EAN_DUPLICATE|NAME_CONTAINS_SOFORT"
"344073";"4260606057686";"Chesterfield Polster Sofas Klassischer Leder 3+2+1 Sitzer 100% Leder Sofort";"4260606057686";"true";"EAN_DUPLICATE|NAME_CONTAINS_SOFORT"
"344077";"4260606057693";"Chesterfield Couch Polster Sofas Sofagarnitur 3+2+1 Sitzer 100% Leder Sofort";"4260606057693";"true";"EAN_DUPLICATE|NAME_CONTAINS_SOFORT"
"344081";"4260606054654";"Design Couch Polster Sofagarnitur Ledersofa Set Chesterfield 100% Leder Sofort";"4260606054654";"true";"EAN_DUPLICATE|NAME_CONTAINS_SOFORT"
"344085";"JVM4260484865359";"Chesterfield Sofagarnitur Sofa Couch Polster 3+2+1 Ledersofa 100% Leder Sofort";"4260484865359";"true";"EAN_DUPLICATE|NAME_CONTAINS_SOFORT"
"344087";"JVM4260484865281";"Klassische Ledersofa Chesterfield 3+2+1Sofagarnitur Sofa Couch 100% Leder Sofort";"4260484865281";"true";"EAN_DUPLICATE|NAME_CONTAINS_SOFORT"
"344091";"JVM4260484865304";"Chesterfield Sofagarnitur 3+2+1 Echtes Rindsleder Sofa Set 100% Leder Sofort";"4260484865304";"true";"EAN_DUPLICATE|NAME_CONTAINS_SOFORT"
"344095";"4260533187821";"Chesterfield Sofagarnitur Couch Polster Leder Klassik 3+2+1 100% Leder Sofort";"4260533187821";"true";"NAME_CONTAINS_SOFORT"
"344096";"4260606057983";"Chesterfield Sofagarnitur 3+2 Sitzer Couch Sofa Set Polster 100% Leder Sofort";"4260606057983";"true";"EAN_DUPLICATE|NAME_CONTAINS_SOFORT"
"344100";"4260606054227";"Sofagarnitur Chesterfield Polster Sofa Garnitur Ohrensessel 100% Leder Sofort";"4260606054227";"true";"EAN_DUPLICATE|NAME_CONTAINS_SOFORT"
"344102";"4260606059307";"Chesterfield Design Sofagarnitur 3 +1 + Ohrensessel + Hocker 100% Leder Sofort";"4260606059307";"true";"EAN_DUPLICATE|NAME_CONTAINS_SOFORT"
"344105";"4260606059277";"Klassische Designer Chesterfield Sofagarnitur Couch Sofa 100% Leder Sofort";"4260606059277";"true";"EAN_DUPLICATE|NAME_CONTAINS_SOFORT"
"344107";"4260174421414_JVM";"Chesterfield Sofagarnitur Sofa Couch Polster 3+2+1 Garnitur 100% Leder Sofort";"4260174421414";"true";"EAN_DUPLICATE|NAME_CONTAINS_SOFORT"
"344129";"JVM_4260174421414";"Chesterfield Sofagarnitur Weiß Couch Polster 3+2+1 Garnitur 100% Leder Sofort";"4260174421414";"true";"EAN_DUPLICATE|NAME_CONTAINS_SOFORT"
"344131";"JVM4062292091582";"XXL Chesterfield Polster Sofas Design Luxus Couch Sofa 4Sitzer 100% Leder Sofort";"4062292091582";"true";"EAN_DUPLICATE|NAME_CONTAINS_SOFORT"
"344225";"4260606055378";"Chesterfield Ecksofa Sofa Couch Ledersofa Polster Eck Design 100% Leder Sofort";"4260606055378";"true";"EAN_DUPLICATE|NAME_CONTAINS_SOFORT"
"344544";"JVM4260454040298";"Ledersofa Polsterecke Ecksofa Chesterfield Garnitur Sofa 100% Leder Sofort";"4260454040298";"true";"EAN_DUPLICATE|NAME_CONTAINS_SOFORT"
"344547";"JVM4260454040274";"Klassische Chesterfield Eckcouch Polster Ecke Ledersofa Sofa 100% Leder Sofort";"4260454040274";"true";"EAN_DUPLICATE|NAME_CONTAINS_SOFORT"
"344555";"JVM4062292214318";"Ledersofa Ecksofa Couch Chesterfield Polster Eckgarnitur Sofa 100% Leder Sofort";"4062292214318";"true";"EAN_DUPLICATE|NAME_CONTAINS_SOFORT"
"344647";"JVM4062292002014";"Kunstleder Sofa Ecksofa Grau Garnitur Design Modern Sofa Grau A1160 Sofort";"4062292002014";"false";"EAN_DUPLICATE|NAME_CONTAINS_SOFORT"
"344648";"JVM4062292018749";"Design Figur Antik Stil Skulptur Griechische Figuren Skulpturen 0053 Sofort";"4062292018749";"false";"EAN_DUPLICATE|NAME_CONTAINS_SOFORT"
"344656";"JVM4062292101441";"XXL Klassische Dekoration Antik Stil Vase Deko Vasen Statue Skulptur Sofort";"4062292101441";"false";"EAN_DUPLICATE|NAME_CONTAINS_SOFORT"
"344660";"JVM4062292095122";"Hochwertige Chesterfield Leder Sofa Couch Polster Eck 100% Leder Sofort";"4062292095122";"true";"EAN_DUPLICATE|NAME_CONTAINS_SOFORT"
"344661";"JVM4062292094842";"Edle Chesterfield Couch Braune Sofa Eck Couch Garnitur 100% Leder Sofort";"4062292094842";"true";"EAN_DUPLICATE|NAME_CONTAINS_SOFORT"
"344664";"JVM4260499871604";"Ecksofa Sofa Couch Polster Eckgarnitur Eck Chesterfield 100% Leder Sofort";"4260499871604";"true";"EAN_DUPLICATE|NAME_CONTAINS_SOFORT"
"344665";"JVM4260499871666";"Ledersofa Chesterfield Ecksofa Wohnlandschaft Eckgarnitur 100% Leder Sofort";"4260499871666";"true";"EAN_DUPLICATE|NAME_CONTAINS_SOFORT"
"344674";"4062292014932";"Chesterfield Sofa York 2 Sitzer mit Bettfunktion Couch Polster Sofas Couchen Neu";"4062292014932";"true";"EAN_DUPLICATE"
"345156";"4260606057648";"Chesterfield Design Luxus Polster Sofa Sitz Leder 3+3 100% Leder Sofort";"4260606057648";"true";"EAN_DUPLICATE|NAME_CONTAINS_SOFORT"
"345159";"4260606053886";"Chesterfield Sofagarnitur Leder Chesterfield Komplett Set 100% Leder Sofort";"4260606053886";"true";"EAN_DUPLICATE|NAME_CONTAINS_SOFORT"
"345162";"4260454040267";"Sofagarnitur Chesterfield Ledersofa 3+2+1 Sofa Kunstleder 100% Leder Sofort";"4260454040267";"true";"EAN_DUPLICATE|NAME_CONTAINS_SOFORT"
"345170";"4260606054487";"Chesterfield Sofagarnitur Leder Textil Chesterfield Komplett 100% Leder Sofort";"4260606054487";"true";"EAN_DUPLICATE|NAME_CONTAINS_SOFORT"
"345172";"4260606054715";"Sofagarnitur Chesterfield Set Leder Polster Sofa Couch Set 100% Leder Sofort";"4260606054715";"true";"EAN_DUPLICATE|NAME_CONTAINS_SOFORT"
"345175";"4260174422398";"Sofagarnitur Chesterfield Ledersofa Sofa Couch Hocker Set 4tlg 100% Leder Sofort";"4260174422398";"true";"EAN_DUPLICATE|NAME_CONTAINS_SOFORT"
"345189";"JVM4062292301131";"Chesterfield 4 Sitzers Klassische Luxus Sofa Couch Sofa Leder 100% Leder Sofort";"4062292301131";"true";"EAN_DUPLICATE|NAME_CONTAINS_SOFORT"
"345195";"4260174421384";"Ledersofa Ecksofa Chesterfield Eckcouch Sofa Couch Polster Eck 100% Leder Sofort";"4260174421384";"true";"EAN_DUPLICATE|NAME_CONTAINS_SOFORT"
"345226";"4260499871376";"Chesterfield Ledersofa Ecksofa Sofa Polster Eck Sitz Garnitur 100% Leder Sofort";"4260499871376";"true";"EAN_DUPLICATE|NAME_CONTAINS_SOFORT"
"345234";"4260606055415";"Chesterfield Ecksofa Sofa Couch Ledersofa Polster Design #339 100% Leder Sofort";"4260606055415";"true";"EAN_DUPLICATE|NAME_CONTAINS_SOFORT"
"345235";"JVM4062292095092";"Ecksofa Ledersofa Dunkelbraun Polster Eck Couch Garnitur 100% Leder Sofort";"4062292095092";"true";"EAN_DUPLICATE|NAME_CONTAINS_SOFORT"
"345246";"4260499872236";"Chesterfield Ecksofa Eckcouch Leder Designer Sofas Couch 100% Leder Sofort";"4260499872236";"true";"EAN_DUPLICATE|NAME_CONTAINS_SOFORT"
"345257";"4260499872793";"Chesterfield Ecksofa Eckcouch Designer Sofa Schwarz Couch 100% Leder Sofort";"4260499872793";"true";"EAN_DUPLICATE|NAME_CONTAINS_SOFORT"
"345269";"4067282305977";"Wohnzimmer Design Sofa 5 Sitz Textil Couch Polster Sofas braun";"4067282305977";"true";"EAN_DUPLICATE"
"345270";"4067282305984";"Rund Wohnzimmer Couch Möbel 5 Sitz Couchen Runde Sofa Möbel Textil";"4067282305977";"true";"EAN_DUPLICATE"
"345273";"4062292015038";"Chesterfield York Gobi 1 Sitzer Leder Sofa Couch Polster Sofas Couchen Neu";"4062292015038";"true";"EAN_DUPLICATE"
"345507";"JVM4260499871567";"Wohnlandschaft Ecksofa Chesterfield Leder Ecksofa Polster 100% Leder Sofort";"4260499871567";"true";"EAN_DUPLICATE|NAME_CONTAINS_SOFORT"
"345512";"JVM4067282627352";"Sessel Modern Schwarz Wohnzimmer Sitzmöbel Leder Luxus Design Möbel SOFORT";"4067282627352";"false";"NAME_CONTAINS_SOFORT"
"345516";"JVM4067282628212";"Bett Modern Schwarz Schlafzimmermöbel Holzgestell Luxus Design Möbel Sofort";"4067282628212";"false";"NAME_CONTAINS_SOFORT"
"345586";"JVM4067282535893";"Wohnlandschaft Ecksofa L Form Ecke Modern Sofa Textil Sofort";"4067282535893";"true";"EAN_DUPLICATE|NAME_CONTAINS_SOFORT"
"345599";"JVM4067282535879";"Ecksofa Schlafsofa Bettfunktion Couch Grau Textil Polster Sofas Sofort";"4067282535879";"true";"EAN_DUPLICATE|NAME_CONTAINS_SOFORT"
"345601";"JVM4067282535886";"Ecksofa Schlafsofa Bettfunktion Couch Textil Polster Sofas Sofort";"4067282535886";"true";"EAN_DUPLICATE|NAME_CONTAINS_SOFORT"
"345720";"JVM4067282628229";"Dekofigur groß ESEL ca 50 cm Original Schleichdekoration Design Sofort";"4067282628229";"false";"NAME_CONTAINS_SOFORT"
"345723";"JVM4067282390294";"Luxus Kleider Schrank Designer Hochglanz Kleiderschränke Möbel Sofort";"4067282390294";"false";"NAME_CONTAINS_SOFORT"
"345733";"JVM4062292091575";"Chesterfield Polster Sofas Design Luxus Couch Sofa 4 Sitzer 100% Leder Sofort";"4062292091575";"true";"EAN_DUPLICATE|NAME_CONTAINS_SOFORT"
"345825";"JVM4067282628250";"Skulptur Schweinskulptur für den Garten Modern Schwein Realistisch Sofort";"4067282628250";"false";"NAME_CONTAINS_SOFORT"
"345826";"4067282282063";"Rundes Bett Rund Design Betten Leder Doppel Luxus Hotel Gestell Schlaf";"4067282282063";"true";"EAN_DUPLICATE"
"345833";"JVM4067282628243";"Skulptur Hornskulptur für den Garten Modern Eiscreme Vielfarbig Sofort";"4067282628243";"true";"NAME_CONTAINS_SOFORT"
"345887";"JVM4067282628274";"Holzbett Einzigartiges Design Hohe Qualität Holz Maße 180 x 200 NEU Sofort";"4067282628274";"false";"NAME_CONTAINS_SOFORT"
"345889";"JVM_4062292065736";"Großeltern Figur Design Statue Skulptur Figuren Skulpturen Dekoration SOFORT";"4062292065736";"false";"EAN_DUPLICATE|NAME_CONTAINS_SOFORT"
"345895";"JVM4067282627390";"Chesterfield Braun Sofagarnitur 3+2 Couchtisch Kunstleder Wohnzimmer-Set Sofort";"4067282627390";"false";"NAME_CONTAINS_SOFORT"
"345917";"4062292185076";"Pforten Garten Haus Klassischer Zaun Tür Pforte 261 Eisen Garten Tore nach Maß";"4062292185076";"true";"EAN_DUPLICATE"
"346060";"4062292185045";"Pforte Garten Haus Klassischer Zaun Tuer Pforte Modell 258";"4062292185076";"true";"EAN_DUPLICATE"
"346065";"JVM4062292252839";"Wohnlandschaft Multifunktion Ecksofa U Form Bettfunktion Schlaf Sofa Sofort";"4062292252839";"true";"EAN_DUPLICATE|NAME_CONTAINS_SOFORT"
"346067";"JVM4067282264878";"Klassische Chesterfield Barock Stil Sofgarnitur Gruppe Couchen 3tlg. Sofort";"4067282264878";"true";"EAN_DUPLICATE|NAME_CONTAINS_SOFORT"
"346073";"JVM4067282627406";"Modern U-Form Ecksofa Beige Wohnzimmer Sitz Möbel Textil Sofa Couch SOFORT";"4067282627406";"true";"NAME_CONTAINS_SOFORT"
"346093";"4062292166419";"Einfahrtstor Elektro Flügeltore Handarbeit pro 1lfm Schmiedeisen Tor #032 Neu";"4062292166419";"true";"EAN_DUPLICATE"
"346504";"JVM_4067282628328";"Ziegenskulptur Realistisch natürlicher Größe Gartenstatue einzigartig SOFORT";"4067282628328";"false";"NAME_CONTAINS_SOFORT"
"346507";"JVM4062292157783";"Ägyptischer Kleopatra Statue Dekoration Figuren Skulpturen Deko 78 cm Sofort";"4062292157783";"false";"EAN_DUPLICATE|NAME_CONTAINS_SOFORT"
"346509";"JVM4062292129933";"Decken Lampe Hänge Pendel Leuchte Strahler Luster Kronleuchter Bohemia Sofort";"4062292129933";"false";"EAN_DUPLICATE|NAME_CONTAINS_SOFORT"
"346514";"JVM4062292217159";"Eckschreibtisch Büro Einrichtung Chef Zimmer Möbel Design Schreibtische Sofort";"4062292217159";"true";"EAN_DUPLICATE|NAME_CONTAINS_SOFORT"
"346517";"JVM4067282627437";"Garten Skulptur Mädchen Figure Gartengestaltung 80 cm Dekoration SOFORT";"4067282627437";"true";"NAME_CONTAINS_SOFORT"
"346531";"JVM4062292203558";"Wasser Wand Säule Water Wall Regal Bar Schrank Möbel LED Beleuchtet Sofort";"4062292203558";"true";"EAN_DUPLICATE|NAME_CONTAINS_SOFORT"
"346532";"JVM4067282627444";"Figur eines Chefkochs mit Werbetafel Dekiration Straßenskulptur Sofort";"4067282627444";"false";"NAME_CONTAINS_SOFORT"
"346584";"4062292214790";"Sofagarnitur 321 Sitzer Set Design Sofa Polster Couchen Couch Modern Luxus Neu";"4062292214790";"true";"EAN_DUPLICATE"
"346640";"JVM4067282627772";"Maulwurf-Figur Skulptur Dekoration Garten Deko Design SOFORT lieferbar";"4067282627772";"false";"NAME_CONTAINS_SOFORT"
"346641";"JVM4067282627789";"Garten Skulptur Weihnachtsmann Beton Design Gartenutensilien DEKO Sofort";"4067282627789";"true";"NAME_CONTAINS_SOFORT"
"346643";"JVM4067282627796";"Dekoration Buddha-Statue Wohnkultur DEKO Figuren Wohnzimmer Skulptur Sofort";"4067282627796";"false";"NAME_CONTAINS_SOFORT"
"346645";"JVM4067282122079";"Ecksofa Still Modern Wohnzimmer Textil L-form Farbe Grün Polyester Sofort";"4067282122079";"true";"NAME_CONTAINS_SOFORT"
"346646";"JVM4067282627819";"Wand Dekoration Relief Barock Rokoko Stil Wohnkultur Endbearbeitung Sofort";"4067282627819";"false";"NAME_CONTAINS_SOFORT"
"346681";"JVM4067282628366";"Ecksofa Wohnlandschaft Design Modern Material Kunstleder Garnitur H2209 SOFORT";"4067282628366";"true";"NAME_CONTAINS_SOFORT"
"346709";"4062292218293";"Ledersofa Sofagarnitur 3+1+1 Sitzer Set Garnitur Polstersofa Couch Designersofa";"4062292218293";"true";"EAN_DUPLICATE"
"346982";"JVM4062292351808";"Himmelbett Echtes Holz Betten Design Luxus Klassische Schlafzimmer Möbel Sofort";"4062292351808";"false";"EAN_DUPLICATE|NAME_CONTAINS_SOFORT"
"347046";"JVM4067282627895";"Modern Wohnzimmer Möbel Luxus Sofagarnitur 3+3+1 Sitzer Beistelltisch Sofort";"4067282627895";"true";"NAME_CONTAINS_SOFORT"
"347124";"4062292048494";"Wohnlandschaft Textil Sofa Couch Polster Couchen Sofas U Form designer Garnitur";"4062292048494";"true";"EAN_DUPLICATE"
"347227";"4260499874407";"Ledersofa Sofa Ecksofa U Form Couch Wohnlandschaft Designer Sitz Ecke LEONARDO-B";"4260499874407";"true";"EAN_DUPLICATE"
"348584";"JVM4067282217973";"Bett 2 Nachttisch 3tlg Schlafzimm Luxus Designer Möbel Doppelbett Gold Sofort";"4067282217973";"false";"EAN_DUPLICATE|NAME_CONTAINS_SOFORT"
"348595";"JVM4067282218710";"Schminktisch Set Konsole Schlafzimmer Möbel Design Hocker Tisch 2tlg Sofort";"4067282218710";"true";"EAN_DUPLICATE|NAME_CONTAINS_SOFORT"
"348601";"JVM4062292783166";"Modern Bettten Grau Bett Italienisch Doppelbett Schlafzimmer Möbel Neu Sofort";"4062292783166";"false";"EAN_DUPLICATE|NAME_CONTAINS_SOFORT"
"348602";"JVM4067282080270";"Schlafzimmer Set Bett Nachttisch Kommode Spiegel Kleiderschrank 5tlg. Sofort";"4067282080270";"false";"EAN_DUPLICATE|NAME_CONTAINS_SOFORT"
"348690";"JVM4062292583568";"Designer Bett Schlafzimmer Grau Betten Kunstleder Luxus Polster Möbel Sofort";"4062292583568";"false";"EAN_DUPLICATE|NAME_CONTAINS_SOFORT"
"348691";"JVM4062292014918";"Chaiselongues Chesterfield Rot Liege Chaise Textil Sofa Relax Vintage Sofort";"4062292014918";"false";"EAN_DUPLICATE|NAME_CONTAINS_SOFORT"
"348706";"JVM4062292074769";"Design Gorilla sitzen Figur Statue Skulptur Figuren Garten Dekoration Sofort";"4062292074769";"false";"EAN_DUPLICATE|NAME_CONTAINS_SOFORT"
"348871";"4062292146091";"Ledersofa Sofa mit USB,Wohnlandschaft Ecksofa Garnitur Design Modern Sofa K5009C";"4062292146091";"true";"EAN_DUPLICATE"
"350240";"JVM4067282119352";"Lila Kinder Hochbett Etagenbett Doppelstockbett Bett Hochglanz Möbel SOFORT";"4067282119352";"false";"EAN_DUPLICATE|NAME_CONTAINS_SOFORT"
"350243";"JVM4260499878122";"DOPPELSTOCKBETT HOCHGLANZ KINDER HOCHBETT ETAGENBETT BETT SOFORT - FARBWAHL";"4260499878122";"true";"EAN_DUPLICATE|NAME_CONTAINS_SOFORT"
"350244";"JVM4067282387065";"Doppelstockbett Etagenbett Doppelbett Jugend Bett Betten Hochbetten Möbel Sofort";"4067282387065";"true";"NAME_CONTAINS_SOFORT"
"350246";"JVM4062292122927";"Tisch Klassische Konsole Spiegel Kommode Schminktisch Schlafzimmer SOFORT";"4062292122927";"false";"EAN_DUPLICATE|NAME_CONTAINS_SOFORT"
"350259";"JVM4067282627970";"Hocker Schlafzimmer Möbel Ottomane Sitz Möbel Modern Textil Hocker Sofort";"4067282627970";"false";"NAME_CONTAINS_SOFORT"
"350264";"JVM4062292722875";"Couchtisch Tisch Beistelltisch Wohnzimmertisch Holz Tisch Beistell Barock Sofort";"4062292722875";"true";"EAN_DUPLICATE|NAME_CONTAINS_SOFORT"
"350268";"JVM4067282116108";"Kommoden Gruppe Konsole Schränke Modern Neu Garnitur Set 2tlg. Spiegel Sofort";"4067282116108";"false";"NAME_CONTAINS_SOFORT"
"350269";"JVM4067282628786";"Grau Sofa Chesterfield Schönes Design bequemer Sofa weiche Sitze SOFORT";"4067282628786";"false";"EAN_DUPLICATE|NAME_CONTAINS_SOFORT"
"350272";"JVM4067282628014";"Modern Wohnzimmer Möbel Grau Sofagarnitur 3+3+1 Sitzer Beistelltisch Sofort";"4067282628014";"false";"NAME_CONTAINS_SOFORT"
"350275";"JVM4067282628021";"Textil Sofagarnitur 3+3+1 Sitzer Sofa Set Grau Couchen Holz Möbel Sofort";"4067282628021";"false";"NAME_CONTAINS_SOFORT"
"350283";"JVM4062292014246";"Modern Rund Couch Wohnlandschaft Sofa Polster Eck Garnitur XXL Big Sofort";"4062292014246";"false";"EAN_DUPLICATE|NAME_CONTAINS_SOFORT"
"350294";"4067282688094";"Sofagarnitur 3+3+1 Sitzer Sessel Garnitur Modern Relax Einsitzer Möbel Couchen";"4067282688094";"true";"EAN_DUPLICATE"
"350331";"JVM4062292261855";"Stuhl Bürostuhl Schreibtisch Drehstuhl Sessel Stühle Chefsessel Büro Sofort";"4062292261855";"true";"EAN_DUPLICATE|NAME_CONTAINS_SOFORT"
"350359";"JVM4067282025363";"Büste Büffel Rind Stier Geweih Wand Bild Gold Skulptur Statuen Figur Neu Sofort";"4067282025363";"false";"NAME_CONTAINS_SOFORT"
"350368";"JVM4067282628076";"Sideboard tv Lowboard rtv Schrank Tisch Wohnzimmerschrank Holz Möbel Sofort";"4067282628076";"false";"NAME_CONTAINS_SOFORT"
"350371";"JVM4062292132001";"Bohemia Kristall Kronleuchter Leuchte Decke Lampe Leuchte Lampen Decken Sofort";"4062292132001";"false";"EAN_DUPLICATE|NAME_CONTAINS_SOFORT"
"350511";"4067282686793";"Luxus Sofa 3 Sitzer Textil Sofa Schwarz Design Möbel 3er Polster Neu Relax Set";"4067282686793";"true";"EAN_DUPLICATE"
"351077";"4260454042780";"WOHNWAND ANBAUWAND SCHRANKWAND HOCHGLANZ LED BELEUCHTUNG &quot;FARBWAHL&quot; DESIGN NEU";"4260454042780";"true";"EAN_DUPLICATE"
"351160";"4067282655676";"Esszimmertisch Esstisch Tische Modern Esszimmer Designer Neu";"4067282655676";"true";"EAN_DUPLICATE"
"351167";"4067282655690";"Luxus Esstisch Modern Esszimmer Esstische Tische Design Metall Tisch";"4067282655690";"true";"EAN_DUPLICATE"
"351353";"4067282506534";"Vitrine Italienische Luxus Möbel Vitrinen Holzschrank Design Schrank";"4067282506534";"true";"EAN_DUPLICATE"
"351466";"JVM4067282218543";"Design Konsole Tische Schlafzimmer Holz Luxus Konsolen 2x Nachttisch Sofort";"4067282218543";"true";"EAN_DUPLICATE|NAME_CONTAINS_SOFORT"
"351468";"JVM4067282464575";"Deckenleuchter Lüster Kronleuchter Deckenlampe Glas Lampe Leuchten Sofort";"4067282464575";"true";"NAME_CONTAINS_SOFORT"
"351492";"JVM4067282628106";"DOPPELSTOCKBETT &quot;HOCHGLANZ&quot; KINDER HOCHBETT ETAGENBETT Rosa SOFORT - FARBWAHL";"4067282628106";"true";"NAME_CONTAINS_SOFORT"
"351493";"JVM4067282628120";"DOPPELSTOCKBETT &quot;HOCHGLANZ&quot; KINDER HOCHBETT ETAGENBETT Lila SOFORT - FARBWAHL";"4067282628120";"true";"NAME_CONTAINS_SOFORT"
"351494";"JVM4067282628137";"DOPPELSTOCKBETT &quot;HOCHGLANZ&quot; KINDER HOCHBETT ETAGENBETT Blau SOFORT - FARBWAHL";"4067282628137";"false";"NAME_CONTAINS_SOFORT"
"351495";"JVM4067282628205";"Luxus Schlafzimmer Kommode mit Spiegel Modern Kommode Weiß Neu Sofort";"4067282628205";"false";"NAME_CONTAINS_SOFORT"
"351496";"JVM4067282704671";"Multifunktion Deluxe Betten Massage Funktion Bett Hotel Polster Led usb SOFORT";"4067282704671";"false";"NAME_CONTAINS_SOFORT"
"351499";"JVM4067282569195";"Couchtisch Holz Tisch Beistelltisch Wohnzimmer Glas Kaffeetisch Designer Sofort";"4067282569195";"true";"NAME_CONTAINS_SOFORT"
"351500";"JVM_4062292076336";"Designer Metall Edelstahl Wohnzimmer Kunstmarmor Beisteltisch Luxus Sofort";"4062292076336";"true";"EAN_DUPLICATE|NAME_CONTAINS_SOFORT"
"351502";"JVM4062292563027";"Konsolentisch Wandtisch Beistelltisch Konsole Tischkonsole Tisch Wand SOFORT";"4062292563027";"true";"EAN_DUPLICATE|NAME_CONTAINS_SOFORT"
"351518";"4067282291454";"TV-Möbel & Schrankwände Wohnwand rtv Lowboard Schrank Wohnwände Beige";"4067282291454";"true";"EAN_DUPLICATE"
"351540";"JVM4062292034565";"Junge & Mädchen Lesen Garten Dekoration Kinder Figur Figuren Statue Sofort";"4062292034565";"true";"EAN_DUPLICATE|NAME_CONTAINS_SOFORT"
"351542";"JVM4062292031908";"Kübel Blumentopf Topf Blumen Blumentöpfe Blumenkästen Figur Statue 350 Sofort";"4062292031908";"true";"EAN_DUPLICATE|NAME_CONTAINS_SOFORT"
"351875";"JVM4062292065781";"Kanone Waffee Antik Stil Figur Statue Skulptur Dekoration Deko Neu Sofort";"4062292065781";"true";"EAN_DUPLICATE|NAME_CONTAINS_SOFORT"
"351879";"JVM4062292022159";"XXL Tischlampe Leuchte Lampen Designer Beleuchtung Konsolen Tisch Neu Sofort";"4062292022159";"false";"EAN_DUPLICATE|NAME_CONTAINS_SOFORT"
"351883";"JVM4062292490842";"Design Lampe Tischlampe Leuchte Klassische Beleuchtung Tisch Lampen XXL SOFORT";"4062292490842";"false";"EAN_DUPLICATE|NAME_CONTAINS_SOFORT"
"351900";"JVM4062292102110";"Wand Chesterfield Wandverkleidung Wandpaneelen Verkleidung Polster Paneel Sofort";"4062292102110";"true";"EAN_DUPLICATE|NAME_CONTAINS_SOFORT"
"351917";"4067282675216";"Spielplatz für Kinder Spielturm aus Plastik Rutscht ins Wasser";"4067282674295";"true";"EAN_DUPLICATE"
"351923";"4067282674295";"Garten Spielturm mit Rutsche Spielplätze Kinderspielplatz Dschungel Typ";"4067282674295";"true";"EAN_DUPLICATE"
"351936";"4067282644748";"Bett Polster Design Luxus Doppel Hotel Betten beige Luxus Hotel Neu";"4067282644748";"true";"EAN_DUPLICATE"
"351942";"4067282644809";"Design Schlafzimmer Garnituren Bett Modern Luxus Hotel Betten Möbel";"4067282644809";"true";"EAN_DUPLICATE"
"351951";"4067282569805";"Multifunktionsbett Chesterfield Doppel Luxus Design Bett 180x200 USB";"4067282569805";"true";"EAN_DUPLICATE"
"352206";"4067282260177";"Design Chesterfield Sofagarnitur Big xxl Sofa 5-Sitzer Couch Polster Sofas";"4067282260177";"true";"EAN_DUPLICATE"
"352594";"4067282644366";"Nachttisch Kommode Beistell Tisch Nachtschrank 3 Schubladen Schlafzimmer";"4067282644366";"true";"EAN_DUPLICATE"
"352598";"4067282644397";"Chesterfield Doppel Luxus Design Bett 180x200 Multifunktionsbett Neu";"4067282644397";"true";"EAN_DUPLICATE"
"352947";"JVM4067282704947";"Ecksofa Schwarz U-Form Luxus Stil Modern Wohnzimmer Sofa Kunstleder SOFORT";"4067282704947";"false";"EAN_DUPLICATE|NAME_CONTAINS_SOFORT"
"352949";"JVM_4067282704947";"Ecksofa Schwarz U-Form Luxus Stil Modern Wohnzimmer Sofa SOFORT";"4067282704947";"true";"EAN_DUPLICATE|NAME_CONTAINS_SOFORT"
"352975";"JVM4067282704961";"Weiß Ecksofa U-Form Luxus Stil Modern Wohnzimmer Sofa Kunstleder SOFORT";"4067282704961";"false";"EAN_DUPLICATE|NAME_CONTAINS_SOFORT"
"352977";"JVM4067282705036";"Grau Ecksofa Schwarz U-Form Luxus Stil Modern Wohnzimmer Sofa Kunstleder SOFORT";"4067282705036";"true";"NAME_CONTAINS_SOFORT"
"352982";"JVM4067282705005";"Schwarz Ecksofa U-Form Luxus Stil Modern Wohnzimmer Sofa Kunstleder SOFORT";"4067282705005";"false";"NAME_CONTAINS_SOFORT"
"352984";"JVM_4067282708662";"Schwarz Ecksofa U-Form Luxus Stil Modern Wohnzimmer Kunstleder SOFORT";"4067282708662";"false";"NAME_CONTAINS_SOFORT"
"352986";"JVM4067282705012";"Grau Ecksofa U-Form Luxus Stil Modern Wohnzimmer Sofa Kunstleder SOFORT";"4067282705012";"false";"NAME_CONTAINS_SOFORT"
"353157";"JVM4067282712294";"Modern Schlafzimmer-Set Luxus Bett Kleiderschrank Schminktisch 5 tlg. Sofort";"4067282712294";"false";"EAN_DUPLICATE|NAME_CONTAINS_SOFORT"
"353265";"4067282127241";"Kleiderschrank Luxus Klassischer Schrank Schlafzimmer Schränke Weiß";"4067282127241";"false";"EAN_DUPLICATE"
"353339";"4062292569388";"Design Schminktisch mit Spiegel Luxus Schlafzimmer Möbel 2tlg. Neu";"4062292569388";"true";"EAN_DUPLICATE"
"353844";"4260606050250";"Bett Design Luxus Luxus Betten Leder Modernes Schlafzimmer LB8810";"4260606050250";"true";"EAN_DUPLICATE"
"353882";"JVM4062292546402";"Design Nacht Konsole Tisch Kommode Tische Konsolen Schlafzimmer SOFORT";"4062292546402";"true";"EAN_DUPLICATE|NAME_CONTAINS_SOFORT"
"353885";"JVM204032469856";"Kolonial Gründer Zeit Stil Kommode Klassische Echt Holz Kommoden Schrank Sofort";"204032469856";"false";"EAN_NOT_13_DIGITS|EAN_NOT_STARTING_WITH_4|NAME_CONTAINS_SOFORT"
"354031";"JVM4067282628144";"Karussell Spielplatz Kinderkarussell Karusselle Indoor Innenbereich Sofort";"4067282628144";"false";"NAME_CONTAINS_SOFORT"
"354109";"4067282559530";"Wohnzimmer Schränke Vitrine Wand Regal Luxus Wohn Zimmer Braun Set 3tlg.";"4067282559530";"true";"EAN_DUPLICATE"
"354138";"4062292203077";"Chesterfield Sofagarnitur Polster 3+2+1 Wohnzimmer Couch Design Neu";"4062292203077";"true";"EAN_DUPLICATE"
"354262";"JVM4067282666146";"JVmoebel Esstisch Runder Esstische Tisch Holz Tische Möbel Modern Stil SOFORT";"4067282666146";"true";"NAME_CONTAINS_SOFORT"
"355058";"JVM4260533180631";"RTV TV SIDEBOARD GLAS TISCH FERNSEH TISCH DESIGNER LOWBOARD SOFORT";"4260533180631";"true";"EAN_DUPLICATE|NAME_CONTAINS_SOFORT"
"355453";"JVM4062292213526";"Boxspringbett Designer Polsterbett Bett Betten Chesterfield Hotelbett Sofort";"4062292213526";"false";"EAN_DUPLICATE|NAME_CONTAINS_SOFORT"
"355737";"JVM4062292372285";"Wohnlandschaft Luxus Couch Garnitur Ecksofa Textil Couchen Sofas Sofort";"4062292372285";"true";"EAN_DUPLICATE|NAME_CONTAINS_SOFORT"
"355766";"4067282190597";"Konsolentisch Sideboard neue italienische Holzmöbel Konsole Schminktische-";"4067282190597";"true";"EAN_DUPLICATE"
"355778";"JVM4260484868268";"Fußhocker Hocker Leder Polster Sitz Würfel Ottoman Chesterfield Design Sofort";"4260484868268";"false";"EAN_DUPLICATE|NAME_CONTAINS_SOFORT"
"356593";"4067282609495";"Chesterfield Grauer Dreisitzer Luxus Couch Designer Wohnzimmer Sofa";"4067282609495";"true";"EAN_DUPLICATE"
"357345";"4067282549920";"Schlafzimmer Schminktisch mit Spiegel Luxus Neu Konsole Modern Design";"4067282549920";"true";"EAN_DUPLICATE"
"357590";"4067282469891";"Helle Sofagarnitur Dreisitzer Sessel Luxus Einrichtung Braun 3+3+1+1 Sofort";"4067282469891";"false";"EAN_DUPLICATE|NAME_CONTAINS_SOFORT"
"357688";"4067282468894";"Sessel Ohrensessel Cocktailsessel Sitzer Modern Design Grau Stoff Sitz";"4067282468894";"true";"EAN_DUPLICATE"
"358152";"JVM4062292546464";"Nacht Tisch Konsole Beistell Schlaf Design Zimmer Holz Tische Konsolen Sofort";"4062292546464";"true";"EAN_DUPLICATE|NAME_CONTAINS_SOFORT"
"358836";"4067282605473";"Luxus Esstisch Runder Tisch Esszimmer Marmorimitation Tische Rund 130 cm neu";"4067282605473";"true";"EAN_DUPLICATE"
"358941";"4067282605459";"Esszimmer Möbel Esstisch Schwarz Tisch Design Tische Luxus Möbel Rund";"4067282605459";"true";"EAN_DUPLICATE"
"358974";"JVM4067282390287";"Designer Premium Kunstleder Armlehnsessel Relax Sofa Element Sofort";"4067282390287";"false";"NAME_CONTAINS_SOFORT"
"359001";"4067282505087";"Nachttisch Design Möbel Nachttische Holz Schlafzimmer Beistelltisch Neu";"4067282505087";"true";"EAN_DUPLICATE"
"359013";"4067282449206";"Klassischer Brauner Nachttisch Schubladen Ablagetisch Schlafzimmer Möbel";"4067282505087";"true";"EAN_DUPLICATE"
"359453";"4067282618206";"Klassische Braun Sitzbank Design Textil Neu Polster Stoff Sitzmöbel Neu";"4067282618206";"true";"EAN_DUPLICATE"
"359457";"4067282617865";"Designer Sitz Polster Bank Polster Sitz Hocker Bank Holz Stil Braun";"4067282618206";"true";"EAN_DUPLICATE"
"359519";"4067282676305";"Schminktisch mit RTV Schubladen Frisiertisch Luxus Konsole Schlafzimmer";"4067282676305";"true";"EAN_DUPLICATE"
"359545";"JVM4062292558641";"Rundes Bett Rund Multifunktion Polster Led Regal Kingsize Kunstleder Sofort";"4062292558641";"false";"EAN_DUPLICATE|NAME_CONTAINS_SOFORT"
"359983";"4067282516472";"Tisch 6x Stühle 7tlg Esszimmer Holztisch Design Esszimmer Set Gruppe";"4067282514942";"true";"EAN_DUPLICATE"
"360446";"4067282607903";"Stuhl Beige Bürostuhl Schreibtisch Drehstuhl Sessel Stühle Chefsessel Büro";"4067282607903";"true";"EAN_DUPLICATE"
"360867";"4067282607613";"Büro Sessel Rot Luxus Stuhl Bürostuhl Chef Neu Textil Designer Sessel Möbel";"4067282607613";"true";"EAN_DUPLICATE"
"361243";"4067282617964";"Polsterbank Designer Wohnzimmer Beige Klassische Sitzmöbel Neu Luxus";"4067282617964";"true";"EAN_DUPLICATE"
"364226";"4067282474710";"Groß Tisch Konferenztische Esszimmertisch Ausziehbarer Holz Braun XXL";"4067282474710";"true";"EAN_DUPLICATE"
"365043";"JVM_4062292725470";"Barock Klassischer Couchtisch Sofa Wohnzimmer Tisch Beistelltisch Weiß Sofort";"4062292725470";"false";"EAN_DUPLICATE|NAME_CONTAINS_SOFORT"
"365060";"4260606055644";"XXL Big Sofa Couch Chesterfield 240 cm Polster Sofas 4 Sitzer Kunstleder Sofort";"4260606055644";"false";"EAN_DUPLICATE|NAME_CONTAINS_SOFORT"
"365073";"JVM4067282708945";"Modernes Bett Polster Design Luxus Doppel Hotel Betten Italienische Sofort";"4067282708945";"false";"NAME_CONTAINS_SOFORT"
"365216";"4067282514942";"Wohnzimmer tv Ständer Möbel rtv Fernseher Stil Modern Weiß Luxus Holz";"4067282514942";"true";"EAN_DUPLICATE"
"365450";"JVM_4062292014918";"Chaiselongues Chesterfield Pako Liege Chaise Leder Sofa Relax Vintage";"4062292014918";"true";"EAN_DUPLICATE"
"365451";"JVM4062292015038";"Chesterfield York Gobi 1 Sitzer Sofa Couch Polster Sofas Couchen Neu Sofort";"4062292015038";"false";"EAN_DUPLICATE|NAME_CONTAINS_SOFORT"
"365648";"4067282515109";"Beistelltisch gold Wohnzimmer Möbel Material Edelstahl Design";"4067282515109";"true";"EAN_DUPLICATE"
"366799";"JVM4067282115019";"Betten Holz Hotel Bettrahmen Grau Möbel Bett Doppelbetten Modernes Sofort";"4067282115019";"true";"EAN_DUPLICATE|NAME_CONTAINS_SOFORT"
"366801";"JVM4067282115033";"Nachttisch Holz Tische Schlafzimmer Möbel Nachttische Grau Sofort";"4067282115033";"false";"EAN_DUPLICATE|NAME_CONTAINS_SOFORT"
"367127";"JVM4067282708983";"Couchtisch Couch Barock Couchtische Klassischer Couchtisch Sofort";"4067282708983";"false";"NAME_CONTAINS_SOFORT"
"368103";"4067282667396";"Beistelltisch Tische Designer Wohnzimmer Couchtisch Set 2 tlg. Möbel";"4067282667396";"true";"EAN_DUPLICATE"
"368549";"4067282307667";"Sofagarnitur 3+1 Sitzer Set Design Sofa Polster Couchen Couch Modern";"4067282307667";"true";"EAN_DUPLICATE"
"368837";"JVM4062292550676";"Modernes King Size Bett Chesterfield Betten modernes Hotelbett Doppelbett Sofort";"4062292550676";"true";"EAN_DUPLICATE|NAME_CONTAINS_SOFORT"
"368841";"4067282551510";"Wohnwand TV-Ständer Kommode mit eingebautem Kamin Designer Möbel Sofort";"4067282551510";"true";"NAME_CONTAINS_SOFORT"
"368868";"4067282090941";"Klassische Stühle Designer Esszimmerstuhl Luxus Holz Lehnstuhl Holzstuhl Stuhl";"4067282090941";"true";"EAN_DUPLICATE"
"368870";"4067282091627";"Klassische Stühle Holz Lehnstuhl Holzstuhl Design Luxus Stuhl Esszimmerstuhl";"4067282091627";"true";"EAN_DUPLICATE"
"368890";"4067282569829";"Bett Doppelbetten Modern Bettgestell Luxus Design Bettrahmen Holz Neu";"4067282569829";"true";"EAN_DUPLICATE"
"369142";"4067282670617";"Beiges Doppelbett Designer Holz Betten Bettgestelle Schlafzimmer Möbel Bett";"4067282670617";"true";"EAN_DUPLICATE"
"369277";"4067282670143";"Beiger Designer Nachttisch Luxus Nachtkonsole Schlafzimmer Möbel Stil";"4067282670143";"true";"EAN_DUPLICATE"
"369514";"4067282513051";"Campinghaus Gartenhaus Häuschen Garten Holzhaus Ferienhaus Luxus";"369514";"true";"EAN_NOT_13_DIGITS|EAN_NOT_STARTING_WITH_4"
"369515";"4067282513044";"Campinghaus Gartenhaus Häuschen Holzhaus Ferienhaus Luxus 490cm Camping";"369515";"true";"EAN_NOT_13_DIGITS|EAN_NOT_STARTING_WITH_4"
"369521";"4067282512979";"Campinghaus Holzhaus Gartenhaus Camping Häuschen Fertig Haus 464cm";"369521";"true";"EAN_NOT_13_DIGITS|EAN_NOT_STARTING_WITH_4"
"369535";"4067282217423";"Campinghaus Haus Camping Holzhaus Ferienhaus Gartenhaus 2-6 Personen";"369535";"true";"EAN_NOT_13_DIGITS|EAN_NOT_STARTING_WITH_4"
"369540";"4067282512962";"Campinghaus Garten Haus Holzhaus Ferienhaus Gartenhaus Häuschen 354x354x318";"369540";"true";"EAN_NOT_13_DIGITS|EAN_NOT_STARTING_WITH_4"
"369566";"4067282512948";"Campinghaus Holzhaus Gartenhaus Ferienhaus Luxus Holz Haus Häuschen";"369566";"true";"EAN_NOT_13_DIGITS|EAN_NOT_STARTING_WITH_4"
"369586";"4067282512931";"Campinghaus Gartenhaus Haus Holzhaus Ferienhaus Häuschen Camping 245x245x318";"369586";"true";"EAN_NOT_13_DIGITS|EAN_NOT_STARTING_WITH_4"
"369595";"4067282512955";"Campinghaus Holzhaus Gartenhaus Häuschen Ferienhaus Fertig Haus Camping";"369595";"true";"EAN_NOT_13_DIGITS|EAN_NOT_STARTING_WITH_4"
"370658";"4067282307438";"Wohnzimmer Wohnwand rtv Lowboard Holz Braun Möbel Fernseh Modern";"4067282307438";"true";"EAN_DUPLICATE"
"370726";"4067282513037";"Sauna Trockensauna Holzsauna Saunafass Landhaus Garten Saunas Häuschen";"370726";"true";"EAN_NOT_13_DIGITS|EAN_NOT_STARTING_WITH_4"
"370739";"4067282513020";"Holzsauna Außensauna Holz Kiefernholz Saunahaus Panorama Häuschen Garten";"370739";"true";"EAN_NOT_13_DIGITS|EAN_NOT_STARTING_WITH_4"
"370765";"4067282513006";"Sauna Holz Trockensauna Woodpro Garten Holzsauna Outdoor Saunas Häuschen";"370765";"true";"EAN_NOT_13_DIGITS|EAN_NOT_STARTING_WITH_4"
"370767";"4067282571082";"Stuhl Esszimmerstuhl Grau Küchenstuhl Lehnstuhl Luxus Modern Esszimmer";"4067282571082";"true";"EAN_DUPLICATE"
"370773";"4067282512993";"Sauna Holz Woodpro Garten Holzsauna Outdoor Saunas Trockensauna 345x245x318";"370773";"true";"EAN_NOT_13_DIGITS|EAN_NOT_STARTING_WITH_4"
"370782";"4067282513013";"Sauna Holz Trockensauna Garten Holzsauna Outdoor Saunas Gartensauna";"370782";"true";"EAN_NOT_13_DIGITS|EAN_NOT_STARTING_WITH_4"
"370787";"4067282512870";"Holzsauna Außensauna Holz Kiefernholz Saunahaus Panorama Zimmer 590x230x260";"370787";"true";"EAN_NOT_13_DIGITS|EAN_NOT_STARTING_WITH_4"
"370788";"4067282513075";"Holzsauna Außensauna Holz Kiefernholz Saunahaus Sauna Häuschen Haus";"370788";"true";"EAN_NOT_13_DIGITS|EAN_NOT_STARTING_WITH_4"
"370791";"4067282334694";"Sauna Saunafass Outdoor Gartensauna 590 x Ø 2,27 m Saunafass Bausatz";"370791";"true";"EAN_NOT_13_DIGITS|EAN_NOT_STARTING_WITH_4"
"370795";"4067282512894";"Sauna Holz Garten Holzsauna Outdoor Saunas Trockensauna 350x240x260";"370795";"true";"EAN_NOT_13_DIGITS|EAN_NOT_STARTING_WITH_4"
"370796";"4067282512887";"Sauna Holz Garten Holzsauna Outdoor Saunas Trockensauna 300x240x260";"370796";"true";"EAN_NOT_13_DIGITS|EAN_NOT_STARTING_WITH_4"
"370800";"4067282513082";"Sauna Holz Trockensauna Garten Holzsauna Outdoor Saunas 300x230x270";"370800";"true";"EAN_NOT_13_DIGITS|EAN_NOT_STARTING_WITH_4"
"370841";"4067282513099";"Sauna Holz Garten Holzsauna Outdoor Saunas Trockensauna 220x250x180";"370841";"true";"EAN_NOT_13_DIGITS|EAN_NOT_STARTING_WITH_4"
"370842";"4067282512917";"Grillkabine Grillkota Hütte Grillhütte Haus Finnische Grills Grillhaus";"370842";"true";"EAN_NOT_13_DIGITS|EAN_NOT_STARTING_WITH_4"
"370843";"4067282512900";"Grillhütte Haus Finnische Grillkota Hütte Grillhütte Grills Grillhaus Kota";"370843";"true";"EAN_NOT_13_DIGITS|EAN_NOT_STARTING_WITH_4"
"370852";"4067282512924";"Campinghaus Häuschen Holzhaus Ferienhaus Gartenhaus Haus Garten 245x245x318";"370852";"true";"EAN_NOT_13_DIGITS|EAN_NOT_STARTING_WITH_4"
"370880";"4067282513068";"Bar Theke Hausbar Garten Bartisch Tresen Stehtisch Bartisch mit Dach 300x130x270";"370880";"true";"EAN_NOT_13_DIGITS|EAN_NOT_STARTING_WITH_4"
"371081";"4067282307407";"Schlafzimmer Kommode mit Spiegel Holz Möbel Luxus Möbel 2tlg Garnitur";"4067282307438";"true";"EAN_DUPLICATE"
"372077";"4067282190856";"Zweisitzer Graue Chesterfield Couch Polster Möbel Stoff Couchen Sofas Textil";"4067282190856";"true";"EAN_DUPLICATE"
"372176";"4067282270619";"Chesterfield Sofa Stoff Design Sofas Bettfunktion Wohnzimmer Couch";"4067282190856";"true";"EAN_DUPLICATE"
"372229";"4067282642324";"Bodenspiegel im Wohnzimmer Holz klassisch white ein neuer Luxus im Innenraum";"4067282642324";"true";"EAN_DUPLICATE"
"372319";"4067282595194";"Hochwertiger Kleiderschrank Exklusive Schlafzimmer Möbel LED-Schränke";"4067282595194";"true";"EAN_DUPLICATE"
"372487";"4067282595231";"Exklusiver Grauer Schaukelstuhl Wohnzimmer Relax Möbel Holzgestell Neu";"4067282595231";"true";"EAN_DUPLICATE"
"372688";"4067282554085";"Set 7 tlg Wohnwand Holzmöbel 2x TV Ständer Moderne Wand Regale Schwarz";"4067282554085";"true";"EAN_DUPLICATE"
"372689";"4067282554092";"Moderne Design Wohnwand TV-Ständer Holz Wohnzimmer Möbel Einrichtung Wand Regale";"4067282554085";"true";"EAN_DUPLICATE"
"373027";"JVM4067282709041";"Stilvoller moderner Couchtisch Einzigartige Akzente für Ihr Wohnzimmer Sofort";"4067282709041";"false";"NAME_CONTAINS_SOFORT"
"373038";"JVM4067282713062";"Chesterfield Echtleder Bett Doppelbett 180x200 cm Polsterbett Neu Sofort";"4067282713062";"true";"NAME_CONTAINS_SOFORT"
"373043";"JVM4067282551404";"Designer Luxus Modern Kommode Holzmöbel Wohnzimmer Einrichtung Sofort";"4067282551404";"false";"NAME_CONTAINS_SOFORT"
"373073";"4067282515895";"Kleiderschrank weiß Schlafzimmer Material Holz Schrank Holz Schrank";"4067282515895";"true";"EAN_DUPLICATE"
"373082";"4067282515949";"Schlafzimmer Set Luxus Schminktisch mit Spiegel Hocker Design 2tlg";"4067282515949";"true";"EAN_DUPLICATE"
"373765";"4067282554627";"Modern Wohnwand Designer Einrichtung Wand Regale Hänge Vitrine Sideboard Neu";"4067282554627";"true";"EAN_DUPLICATE"
"373965";"4067282554702";"Designer Schwarz Wohnwand Holzmöbel Hänge Vitrine Luxus Sideboard Wand Regale";"4067282554702";"true";"EAN_DUPLICATE"
"374034";"4067282470873";"Schminktisch Konsolentisch Frisiertisch Frisierkommode Holz Beige Gold";"4067282470873";"true";"EAN_DUPLICATE"
"374449";"JVM4062292306655";"Löwe Figur Statue Skulptur 100cm Figuren Statuen Skulpturen Dekoration Sofort";"4062292306655";"false";"EAN_DUPLICATE|NAME_CONTAINS_SOFORT"
"374472";"4067282560666";"Moderne Schlafzimmer Set Design Einrichtung Neu Möbel Bett mit 2x Nachttische";"4067282560666";"true";"EAN_DUPLICATE"
"374496";"4067282560710";"Schlafzimmer Kleiderschrank Moderne Möbel luxus Neu Einrichtung Design";"4067282560710";"true";"EAN_DUPLICATE"
"374546";"JVM4062292223044";"Klassischer Luxus Couchtisch Sofa Designer Tisch Neu Beistell Tische Sofort";"4062292223044";"true";"EAN_DUPLICATE|NAME_CONTAINS_SOFORT"
"374571";"JVM4062292204135";"Trennwand Regal Schrank Wasserwand Säule Wände Waterwall LED Wasserwände Sofort";"4062292204135";"false";"EAN_DUPLICATE|NAME_CONTAINS_SOFORT"
"375080";"406728252378";"Beige Schlafzimmer Garnitur Luxuriöse Polsterbetten Nachttische Schrank";"406728252378";"true";"EAN_NOT_13_DIGITS"
"375361";"4067282557239";"Braun Wandschrank Holzmöbel Designer Wand Regal Sideboard TV-Ständer Set";"4067282557239";"true";"EAN_DUPLICATE"
"375367";"4067282557246";"Wohnzimmermöbel Wohnwand Designer Wand Regal TV-Ständer Sideboard Holzmöbel";"4067282557239";"true";"EAN_DUPLICATE"
"375393";"JVM4260174428482";"Esszimmer Esstisch Holz Klassischer Esstisch Tische Sofort";"4260174428482";"false";"EAN_DUPLICATE|NAME_CONTAINS_SOFORT"
"375469";"JVM4062292180385";"Klassische Garnitur 3+2+2 Sitzer Sofagarnitur Couch Leder Sofa Sofort";"4062292180385";"false";"EAN_DUPLICATE|NAME_CONTAINS_SOFORT"
"375821";"4067282557673";"Wohnwand Braun Sideboard Wandschrank Designer Wohnzimmermöbel TV-Ständer";"4067282557673";"true";"EAN_DUPLICATE"
"375827";"4067282557680";"Wohnwand Designer Komplett Set Luxus Möbel Neu 3x Wandschrank Möbel Garnitur";"4067282557673";"true";"EAN_DUPLICATE"
"377120";"JVM4062292226854";"Rundmatratze Matratze für Rundes Rund Runde Bett Rundbett Matratze 200 cm";"4062292226854";"true";"EAN_DUPLICATE"
"377787";"4067282630994";"Modern Kleiderschrank Schlafzimmer Design Holzschrank Luxus Schrank Glastüren";"4067282630994";"true";"EAN_DUPLICATE"
"377859";"4067282556744";"Wohnzimmer Set 4tlg Wandregal Sideboard Wohnwand 2x Wandschrank Design Neu";"4067282556744";"true";"EAN_DUPLICATE"
"377862";"4067282556751";"Moderne Wohnwand Wohnzimmer Designer Sideboard TV Ständer 4tlg. Neu";"4067282556744";"true";"EAN_DUPLICATE"
"378469";"JVM4260606050052";"Ledersofa Couch Wohnlandschaft Ecksofa Eck Garnitur Design Modern Sofa Sofort";"4260606050052";"false";"EAN_DUPLICATE|NAME_CONTAINS_SOFORT"
"378950";"JVM4260454041721";"Ecksofa Chesterfield Wohnlandschaft Luxus Designer Sofa Polster Ecksofa Sofort";"4260454041721";"true";"EAN_DUPLICATE|NAME_CONTAINS_SOFORT"
"378969";"JVM4067282713994";"Schreibtisch Büromöbel Schreibtische Designer moderne Möbel Neu Sofort";"4067282713994";"true";"NAME_CONTAINS_SOFORT"
"378978";"4067282522893";"Moderner Grauer Kleiderschrank Schlafzimmer Schränke Designer Einrichtung";"4067282522893";"true";"EAN_DUPLICATE"
"379014";"4067282554160";"Wohnwand Weiß TV Ständer Designer Einrichtung Wohnzimmermöbel Wand Regale";"4067282554160";"true";"EAN_DUPLICATE"
"380783";"4067282476134";"Großes Sofa Wohnlandschaft XXL U Form Ecksofa Ledersofa Weiß Sofas";"4067282476134";"true";"EAN_DUPLICATE"
"380875";"4067282711211";"Luxus Koplett Ecksofa L Form Sofas 2x Beistelltisch 2x Hocker Garnitur";"4067282711211";"true";"EAN_DUPLICATE"
"381150";"JVM4062292203831";"Design Couchtisch Wasser Säulen Säule Water Tische LED Beleuchtet Neu Sofort";"4062292203831";"true";"EAN_DUPLICATE|NAME_CONTAINS_SOFORT"
"381393";"JVM4062292095375";"Designer Luxus Wohnlandschaft Chesterfield Polster Sofa Couch Garnitur Sofort";"4062292095375";"false";"EAN_DUPLICATE|NAME_CONTAINS_SOFORT"
"381890";"4067282604568";"Design Modern Kleiderschrank Schränke Schrank Jugendzimmer Möbel Holz Luxus";"4067282604568";"true";"EAN_DUPLICATE"
"382062";"4067282663732";"Esstisch Braun Esszimmer Tische Modern Luxus Tisch Elegantes Design";"4067282663732";"true";"EAN_DUPLICATE"
"382370";"4067282591172";"Stilvolles Schlafzimmer Set Designer Schminktisch Holz 2x Nachttische";"4067282591172";"true";"EAN_DUPLICATE"
"382923";"4067282759947";"Sideboard RTV Wohnzimmer Luxusmöbel Kamin Beige MDF Metall Lowboard";"4067282759947";"true";"EAN_DUPLICATE"
"383136";"4067282759978";"Schwarzes TV-Lowboard neue luxuriöse Möbel MDF-Metall für Wohnzimmer";"4067282759978";"true";"EAN_DUPLICATE"
"383534";"4067282483804";"Moderne Dreisitzer Sofa 3 Sitzer Polstersofa Stoffsofa Beige Sofas";"4067282483804";"true";"EAN_DUPLICATE"
"384356";"4067282586901";"Designer Blau Farbe Wohnzimmer Set aus 3-Sitzer Sofa und Sessel 2tlg.";"4067282586901";"true";"EAN_DUPLICATE"
"384568";"4067282518261";"Schwarzer Schlafzimmer Bett Designer Holz Doppelbett Luxus Edelstahlbett";"4067282518261";"true";"EAN_DUPLICATE"
"384768";"4067282670068";"Sideboard Stil Modern schwarz Luxus Design Esszimmer Kommoden Tische";"4067282670068";"true";"EAN_DUPLICATE"
"384860";"4260499874131";"Chesterfield Grünes Polstersofa Design Wohnzimmer Möbel";"4260499874131";"true";"EAN_DUPLICATE"
"384885";"4067282604988";"Modern Sofa 3 Sitzer Weiß Hochwertig Polster Sofas Design Textil neu stilvoll";"4067282604988";"true";"EAN_DUPLICATE"
"385823";"4067282522367";"Graue Schlafzimmer Einrichtung Designer Textilbett 2x Holz Nachttische";"4067282522367";"true";"EAN_DUPLICATE"
"385930";"JVM4062292028175";"Löwe Liegend Statue Figur Garten Dekoration Skulptur Antik Stil 633 Sofort";"4062292028175";"true";"EAN_DUPLICATE|NAME_CONTAINS_SOFORT"
"385944";"JVM4062292213441";"Holzbett Echtes Holz Bett Betten Schlafzimmer 180x200 Stil Massive Möbel Sofort";"4062292213434";"false";"EAN_DUPLICATE|NAME_CONTAINS_SOFORT"
"386531";"JVM4067282207943";"Barock Schlafzimmer Set Bett 180x200cm Nachttische 2x Holz Möbel Neu Sofort";"4067282207943";"true";"EAN_DUPLICATE|NAME_CONTAINS_SOFORT"
"386928";"4062292634369";"Kaffetisch Holz Beistelltisch Holz Beistelltisch Tisch Wohnzimmer Couchtische";"4062292634369";"true";"EAN_DUPLICATE"
"387196";"406728252218";"Weißer Rechteckiger Esstisch Designer Küchenmöbel Moderne Holztische";"406728252218";"true";"EAN_NOT_13_DIGITS"
"388142";"4067282485778";"Hocker Sitzhocker Zebramuster Sitzwürfel Stoff Polster Wohnzimmer Sitz";"4067282485778";"true";"EAN_DUPLICATE"
"388697";"JVM4062292569388";"Design Schminktisch mit Spiegel Luxus Schlafzimmer Möbel 2tlg. Neu Sofort";"4062292569388";"false";"EAN_DUPLICATE|NAME_CONTAINS_SOFORT"
"388949";"4067282523081";"Schlafzimmer Möbel Moderner Eckschrank Luxuriöser Holz Kleiderschrank";"4067282523081";"true";"EAN_DUPLICATE"
"389124";"JVM4062292323843";"Hochwertige Matratze 7 Zonen Matratze Bett Visco Schaumstoff 180x200cm Sofort";"4062292323843";"false";"EAN_DUPLICATE|NAME_CONTAINS_SOFORT"
"389594";"JVM4062292635847";"Luxus Bett Kunstleder Betten 180x200 Multifunktion Schlafzimmer Gold Sofort";"4062292635847";"false";"NAME_CONTAINS_SOFORT"
"389611";"JVM4062292103605";"Barock Rokoko Couchtisch Holz Tisch Sofa Tische Marmor Imitat Sofort";"4062292103605";"false";"EAN_DUPLICATE|NAME_CONTAINS_SOFORT"
"389662";"JVM4062292352850";"Amerikanisch Bett mit 2x Nachttische Luxus Schlafzimmer-Set 3 tlg. Neu Sofort";"4062292352850";"false";"EAN_DUPLICATE|NAME_CONTAINS_SOFORT"
"389721";"JVM4062292546020";"Schminktisch Hocker Konsole Schmink Tische Tisch Konsolen Spiegel 2tlg. Sofort";"4062292546020";"true";"EAN_DUPLICATE|NAME_CONTAINS_SOFORT"
"391316";"JVM4062292334399";"Bett Textil Schlafzimmer Möbel Luxus Moderne Betten Chesterfield Neu Sofort";"4062292334399";"false";"EAN_DUPLICATE|NAME_CONTAINS_SOFORT"
"391332";"JVM4062292073175";"Design Ziege stehend, Kopf rechs Figur Statue Skulptur Figuren Skulpturen Sofort";"4062292073175";"false";"EAN_DUPLICATE|NAME_CONTAINS_SOFORT"
"391367";"JVM4067282516205";"Wohnwand TV-Schrank Wohnzimmer Set Wohnmöbel Modern Wohnzimmer Sofort";"4067282516205";"false";"NAME_CONTAINS_SOFORT"
"391446";"JVM4067282169364";"Esszimmerstühle 3x Stühle Holz Luxus Set Stil Barock Rokoko 3 tlg. Sofort";"4067282169364";"false";"EAN_DUPLICATE|NAME_CONTAINS_SOFORT"
"391457";"JVM4062292642456";"Sofagarnitur 3+1+1 Sitzer Set Design Sofa Neu Polster Couchen Couch Garnitur Neu Sofort";"4062292642456";"true";"EAN_DUPLICATE|NAME_CONTAINS_SOFORT"
"391471";"JVM4067282149601";"Sofagarnitur 3+3+1 Sitzer Sofa Sofas Sessel Stoff Holz Graue Couchen Sofort";"4067282149601";"false";"EAN_DUPLICATE|NAME_CONTAINS_SOFORT"
"391487";"JVM4067282307643";"Wohnzimmer Sessel Design Couch Sitzer Kunstleder Polster Luxus Sofort";"4067282307643";"false";"EAN_DUPLICATE|NAME_CONTAINS_SOFORT"
"392768";"4067282487291";"Garnitur Schlafzimmer Doppelbett Bett Nachttische 4tlg Grau Schrank";"4067282487291";"true";"EAN_DUPLICATE"
"392771";"4067282660526";"Sessel Polsterstuhl Lounge Armlehnen Polstersessel Wohnzimmer Lounge";"4067282660526";"true";"EAN_DUPLICATE"
"392780";"JVM4067282116214";"Sideboard Holz Möbel Wohnzimmer Sideboards Konsole Design italienischer Stil Neu Sofort";"4067282116214";"false";"NAME_CONTAINS_SOFORT"
"392787";"4067282487512";"Luxus Doppelbett Garnitur Schlafzimmer Nachttische 4tlg Beige Schrank";"4067282487291";"true";"EAN_DUPLICATE"
"393538";"4067282572577";"Schminktisch Spiegel Konsole Schmink Tische Luxus Konsolen Holz neu";"4067282572577";"true";"EAN_DUPLICATE"
"394519";"JVM4260499872441";"Designer Couchtisch Glastisch Tisch Chesterfield Beistelltisch XXL Sofort";"4260499872441";"false";"EAN_DUPLICATE|NAME_CONTAINS_SOFORT"
"394535";"JVM4062292558856";"Esstisch Esszimmer Moderne Edelstahl Wohnzimmer Küche Tische Design Tisch Metall Sofort";"4062292558856";"false";"EAN_DUPLICATE|NAME_CONTAINS_SOFORT"
"394569";"4062292747687";"Couchtisch Beistelltisch Klasse Kaffeetisch Holz Design Tisch Sofatisch";"4062292747687";"true";"EAN_DUPLICATE"
"394590";"JVM4067282464896";"Deckenlampe Lüster Deckenleuchter Antique Kronleuchter Lampe Glas Gold";"4067282464896";"true";"EAN_DUPLICATE"
"395200";"4067282182943";"Chesterfield Sitzgruppe Luxus Couchgarnitur Set Dreisitzer Sessel 3tlg";"4067282182943";"true";"EAN_DUPLICATE"
"395236";"4067282179455";"TV Ständer RTV Lowboard Sideboard Wohnzimmer Gold Grau Luxus Holz Neu";"4067282179455";"true";"EAN_DUPLICATE"
"395411";"406728218296";"Dreisitzer Sofa Modern Sitzer Chesterfield Leder Gelb Design Wohnzimmer";"406728218296";"true";"EAN_NOT_13_DIGITS"
"395518";"4067282182837";"TV Ständer RTV Lowboard Regale Sideboard Tisch Modern Grau Luxus Neu";"4067282182837";"true";"EAN_DUPLICATE"
"395562";"4067282515666";"Eszimmer Möbel Designer Esstisch Edelstahltisch Gold Moderne Tische";"4067282515666";"true";"EAN_DUPLICATE"
"395567";"4067282515680";"Designer Goldener Rundtisch Edelstahl Tische Stilvolle Esszimmer Möbel";"4067282515680";"true";"EAN_DUPLICATE"
"395590";"4067282515673";"Designer Rechteckiger Esstisch Esszimmer Möbel Luxus Edelstahltische";"4067282515673";"true";"EAN_DUPLICATE"
"395627";"4067282515659";"Designer Esszimmer Moderner Glastisch Edelstahltische Edelstahlgestell";"4067282515659";"true";"EAN_DUPLICATE"
"395717";"4067282182684";"TV Ständer RTV Lowboard Weiß Tisch Holz Modern Wohnzimmer Sideboard";"4067282182684";"true";"EAN_DUPLICATE"
"395726";"4067282182660";"Modernes Lowboard Luxus RTV TV-Ständer Wohnzimmermöbel Schwarz Gold";"4067282182660";"true";"EAN_DUPLICATE"
"395747";"4067282183148";"Esstisch Esszimmertisch Essecke Esszimmermöbel Tisch Holz Gold Weiß";"4067282183148";"true";"EAN_DUPLICATE"
"396139";"JVM4067282714748";"Design Deckenleuchte Lampen 55x29 Rund Deckenlampen Sofort";"4067282714748";"true";"NAME_CONTAINS_SOFORT"
"396527";"JVM4067282714779";"Esszimmer 4x Stühle mit einzigartiger Formgebung Stilvoll Modern Sofort";"4067282714779";"false";"NAME_CONTAINS_SOFORT"
"396625";"JVM4062292275869";"Epoxidharz Esstisch River Tisch Echtes Holz Massiv Tische 220x90 Sofort";"4062292275869";"false";"EAN_DUPLICATE|NAME_CONTAINS_SOFORT"
"396641";"JVM4067282483804";"Moderne Dreisitzer Sofa 3 Sitzer Polstersofa Stoffsofa Beige Sofas Sofort";"4067282483804";"false";"EAN_DUPLICATE|NAME_CONTAINS_SOFORT"
"396677";"JVM4062292181900";"Hochglanz Wohnzimmer Sideboard Modern Lowboard TV-Ständer Möbel Neu Sofort";"4062292181900";"true";"EAN_DUPLICATE|NAME_CONTAINS_SOFORT"
"396790";"4062292747632";"Sofagarnitur 3311 Sitzer Sofa Wohnzimmer Set Chesterfield Sessel Textil Neu";"4062292747632";"true";"EAN_DUPLICATE"
"397198";"4067282517806";"Weißes Wandbett Schlafzimmer Designer Holzgestell Möbel Doppelbetten";"4067282517806";"true";"EAN_DUPLICATE"
"397750";"JVM4260533189221";"Sofa Antik Chesterfield Stil Leder Couch Polster 3 Sitzer NAPOLI4 Sofort";"4260533189221";"false";"NAME_CONTAINS_SOFORT"
"397813";"JVM4067282534698";"Luxus Schlafzimmer Möbel Bett Betten Edles Designer Bett Weiß Sofort";"4067282534698";"false";"NAME_CONTAINS_SOFORT"
"397824";"JVM4067282715974";"Beistelltisch Grau Wohnzimmer Tische Couchtisch Design Tisch Elegantes Sofort";"4067282715974";"true";"NAME_CONTAINS_SOFORT"
"397876";"4067282729315";"Designer Sitzbank Sitzmöbel Neu Einrichtung Klassische Polsterbank";"4067282729315";"true";"EAN_DUPLICATE"
"398012";"4067282611863";"Wohnzimmer Sitzgarnitur Graues L-Form Sofa Brauner Hocker Luxus Möbel";"4067282611863";"true";"EAN_DUPLICATE"
"398277";"JVM4067282331822";"Kronleuchter Wohnzimmer Deckenleuchte Lampe Kronleuchter gold neu Sofort";"4067282331822";"true";"NAME_CONTAINS_SOFORT"
"398294";"JVM4062292005152";"Medusa Säule Römische Säulen Marmor Skulptur Figur Deko Dekoration Sofort";"4062292005152";"true";"EAN_DUPLICATE|NAME_CONTAINS_SOFORT"
"398321";"JVM4067282117907";"Esszimmer Stuhl 1 Sitzer Sessel Edelstahl Luxus Modern Möbel Design Sofort";"4067282117907";"true";"EAN_DUPLICATE|NAME_CONTAINS_SOFORT"
"398326";"JVM4067282688605";"Design Luxus Bettkasten Polster Bett Schlafzimmer Möbel Stoff 160x200 Sofort";"4067282688605";"false";"NAME_CONTAINS_SOFORT"
"398333";"JVM4067282466180";"Deckenleuchter Kronleuchter Lampe Deckenlampe Lüster Glas 122cm Lampen Sofort";"4067282466180";"true";"EAN_DUPLICATE|NAME_CONTAINS_SOFORT"
"398341";"JVM4062292274220";"Moderne Trennwand Wasserwand Wände Wasserfall Water Wall Led 120x240 Sofort";"4062292274220";"true";"EAN_DUPLICATE|NAME_CONTAINS_SOFORT"
"398809";"4067282087828";"Sofa 2 Sitzer italienische Möbel design textil Polster sitz sofas Zweisitzer";"4067282087828";"true";"EAN_DUPLICATE"
"398850";"4067282087590";"Esstisch Luxus Rund Tisch Massiv Holz Italien Esszimmer Tische Runde Möbel";"4067282087590";"true";"EAN_DUPLICATE"
"398853";"4067282088047";"Runder Esstisch Esstische Esstische StileElisa Esstische Luxusmöbel Holz";"4067282088047";"true";"EAN_DUPLICATE"
"399106";"4067282089099";"Bürostuhl Holz Chefsessel Chesterfield italienische Möbel weiß Drehstuhl";"4067282089099";"true";"EAN_DUPLICATE"
"399440";"4067282488960";"Schminktisch Frisiertisch Schminkkonsole Konsolentisch Beige Mädchen";"4067282488960";"true";"EAN_DUPLICATE"
"399461";"JVM4062292255328";"Wandregal Regal Bücherschrank Bücherregal Wohnzimmer Regal Echtes Holz Sofort";"4062292255328";"true";"NAME_CONTAINS_SOFORT"
"399854";"4067282725188";"Esszimmer Anrichte Sideboard Braun Farbe Modern Design Kaffeeschrank";"4067282725188";"true";"EAN_DUPLICATE"
"400344";"4067282675797";"Eckschreibtisch Tisch Büro Tische Schreibtische Möbel Chefschreibtisch1";"4067282675797";"true";"EAN_DUPLICATE"
"401623";"4067282174726";"Schwarzer Schreibtisch Büro Stil Tisch Schreibtische Barock Rokoko";"4067282174726";"true";"EAN_DUPLICATE"
"404230";"JVM4067282126718";"Sessel 1 Sitzer Beige Chesterfield Luxus Design Einsitzer Möbel Stoff Sofort";"4067282126718";"false";"EAN_DUPLICATE|NAME_CONTAINS_SOFORT"
"404231";"4067282680463";"Luxus Bett 180x200 Multifunktion Schlafzimmer Liege Regale Neu";"4067282680463";"true";"EAN_DUPLICATE"
"404257";"4067282680562";"Design Bett Polster Betten Hotel Massage Funktion Multifunktion Regal";"4067282680562";"true";"EAN_DUPLICATE"
"404271";"JVM4067282467835";"Luxus Kronleuchter Deckenleuchter Gold Deckenlampe Lüster Kristall XXL Sofort";"4067282467835";"true";"EAN_DUPLICATE|NAME_CONTAINS_SOFORT"
"404649";"JVM4062292704055";"Design Sofa 2 Sitzer Wohnzimmer Couch Couchen Leder Sofas Neu Sofort";"4062292704055";"true";"EAN_DUPLICATE|NAME_CONTAINS_SOFORT"
"405173";"JVM4067282024953";"Klassisch Design Ecksofa Vento Bettfunktion Couch Polyester Sofort";"4067282024953";"false";"NAME_CONTAINS_SOFORT"
"405574";"JVM4067282116658";"Sofagarnitur Couch Polster 331 Sitzer Set Design Sofas Polster Modern Sofort";"4067282116658";"false";"EAN_DUPLICATE|NAME_CONTAINS_SOFORT"
"405585";"JVM4062292013157";"Moderner Designer Glastisch Beistelltisch Wohnzimmer Couchtisch Neu Sofort";"4062292013157";"false";"EAN_DUPLICATE|NAME_CONTAINS_SOFORT"
"405697";"JVM4062292106132";"3+1 Garnitur Leder Sofa Polster Couchen Sofas Wohnlandschaft Luxus Neu Sofort";"4062292106132";"true";"NAME_CONTAINS_SOFORT"
"405703";"4067282676411";"Tisch Modern Konsole Spiegel Schminktisch Schlafzimmer Kosmetik Tisch";"4067282676411";"true";"EAN_DUPLICATE"
"405740";"4067282676299";"Schlafzimmer Schminktisch Frisiertisch Kosmetiktisch Spiegel Schubladen";"4067282676299";"true";"EAN_DUPLICATE"
"405757";"JVM4067282259553";"Gruppe Stühle Garnitur Textil Stoff Holz Gepolsterte Esszimmer 4x Stühle Sofort";"4067282259553";"true";"EAN_DUPLICATE|NAME_CONTAINS_SOFORT"
"405772";"JVM4062292359613";"Schminktisch Frisiertisch Frisierkommode Schmink Kommode Kosmetiktisch Sofort";"4062292359613";"true";"EAN_DUPLICATE|NAME_CONTAINS_SOFORT"
"405824";"4067282624245";"Kommode Design Holz Schrank Luxus Sideboard Lowboard Anrichte Weiß Neu";"4067282624245";"true";"EAN_DUPLICATE"
"405889";"4067282623866";"Luxus Sideboard Kommode Wohnzimmer Designer Grau Möbel Modern Neu";"4067282623866";"true";"EAN_DUPLICATE"
"406666";"JVM4260606050519";"Couchtisch Tisch Couchtische Glastisch Tische Designer Beistelltisch Sofort";"4260606050519";"false";"EAN_DUPLICATE|NAME_CONTAINS_SOFORT"
"406673";"JVM4067282266452";"Luxus Ecksofa Textil Couchen Möbel Eckgarnitur Metall Elemente Couch Sofa Sofort";"4067282266452";"false";"EAN_DUPLICATE|NAME_CONTAINS_SOFORT"
"406702";"4067282624252";"Anrichte Sideboard Luxus Designer Holz Regal Schrank Möbel Grau Kommode";"4067282624252";"true";"EAN_DUPLICATE"
"406738";"4067282666870";"Couchtisch Tisch Beistelltisch Wohnzimmer Beistelltisch Moderne Tische";"4067282666870";"true";"EAN_DUPLICATE"
"407008";"4067282676268";"Schlafzimmer Möbel Design Schminktisch Moderne Konsolen Tisch Luxus Neu";"4067282676268";"true";"EAN_DUPLICATE"
"407284";"JVM4062292350627";"Chaiselongue Möbel Ottomane Wohnzimmer Design Beige Stoff Liege Neu Sofort";"4062292350627";"false";"EAN_DUPLICATE|NAME_CONTAINS_SOFORT"
"407297";"JVM4067282670143";"Beiger Designer 2x Nachttische Luxus Nachtkonsolen Schlafzimmer Set Möbel Sofort";"4067282670143";"true";"EAN_DUPLICATE|NAME_CONTAINS_SOFORT"
"407299";"JVM404886027549";"Wohnlandschaft L-Form Ecksofa Textil Design Polster Garnitur Eckcouch Sofort";"404886027549";"true";"EAN_NOT_13_DIGITS|NAME_CONTAINS_SOFORT"
"407300";"JVM404886046920";"Wohnlandschaft L-Form Ecksofa Textil Design Polster Garnitur Sofort";"404886046920";"true";"EAN_NOT_13_DIGITS|NAME_CONTAINS_SOFORT"
"407311";"4067282666986";"Couchtisch Luxus Tisch Moderne Tische Wohnzimmer Couchtische Möbel Holz1";"4067282666986";"true";"EAN_DUPLICATE"
"407332";"4067282676329";"Schminktisch Wandpiegel Friseur Konsolen Tische Schlafzimmer Neu";"4067282676329";"true";"EAN_DUPLICATE"
"407501";"4067282491366";"Luxus Esszimmertisch Esstisch Tisch Holz Beige Esszimmer Holztisch";"4067282491366";"true";"EAN_DUPLICATE"
"407569";"4067282490512";"Ecksofa L form Ledersofa Großes Sofa Grau Couch Wohnzimmer Design";"4067282490512";"true";"EAN_DUPLICATE"
"407831";"4067282666924";"Luxus rtv Lowboard tv Ständer Sideboard Wohnzimmer Holz Weiß Modern";"4067282666924";"true";"EAN_DUPLICATE"
"407835";"4067282666948";"TV Ständer RTV Lowboard Weiß Modern Wohnzimmer Sideboard Holz Neu";"4067282666948";"true";"EAN_DUPLICATE"
"408218";"4067282667600";"TV Lowboard rtv Ständer Wohnwand Möbel Kommode Schrank Lowboard Neu";"4067282667600";"true";"EAN_DUPLICATE"
"409541";"4067282612761";"Halbrunde Weiße Chesterfield Couch 3-Sitzer Polster Möbel";"4067282612761";"true";"EAN_DUPLICATE"
"409996";"4067282586789";"Weiße Eckbank Esszimmer Bänke Exklusive Küchen Sitzmöbel Polster Bank";"4067282586789";"true";"EAN_DUPLICATE"
"410131";"4067282725355";"Stilvolle Graue L-Form Couch Wohnzimmer Designer Stoffsofa Eckcouch Neu";"4067282725355";"true";"EAN_DUPLICATE"
"410259";"4067282264694";"Sofa U-Form Braun Polsterstoff Zum Relaxen im Wohnzimmer Weichen Kissen";"4067282264694";"true";"EAN_DUPLICATE"
"412193";"JVM4062292717819";"Design Glastisch Leder Couch Tisch Tische Glas Sofa Wohnzimmertisch Sofort";"4062292717819";"false";"EAN_DUPLICATE|NAME_CONTAINS_SOFORT"
"412195";"JVM4067282716117";"Grüne Sofagarnitur 3+2+1 Couchen Polster Möbel Dreisitzer Set 3tlg Sofort";"4067282716117";"true";"NAME_CONTAINS_SOFORT"
"412196";"JVM4067282716124";"Chesterfield Sofagarnitur 3+2+1 Couchen Polster Möbel Set 3tlg. Sofort";"4067282716124";"true";"NAME_CONTAINS_SOFORT"
"412204";"JVM4067282716155";"Esszimmer Rosa 6x Stühle Holz Luxus Sessel Wohnzimmer Möbel 6tlg. Sofort";"4067282716155";"false";"NAME_CONTAINS_SOFORT"
"412211";"JVM4067282716179";"Design Glastisch Leder Tisch Glas Couchtisch Wohnzimmertisch Sofort";"4067282716179";"false";"NAME_CONTAINS_SOFORT"
"412562";"4067282151130";"Klassische Ecksofa Couch Polster Möbel Ecksofas Sofa Textil Barock";"4067282151130";"true";"EAN_DUPLICATE"
"412990";"4067282490901";"Wohnwand TV Ständer Schranke Couchtisch RTV Lowboard Grau Set 3tlg";"4067282490901";"true";"EAN_DUPLICATE"
"413051";"JVM4067282716261";"Led Wasser Wand Bar Regal Säule Flaschen Regale Beleuchtet Sofort";"4067282716261";"false";"EAN_DUPLICATE|NAME_CONTAINS_SOFORT"
"414076";"4067282519121";"Gold-Grüner Esszimer Hochstuhl Luxuriöser Einsitzer Holz Polsterstühle";"4067282519121";"true";"EAN_DUPLICATE"
"414077";"4067282519138";"Gold-Weißer Luxuriöser Stuhl Hochstuhl Esszimmer Kunstlederstühle Holz";"4067282519138";"true";"EAN_DUPLICATE"
"414491";"4067282519213";"Stilvoller Weißer Schminktisch Mit Schubladen Designer Frisierkommode";"4067282519213";"true";"EAN_DUPLICATE"
"415018";"4067282519008";"Weiße Polsterstühle Designer Textil Einsitzer Esszimmer Edle Holzstühle";"4067282519008";"true";"EAN_DUPLICATE"
"415043";"JVM4062292365072";"Luxus Esszimmer Set Garnitur 7tlg Weiß Holz Möbel Kommode 6x Stühle Sofort";"4062292365072";"true";"NAME_CONTAINS_SOFORT"
"415053";"JVM4067282716872";"Kommode Hoch Schrank Kommoden Designer Luxus Schränke Sofort";"4067282716872";"true";"NAME_CONTAINS_SOFORT"
"415057";"JVM4067282115989";"Wohnzimmer Design Couchtisch Tisch Luxus Beistelltisch Holz Modern Sofort";"4067282115989";"true";"EAN_DUPLICATE|NAME_CONTAINS_SOFORT"
"415070";"JVM4062292778261";"Kunstleder Sofagarnitur 3+2+1 Sitzer Couchtisch 2x Beistelltisch 6tlg. Sofort";"4062292778261";"true";"EAN_DUPLICATE|NAME_CONTAINS_SOFORT"
"415245";"JVM4062292048432";"Sofagarnitur Polster Couch Set Sofa 3+2+1 Sitzer Garnitur Sofort";"4062292048432";"false";"NAME_CONTAINS_SOFORT"
"415257";"JVM4062292302282";"Chesterfield Designer Bett Schlafzimmer Textil Polster Samt 200x200 Sofort";"4062292302282";"false";"EAN_DUPLICATE|NAME_CONTAINS_SOFORT"
"415268";"JVM4062292016912";"Esstisch Holztisch Esszimmer Möbel Tische Holz Luxus Esstische Sofort";"4062292016912";"true";"EAN_DUPLICATE|NAME_CONTAINS_SOFORT"
"415358";"JVM4062292169267";"Design Rund Bett Polsterbett Doppelbett USB Ehebett Betten Rundes Sofort";"4062292169267";"true";"EAN_DUPLICATE|NAME_CONTAINS_SOFORT"
"415390";"JVM4067282117433";"Set 6x Sessel Stuhl Design Metall Stoff Polster Stühle Esszimmer Textil Sofort";"4067282117433";"false";"EAN_DUPLICATE|NAME_CONTAINS_SOFORT"
"415391";"JVM4067282464827";"Deckenleuchter Blumen Lüster Kronleuchter Deckenlampe Lampe Glas Sofort";"4067282464827";"true";"NAME_CONTAINS_SOFORT"
"415392";"JVM4067282259478";"Sofagarnitur 3311 Sitz Set Design Polster Couchen Klassiker Luxus Sofort";"4067282259478";"false";"EAN_DUPLICATE|NAME_CONTAINS_SOFORT"
"415407";"JVM4067282536685";"Wohnzimmer Couchtisch Rund 3x Rund Couchtisch Metall Beistell Sofort";"4067282536685";"true";"NAME_CONTAINS_SOFORT"
"415577";"JVM4062292578656";"Kleiderschrank Holz Schrank Design Kinderzimmer Blau Holz Möbel Neu Sofort";"4062292578656";"false";"NAME_CONTAINS_SOFORT"
"415579";"JVM4260484864666";"Esstisch Holztisch XXL Konferenztisch 70X120cm Ausziehbar 120X160cm Sofort";"4260484864666";"true";"EAN_DUPLICATE|NAME_CONTAINS_SOFORT"
"416129";"4067282517813";"Graues Schlafzimmer Designer Betten Holzgestell Moderne Luxus Möbel";"4067282517813";"true";"EAN_DUPLICATE"
"416153";"4067282517899";"Weißes Wandbett Designer LED-Bett Modernes Schlafzimmer Doppelbett Neu";"4067282517899";"true";"EAN_DUPLICATE"
"416159";"4067282258778";"Anrichte Spiegel Luxus Gruppe Kommode Garnitur Kommoden Schrank Gold";"4067282258778";"true";"EAN_DUPLICATE"
"416545";"4067282517912";"Hellgraues Schlafzimmer Bett Doppelbetten Luxuriöse Betten Holzgestell";"4067282517912";"true";"EAN_DUPLICATE"
"417389";"JVM4067282717381";"Schrank Büroschrank Aktenschrank Büro Kinder Schrank Holzschrank Kleiderschrank";"4067282717381";"true";"EAN_DUPLICATE"
"417799";"JVM4062292558788";"Luxus Moderner Marmor Stil Esstisch Möbel Tisch Esszimmer Design Sofort";"4062292558788";"true";"EAN_DUPLICATE|NAME_CONTAINS_SOFORT"
"418216";"JVM4067282607613";"Büro Sessel Rot Luxus Stuhl Bürostuhl Chef Sessel Textil Möbel Sofort";"4067282607613";"true";"EAN_DUPLICATE|NAME_CONTAINS_SOFORT"
"418273";"JVM4062292093869";"Chesterfield Sofa 3 Sitzer Grün Couch Garnitur Leder Sofort";"4062292093869";"true";"EAN_DUPLICATE|NAME_CONTAINS_SOFORT"
"418681";"JVM4062292372018";"Wohnlandschaft L Form Ecksofa Textil Design Polster Sofa Sofort";"4062292372018";"true";"EAN_DUPLICATE|NAME_CONTAINS_SOFORT"
"418743";"JVM4067282474710";"Moderner großer Esstisch für das Esszimmer aus Braun Holz Sofort";"4067282474710";"false";"EAN_DUPLICATE|NAME_CONTAINS_SOFORT"
"418751";"JVM4067282263710";"Luxus Couchtisch Tisch Barock Rokoko Tische Rechteckig Sofort";"4067282263710";"false";"EAN_DUPLICATE|NAME_CONTAINS_SOFORT"
"418817";"JVM4067282305953";"Luxus Kleiderschrank mit Schwebetüren Holz Beige Sofort";"4067282305953";"true";"EAN_DUPLICATE|NAME_CONTAINS_SOFORT"
"419494";"JVM4062292221552";"Italienische Stil Wohnzimmer Möbel Couchtisch Beistelltisch Tische Sofort";"4062292221552";"false";"EAN_DUPLICATE|NAME_CONTAINS_SOFORT"
"421383";"JVM4062292275340";"Esstisch Wasser Echtes Holz Flusstisch 161x81 Tische Epoxidharz Sofort";"4062292275340";"false";"EAN_DUPLICATE|NAME_CONTAINS_SOFORT"
"421411";"JVM4067282643994";"Weiß Kleiderschrank mit Schublade Holz Design Sofort";"4067282643994";"false";"EAN_DUPLICATE|NAME_CONTAINS_SOFORT"
"422093";"JVM4067282109940";"Tisch Esszimmertisch Esstisch Holz Tische Barock Luxus Möbel Sofort";"4067282109940";"false";"EAN_DUPLICATE|NAME_CONTAINS_SOFORT"
"422104";"JVM4062292223105";"Hochwertige Vitrine Luxus Holz Italienische Stil Möbel Glas Sofort";"4062292223105";"false";"EAN_DUPLICATE|NAME_CONTAINS_SOFORT"
"422542";"4067282693609";"Indoor Whirlpool Badewanne Whirlwanne Home Eckbadewanne Spa Wanne";"4067282693609";"true";"EAN_DUPLICATE"
"423499";"4067282590052";"Beiges Designer Sideboard Luxuriöse Esszimmer Anrichte Edle Holz Möbel";"4067282590052";"true";"EAN_DUPLICATE"
"423553";"JVM4062292584282";"Bett Bücher Schrank Regal Gästebett Schränke Wand Schrank Wandschrank SOFORT";"4062292584282";"true";"EAN_DUPLICATE|NAME_CONTAINS_SOFORT"
"423566";"JVM4067282623705";"Esstisch Modern Tisch Luxus Tische Braun Holz Möbel Wohnzimmer Sofort";"4067282623705";"false";"EAN_DUPLICATE|NAME_CONTAINS_SOFORT"
"423577";"JVM4062292279539";"Kommode Vintage Retro Schrank Schubladenregal Flugzeug Aviater Sofort";"4062292279539";"true";"EAN_DUPLICATE|NAME_CONTAINS_SOFORT"
"423579";"JVM4067282717565";"Venti 7 Zonen Matratze Exklusiv Matratzen Alle Grössen Sofort";"4067282717565";"false";"NAME_CONTAINS_SOFORT"
"424692";"4067282494121";"Rund Badewanne Whirlpool Wanne Relax Wannen Spa Weiß 150cm Sprudel Massagedüsen";"4067282494121";"true";"EAN_DUPLICATE"
"426059";"4067282494220";"Badewanne Wanne Indoor Whirlpool Badewanne Spa Wanne LED 180x120";"4067282494220";"true";"EAN_DUPLICATE"
"426803";"JVM4062292720369";"Schminktisch Spiegel Hocker Schlafzimmer Komplett Set 3tlg. Sofort";"4062292720369";"false";"EAN_DUPLICATE|NAME_CONTAINS_SOFORT"
"428190";"JVM4062292218125";"Konferenztisch Bürotisch Besprechungstisch Konferenzmöbel Sofort";"4062292218125";"false";"EAN_DUPLICATE|NAME_CONTAINS_SOFORT"
"428794";"JVM4062292717871";"Couchtisch Tisch Couchtische Glastisch Tische Designer Neu Leder Sofort";"4062292717871";"true";"EAN_DUPLICATE|NAME_CONTAINS_SOFORT"
"428796";"JVM4067282331815";"Kronleuchter Deckenleuchte Schlafzimmer Lampe Kronleuchter gold Sofort";"4067282331815";"true";"NAME_CONTAINS_SOFORT"
"428797";"JVM4062292214431";"Luxus Möbel Sofagarnitur Couch Sofa Polster 3+2 Ledersofa Sofort";"4062292214431";"true";"EAN_DUPLICATE|NAME_CONTAINS_SOFORT"
"432701";"JVM4062292562907";"Moderner Konsolentisch Designer Möbel Holz Gold Handgemacht Edelstahl Sofort";"4062292562907";"false";"EAN_DUPLICATE|NAME_CONTAINS_SOFORT"
"432702";"JVM4067282717602";"Gartenfigur Dekoration Windmühle Mühle Windmühlenfiguren Deko Garten Sofort";"4067282717602";"true";"NAME_CONTAINS_SOFORT"
"432712";"JVM4062292774041";"Couchtisch Echtes Holz Flusstisch 120x90 Massive Tische Epoxidharz Sofort";"4062292774041";"false";"EAN_DUPLICATE|NAME_CONTAINS_SOFORT"
"432713";"JVM4067282667884";"Design Sessel Luxus Wohnzimmer Weiß 1 Sitzer Relax Club Polster Sofort";"4067282667884";"true";"EAN_DUPLICATE|NAME_CONTAINS_SOFORT"
"432729";"JVM4067282717633";"Luxus Graues L-Form Sofa Moderne Eckcouch Sitzecke Textil Möbel Sofort";"4067282717633";"true";"NAME_CONTAINS_SOFORT"
"433106";"JVM4067282117679";"Esszimmer Stuhl Garnitur Sessel Gastro Design 4x Stühle Gruppe Set Sofort";"4067282117679";"true";"EAN_DUPLICATE|NAME_CONTAINS_SOFORT"
"433107";"JVM4062292221804";"RTV TV- Schrank Wohnzimmer Kommode Lowboard Sideboard Holz Sofort";"4062292221804";"false";"EAN_DUPLICATE|NAME_CONTAINS_SOFORT"
"433108";"JVM4062292020803";"Kamin Dekoration Verkleidung Kamine Dekokamin Deko Wohnzimmer Sofort";"4062292020803";"false";"EAN_DUPLICATE|NAME_CONTAINS_SOFORT"
"433109";"JVM4062292090387";"Eleganter Chesterfield Polstersessel – Luxus Textil Design Sofort";"4062292090387";"true";"EAN_DUPLICATE|NAME_CONTAINS_SOFORT"
"433118";"JVM_4067282667884";"Design Sessel Luxus Wohnzimmer Zinkgelb 1 Sitzer Relax Club Polster Sofort";"4067282667884";"false";"EAN_DUPLICATE|NAME_CONTAINS_SOFORT"
"433119";"JVM4067282182837";"TV Ständer RTV Lowboard Regale Sideboard Tisch Modern Grau Sofort";"4067282182837";"true";"EAN_DUPLICATE|NAME_CONTAINS_SOFORT"
"433573";"JVM4062292777400";"Sofagarnitur 321 Sitzer Modernes Sofa Ledersofa Designer Wohnlandschaft Sofort";"4062292777400";"false";"EAN_DUPLICATE|NAME_CONTAINS_SOFORT"
"433702";"JVM4067282262812";"Sofa 3 Sitz Stoff Dreisitzer Sofas Luxus Wohnzimmer Chesterfield Barock Sofort";"4067282262812";"false";"EAN_DUPLICATE|NAME_CONTAINS_SOFORT"
"434042";"JVM4260606057013";"Chesterfield Design Polster Couch Sofa Garnitur Luxus Vintage Lader Sofas Sofort";"4260606057013";"true";"NAME_CONTAINS_SOFORT"
"434291";"JVM4062292019296";"XXL Vase Tisch Dekoration Deko Antik Stil Skulptur Figur Kelch Engel Sofort";"4062292019296";"false";"EAN_DUPLICATE|NAME_CONTAINS_SOFORT"
"434292";"JVM4062292006418";"Antik Stil Klassischer Globus Atlas Minibar Bar Wein Regal Statue Sofort";"4062292006418";"true";"EAN_DUPLICATE|NAME_CONTAINS_SOFORT"
"434296";"JVM4062292558726";"Multifunktion Deluxe Betten Massage Funktion Bett Polster Led usb Radio Sofort";"4062292558726";"false";"EAN_DUPLICATE|NAME_CONTAINS_SOFORT"
"434372";"4260533188873";"Sofagarnitur Moderne Design Sitz Polster Couch Leder Garnitur 3+2+1 Sofort";"4260533188873";"true";"EAN_DUPLICATE|NAME_CONTAINS_SOFORT"
"434440";"JVM4062292005107";"Weiß Säule Skulptur Figur Sockel Ägypten Statue Figuren Skulpturen Sofort";"4062292005107";"true";"EAN_DUPLICATE|NAME_CONTAINS_SOFORT"
"434460";"JVM4062292718595";"Sofagarnitur 3+2+1 Sitzer Set Design Sofas Couchen Moderne Sofort";"4062292718595";"false";"EAN_DUPLICATE|NAME_CONTAINS_SOFORT"
"434541";"JVM4062292006425";"XXL Design Blumen Topf Dekoration Vase Vasen Handarbeit Deko Kelch Pokal Sofort";"4062292006425";"true";"EAN_DUPLICATE|NAME_CONTAINS_SOFORT"
"434547";"JVM4062292221835";"Luxus 4x Stuhl Esszimmerstuhl Küchenstühle Polsterstuhl Wohnzimmerstuhl Sofort";"4062292221835";"false";"EAN_DUPLICATE|NAME_CONTAINS_SOFORT"
"434551";"JVM4067282661127";"Moderner Kleiderschrank Luxus Designer Schlafzimmer Möbel Sofort";"4067282661127";"false";"NAME_CONTAINS_SOFORT"
"434806";"JVM4062292000287";"Ledersofa Couch Wohnlandschaft 3+2+1 Sitzer Garnitur Design Modern Sofa Sofort";"4062292000287";"false";"EAN_DUPLICATE|NAME_CONTAINS_SOFORT"
"434820";"JVM4067282610606";"Weiße Luxus Kommode Designer Rechteckiger Spiegel Modernes Sideboard Sofort";"4067282610606";"true";"EAN_DUPLICATE|NAME_CONTAINS_SOFORT"
"434885";"JVM4067282729315";"Designer Sitzbank Sitzmöbel Neu Einrichtung Klassische Polsterbank Sofort";"4067282729315";"true";"EAN_DUPLICATE|NAME_CONTAINS_SOFORT"
"434938";"JVM4067282624252";"Anrichte Sideboard Luxus Designer Holz Regal Schwarz Möbel Kommode Sofort";"4067282624252";"true";"EAN_DUPLICATE|NAME_CONTAINS_SOFORT"
"434940";"JVM4067282256422";"Dreisitzer Sofa Luxus Grau Chesterfield 3 Sitzer Couches Grau Sofas Samt Sofort";"4067282256422";"true";"EAN_DUPLICATE|NAME_CONTAINS_SOFORT"
"434941";"JVM4062292555756";"Marmor Esstisch Moderne Esszimmer Küche Tische Design Tisch Rund Sofort";"4062292555756";"true";"EAN_DUPLICATE|NAME_CONTAINS_SOFORT"
"435297";"JVM4260533189115";"Chesterfield Sofa Polster Couch 3 Sitzer Schlafsofa + Bettfunktion Sofort";"4260533189115";"true";"NAME_CONTAINS_SOFORT"
"435298";"JVM4067282549920";"Schlafzimmer Schminktisch mit Spiegel Luxus Neu Konsole Modern Design Sofort";"4067282549920";"false";"EAN_DUPLICATE|NAME_CONTAINS_SOFORT"
"435306";"JVM4062292163586";"Deko Figur Statue Skulptur 50 cm Figuren Statuen Skulpturen Dick und Doof Sofort";"4062292163586";"false";"EAN_DUPLICATE|NAME_CONTAINS_SOFORT"
"435311";"JVM4067282617964";"Polsterbank Designer Wohnzimmer Beige Klassische Sitzmöbel Luxus Sofort";"4067282617964";"true";"EAN_DUPLICATE|NAME_CONTAINS_SOFORT"
"435470";"JVM4062292642418";"Modern Esszimmer Holztisch Design neu Esstisch Tisch Ausziehbar Tische Sofort";"4062292642418";"false";"EAN_DUPLICATE|NAME_CONTAINS_SOFORT"
"435505";"JVM4062292544040";"Bett Polster Design Luxus Doppel Hotel Betten Ehe Schlaf Zimmer Leder Sofort";"4062292544040";"false";"EAN_DUPLICATE|NAME_CONTAINS_SOFORT"
"435506";"JVM4062292700897";"Stoff Ecksofa L-Form Sofa Couch Design Polster Modern Textil Bettfunktion Sofort";"4062292700897";"true";"EAN_DUPLICATE|NAME_CONTAINS_SOFORT"
"435510";"JVM4062292215537";"Ecksofa Leder Wohnlandschaft Garnitur Design Modern Sofa L-Form Rot Möbel Sofort";"4062292215537";"false";"EAN_DUPLICATE|NAME_CONTAINS_SOFORT"
"435524";"test";"test";"";"true";"EAN_BLANK"
"435534";"JVM4067282115071";"Kommode Italienischer Stil Kommoden Gold Sideboards Möbel Kommoden Sofort";"4067282115071";"true";"EAN_DUPLICATE|NAME_CONTAINS_SOFORT"
"435549";"JVM4062292775321";"Polster Ecksofa Ecksofa Wohnlandschaft Ledersofa Designer-Sofa L-Form Sofort";"4062292775321";"true";"EAN_DUPLICATE|NAME_CONTAINS_SOFORT"
"435551";"JVM_4067282704961";"Weiß U-Form Ecksofa Luxus Stil Modern Wohnzimmer Sofa Kunstleder SOFORT";"4067282704961";"false";"EAN_DUPLICATE|NAME_CONTAINS_SOFORT"
"435552";"JVM4067282470873";"Schminktisch Konsolentisch Frisiertisch Frisierkommode Holz Beige Gold Sofort";"4067282470873";"true";"EAN_DUPLICATE|NAME_CONTAINS_SOFORT"
"435571";"4067282624009";"Kommode Weiß Sideboard Holz Schrank Möbel Einrichtung Anrichte Luxus";"4067282624009";"true";"EAN_DUPLICATE"
"435572";"JVM_4062292093869";"Grün Chesterfield Sofa 3 Sitzer Couch Garnitur Leder Sofort";"4062292093869";"true";"EAN_DUPLICATE|NAME_CONTAINS_SOFORT"
"435573";"JVM_4062292002014";"Kunstleder Sofa Ecksofa Grau Design Modern Sofa A1160 Sofort";"4062292002014";"false";"EAN_DUPLICATE|NAME_CONTAINS_SOFORT"
"435574";"4067282718203";"Klassische Designer 3+1 Sofagarnitur Sofa Öko-Leder Sofort";"4067282718203";"true";"NAME_CONTAINS_SOFORT"
"435584";"JVM_4062292554766";"1 Sitzer Sofa Couch Fernseh Polster Möbel Neu Sessel Einsitzer Möbel Sofort";"4062292554766";"true";"EAN_DUPLICATE|NAME_CONTAINS_SOFORT"
"435586";"4067282718272";"Sideboard tv Lowboard rtv Unit Tisch Wohnzimmerschrank Holz Möbel Sofort";"4067282718272";"true";"NAME_CONTAINS_SOFORT"
"435590";"JVM4062292261756";"Schreibtisch Eckschreibtisch Computertisch Bürotisch Arbeitstisch Möbel Sofort";"4062292261756";"false";"EAN_DUPLICATE|NAME_CONTAINS_SOFORT"
"435591";"JVM4062292261770";"Büro Akten Regal Schrank Holz Regale Schränke Office Wohnzimmer Design Sofort";"4062292261770";"true";"EAN_DUPLICATE|NAME_CONTAINS_SOFORT"
"435605";"JVM_4062292016691";"Moderne Schlafsofa Couch Polster Ecksofa Garnitur Bettfunktion Ecke Sofort";"4062292016691";"true";"EAN_DUPLICATE|NAME_CONTAINS_SOFORT"
"435613";"JVM4067282675797";"Eckschreibtisch Büro Tische Schreibtische Möbel Chefschreibtisch Sofort";"4067282675797";"true";"EAN_DUPLICATE|NAME_CONTAINS_SOFORT"
"435615";"JVM4062292209383";"Sessel Stuhl 1x Esszimmer Fernseh Lounge Textil Chesterfield Polsterstuhl Sofort";"4062292209383";"true";"NAME_CONTAINS_SOFORT"
"435683";"JVM4260174429052";"Klassischer Schreibtisch mit Stuhl – Holz Klassischer antiker Stil Sofort";"4260174429052";"true";"EAN_DUPLICATE|NAME_CONTAINS_SOFORT"
"435688";"JVM4067282676329";"Schminktisch Wandpiegel Friseur Konsolen Tische Schlafzimmer Sofort";"4067282676329";"false";"EAN_DUPLICATE|NAME_CONTAINS_SOFORT"
"435689";"JVM4067282569829";"Bett Doppelbetten Modern Bettgestell Luxus Design Bettrahmen Sofort";"4067282569829";"false";"EAN_DUPLICATE|NAME_CONTAINS_SOFORT"
"435691";"JVM4062292129964";"Kronleuchter Kristall Leuchte Deckenleuchte Hängeleuchte Luster Bohemia Sofort";"4062292129964";"false";"EAN_DUPLICATE|NAME_CONTAINS_SOFORT"
"435692";"JVM4067282604988";"Modern Sofa 3 Sitzer Weiß Hochwertig Polster Sofas Design Textil Sofort";"4067282604988";"false";"EAN_DUPLICATE|NAME_CONTAINS_SOFORT"
"435743";"JVM4062292037627";"Chesterfield Ecksofa 3-E-3 Sofa Couchen Couch Sofas Sitz Kunstleder Sofort";"4062292037627";"true";"EAN_DUPLICATE|NAME_CONTAINS_SOFORT"
"435745";"JVM4062292217845";"Konferenztisch Büro Chef Zimmer Möbel Design Schreibtische Möbel Sofort";"4062292217845";"true";"EAN_DUPLICATE|NAME_CONTAINS_SOFORT"
"435747";"JVM4062292006883";"XXL Big Vase Design Antik Stil Blumen Vasen Deko Dekoration 0866 Sofort";"4062292006883";"false";"EAN_DUPLICATE|NAME_CONTAINS_SOFORT"
"435749";"JVM4067282182943";"Chesterfield Sitzgruppe Luxus Couchgarnitur Set Dreisitzer Sessel 3tlg Sofort";"4067282182943";"true";"EAN_DUPLICATE|NAME_CONTAINS_SOFORT"
"435750";"JVM4062292213489";"Designer Ehebett Polsterbett Doppelbett Bett Schlafzimmer Lederbett Sofort";"4062292213489";"true";"EAN_DUPLICATE|NAME_CONTAINS_SOFORT"
"435753";"JVM4062292127175";"Designer Luxus Konsole Tisch Konsolen Tische Holz Metall Gold Klassischer Sofort";"4062292127175";"true";"EAN_DUPLICATE|NAME_CONTAINS_SOFORT"
"435783";"JVM4067282470309";"TV Ständer RTV Lowboard Wohnwand Sideboard Gold Holz Modern Design Sofort";"4067282470309";"false";"EAN_DUPLICATE|NAME_CONTAINS_SOFORT"
"435803";"JVM4062292259067";"Hocker Sitzmöbel Holz Massiv Echtholz Stuhl Sitz Holzhocker Sitzhocker Sofort";"4062292259067";"false";"EAN_DUPLICATE|NAME_CONTAINS_SOFORT"
"435994";"4067282600768";"Deckenlampe Deckenleuchte Lampe Leuchte Beleuchtung Wohnzimmer 105x100 Lampen";"4067282600768";"true";"EAN_DUPLICATE"
"436026";"4067282601062";"Kronleuchter Lampe Leuchten Lampen 55x80 Leuchte Möbel Design Deckenlampe";"4067282601062";"true";"EAN_DUPLICATE"
"436027";"4067282601079";"Kronleuchter Französisch Gold im Wohnzimmer Leuchte luxuriöse Lampen";"4067282601079";"true";"EAN_DUPLICATE"
"436036";"JVM4067282464704";"Kronleuchter Deckenleuchter Lüster Deckenlampe Lampen Glas Gold Art Sofort";"4067282464704";"true";"NAME_CONTAINS_SOFORT"
"436076";"4067282610606";"Weiße Luxus Kommode Designer Rechteckiger Spiegel Modernes Sideboard";"4067282610606";"true";"EAN_DUPLICATE"
"436149";"4067282599765";"Lampe Hängeleuchte Kronleuchter Kristalllampe Deckenleuchte Lampen 60x135";"4067282599765";"true";"EAN_DUPLICATE"
"436243";"4067282599093";"Deckenleuchte Chrom Wohnzimmer Lampe schick Luxus Gästezimmer Leuchten";"4067282599093";"true";"EAN_DUPLICATE"
"436296";"4067282598805";"Tischlampe Luxuriöse modern Schlafzimmer Tischleuchte Tischlampen 27x50";"4067282598805";"true";"EAN_DUPLICATE"
"436358";"4067282524781";"Kronleuchter Lampe Leuchten Lampen 35x45 Leuchte Möbel Design Deckenlampe";"4067282524781";"true";"EAN_DUPLICATE"
"436430";"4067282467835";"Luxus Kronleuchter Deckenleuchter Gold Deckenlampe Lüster Kristall XXL";"4067282467835";"true";"EAN_DUPLICATE"
"436613";"4067282466623";"Lüster Deckenleuchter Silber Kronleuchter Deckenlampe Kristall 40x70 Lampe";"4067282466623";"true";"EAN_DUPLICATE"
"436715";"4067282466180";"Deckenleuchter Kronleuchter Lampe Deckenlampe Lüster Glas 122cm Lampen";"4067282466180";"true";"EAN_DUPLICATE"
"436739";"4067282466067";"Kronleuchter Deckenlampe Lüster Deckenleuchter Lampe Glas Gold Beige";"4067282466067";"true";"EAN_DUPLICATE"
"436904";"4067282184084";"Luxus Lüster Deckenlampe Kronleuchter Deckenleuchter Crystal Gold";"4067282184084";"true";"EAN_DUPLICATE"
"437428";"JVM4260499877538";"Garten Bank FineCrete Stein Figur Sitz Bänke Stein Holz Stil Hocker Stil Sofort";"4062292026454";"false";"EAN_DUPLICATE|NAME_CONTAINS_SOFORT"
"437499";"4067282731479";"Chesterfield Luxus Design Einrichtung Grün Dreisitzer mit Zweisitzer Sofas";"4067282731479";"true";"EAN_DUPLICATE"
"437823";"JVM4067282716032";"Led Wasser Wand Bar Regal Wassersäulen Flaschen Regale Beleuchtet Sofort";"4067282716032";"true";"NAME_CONTAINS_SOFORT"
"437824";"JVM_4062292262326";"Eckschreibtisch Büro Schreib Tisch Luxus Klasse Designer Möbel Sofort";"4062292262326";"false";"EAN_DUPLICATE|NAME_CONTAINS_SOFORT"
"437828";"JVM4062292221828";"Design Esstisch Esszimmer Wohnzimmer Holz Hochglanz Tische Italienische Sofort";"4062292221828";"false";"EAN_DUPLICATE|NAME_CONTAINS_SOFORT"
"437897";"JVM4067282468894";"Sessel Ohrensessel Cocktailsessel Sitzer Modern Design Grau Stoff Sitz Sofort";"4067282468894";"false";"EAN_DUPLICATE|NAME_CONTAINS_SOFORT"
"437900";"JVM4067282572577";"Schminktisch Spiegel Konsole Schmink Tische Luxus Konsolen Holz Neu Sofort";"4067282572577";"false";"EAN_DUPLICATE|NAME_CONTAINS_SOFORT"
"437909";"JVM4067282846128";"Der Schuhschrank ist eine stilvolle und kompakte Aufbewahrungseinheit Sofort";"4067282846128";"false";"NAME_CONTAINS_SOFORT"
"437915";"JVM4067282464308";"Lüster Deckenleuchter Kronleuchter Deckenlampe Lampen Schwarz Modern Sofort";"4067282464308";"true";"NAME_CONTAINS_SOFORT"
"438140";"JVM4067282080638";"Doppelbett Betten mit 2x Nachttiache Schlafzimmer Möbel Design Beleuchtet Sofort";"4067282080638";"false";"EAN_DUPLICATE|NAME_CONTAINS_SOFORT"
"438325";"JVM4062292701801";"Designer Doppelbett Hotel Luxus Schlafzimmer 180x200cm Leder Metall Bett Sofort";"4062292701801";"false";"EAN_DUPLICATE|NAME_CONTAINS_SOFORT"
"438326";"JVM4067282673274";"Grün Sessel Wohnzimmer Luxus Möbel Modern Design Stil Sitzer Relax SOFORT";"4067282673274";"true";"NAME_CONTAINS_SOFORT"
"438328";"JVM4067282184886";"Deckenlampe Lüster Kronleuchter Deckenleuchter Modern Glas Schwarz Neu Sofort";"4067282184886";"true";"NAME_CONTAINS_SOFORT"
"438333";"JVM4062292372186";"Bett Luxus Polster Bett Schlafzimmer Möbel 180x200cm Doppel Betten Sofort";"4062292372186";"false";"EAN_DUPLICATE|NAME_CONTAINS_SOFORT"
"438364";"JVM4067282080829";"Schminktisch Frisiertisch Kosmetiktisch Kommode Tische Möbel Sofort";"4067282080829";"true";"NAME_CONTAINS_SOFORT"
"438373";"4067282847446";"XXL Tantrasofa Tantra Sofa Kamasutra Relax Gamer Chair Liege Sessel Sofort";"4067282847446";"true";"NAME_CONTAINS_SOFORT"
"438379";"4067282847460";"XXL Tantrasofa Tantra Sofa Kamasutra Relax Gamer Chair Liege Sessel Sofort";"4067282847460";"false";"NAME_CONTAINS_SOFORT"
"438382";"4067282847477";"XXL Tantrasofa Tantra Sofa Kamasutra Relax Gamer Chair Liege Sessel Sofort";"4067282847477";"false";"NAME_CONTAINS_SOFORT"
"438383";"4067282847484";"XXL Tantrasofa Tantra Sofa Kamasutra Relax Gamer Chair Liege Sessel Sofort";"4067282847484";"false";"NAME_CONTAINS_SOFORT"
"438384";"4067282847491";"XXL Tantrasofa Tantra Sofa Kamasutra Relax Gamer Chair Liege Sessel Sofort";"4067282847491";"false";"NAME_CONTAINS_SOFORT"
"438385";"4067282847507";"XXL Tantrasofa Tantra Sofa Kamasutra Relax Gamer Chair Liege Sessel Sofort";"4067282847507";"false";"NAME_CONTAINS_SOFORT"
"438386";"4067282847514";"XXL Tantrasofa Tantra Sofa Kamasutra Relax Gamer Chair Liege Sessel Sofort";"4067282847514";"false";"NAME_CONTAINS_SOFORT"
"438388";"4067282847521";"XXL Tantrasofa Tantra Sofa Kamasutra Relax Gamer Chair Liege Sessel Sofort";"4067282847521";"true";"NAME_CONTAINS_SOFORT"
"438389";"4067282847538";"XXL Tantrasofa Tantra Sofa Kamasutra Relax Gamer Chair Liege Sessel Sofort";"4067282847538";"false";"NAME_CONTAINS_SOFORT"
"438391";"4067282847545";"XXL Tantrasofa Tantra Sofa Kamasutra Relax Gamer Chair Liege Sessel Sofort";"4067282847545";"false";"NAME_CONTAINS_SOFORT"
"438392";"4067282847552";"XXL Tantrasofa Tantra Sofa Kamasutra Relax Gamer Chair Liege Sessel Sofort";"4067282847552";"false";"NAME_CONTAINS_SOFORT"
"438394";"4067282847569";"XXL Tantrasofa Tantra Sofa Kamasutra Relax Gamer Chair Liege Sessel Sofort";"4067282847569";"false";"NAME_CONTAINS_SOFORT"
"438397";"4067282847576";"XXL Tantrasofa Tantra Sofa Kamasutra Relax Gamer Chair Liege Sessel Sofort";"4067282847576";"true";"NAME_CONTAINS_SOFORT"
"438399";"4067282847583";"XXL Tantrasofa Tantra Sofa Kamasutra Relax Gamer Chair Liege Sessel Sofort";"4067282847583";"false";"NAME_CONTAINS_SOFORT"
"438528";"4067282802353";"Moderner Dunkelbrauner Couchtisch Luxuriöser Sofatisch Edler Lounge-Tisch";"4067282802353";"true";"EAN_DUPLICATE"
"438595";"JVM4062292546006";"Schminktisch mit Spiegel Luxus Konsole Kommode Schlafzimmer 2tlg. Set Sofort";"4062292546006";"false";"EAN_DUPLICATE|NAME_CONTAINS_SOFORT"
"438603";"JVM4062292051470";"3 Sitz Sofa Couch Textil Stoff Bettfunktion Schlafsofa Polster Garnitur Sofort";"4062292051470";"true";"EAN_DUPLICATE|NAME_CONTAINS_SOFORT"
"438626";"JVM4067282694156";"Exklusiver Esszimmer Set Designer Esstisch Luxuriöse 6x Polsterstühle Sofort";"4067282694156";"true";"NAME_CONTAINS_SOFORT"
"438627";"JVM4067282694125";"Moderner Esstisch 6x Stühle Designer Luxus Esszimmer Möbel Essgruppe Sofort";"4067282694125";"true";"EAN_DUPLICATE|NAME_CONTAINS_SOFORT"
"438628";"JVM4067282694064";"Modern Esstisch 6x Stühle Designer Luxus Esszimmer Möbel Essgruppe Sofort";"4067282694064";"false";"NAME_CONTAINS_SOFORT"
"438629";"JVM4067282694033";"Modernes Esszimmer Möbel luxuriösen Esstisch + 6x Stühle Tisch Stühle Sofort";"4067282694033";"true";"NAME_CONTAINS_SOFORT"
"438634";"JVM4067282515666";"Eszimmer Möbel Designer Esstisch Edelstahltisch Gold Moderne Tische Sofort";"4067282515666";"false";"EAN_DUPLICATE|NAME_CONTAINS_SOFORT"
"438637";"JVM4062292130120";"Tischleuchte Tisch Lampe Leuchten Kronleuchte Kristall Antik Stil Lampen Sofort";"4062292130120";"false";"EAN_DUPLICATE|NAME_CONTAINS_SOFORT"
"438638";"JVM4067282535848";"Sofa Schlafzimmer Schlafsofa Kinderzimmer Couch Gästezimmer Büro Sofas Sofort";"4067282535848";"false";"NAME_CONTAINS_SOFORT"
"438647";"JVM4062292213700";"Designer Unterschrank Kommode Low Board Schrank Wohn Zimmer Regal Fernseh Sofort";"4062292213700";"false";"EAN_DUPLICATE|NAME_CONTAINS_SOFORT"
"438709";"JVM4067282601062";"Kronleuchter Lampe Leuchten Lampen 55x80 Leuchte Möbel Design Deckenlampe Sofort";"4067282601062";"false";"EAN_DUPLICATE|NAME_CONTAINS_SOFORT"
"438718";"JVM4062292555633";"Esstisch Moderne Esszimmer Wohnzimmer Küche Tische Design Edelstahl Tisch Sofort";"4062292555633";"false";"EAN_DUPLICATE|NAME_CONTAINS_SOFORT"
"438728";"4067282746350";"Chesterfield Textil Zweisitzer Sofa Couch Modern Design Möbel Textil";"4067282746350";"true";"EAN_DUPLICATE"
"438831";"JVM4067282006201";"Couchtisch Kaffeetisch Beistelltisch Designer Tisch Wohnzimmertisch Tisch Sofort";"4067282006201";"false";"EAN_DUPLICATE|NAME_CONTAINS_SOFORT"
"438832";"JVM4067282087828";"Sofa 2 Sitzer italienische Möbel design textil Polster sofas Zweisitzer Sofort";"4067282087828";"true";"EAN_DUPLICATE|NAME_CONTAINS_SOFORT"
"438838";"JVM4062292006692";"Design XXL Obst Schale Vase Vasen Antik Schalen Deko Dekoration 836 17cm Sofort";"4062292006692";"false";"EAN_DUPLICATE|NAME_CONTAINS_SOFORT"
"438841";"JVM4067282260177";"Design Chesterfield Sofagarnitur Big xxl Sofa 5-Sitzer Polster Sofas Sofort";"4067282260177";"false";"EAN_DUPLICATE|NAME_CONTAINS_SOFORT"
"438855";"JVM4062292029646";"Blumentöpfe Kasten Topf Blumen Töpfe XXL Garten Terrasse Skulptur S104020 Sofort";"4062292029646";"false";"EAN_DUPLICATE|NAME_CONTAINS_SOFORT"
"438856";"JVM4067282517806";"Weißes Wandbett Schlafzimmer Designer Holzgestell Möbel Doppelbetten Sofort";"4067282517806";"false";"EAN_DUPLICATE|NAME_CONTAINS_SOFORT"
"438860";"JVM4067282115859";"Sideboard rtv Kommode TV Schrank Lowboard TV Möbel Wohnzimmerschrank";"4067282115859";"true";"EAN_DUPLICATE"
"438861";"JVM4260484864963";"POLSTERBETT LEDERBETT BETT BETT MODELL S-9110 180X220CM SOFORT";"4260484864963";"false";"NAME_CONTAINS_SOFORT"
"438877";"JVM4067282554702";"Designer Schwarz Wohnwand Holzmöbel Hänge Luxus Sideboard Wand Regale Sofort";"4067282554702";"false";"EAN_DUPLICATE|NAME_CONTAINS_SOFORT"
"438888";"JVM4062292727078";"Vitrine Kommode Schrank Vitrinen Wohnzimmer Schau Schränk Design Anrichte Sofort";"4062292727078";"true";"EAN_DUPLICATE|NAME_CONTAINS_SOFORT"
"438892";"JVM4062292642562";"Esszimmer Garnitur Lehn Samt Textil Stuhl 6x Stühle Gruppe Set Holz Sofort";"4062292642562";"true";"EAN_DUPLICATE|NAME_CONTAINS_SOFORT"
"438895";"JVM4067282308206";"Schlafzimmer Nachttische Möbel Luxus Modern Grau Design Holz Metall Sofort";"4067282308206";"true";"NAME_CONTAINS_SOFORT"
"438897";"JVM4062292279522";"Eggchair Leder Braun Metall silber Ohrensessel Chair Flieger Club Sessel Sofort";"4062292279522";"false";"EAN_DUPLICATE|NAME_CONTAINS_SOFORT"
"438936";"JVM4062292578113";"Luxus Esstische Design Tisch Edelstahl Stein Möbel Esszimmer Modern Säule Sofort";"4062292578113";"true";"EAN_DUPLICATE|NAME_CONTAINS_SOFORT"
"438950";"JVM4260499874742";"Springbrunnen Fontäne Fontaine Brunnen Wasserspiel Garten Deko Neptun Sofort";"4260499874742";"false";"NAME_CONTAINS_SOFORT"
"439025";"4067282116115";"Wohnzimmer Sideboard Schrank Schränke Schubladen Holz Kommoden Sofort";"4067282116115";"true";"NAME_CONTAINS_SOFORT"
"439049";"4260606058102JVM";"Chesterfield Sofa Leder Textil Sofagarnitur Polster Garnitur 3+2+ Hocker Sofort";"4260606058102";"true";"EAN_DUPLICATE|NAME_CONTAINS_SOFORT"
"439083";"4067282511620";"GARTENFIGUR STEINFIGUR FIGUR GARTEN SKULPTUR STEINGUSS ADLER SOFORT";"4067282511620";"false";"NAME_CONTAINS_SOFORT"
"439089";"JVM4067282511644";"Sockel Stein für Figuren Skulpturen Statuen XXL Garten Dekoration Säule Sofort";"4067282511644";"false";"NAME_CONTAINS_SOFORT"
"439148";"JVM4067282268395";"Schaukel Sessel Hängekorb Hängeschaukel Gartensessel Hängesessel Sofort";"4067282268395";"false";"EAN_DUPLICATE|NAME_CONTAINS_SOFORT"
"439250";"JVM4067282464650";"Deckenleuchter Lüster Kronleuchter Deckenlampe Lampen Glas Gold Leuchte Sofort";"4067282464650";"true";"NAME_CONTAINS_SOFORT"
"439255";"JVM4062292219535";"Chesterfield Bett Luxus Schlafzimmer Hotel Polster Betten mit Knöpfen Sofort";"4062292219535";"false";"EAN_DUPLICATE|NAME_CONTAINS_SOFORT"
"439258";"JVM_4260606050359";"Design Leder Bett Luxus Polster Betten Doppel Modernes Sofort";"4260606050359";"true";"EAN_DUPLICATE|NAME_CONTAINS_SOFORT"
"439453";"JVM4067282600768";"Deckenlampe Deckenleuchte Leuchte Beleuchtung Wohnzimmer 105x100 Lampen Sofort";"4067282600768";"true";"EAN_DUPLICATE|NAME_CONTAINS_SOFORT"
"439484";"4067282693838";"Eleganter Weißer Schminktisch Schlafzimmer Frisiertisch Kosmetiktisch";"4067282731479";"true";"EAN_DUPLICATE"
"439551";"JVM4062292706530";"Kleiderschrank Klassisch Weiß Klassisch Schlafzimmer Schrank Holz Sofort";"4062292706530";"false";"NAME_CONTAINS_SOFORT"
"439959";"4067282694125";"Moderner Esstisch 6x Stühle Designer Luxus Esszimmer Möbel Essgruppe";"4067282694125";"true";"EAN_DUPLICATE"
"440047";"JVM4067282680463";"Luxus Bett 180x200 Multifunktion Schlafzimmer Liege Regale Neu Audio Sofort";"4067282680463";"false";"EAN_DUPLICATE|NAME_CONTAINS_SOFORT"
"440070";"JVM4067282332058";"Kronleuchter Crystal Wohnzimmer Leuchter Kronleuchter Lüster neu Modern Sofort";"4067282332058";"true";"EAN_DUPLICATE|NAME_CONTAINS_SOFORT"
"440071";"JVM4062292095177";"Klassische Ecksofa Kunstledersofa Polster Sofa Ecke Garnitur Braune Sofas Sofort";"4062292095177";"true";"EAN_DUPLICATE|NAME_CONTAINS_SOFORT"
"440118";"JVM4062292214790";"Sofagarnitur 321 Sitzer Set Design Sofa Polster Couchen Couch Modern Sofort";"4062292214790";"false";"EAN_DUPLICATE|NAME_CONTAINS_SOFORT"
"440127";"JVM4062292558832";"Luxus Tische Esszimmer Tisch Metall Esszimmertisch Moderner Möbel Gold Sofort";"4062292558832";"false";"EAN_DUPLICATE|NAME_CONTAINS_SOFORT"
"440147";"JVM__4062292578779_";"Kinderbett Etagenbett Jugendbett Design Hochbett Modern Bett Kinderzimmer Sofort";"4062292578779";"false";"EAN_DUPLICATE|NAME_CONTAINS_SOFORT"
"440148";"JVM_4067282464896";"Deckenlampe Lüster Deckenleuchter Antique Kronleuchter Lampe Glas Gold Sofort";"4067282464896";"true";"EAN_DUPLICATE|NAME_CONTAINS_SOFORT"
"440149";"4260499872229";"Chesterfield Sofa 3 SITZER Polster Designer Couchen Sofas Garnitur Sofort";"4260499872229";"true";"EAN_DUPLICATE|NAME_CONTAINS_SOFORT"
"440150";"JVM4067282517912";"Hellgraues Schlafzimmer Bett Doppelbetten Luxuriöse Betten Holzgestell Sofort";"4067282517912";"false";"EAN_DUPLICATE|NAME_CONTAINS_SOFORT"
"440154";"JVM4067282291454";"TV-Möbel & Schrankwände Wohnwand rtv Lowboard Schrank Wohnwände Beige Sofort";"4067282291454";"true";"EAN_DUPLICATE|NAME_CONTAINS_SOFORT"
"440159";"JVM4067282266834";"Esszimmerstuhl Stuhl Modern Holz Design Sitzmöbel Esszimmer Möbel Sofort";"4067282266834";"true";"EAN_DUPLICATE|NAME_CONTAINS_SOFORT"
"440161";"JVM4062292132490";"Kristall-Tischlampe Elite Bohemia Klassisch Wohnzimmer Deckenleuchte Sofort";"4062292132490";"true";"EAN_DUPLICATE|NAME_CONTAINS_SOFORT"
"440162";"4067282332058";"Kronleuchter Crystal Wohnzimmer Leuchter Kronleuchter Lüster neu Modern";"4067282332058";"true";"EAN_DUPLICATE"
"440163";"JVM4067282207745";"Kaffee Tisch Beistell Tische Wohnzimmer Holz Neu Luxus Couchtisch Design Sofort";"4067282207745";"false";"EAN_DUPLICATE|NAME_CONTAINS_SOFORT"
"440167";"4260606053404";"Design Couch Modern Relax Wohnlandschaft Polster Garnitur Sofa Sofort";"4260606053404";"true";"EAN_DUPLICATE|NAME_CONTAINS_SOFORT"
"440190";"JVM4067282470262";"Kleiderschrank Schlafzimmer Schrank Luxus Schränke Viertürig Gold Spiegel Sofort";"4067282470262";"true";"EAN_DUPLICATE|NAME_CONTAINS_SOFORT"
"440192";"JVM4062292725555";"Holztisch Couchtische aus Holz massive wohnzimmer möbel 135x90cm tische Sofort";"4062292725555";"true";"EAN_DUPLICATE|NAME_CONTAINS_SOFORT"
"440193";"4067282714984";"Luxus Sofagarnitur 3+1 Sitzer Couch Polster Dreisitzer Set Textil 2tlg Sofort";"4067282714984";"true";"NAME_CONTAINS_SOFORT"
"440196";"4067282714991";"Luxus Sofagarnitur 3+3+1 Couch Polster Möbel Dreisitzer Set Textil 3tlg Sofort";"4067282714991";"true";"NAME_CONTAINS_SOFORT"
"440199";"JVM4067282519138";"Gold-Weißer Luxuriöser Stuhl Hochstuhl Esszimmer Kunstlederstühle Holz Sofort";"4067282519138";"true";"EAN_DUPLICATE|NAME_CONTAINS_SOFORT"
"440213";"4067282917194";"Design Wohnzimmer Luxus Sofa 3 Sitzer Sofa Grün Textil Sofort";"4067282917194";"true";"NAME_CONTAINS_SOFORT"
"440226";"JVM4062292723483";"Chesterfield Sofagarnitur 3+2 Sitzer Set Design Sofa Polster Couchen Sofort";"4062292723483";"true";"EAN_DUPLICATE|NAME_CONTAINS_SOFORT"
"440252";"JVM4062292558627";"Doppel Luxus Leder Bett + USB Polster Betten Moderne Hotel Multifunktion Sofort";"4062292558627";"false";"EAN_DUPLICATE|NAME_CONTAINS_SOFORT"
"440253";"JVM4067282676299";"Schlafzimmer Schminktisch Frisiertisch Kosmetiktisch Spiegel Schubladen Sofort";"4067282676299";"true";"EAN_DUPLICATE|NAME_CONTAINS_SOFORT"
"440653";"JVM4062292583223";"Bett Doppel Regale Leder Polster Betten Multifunktion mit Massagefunktion Sofort";"4062292583223";"false";"EAN_DUPLICATE|NAME_CONTAINS_SOFORT"
"440782";"JVM4067282515918";"Schlafzimmer Set Bett 2x Nachttische Luxus neu 3tlg Design Modern Holz Sofort";"4067282515918";"false";"NAME_CONTAINS_SOFORT"
"440796";"JVM4062292101908";"Stehleuchte Stand Leuchte Lampe Lampen Leuchten Design Figur Neu Sofort";"4062292101908";"true";"NAME_CONTAINS_SOFORT"
"440815";"JVM4067282917323";"Klassisch Nachttisch Braun Design Nachtkommode Nachtkonsole Möbel Sofort";"4067282917323";"true";"NAME_CONTAINS_SOFORT"
"440832";"JVM4062292558696";"Multifunktion Deluxe Betten Massage Bett Hotel Polster Led usb Radio Sofort";"4062292558696";"false";"EAN_DUPLICATE|NAME_CONTAINS_SOFORT"
"440879";"JVM4067282466449";"Wandlampe Wandleuchten Wandleuchte Lüster Wand Lampen Kristall Gold Sofort";"4067282466449";"true";"NAME_CONTAINS_SOFORT"
"440880";"JVM4067282569805";"Multifunktionsbett Chesterfield Doppel Luxus Design Bett 180x200 Sofort";"4067282569805";"false";"EAN_DUPLICATE|NAME_CONTAINS_SOFORT"
"440887";"JVM4062292037313";"Desiger Chesterfield Sofagarnitur Leder Braun 4 - Sitzer XXL Couch Sofort";"4062292037313";"true";"EAN_DUPLICATE|NAME_CONTAINS_SOFORT"
"440898";"JVM4067282279971";"Luxus Wohnwand mit Kamin Fernseher Ständer tv Sideboard Sofort";"4067282279971";"false";"NAME_CONTAINS_SOFORT"
"440899";"JVM4062292569470";"Design Chesterfield Rundes Bett Rund Betten Schlafzimmer Doppel Betten Sofort";"4062292569470";"false";"EAN_DUPLICATE|NAME_CONTAINS_SOFORT"
"440901";"JVM4067282515949";"Schlafzimmer Set Luxus Schminktisch mit Spiegel Hocker Design neu 2tlg Sofort";"4067282515949";"true";"EAN_DUPLICATE|NAME_CONTAINS_SOFORT"
"440904";"4067282848481";"Stilvoll Wandpaneel Paneelen Weiß 50x50 cm Paneelen Design Verkleidung SOFORT";"4067282848481";"true";"NAME_CONTAINS_SOFORT"
"440905";"JVM_4062292217159";"Eckschreibtisch Büro Einrichtung Chef Zimmer Möbel Design Schreibtische Mangel Sofort";"4062292217159";"false";"EAN_DUPLICATE|NAME_CONTAINS_SOFORT"
"440906";"JVM4067282666948";"TV Ständer RTV Lowboard Weiß Modern Wohnzimmer Sideboard Holz Neu Sofort";"4067282666948";"false";"EAN_DUPLICATE|NAME_CONTAINS_SOFORT"
"440909";"JVM4067282554627";"Modern Wohnwand Designer Einrichtung Wand Regale Hänge Vitrine Sideboard Sofort";"4067282554627";"true";"EAN_DUPLICATE|NAME_CONTAINS_SOFORT"
"440910";"JVM4062292372155";"Klassisches Bett Modern Stil Doppel Holz Hotel Betten Schlafzimmer Sofort";"4062292372155";"true";"EAN_DUPLICATE|NAME_CONTAINS_SOFORT"
"440919";"JVM4067282666986";"Couchtisch Luxus Tisch Moderne Tische Wohnzimmer Couchtische Möbel Holz Sofort";"4067282666986";"false";"EAN_DUPLICATE|NAME_CONTAINS_SOFORT"
"440920";"JVM4062292720499";"Doppelbett Bett Ehebett Design Luxus Betten Deko Barock Rokoko Antik Stil Sofort";"4062292720499";"false";"EAN_DUPLICATE|NAME_CONTAINS_SOFORT"
"440923";"JVM4062292634369";"Kaffetisch Holz Beistelltisch Holz Beistelltisch Tisch Couchtisch Sofort";"4062292634369";"true";"EAN_DUPLICATE|NAME_CONTAINS_SOFORT"
"440924";"JVM4067282642324";"Bodenspiegel im Wohnzimmer Holz klassisch white ein neuer im Innenraum Sofort";"4067282642324";"false";"EAN_DUPLICATE|NAME_CONTAINS_SOFORT"
"440925";"JVM4067282466821";"Lüster Deckenleuchter Kronleuchter Silber Deckenlampe Kristall Lampe Sofort";"4067282466821";"true";"NAME_CONTAINS_SOFORT"
"440928";"JVM4067282151130";"Klassische Ecksofa Couch Polster Möbel Ecksofas Sofa Textil Barock Sofort";"4067282151130";"true";"EAN_DUPLICATE|NAME_CONTAINS_SOFORT"
"440934";"JVM4062292337536";"Gold Spiegel Design luxus xxl Wandspiegel Holz Rahmen Barock Stil Italien Neu Sofort";"4062292337536";"false";"EAN_DUPLICATE|NAME_CONTAINS_SOFORT"
"440935";"JVM4062292034602";"Grabschmuck Grab Stein Dekoration Figur Skulptur Deko Engel Gott Heilig Sofort";"4062292034602";"false";"EAN_DUPLICATE|NAME_CONTAINS_SOFORT"
"440936";"JVM4260499876050";"Massiver Pflanzgefäß Blumenkasten Pflanztrog Blumentopf aus Steinguss Sofort";"4260499876050";"true";"EAN_DUPLICATE|NAME_CONTAINS_SOFORT"
"440937";"JVM4062292719721";"Ecksofa L-Form Design Sofa Ecksofa Couch Leder Polster Textil Sofas Neu Sofort";"4062292719721";"true";"EAN_DUPLICATE|NAME_CONTAINS_SOFORT"
"440967";"JVM4067282491366";"Luxus Esszimmertisch Esstisch Tisch Holz Beige Esszimmer Holztisch Sofort";"4067282491366";"true";"EAN_DUPLICATE|NAME_CONTAINS_SOFORT"
"440970";"JVM4067282515659";"Designer Esszimmer Moderner Glastisch Edelstahltische Edelstahlgestell Sofort";"4067282515659";"false";"EAN_DUPLICATE|NAME_CONTAINS_SOFORT"
"440973";"JVM4062292353499";"Schwarzes Chesterfield Bett Elegantes Polsterbett Luxus Design Sofort";"4062292353499";"false";"EAN_DUPLICATE|NAME_CONTAINS_SOFORT"
"440976";"JVM4067282591172";"Stilvolles Schlafzimmer Set Designer Schminktisch Holz 2x Nachttische Sofort";"4067282591172";"true";"EAN_DUPLICATE|NAME_CONTAINS_SOFORT"
"440982";"JVM4062292747687";"Kompakter Holztisch als stilvoller Kaffee- oder Beistelltisch Sofort";"4062292747687";"true";"EAN_DUPLICATE|NAME_CONTAINS_SOFORT"
"440987";"JVM4067282447363";"Rezeption Empfangstheke Tisch Möbel Tresen Praxis Kanzlei Büro Hotel Sofort";"4067282447363";"false";"NAME_CONTAINS_SOFORT"
"440988";"JVM4067282307667";"Sofagarnitur 3+1 Sitzer Set Design Sofa Polster Couchen Couch Modern Sofort";"4067282307667";"true";"EAN_DUPLICATE|NAME_CONTAINS_SOFORT"
"440991";"JVM4062292546044";"Schminktisch Spiegel Hocker Komplett Kommode Schlafzimmer 2tlg. Konsole Sofort";"4062292546044";"false";"EAN_DUPLICATE|NAME_CONTAINS_SOFORT"
"440992";"JVM4067282661134";"Weiße Schlafzimmer Kommode + Spiegel Holz Möbel Edelstahl Design Sofort";"4067282661134";"true";"NAME_CONTAINS_SOFORT"
"440993";"JVM4067282188952";"Stühle Esszimmer Design Holz Stuhl Antik Stil Barock Rokoko Lehnstuhl Sofort";"4067282188952";"false";"NAME_CONTAINS_SOFORT"
"441003";"JVM4067282846463";"Vitrine aus Glas und Holz - Edles Design Möbel für Esszimmer Sofort";"4067282846463";"false";"NAME_CONTAINS_SOFORT"
"441016";"JVM4062292578168";"Modern Luxus Esstisch Esszimmer Tisch Metall Gold Tische Esstische Möbel Sofort";"4062292578168";"false";"EAN_DUPLICATE|NAME_CONTAINS_SOFORT"
"441018";"JVM4067282627802";"Couchtisch Pharao Sphinx – Eleganter Glastisch für Ihr Wohnzimmer Sofort";"4067282627802";"false";"NAME_CONTAINS_SOFORT"
"441019";"JVM4067282846500";"Chesterfield Bett mit 2x Nachttische Betten Schlafzimmer Klassiche Set Sofort";"4067282846500";"false";"NAME_CONTAINS_SOFORT"
"441020";"JVM4062292722912";"Sessel 1 Sitzer Club Lounge Designer Lehn Stuhl Fernseh Polster Barock Sofort";"4062292722912";"false";"EAN_DUPLICATE|NAME_CONTAINS_SOFORT"
"441021";"JVM4067282513068";"Bar Theke Hausbar Garten Bartisch Tresen Stehtisch Bartisch mit Dach Sofort";"4067282513068";"true";"NAME_CONTAINS_SOFORT"
"441022";"JVM4062292019630";"Griechischer Antik Stil Säulen Säule Kolumne Blumen Ständer Dekoration Sofort";"4062292019630";"false";"EAN_DUPLICATE|NAME_CONTAINS_SOFORT"
"441025";"JVM4062292019593";"Griechischer Antik Stil Säulen Säule Kolumne Blumen Ständer Dekoration Sofort";"4062292019593";"true";"EAN_DUPLICATE|NAME_CONTAINS_SOFORT"
"441028";"JVM4067282599093";"Deckenleuchte Chrom Wohnzimmer Lampe schick Luxus Gästezimmer Leuchten Sofort";"4067282599093";"true";"EAN_DUPLICATE|NAME_CONTAINS_SOFORT"
"441029";"JVM4067282466753";"Luxus Lüster Deckenleuchter Gold Kronleuchter Deckenlampe Kristall Art Sofort";"4067282466753";"true";"NAME_CONTAINS_SOFORT"
"441030";"JVM4067282846579";"Edle Designer Couch Garnitur Echtleder Sofas 4 Sitzer Chesterfield Sofort";"4067282846579";"false";"NAME_CONTAINS_SOFORT"
"441031";"JVM4067282846562";"Edle Designer Couch Garnitur Echtleder Sofas 3+2 Sitzer Chesterfield Sofort";"4067282846562";"true";"NAME_CONTAINS_SOFORT"
"441107";"JVM4067282624009";"Kommode Beige Sideboard Holz Schrank Möbel Einrichtung Anrichte Luxus Sofort";"4067282624009";"false";"EAN_DUPLICATE|NAME_CONTAINS_SOFORT"
"441108";"JVM4067282666924";"Luxus rtv Lowboard tv Ständer Sideboard Wohnzimmer Holz Weiß Modern Sofort";"4067282666924";"true";"EAN_DUPLICATE|NAME_CONTAINS_SOFORT"
"441111";"JVM4260439213419";"Eleganter Chesterfield 1-Sitzer Sessel – Eleganz Klassisches Design Sofort";"4260439213419";"true";"EAN_DUPLICATE|NAME_CONTAINS_SOFORT"
"441112";"JVM4062292778070";"Leder Designer Sofa Couch Polster Garnitur 6tlg. Set Garnituren Modern Sofort";"4062292778070";"false";"EAN_DUPLICATE|NAME_CONTAINS_SOFORT"
"441154";"JVM4067282485778";"Hocker Sitzhocker Zebramuster Sitzwürfel Stoff Polster Wohnzimmer Sitz Sofort";"4067282485778";"true";"EAN_DUPLICATE|NAME_CONTAINS_SOFORT"
"441157";"JVM4260606057501";"Chesterfield Design Luxus Polster Sofa Couch 3 Sitzer Echtleder Sofa Sofort";"4260606057501";"true";"NAME_CONTAINS_SOFORT"
"441158";"JVM4067282183728";"Sibler Kristall Deckenleuchter Beleuchtete Kronenform Prunkdeckenlampe Sofort";"4067282183728";"true";"NAME_CONTAINS_SOFORT"
"441166";"4067282089662";"Klassischer Schreibtisch Bürotisch Tisch Schreibtisch Computer Tische Italien";"406728208";"true";"EAN_NOT_13_DIGITS"
"441169";"JVM4067282466784";"Deckenlampe Deckenleuchter Kronleuchter Gold Lüster Kristall Lampe Sofort";"4067282466784";"true";"NAME_CONTAINS_SOFORT"
"441170";"JVM4067282644397";"Chesterfield Doppel Luxus Design Bett 180x200 Multifunktionsbett Sofort";"4067282644397";"false";"EAN_DUPLICATE|NAME_CONTAINS_SOFORT"
"441181";"JVM4067282801097";"Schwarzer Dreisitzer Wohnzimmer Polstercouch Designer 3-Sitzer Möbel Sofort";"4067282801097";"true";"NAME_CONTAINS_SOFORT"
"441182";"JVM4062292007156";"41cm XXL Design Katze Dekoration Figur Skulptur Acryl Deko Statue Figuren Sofort";"4062292007156";"true";"EAN_DUPLICATE|NAME_CONTAINS_SOFORT"
"441185";"JVM4062292364020";"Esszimmer Holz Tische Essgruppe Set Stuhl Gruppe Tisch + 6x Stühle 7tlg Sofort";"4062292364020";"false";"EAN_DUPLICATE|NAME_CONTAINS_SOFORT"
"441210";"4067282987401";"Ecksofa L-Form Wohnzimmer Textil Sofas Modern Polster Sitz Einrichtung";"";"true";"EAN_BLANK"
"441211";"4069424130874";"Eckcouch Eck Wohnsofa Lounge Winkelsofa Sofalandschaft Eckgarnitur Sofa";"";"true";"EAN_BLANK"
"441212";"4069424130751";"Wohnzimmer Set Sitzgruppe Sofa 3 Sitzer Dreisitzer Sessel Polster Grau";"";"true";"EAN_BLANK"
"441213";"4067282987180";"Polstermöbel Sofas Set 2tlg 3+1 Sitzer Wohnzimmer Luxus Modern Möbel Essgarnitur";"";"true";"EAN_BLANK"
"441214";"4069424131178";"Ecksofa Sofa L-Form Couchtisch Polsterung Couch Textil Beige Wohnzimmer";"";"true";"EAN_BLANK"
"441216";"JVM4062292726194";"Luxus Couchtisch Echtes Holz Holz Beistell Sofa Tische Tisch Wohnzimmer Barock Sofort";"4062292726194";"true";"EAN_DUPLICATE|NAME_CONTAINS_SOFORT"
"441217";"JVM4062292028571";"Garten Dekoration Bambi Terrasse Stein Figuren Figur Deko Statue Skulptur Sofort";"4062292028571";"true";"EAN_DUPLICATE|NAME_CONTAINS_SOFORT"
"441218";"JVM4067282217683";"Luxus Einsitzer Sessel Couch Polster Möbel Relax Club Designer Sessel Sofort";"4067282217683";"true";"EAN_DUPLICATE|NAME_CONTAINS_SOFORT"
"441220";"JVM4062292720307";"Klassischer Couchtisch Holztisch Tische Wohnzimmer Holz Barock Sofort";"4062292720307";"false";"EAN_DUPLICATE|NAME_CONTAINS_SOFORT"
"441221";"JVM4067282478169";"Anrichte Sideboard mit Spiegel Gruppe Kommode Holz Silber Esszimmer Sofort";"4067282478169";"false";"NAME_CONTAINS_SOFORT"
"441227";"JVM4062292028632";"Figur Adler Garten Statue Skulptur Skulpturen Figuren Statuen Deko Sofort";"4062292028632";"false";"EAN_DUPLICATE|NAME_CONTAINS_SOFORT"
"441228";"JVM4062292013201";"Sofatisch Design Tisch Wonzimmer Glas Kunstleder Sofa Couch Tische Sofort";"4062292013201";"true";"EAN_DUPLICATE|NAME_CONTAINS_SOFORT"
"441307";"JVM4067282561311";"Couchtisch Modern Wohnzimmermöbel Glas Möbel Luxus Design Einrichtung Sofort";"4067282561311";"true";"NAME_CONTAINS_SOFORT"
"441308";"JVM4062292558863";"Luxus Tische Esstisch Möbel Säule Tisch Marmor Stil Esstische Edelstahl Sofort";"4062292558863";"false";"EAN_DUPLICATE|NAME_CONTAINS_SOFORT"
"441312";"JVM4062292364693";"Essgarnitur Esstisch 6 x Stuhl Set Set Garnitur Tisch Essgruppe 7tlg. Sofort";"4062292364693";"false";"EAN_DUPLICATE|NAME_CONTAINS_SOFORT"
"441313";"JVM4067282266131";"Ovale Couch Dreisitzer Couchen Möbel Sofa Einrichtung Wohnzimmer Sofas Sofort";"4067282266131";"true";"EAN_DUPLICATE|NAME_CONTAINS_SOFORT"
"441316";"JVM4260606050632";"RTV TV Sideboard Leder Glas Tisch Fernseh Schrank Tisch Designer Sofort";"4260606050632";"false";"EAN_DUPLICATE|NAME_CONTAINS_SOFORT"
"441317";"JVM4062292717703";"Bett Polster Design Luxus Doppel Hotel Betten Ehe 180x200cm Schlafzimmer Sofort";"4062292717703";"false";"EAN_DUPLICATE|NAME_CONTAINS_SOFORT"
"441318";"JVM4062292179273";"Brauner Waschtisch Unterschrank Hochwertige Waschbecken Badezimmer Möbel Sofort";"4062292179273";"false";"EAN_DUPLICATE|NAME_CONTAINS_SOFORT"
"441319";"JVM4067282725355";"Stilvolle Graue L-Form Couch Wohnzimmer Designer Stoffsofa Eckcouch Sofort";"4067282725355";"true";"EAN_DUPLICATE|NAME_CONTAINS_SOFORT"
"441324";"JVM4067282667396";"Beistelltisch Tische Designer Wohnzimmer Couchtisch Set 2 tlg. Möbel Sofort";"4067282667396";"false";"EAN_DUPLICATE|NAME_CONTAINS_SOFORT"
"441325";"JVM4067282356931";"Esstisch Moderner Tische Esszimmer Luxus Möbel Esszimmertisch Küche Sofort";"4067282356931";"false";"NAME_CONTAINS_SOFORT"
"441326";"JVM4067282846920";"Sofa Moderne Rosa Chesterfield Sofagarnitur Modern Set 3+2+1 3tlg Sofort";"4067282846920";"true";"NAME_CONTAINS_SOFORT"
"441329";"JVM4067282846968";"Esstisch Esszimmertisch Esstisch Esszimmer Essecke Beige Holz Gold Luxus Sofort";"4067282846968";"false";"NAME_CONTAINS_SOFORT"
"441330";"JVM4062292554612";"Tisch xxl Edelstahl Möbel Modern Luxus Möbel Rund Esszimmer Tisch Sofort";"4062292554612";"true";"NAME_CONTAINS_SOFORT"
"441331";"JVM4067282333536";"Deckenlampe Stil Moderne Luster Glas Esszimmer Lampe Luxus Leuchten Sofort";"4067282333536";"true";"NAME_CONTAINS_SOFORT"
"441332";"JVM4067282182684";"TV Ständer RTV Lowboard Weiß Tisch Holz Modern Wohnzimmer Sideboard Sofort";"4067282182684";"true";"EAN_DUPLICATE|NAME_CONTAINS_SOFORT"
"441335";"JVM4062292218293";"Kunstleder Sofagarnitur 3+1+1 Sitzer Set Garnitur Polstersofa Sofort";"4062292218293";"true";"EAN_DUPLICATE|NAME_CONTAINS_SOFORT"
"441340";"JVM4062292702495";"Design Rund Ess Zimmer Stuhl Set Metall Tische Sessel 6x Stühle + Tisch Sofort";"4062292702495";"true";"EAN_DUPLICATE|NAME_CONTAINS_SOFORT"
"441341";"JVM4067282115750";"Lowboard Kommoden Italienische Möbel Sideboard Kommode Design Einrichtung Sofort";"4067282115750";"false";"EAN_DUPLICATE|NAME_CONTAINS_SOFORT"
"441342";"JVM4062292024153";"Design Flip und Flap Figur Statue Skulptur Figuren Skulpturen Dekoration Sofort";"4062292024153";"false";"EAN_DUPLICATE|NAME_CONTAINS_SOFORT"
"441345";"JVM4062292578229";"Runder Luxus Tisch Design Tische Rund Stein Möbel Esszimmer Esstische Sofort";"4062292578229";"false";"EAN_DUPLICATE|NAME_CONTAINS_SOFORT"
"441346";"JVM4067282519121";"Gold-Grüner Esszimer Hochstuhl 2x Einsitzer Holz Polsterstühle Sofort";"4067282519121";"true";"EAN_DUPLICATE|NAME_CONTAINS_SOFORT"
"441347";"JVM4069424727173";"Modern Essgarnitur 6x Stuhl Braun Set Garnitur Esszimmerstuhle 6tlg. Sofort";"4069424727173";"true";"NAME_CONTAINS_SOFORT"
"441348";"JVM4069424727180";"Modern Essgarnitur 4x Stuhl Braun Set Garnitur Esszimmerstuhle 4tlg. Sofort";"4069424727180";"true";"NAME_CONTAINS_SOFORT"
"441349";"JVM4062292726163";"Rundes Samt Bett Chesterfield Luxus Polster Betten Textil Stoff Hotel Sofort";"4062292726163";"true";"EAN_DUPLICATE|NAME_CONTAINS_SOFORT"
"441355";"JVM_4067282712294";"Modern Schlafzimmer Set Luxus Bett Kleiderschrank Schminktisch 5 tlg. Sofort";"4067282712294";"true";"EAN_DUPLICATE|NAME_CONTAINS_SOFORT"
"441358";"JVM4062292578243";"Tische Marmor Imitation Esstische Esstisch Modern Möbel Design Tisch Sofort";"4062292578243";"false";"NAME_CONTAINS_SOFORT"
"441359";"JVM4067282464261";"Lüster Deckenleuchter Kronleuchter Deckenlampe Lampen Glas Schwarz Sofort";"4067282464261";"true";"NAME_CONTAINS_SOFORT"
"441360";"JVM4067282090941";"Klassische Stühle Designer Esszimmerstuhl Luxus Holz Lehnstuhl Holzstuhl Stuhl Sofort";"4067282090941";"false";"EAN_DUPLICATE|NAME_CONTAINS_SOFORT"
"441361";"JVM4062292005510";"Design Pokal Vasen Tischleuchte Leuchte Tisch Lampen Leuchten Lampen 90cm Sofort";"4062292005510";"true";"EAN_DUPLICATE|NAME_CONTAINS_SOFORT"
"441362";"JVM4069424727234";"Multifunktion Deluxe Betten Massage Funktion Bett Polster Led Sofort";"4069424727234";"false";"NAME_CONTAINS_SOFORT"
"441363";"JVM4069424727241";"Kommoden Gruppe Konsole Schränke Modern Neu Garnitur Set 2tlg Spiegel Sofort";"4069424727241";"true";"NAME_CONTAINS_SOFORT"
"441364";"JVM4062292005541";"Design Gothik Stehleuchte Lampe Dekorative Stand Leuchte Leuchten Drachen Sofort";"4062292005541";"true";"EAN_DUPLICATE|NAME_CONTAINS_SOFORT"
"441367";"JVM4062292139116";"Modern Sofagarnitur 3+2+1 Couch Kunstleder Sitz Garnitur Design Sofas Sofort";"4062292139116";"true";"NAME_CONTAINS_SOFORT"
"441369";"JVM4069424739671";"Dekorative Gorilla Skulpture Abstrakt Design Massiv Schwarz Bunt Figur Sofort";"4069424739671";"true";"NAME_CONTAINS_SOFORT"
"441415";"JVM4069424739688";"Pflanzgefäß Massiver Blumenkasten Pflanztrog Blumentopf aus Steinguss Sofort";"4069424739688";"false";"NAME_CONTAINS_SOFORT"
"441482";"4069424739695";"Deko Skulptur Design Figur Statue Garten Figuren Statuen 50cm Sofort";"4069424739695";"false";"NAME_CONTAINS_SOFORT"
"441483";"4069424739718";"Deko Adler Skulptur Design Figur Statue Garten Statuen Figuren 30cm Sofort";"4069424739718";"true";"NAME_CONTAINS_SOFORT"
"441484";"4069424739725";"Skulptur 26cm Design Figur Statue Garten Figuren Statuen Sofort";"4069424739725";"true";"NAME_CONTAINS_SOFORT"
"441485";"4069424739732";"Lila Sofa 3-Sitzer Stoff Holz Modern Chesterfield Design Luxus Sofort";"4069424739732";"false";"EAN_DUPLICATE|NAME_CONTAINS_SOFORT"
"441488";"4069424739749";"Stein Schuh Design Figur Skulptur Figuren Skulpturen Dekoration Skulptur Sofort";"4069424739749";"true";"NAME_CONTAINS_SOFORT"
"441489";"4069424739763";"Antik Figur Statue Moderne Figuren Statuen Löwe Skulpturen Deko Garten Sofort";"4069424739763";"false";"NAME_CONTAINS_SOFORT"
"441491";"4069424739770";"Säule Stand Steh Antik Skulptur Leisten Dekorative Leuchten Figur Sofort";"4069424739770";"false";"NAME_CONTAINS_SOFORT"
"441494";"4069424739787";"Stand Steh Antik Säule Skulptur Leisten Dekorative Leuchten Figur Sofort";"4069424739787";"false";"NAME_CONTAINS_SOFORT"
"441497";"JVM4062292584121";"Schrank Bett Wandschrank Betten Wohnwand Schlafzimmer Gästezimmer Möbel Sofort";"4062292584121";"false";"EAN_DUPLICATE|NAME_CONTAINS_SOFORT"
"441498";"4069424739794";"Säule Lampe Steh Leuchte Skulptur Stand Säulenlampe Leuchten Sofort";"4069424739794";"false";"NAME_CONTAINS_SOFORT"
"441501";"4069424739800";"Lampe Stand Steh Leuchte Skulptur Stand Säulenlampe Antik Sofort";"4069424739800";"true";"NAME_CONTAINS_SOFORT"
"441502";"JVM4069424181753";"Chesterfield Sitzbank Sitzmöbel Neu Einrichtung Klassische Polsterbank Sofort";"4069424181753";"false";"NAME_CONTAINS_SOFORT"
"441503";"JVM4069424181777";"Grau Sofa 3-Sitzer Stoff Holz Modern Chesterfield Design Luxus Sofort";"4069424181777";"true";"NAME_CONTAINS_SOFORT"
"441506";"JVM4069424181784";"Rechteck Esstisch dunkler Färbung besteht aus Holz für Esszimmer Esstisch Sofort";"4069424181784";"true";"NAME_CONTAINS_SOFORT"
"441507";"JVM4069424181791";"Sideboard Anrichte Luxus Designer Holz Regal Weiß Möbel Kommode Sofort";"4067282624252";"false";"EAN_DUPLICATE|NAME_CONTAINS_SOFORT"
"441508";"JVM4069424181807";"Glasvirtine Sideboard Luxus Designer Holz Regal Weiß Möbel Kommode Sofort";"4069424181807";"true";"NAME_CONTAINS_SOFORT"
"441509";"JVM4069424181814";"Couchtisch Couch Barock Beige Couchtische Klassischer Couchtisch Sofort";"4069424181814";"false";"NAME_CONTAINS_SOFORT"
"441510";"JVM4069424181821";"Couchtisch Couch Barock Braun Couchtische Klassischer Couchtisch Sofort";"4069424181821";"false";"NAME_CONTAINS_SOFORT"
"441512";"JVM4069424181838";"Beistelltisch Schublade Barock Braun Couchtische Klassischer Couchtisch Sofort";"4069424181838";"true";"NAME_CONTAINS_SOFORT"
"441517";"JVM4069424181845";"Tischlampe Klassisch Beleuchtung Grün Arbeitszimmer Nachtlampe Sofort";"4069424181845";"false";"NAME_CONTAINS_SOFORT"
"441518";"JVM4067282465343";"Lüster Deckenleuchter Modern Kronleuchter Deckenlampe Beige Glas Lampe Sofort";"4067282465343";"false";"NAME_CONTAINS_SOFORT"
"441519";"JVM4069424181852";"Hocker Beige Couch Textil Sitz Neu Fußhocker Polster Neu Bank Beistellhocker Sofort";"4069424181852";"false";"NAME_CONTAINS_SOFORT"
"441520";"JVM4069424181869";"Grau Weiß Hocker Couch Textil Sitz Neu Fußhocker Polster Neu Bank Beistellhocker Sofort";"4069424181869";"false";"NAME_CONTAINS_SOFORT"
"441521";"JVM4069424181876";"Beige Natur Vasen Dekorative Figur Antik Still Quadratish Form Dekorative Sofort";"4069424181876";"false";"NAME_CONTAINS_SOFORT"
"441522";"JVM4069424181883";"Beige Gold Vasen Dekorative Figur Antik Still Oval Form Dekorative Sofort";"4069424181883";"true";"NAME_CONTAINS_SOFORT"
"441523";"JVM4069424727357";"Schlafzimmer Nachttisch 2x Holz Set – Luxus im Barock Rokoko-Stil Sofort";"4069424727357";"false";"NAME_CONTAINS_SOFORT"
"441524";"JVM4069424181890";"Chesterfield Sessel Loungesessel Clubsessel Cocktailsessel Leder Sessel Sofort";"4069424181890";"false";"NAME_CONTAINS_SOFORT"
"441525";"JVM4069424181906";"Chesterfield Sessel Loungesessel Clubsessel Cocktailsessel Leder Armlehnen Sofort";"4069424181906";"false";"NAME_CONTAINS_SOFORT"
"441526";"JVM4069424181913";"Chesterfield Hocker Lounge Braun 1-Sitzer Bank Cocktailhocker Leder Sofort";"4069424181913";"false";"NAME_CONTAINS_SOFORT"
"441527";"JVM4069424181920";"Pflanzgefäß Massiver Beton Blumenkasten Pflanztrog Blumentopf aus Steinguss Sofort";"4069424181920";"false";"NAME_CONTAINS_SOFORT"
"441528";"JVM4067282665668";"Multifunktion Bett Doppelbetten Modernes Bettgestell 180x200cm Sofort";"4067282665668";"true";"NAME_CONTAINS_SOFORT"
"441529";"JVM4069424181937";"Statue Figur Engel auf Erde Garten Statuen Skulpturen Dekoration Sofort";"4069424181937";"true";"NAME_CONTAINS_SOFORT"
"441530";"JVM4069424181944";"Skulptur Figuren Statuen Skulpturen Deko Figur Statue Neu Hund Garten Neu Sofort";"4069424181944";"true";"NAME_CONTAINS_SOFORT"
"441531";"JVM4069424181951";"Luxus Weiß Nachttisch Tisch Schlafzimmer Möbel Stil Modern Nachttisch Sofort";"4069424181951";"true";"NAME_CONTAINS_SOFORT"
"441532";"JVM4069424181968";"Esszimmer Design Holz Stoff Stuhl Barock Rokoko 1x Lehnstuhl Sofort";"4069424181968";"false";"NAME_CONTAINS_SOFORT"
"441533";"JVM4069424181975";"Beige Hocker Quadratisch Leder Sitz Neu Fußhocker Polster Neu Bank Beistellhocker Sofort";"4069424181975";"true";"EAN_DUPLICATE|NAME_CONTAINS_SOFORT"
"441535";"JVM4069424181999";"Klassisch Rund Tischlampe Beleuchtung Weiß Arbeitszimmer Nachtlampe Sofort";"4069424181999";"false";"NAME_CONTAINS_SOFORT"
"441536";"JVM4069424182002";"Abstrakt Figur Figuren Dekoration Schädel Deko Garten Skulptur Sofort lieferbar";"4069424182002";"true";"NAME_CONTAINS_SOFORT"
"441537";"JVM4069424182019";"Schwarz Sofa 3-Sitzer Stoff Holz Modern Chesterfield Design Luxus Sofort";"4069424182019";"true";"NAME_CONTAINS_SOFORT"
"441540";"JVM4069424182026";"Helles Braun Klassisch Chesterfield Design 3-Sitzer Ledersofa Mittel Sofa Sofort";"4069424182026";"true";"NAME_CONTAINS_SOFORT"
"441543";"JVM4069424182033";"Dunkles Braun Klassisch Chesterfield Design 3-Sitzer Ledersofa Mittel Sofa Sofort";"4069424182033";"true";"NAME_CONTAINS_SOFORT"
"441544";"JVM4062292569722";"Ergonomische Stühle mit goldener Metallbasis Sofort";"4062292569722";"true";"EAN_DUPLICATE|NAME_CONTAINS_SOFORT"
"441545";"JVM4067282446540";"Kinder Jugendzimmer Bett + Schreibtisch + Kleiderschrank 3-teilige Möbel Sofort";"4067282446540";"true";"EAN_DUPLICATE|NAME_CONTAINS_SOFORT"
"441548";"JVM4069424182040";"Statue Grau Figur Engel auf Erde Garten Statuen Skulpturen Dekoration Sofort";"4069424182040";"false";"NAME_CONTAINS_SOFORT"
"441549";"JVM4069424182064";"Chesterfield Braun Sessel Loungesessel Clubsessel Cocktailsessel Leder Sessel Sofort";"4069424182064";"false";"NAME_CONTAINS_SOFORT"
"441550";"JVM4069424182071";"Chesterfield Grau Sessel Loungesessel Clubsessel Cocktailsessel Samtstoff Sessel Sofort";"4069424182071";"true";"NAME_CONTAINS_SOFORT"
"441551";"JVM4069424182088";"Rot Schwarz Hocker Leder Sitz Neu Fußhocker Polster Neu Bank Beistellhocker Sofort";"4069424182088";"false";"NAME_CONTAINS_SOFORT"
"441552";"JVM4069424182095";"Schwarz Hocker Leder Sitz Neu Fußhocker Polster Neu Bank Beistellhocker Sofort";"4069424182095";"false";"NAME_CONTAINS_SOFORT"
"441553";"JVM4069424182101";"Deko Skulptur Design Figur Statue Garten Figuren Statuen 45 cm Sofort";"4069424182101";"false";"NAME_CONTAINS_SOFORT"
"441554";"JVM4069424727395";"Schlafzimmer-Kommode in Weiß-Grau - Modernes Design Sofort";"4069424727395";"true";"NAME_CONTAINS_SOFORT"
"441555";"JVM4062292330780";"Design Wohn Statuen Skulpturen Figuren Abstrakte Women Figur Dekoration Sofort";"4062292330780";"false";"EAN_DUPLICATE|NAME_CONTAINS_SOFORT"
"441556";"JVM4062292701146";"Luxus Schlafzimmer Bett Polster Design 180x200cm Doppel Hotel Betten Sofort";"4062292701146";"true";"EAN_DUPLICATE|NAME_CONTAINS_SOFORT"
"441583";"JVM4062292036798";"Design Bar Vasenbar Regal Glas Leuchte Vase Schrank Vitrinen 6861 Neu Sofort";"4062292036798";"false";"EAN_DUPLICATE|NAME_CONTAINS_SOFORT"
"441586";"JVM4067282003392";"Couchtisch Kaffeetisch Beistelltisch Designer Wohnzimmertisch Tische Sofort";"4067282003392";"true";"EAN_DUPLICATE|NAME_CONTAINS_SOFORT"
"441587";"JVM4067282517813";"Graues Schlafzimmer Designer Betten Holzgestell Moderne Luxus Möbel Sofort";"4067282517813";"false";"EAN_DUPLICATE|NAME_CONTAINS_SOFORT"
"441651";"JVM4069424182125";"2+1 Hocker Garnitur Leder Sofa Polster Couchen Sofas Wohnlandschaft Luxus Neu Sofort";"4069424182125";"true";"NAME_CONTAINS_SOFORT"
"442385";"JVM4062292213946";"Ledertisch Couchtisch Glastisch Sofa Beistell Moderner Gepolsterte Tische Sofort";"4062292213946";"false";"EAN_DUPLICATE|NAME_CONTAINS_SOFORT"
"446894";"JVM4067282115873";"Betten Doppel Bettrahmen Design Möbel Bett Doppelbetten Kamin Deko Sofort";"4067282115873";"true";"EAN_DUPLICATE|NAME_CONTAINS_SOFORT"
"446913";"JVM_4260606055736";"XXL Big Sofa Couch Chesterfield 245cm Polster Sofas 4 Sitzer Textil Sofort";"4260606055736";"true";"EAN_DUPLICATE|NAME_CONTAINS_SOFORT"
"446914";"JVM4067282279834";"Schlafzimmer Möbel Metall Luxus Betten Elegant Bett + 2x Nachttisch Sofort";"4067282279834";"false";"NAME_CONTAINS_SOFORT"
"446915";"JVM4067282559530";"Wohnzimmer Schränke Vitrine Wand Regal Luxus Wohn Zimmer Braun Set 3tlg. Sofort";"4067282559530";"false";"EAN_DUPLICATE|NAME_CONTAINS_SOFORT"
"446916";"JVM4067282666870";"Couchtisch Tisch Beistelltisch Wohnzimmer Moderne Set Tische 2tlg. Sofort";"4067282666870";"false";"EAN_DUPLICATE|NAME_CONTAINS_SOFORT"
"446917";"JVM4069424727494";"Nachttische Konsolen Beistell Tisch Nachtkonsolen Rosa Kinderzimmer Sofort";"4069424727494";"false";"NAME_CONTAINS_SOFORT"
"446918";"JVM4067282332706";"Design Wandlampe Luxus Wandleuchte Leuchte Lampe Wandlampen Kristall Sofort";"4067282332706";"true";"NAME_CONTAINS_SOFORT"
"446919";"JVM4067282465817";"Lüster Deckenlampe Lampe Deckenleuchter Kronleuchter Glas Grau Gold Sofort";"4067282465817";"false";"NAME_CONTAINS_SOFORT"
"446924";"JVM4062292778445";"Italienische Möbel Wohnzimmer Ecksofa Couch Polster Luxus Sofa Eckgarnitur Sofort";"4062292778445";"true";"EAN_DUPLICATE|NAME_CONTAINS_SOFORT"
"447001";"JVM4062292578182";"Luxus Tisch Metall Esstisch Mega Design Tische Edelstahl Marmor Imitat Esstisch Sofort";"4062292578182";"true";"EAN_DUPLICATE|NAME_CONTAINS_SOFORT"
"447002";"JVM4062292354236";"Luxus Wohnzimmer Couchtisch Edelstahl Hochglanz Tische Design Möbel Sofort";"4062292354236";"true";"EAN_DUPLICATE|NAME_CONTAINS_SOFORT"
"447003";"JVM4067282182660";"Modernes Lowboard Luxus RTV TV-Ständer Wohnzimmermöbel Schwarz Gold Sofort";"4067282182660";"false";"EAN_DUPLICATE|NAME_CONTAINS_SOFORT"
"447006";"JVM4260454041578";"Designer XXL Wohnlandschaft Sofa Couch Polster Garnitur Ecksofa Textil Sofort";"4260454041578";"false";"EAN_DUPLICATE|NAME_CONTAINS_SOFORT"
"447019";"JVM4069424727517";"Sofa Dreisitzer Couch Polster Design Sitz Sofas Zimmer Möbel Modern Sofort";"4069424727517";"true";"NAME_CONTAINS_SOFORT"
"447020";"JVM4067282655690";"Luxus Esstisch Modern Esszimmer Esstische Tische Design Metall Tisch Sofort";"4067282655690";"false";"EAN_DUPLICATE|NAME_CONTAINS_SOFORT"
"447021";"JVM4067282148666";"Ecksofa Wohnlandschaft Chesterfield Couch Polster Sofa Couchen Möbel Sofort";"4067282148666";"false";"EAN_DUPLICATE|NAME_CONTAINS_SOFORT"
"447026";"JVM4062292733833";"Couchen Sofas Polster Leder 3+2 Sitzer Sofagarnitur Set Designer Garnituren Sofort";"4062292733833";"true";"EAN_DUPLICATE|NAME_CONTAINS_SOFORT"
"447031";"JVM4067282488960";"Schminktisch Frisiertisch Schminkkonsole Konsolentisch Beige Mädchen Sofort";"4067282488960";"true";"EAN_DUPLICATE|NAME_CONTAINS_SOFORT"
"447036";"JVM4062292333200";"Hund Balon Figur Statue Skulptur Figuren Skulpturen Dekoration Statue Sofort";"4062292333200";"true";"EAN_DUPLICATE|NAME_CONTAINS_SOFORT"
"447037";"JVM4062292063602";"Hund Balon Figur Statue Skulptur Figuren Modern Skulpturen Dekoration Statue Sofort";"4062292063602";"true";"EAN_DUPLICATE|NAME_CONTAINS_SOFORT"
"447038";"JVM4067282515680";"Designer Silber Rundtisch Edelstahl Tische Stilvolle Esszimmer Möbel Sofort";"4067282515680";"false";"EAN_DUPLICATE|NAME_CONTAINS_SOFORT"
"447039";"JVM4067282515673";"Designer Rechteckiger Esstisch Esszimmer Möbel Luxus Edelstahltische Sofort";"4067282515673";"false";"EAN_DUPLICATE|NAME_CONTAINS_SOFORT"
"447040";"JVM4069424727647";"Runder Tisch Silber Fuße Chrom Rundtisch Modern Esstische Luxus 130 cm SofortRunder Tisch Silber Fuße Chrom Rundtisch Modern Esstische Luxus 130 cm Sofort";"4069424727647";"false";"NAME_CONTAINS_SOFORT"
"448879";"JVM4062292350702";"Design Chaiselongue Liege Möbel Wohnzimmer Sofa Stoff Grün Sofa Sofort";"4062292350702";"true";"NAME_CONTAINS_SOFORT"
"448898";"JVM4067282204973";"Sessel Polster Sitzer Design Couch Sessel Relax Stoff Lounge Luxus Sofort";"4067282204973";"false";"EAN_DUPLICATE|NAME_CONTAINS_SOFORT"
"448899";"JVM4067282109490";"Sofagarnitur 3+1+1 Sitz Sofa Sessel Sofas Luxus Garnitur Stoff Wohnzimmer Sofort";"4067282109490";"false";"EAN_DUPLICATE|NAME_CONTAINS_SOFORT"
"448900";"JVM4067282109322";"Sofa 3-Sitzer Chesterfield Luxus Couch Wohnzimmermöbel Elegant Sofort";"4067282109322";"false";"EAN_DUPLICATE|NAME_CONTAINS_SOFORT"
"448901";"JVM4069424727722";"Tisch Couchtisch Kaffeetisch Barock Wohnzimmertisch Beistelltisch Sofort";"4069424727722";"false";"NAME_CONTAINS_SOFORT"
"448902";"JVM4062292733116";"Sofa L-Form Ledersofa Couch Wohnlandschaft Garnitur Design Modern Sofa Sofort";"4062292733116";"true";"NAME_CONTAINS_SOFORT"
"448903";"JVM4067282429512";"Klassischer Stuhl Esszimmer Beige Essstühle Design klassisch Luxus Stühle Sofort";"4067282429512";"false";"EAN_DUPLICATE|NAME_CONTAINS_SOFORT"
"448904";"JVM4062292094927";"Ecksofa Ledersofa Grün Polster Eck Couch Sitz Design Chesterfield Grün Sofort";"4062292094927";"true";"EAN_DUPLICATE|NAME_CONTAINS_SOFORT"
"448905";"JVM4062292366246";"Esstisch Esszimmer Wohnzimmer Holz Moderne Tische 100/140cm Ausziehbar Sofort";"4062292366246";"false";"EAN_DUPLICATE|NAME_CONTAINS_SOFORT"
"448906";"JVM4067282220263";"Luxus Dreisitzer Sofa 3 Sitzer Stoff Sofas Design Beige Textil Schwarz Sofort";"4067282220263";"true";"EAN_DUPLICATE|NAME_CONTAINS_SOFORT"
"448912";"JVM_4062292558627";"Doppel Luxus Bett + USB Polster Betten Moderne Hotel Multifunktion Sofort";"4062292558627";"false";"EAN_DUPLICATE|NAME_CONTAINS_SOFORT"
"448932";"4062292291678";"Spiegel Holzrahmen Wandspiegel Klassischer Designer Wand Möbel arredoclassic";"4062292291661";"true";"EAN_DUPLICATE"
"449002";"4062292286810";"Gartenmöbel Tisch mit 2 Bänke Terrasen Möbel Stein Holz Garten Garnitur Sofort";"4062292286810";"true";"NAME_CONTAINS_SOFORT"
"449570";"4067282464834";"Deckenlampe Deckenleuchter Blumen Lüster Kronleuchter Lampe Glas";"4067282464834";"true";"EAN_DUPLICATE"
"449851";"4067282184701";"Deckenleuchter Luxus Kristall Kronleuchter Deckenlampe Lichtkronenluster";"4067282184701";"true";"EAN_DUPLICATE"
"449869";"4067282184473";"Goldener Zierkronleuchter Deckenleuchter Lichtkristallleuchte Luxus Lampe";"4067282184473";"true";"EAN_DUPLICATE"
"449893";"4067282464605";"Kronleuchter Deckenleuchter Lüster Deckenlampe Lampen Glas Gold Modern";"4067282464605";"true";"EAN_DUPLICATE"
"449918";"4067282464506";"Standlampe Stehlampe Stand Luxus Leuchten Lampen Lampe Glas Mehrfarbig";"4067282464506";"true";"EAN_DUPLICATE"
"450158";"4067282184398";"Kristall Stehlampe Standlampe Stand Luxus Leuchten Lampen Lampe Silber";"4067282184398";"true";"EAN_DUPLICATE"
"450170";"4067282184688";"Goldene Kronlüster Kristall Kronleuchter Lichtpendelleuchte Deckenleuchter";"4067282184688";"true";"EAN_DUPLICATE"
"450245";"4067282184015";"Goldene Kristall Tischlampe Luxus Leuchten Lampen Lichtkronenleuchter";"4067282184015";"true";"EAN_DUPLICATE"
"450247";"4067282183995";"Edle Goldene Lüster Kronleuchtern Deckenpendel Moderne Deckenlampe";"4067282183995";"true";"EAN_DUPLICATE"
"450656";"4062292285875";"Modern Esszimmer Stühle Gruppe Lehnstuhl Garnitur Stuhl Armlehne 4x Sofort Neu";"4062292285875";"false";"NAME_CONTAINS_SOFORT"
"450661";"4260533183762";"GARTENFIGUR ADLER STEINFIGUR FIGUR GARTEN SKULPTUR 108x110 cm Abholpreis399€";"4260533183762";"true";"EAN_DUPLICATE"
"450662";"4260533181126";"Springbrunnen Fontäne Zierbrunnen Garten Deko Brunnen 1094 475KG Steinguss";"4260533181126";"true";"EAN_DUPLICATE"
"450664";"4260533181119";"Springbrunnen Fontäne Zierbrunnen Garten Deko Brunnen 1095 580KG Steinguss";"4260533181119";"true";"EAN_DUPLICATE"
"450671";"4062292039638";"Design Hexe Figur Statue Skulptur Figuren Skulpturen Dekoration Deko Garten Neu";"4062292039638";"true";"EAN_DUPLICATE"
"450674";"4260533181058";"Springbrunnen Fontäne Zierbrunnen Garten Deko Brunnen 1101 570KG Steinguss";"4260533181058";"true";"EAN_DUPLICATE"
"450675";"4260533181041";"Springbrunnen Fontäne Zierbrunnen Garten Deko Brunnen 1102 530KG Steinguss";"4260533181041";"true";"EAN_DUPLICATE"
"450680";"4260499877286";"GARTENFIGUR STEINFIGUR FIGUR GARTEN SKULPTUR STEINGUSS 81 cm 149€Abholpreis";"4260499877286";"true";"EAN_DUPLICATE"
"450681";"4260499877231";"Griechische Skulptur Adam Steinfigur Garten Skulpturen Steinguss Steinfigur 1512";"4260499877231";"true";"EAN_DUPLICATE"
"450682";"4260499877101";"Löwe Stein Figur Skulptur Figuren Skulpturen Steinguss Figuren Statue Neu 1536";"4260499877101";"true";"EAN_DUPLICATE"
"450683";"4260499877118";"GARTENFIGUR STEINFIGUR FIGUR GARTEN SKULPTUR STEINGUSS FROSTFEST 58 cm - 1535";"4260499877019";"true";"EAN_DUPLICATE"
"450684";"4260499877088";"Bundes Reichs Adler Skulptur Statue Garten Figur Stein Dekoration deko 1541 Neu";"4260499877088";"true";"EAN_DUPLICATE"
"450685";"4260499877071";"GARTENFIGUR STEINFIGUR FIGUR GARTEN SKULPTUR STEINGUSS HUND 13 cm - 1545";"4260499877071";"true";"EAN_DUPLICATE"
"450686";"4260499877019";"Steinfigur Figur Skulptur Figuren Skulpturen Gartein Stein Dekoration Neu 1555";"4260499877019";"true";"EAN_DUPLICATE"
"450687";"4260499877026";"Steinfigur Figur Skulptur Figuren Skulpturen Gartein Stein Dekoration Neu 1553";"4260499877026";"true";"EAN_DUPLICATE"
"450688";"4260499876944";"Garten Stein Figur skulpturen Griechische Saga dekoration Deko Skulptur 1561 Neu";"4260499876944";"true";"EAN_DUPLICATE"
"450689";"4260499876937";"Edle Skulptur Steinfigur Garten Büro Dekoration Innen Außen Deko Skulpturen Neu";"4260499876937";"true";"EAN_DUPLICATE"
"450690";"4260499876876";"Statue Stein Figur Skulptur Garten Dekoration deko Skulpturen Figuren Wetterfest";"4260499876876";"true";"EAN_DUPLICATE"
"450692";"4260499874469";"Springbrunnen Fontäne Fontaine Brunnen Wasserspiel Römische Garten Deko Neu Sofort";"4260499874469";"false";"EAN_DUPLICATE|NAME_CONTAINS_SOFORT"
"450693";"4260499876814";"GARTENFIGUR STEINFIGUR FIGUR GARTEN SKULPTUR STEINGUSS ADLER 59 cm - 1580";"4260499876814";"true";"EAN_DUPLICATE"
"450694";"4260499876739";"GARTENFIGUR STEINFIGUR FIGUR GARTEN SKULPTUR STEINGUSS FROSTFEST 70 cm - 1588";"4260499876739";"true";"EAN_DUPLICATE"
"450695";"4260499876722";"GARTENFIGUR STEINFIGUR FIGUR GARTEN SKULPTUR STEINGUSS FROSTFEST 76 cm - 1589";"4260499876722";"true";"EAN_DUPLICATE"
"450697";"4260499876609";"Steinfigur Figur Skulptur Figuren Skulpturen Gartein Stein Dekoration Venus 1554";"4260499876609";"true";"EAN_DUPLICATE"
"450699";"4260499876371";"Falke Adler Skulptur Figur Stein Dekoration Garten Figuren Skulpturen Wetterfest";"4260499876371";"true";"EAN_DUPLICATE"
"450700";"4260499876272";"Sockel Stein für Figuren Skulpturen Statuen XXL Garten Dekoration Deko Neu 3006";"4260499876272";"true";"EAN_DUPLICATE"
"450701";"4260499876234";"Römische Antik Stil Figur Skulptur dekoration Deko Garten Eingang Steinfigur Neu";"4260499876234";"true";"EAN_DUPLICATE"
"450703";"4260499875961";"Figur Skulptur Garten Blumen Topf Kübel Dekoration Stein Figuren Skulpturen 2021";"4260499875961";"true";"EAN_DUPLICATE"
"450704";"4260499876012";"Figur Skulptur Garten Blumen Topf Kübel Dekoration Stein Figuren Skulpturen 2015";"4260499876012";"true";"EAN_DUPLICATE"
"450705";"4260499875855";"Pflanzgefäß Blumenkasten Pflanztrog Blumentopf Kübel Topf Stein Garten Deko 2033";"4260499875855";"true";"EAN_DUPLICATE"
"450706";"4260499875848";"Figur Skulptur Garten Blumen Topf Kübel Dekoration Stein Figuren Skulpturen 2034";"4260499875848";"true";"EAN_DUPLICATE"
"450709";"4260499875794";"Stein Blumentopf Skulptur Topf Pflanzgefäß Blumenkasten Kübel Blumentopf 2039";"4260499875794";"true";"EAN_DUPLICATE"
"450711";"4260499875763";"Massiver Pflanzgefäß Blumenkasten Pflanztrog Blumentopf aus Steinguss 2043";"4260499875763";"true";"EAN_DUPLICATE"
"450712";"4260499875213";"Springbrunnen Fontäne Fontaine Brunnen Wasserspiel Römische Garten Deko Neu 1001";"4260499875213";"true";"EAN_DUPLICATE"
"450716";"4260499875046";"Wasserbrunnen Springbrunnen Brunnen Fontäne Fontaine Wasserspiele Garten 1027";"4260499875046";"true";"EAN_DUPLICATE"
"450717";"4260499875053";"Springbrunnen Fontäne Zierbrunnen Garten 1028 Deko Brunnen 171 cm Steinguss";"4260499875053";"true";"EAN_DUPLICATE"
"450719";"JVM4062292203367";"Led Wasser Wand Bar Regal Säule Wassersäulen Theke Regale Designer Sofort";"4062292203367";"false";"EAN_DUPLICATE|NAME_CONTAINS_SOFORT"
"450950";"JVM4062292130113";"Tischleuchte Tisch Lampe Leuchten Kronleuchte Kristall Lampen Sofort";"4062292130113";"true";"EAN_DUPLICATE|NAME_CONTAINS_SOFORT"
"451411";"JVM4069424727807";"Stilvolles Modernes Sofa Set 3+3+1 – Beige Design für Wohnzimmer Sofort";"4069424727807";"true";"NAME_CONTAINS_SOFORT"
"451412";"4067282664685";"Klassischer Fernseher Ständer Sideboard Kommode Wohnzimmer Schränke rtv tv";"4067282664210";"true";"EAN_DUPLICATE"
"451548";"4062292711039";"Sessel Design Couch Sofa Sitzer Leder Lounge Club Polster Luxus Ohren Sitz Relax";"4062292711039";"true";"EAN_DUPLICATE"
"451597";"4062292710698";"Design Möbel Sofa Coch 3 Sitz Polster Sofas Wohnzimmer Couchen Leder Dreisitzer";"4062292710698";"true";"EAN_DUPLICATE"
"451736";"4062292258824";"Kleiderständer Buche Holz Wäscheständer Kleiderstang Garderobenständer Ständer";"4062292258824";"true";"EAN_DUPLICATE"
"451759";"4062292258640";"Hocker Holzhocker Schemel Holzschemel Massive Kiefer NEU Handarbeit Sitzbank Neu";"4062292258640";"true";"EAN_DUPLICATE"
"451863";"4062292182501";"Garderobe Spiegel Schrank Schlafzimmer Schwebe Türen 55 cm Kleider Schränke neu";"4062292182501";"true";"EAN_DUPLICATE"
"451874";"4062292255786";"Tisch Holz Schreibtisch Tische Ecktisch Computer Schreibtisch Massiv Echtholz";"4062292255786";"true";"EAN_DUPLICATE"
"451877";"4260484869807";"Klassische Schrank Bücherschrank Bücherregal Vitrine Vitrinenschrank FL-D1B";"4260484869807";"true";"EAN_DUPLICATE"
"451880";"4260484869777";"Klassischer Schrank Kleiderschrank Massiv Landhaus Großer Spiegelschrank FL-D3";"4260484869777";"true";"EAN_DUPLICATE"
"451884";"4260484869760";"Klassischer Schrank Kleiderschrank Massiv Landhaus Großer Spiegelschrank FL-D4";"4260484869760";"true";"EAN_DUPLICATE"
"451888";"4260484869746";"Klassische Schreibtisch Büromöbel Tisch Büro Chef Schreibtische Echtholz FL-S3";"4260484869746";"true";"EAN_DUPLICATE"
"451890";"4260484869739";"Großer Tisch Esstisch Holztisch Konferenztisch Ausziehbar 190cm Model FL-S2";"4260484869739";"true";"EAN_DUPLICATE"
"451893";"4260484869715";"TV Lowboard Board Schrank Fernsehtisch Unterschank RTV Fernsehschrank FL-RTV";"4260484869715";"true";"EAN_DUPLICATE"
"451895";"4260484869708";"TV Lowboard Board Schrank Fernsehtisch Unterschank RTV Fernsehschrank FL-RTVD";"4260484869708";"true";"EAN_DUPLICATE"
"451897";"4260484869814";"Spiegel Holzrahmen Großer Wandspiegel Klassischer Designer Spiegel Model FL-L3";"4260484869814";"true";"EAN_DUPLICATE"
"451900";"4260484869685";"Klassische Kommode Vitrine Kommoden Vitrinen Kommodenschrank Schrank FL-K2";"4260484869685";"true";"EAN_DUPLICATE"
"451903";"4260484869654";"Spiegel Holzrahmen Großer Wandspiegel Klassischer Designer Spiegel Florenz FL-L1";"4260484869654";"true";"EAN_DUPLICATE"
"451904";"4260484869784";"Klassische Schränke Schrank Schrankwand Kleiderschrank Holzschrank - Model FL-D2";"4260484869784";"true";"EAN_DUPLICATE"
"451907";"4260484869616";"Klassische Kommode Vitrine Kommoden Vitrinenschrank Kommodenschrank FL-KBsz";"4260484869616";"true";"EAN_DUPLICATE"
"451910";"4260484869753";"Klassische Stühle Stuhl Esszimmerstuhl Essgruppe Küchenstuhl Royal Design FL-14";"4260484869753";"true";"EAN_DUPLICATE"
"451915";"4260484869722";"Großer Tisch Esstisch Holztisch Konferenztisch Ausziehbar 290cm Model FL-S1";"4260484869722";"true";"EAN_DUPLICATE"
"451927";"4260484869692";"Klassische Kommode Vitrine Kommoden Vitrinen Kommodenschrank Schrank FL-K2A";"4260484869692";"true";"EAN_DUPLICATE"
"451930";"4260484869579";"Klassische Vitrine Kommoden Vitrinen Vitrinenschrank Schrank Glasschrank FL-W1";"4260484869579";"true";"EAN_DUPLICATE"
"451933";"4260484869661";"Spiegel Holzrahmen Großer Wandspiegel Klassischer Designer Spiegel - Model FL-L2";"4260484869661";"true";"EAN_DUPLICATE"
"451936";"4260484869647";"Klassische Vitrine Kommoden Vitrinen Vitrinenschrank Schrank Glasschrank FL-WM";"4260484869647";"true";"EAN_DUPLICATE"
"451938";"4260484866950";"Klassische Vitrine Vitrinenschrank Vitrinen Glasschrank Schrank Kolonial Neu OK2";"4260484866950";"true";"EAN_DUPLICATE"
"451941";"4260484869623";"Klassische Kommode Vitrine Kommoden Vitrinenschrank Kommodenschrank FL-KB";"4260484869623";"true";"EAN_DUPLICATE"
"451946";"4260484866943";"Klassische Vitrine Vitrinenschrank Vitrinen Glasschrank Schrank Kolonial Neu OK3";"4260484866943";"true";"EAN_DUPLICATE"
"451948";"4260484869609";"Klassische Kommode Vitrine Kommoden Vitrinenschrank Kommodenschrank FL-K4";"4260484869609";"true";"EAN_DUPLICATE"
"451950";"4260484866745";"Klassische Vitrine Vitrinenschrank Vitrinen Glasschrank Schrank Kolonial OW-N";"4260484866745";"true";"EAN_DUPLICATE"
"451955";"4260484869517";"Chesterfield Ohrensessel Sessel Polster Fernseh Büro Couch Echtes CL- F2";"4260484869517";"true";"EAN_DUPLICATE"
"451957";"4260484869586";"Klassische Vitrine Kommoden Vitrinen Vitrinenschrank Schrank Glasschrank Bücher";"4260484869586";"true";"EAN_DUPLICATE"
"451963";"4260484869555";"Klassische Vitrine Kommoden Vitrinen Vitrinenschrank Schrank Glasschrank Bücher";"4260484869555";"true";"EAN_DUPLICATE"
"451965";"4260484869487";"Klassisches Bett Betten Ehebett Doppelbett Holzbett Landhaus - Model CL-1";"4260484869487";"true";"EAN_DUPLICATE"
"451967";"4260484869562";"Klassische Vitrine Kommoden Vitrinen Vitrinenschrank Schrank Glasschrank FL-W2";"4260484869562";"true";"EAN_DUPLICATE"
"451970";"4260484869531";"Chesterfield Ohrensessel Sessel Polster Fernseh Büro Couch Echtes Leder CL-F3";"4260484869531";"true";"EAN_DUPLICATE"
"451972";"4260484869463";"Designer Bett Betten Ehebett Doppelbett Polsterbett Lederbett - Model CL-4";"4260484869463";"true";"EAN_DUPLICATE"
"451975";"4260484869548";"Klassische Vitrine Kommoden Vitrinen Vitrinenschrank Schrank Glasschrank Bücher";"4260484869548";"true";"EAN_DUPLICATE"
"451977";"4260484866738";"Klassische Kommode Kommoden Schrank Sideboard Massiv Möbel Kolonial Neu OK4";"4260484866738";"true";"EAN_DUPLICATE"
"451979";"4260484866936";"Klassische Vitrine Vitrinenschrank Vitrinen Glasschrank Schrank Kolonial OW1A";"4260484866936";"true";"EAN_DUPLICATE"
"451980";"4260484869524";"Chesterfield Ohrensessel Sessel Polster Fernseh Büro Couch leder Textil CL-F1";"4260484869524";"true";"EAN_DUPLICATE"
"451982";"4260484869494";"Designer Bett Betten Ehebett Doppelbett Polsterbett Lederbett - Model CL-2";"4260484869494";"true";"EAN_DUPLICATE"
"451983";"4260484866721";"Klassische Kommode Kommoden Schrank Sideboard Massiv Möbel Kolonial Neu OK5";"4260484866721";"true";"EAN_DUPLICATE"
"451993";"4260484868152";"Klassische Schrank Bücherschrank Bücherregal Vitrine Vitrinenschrank Model SE-3";"4260484868152";"true";"EAN_DUPLICATE"
"451996";"4260484866653";"Klassischer Unterschank RTV Fernsehschrank TV Schrank Massiv Kolonial Stil ORTV";"4260484866653";"true";"EAN_DUPLICATE"
"451998";"4260484868121";"Klassische Schränke Schrank Schrankwand Bücherschrank Bücherregal Model SE-5";"4260484868121";"true";"EAN_DUPLICATE"
"452001";"4260484868145";"Klassische Schrank Bücherschrank Vitrine Bücherregal Vitrinenschrank Model SE-4";"4260484868145";"true";"EAN_DUPLICATE"
"452004";"4260484868169";"Klassische Schrank Bücherschrank Bücherregal Vitrine Vitrinenschrank Glasschrank";"4260484868169";"true";"EAN_DUPLICATE"
"452007";"4260484866639";"2x Set Klassische Nachttische Nachttisch Nachkonsolen Tisch Massiv Holz OSZN";"4260484866639";"true";"EAN_DUPLICATE"
"452009";"4260484868138";"Klassische Schrank Bücherschrank Bücherregal Vitrine Vitrinenschrank Glasschrank";"4260484868138";"true";"EAN_DUPLICATE"
"452012";"4260484868107";"Klassische Schreibtisch Büromöbel Tisch Büro Chef Schreibtische Echtholz - SE-S";"4260484868107";"true";"EAN_DUPLICATE"
"452014";"4260484868114";"Klassische Schränke Schrank Schrankwand Bücherregal Vitrine Bücherschrank SE-6";"4260484868114";"true";"EAN_DUPLICATE"
"452017";"4260484866622";"Klassische Nachttische Nachttisch Nachkonsolen Tisch Massiv Holz Kolonial Stil";"4260484866622";"true";"EAN_DUPLICATE"
"452021";"4260484868091";"Klassische Schreibtisch Büromöbel Tisch Büro Chef Schreibtische Echtholz SE-S1";"4260484868091";"true";"EAN_DUPLICATE"
"452022";"4260484866615";"Klassischer Kolonial Aufsatz für Kleiderschrank Massiv Holz Rahmen Neu";"4260484866615";"true";"EAN_DUPLICATE"
"452025";"4260484866608";"Klassische Schränke Schrank Schrankwand Kleiderschrank Massiv Kolonial Stil O2D";"4260484866608";"true";"EAN_DUPLICATE"
"452027";"4260484866592";"Klassische Schränke Schrank Schrankwand Kleiderschrank Massiv Kolonial Stil O4D";"4260484866592";"true";"EAN_DUPLICATE"
"452030";"4260484868077";"Klassische Schreibtisch Büromöbel Tisch Büro Chef Schreibtische Echtholz SE-S3";"4260484868077";"true";"EAN_DUPLICATE"
"452033";"4260484866554";"Klassischer Designer Spiegel Wandspiegel mit echten Holz Rahmen Kolonial Stil";"4260484866554";"true";"EAN_DUPLICATE"
"452038";"4260484866585";"Klassische Schränke Schrank Schrankwand Kleiderschrank Massiv Kolonial Stil O6D";"4260484866585";"true";"EAN_DUPLICATE"
"452041";"4260484868022";"Klassische Kronenabschluss Satz Abschlußelement für Bücherschrank Schrank- SE-L4";"4260484868022";"true";"EAN_DUPLICATE"
"452044";"4260484868060";"Klassische Kommode Kommoden Kommodenschrank Beistellschrank Schrank Model SE-2K";"4260484868060";"true";"EAN_DUPLICATE"
"452049";"4260484867995";"Klassische Pfeiler Abschlußsatz für Schrank Schrankwand System SE-st-A-N Pfeiler";"4260484867995";"true";"EAN_DUPLICATE"
"452052";"4260484866486";"Klassische Vitrine Vitrinenschrank Vitrinen Schrank Schrankwand - Model N-W2";"4260484866486";"true";"EAN_DUPLICATE"
"452055";"4260484868015";"Klassische Kronenabschluss Satz für Bücherschrank Schrank System SE-LN-S507";"4260484868015";"true";"EAN_DUPLICATE"
"452057";"4260484866578";"Echt Holz Massiv Kolonial Stil Bett 160/180x200cm Betten Doppelbett Neu Ehe OB";"4260484866578";"true";"EAN_DUPLICATE"
"452059";"4260484866462";"Klassische Vitrine Vitrinenschrank Vitrinen Schrankwand Glasschrank - Model N-WN";"4260484866462";"true";"EAN_DUPLICATE"
"452062";"4260484867988";"Klassische Pfeiler Abschlußsatz für Schrank Schrankwand System SE-st-B-N Pfeiler";"4260484867988";"true";"EAN_DUPLICATE"
"452066";"4260484867957";"Klassische Schränke Schrank Schrankwand Bücherregal Bücherschrank - Model BA-3";"4260484867957";"true";"EAN_DUPLICATE"
"452068";"4260484867926";"Klassische Schränke Schrank Schrankwand Bücherregal Regal Vitrine - Model BA-6";"4260484867926";"true";"EAN_DUPLICATE"
"452071";"4260484866479";"Klassische Vitrine Vitrinenschrank Vitrinen Schrank Schrankwand - Model N-W1-2";"4260484866479";"true";"EAN_DUPLICATE"
"452073";"4260484867971";"Klassische Schränke Schrank Vitrine Vitrinenschrank Glas Schrankwand Model BA-1";"4260484867971";"true";"EAN_DUPLICATE"
"452076";"4260484867889";"Klassische Schränke Schrank Schrankwand Vitrine Glasschrank Regal Model BA-10";"4260484867889";"true";"EAN_DUPLICATE"
"452078";"4260484867940";"Klassische Schränke Vitrine Vitrinenschrank Glas Schrank Schrankwand Model BA-4";"4260484867940";"true";"EAN_DUPLICATE"
"452080";"4260484867919";"Klassische Schränke Schrank Schrankwand Vitrine Vitrinenschrank- Model BA-7";"4260484867919";"true";"EAN_DUPLICATE"
"452082";"4260484866424";"Klassische Kommode Kommoden Beistellschrank Landhaus Kommodenschrank Model N-K3";"4260484866424";"true";"EAN_DUPLICATE"
"452085";"4260484867896";"Klassische Bar Vitrine Schrank Sammlerschrank Bücherschrank Glasschrank BA-9";"4260484867896";"true";"EAN_DUPLICATE"
"452086";"4260484867964";"Klassische Schränke Schrank Vitrine Vitrinenschrank Glas Schrankwand Model BA-2";"4260484867964";"true";"EAN_DUPLICATE"
"452088";"4260484867933";"Klassische Schränke Schrank Schrankwand Bücherregal Regal Bücherschrank Mod BA-5";"4260484867933";"true";"EAN_DUPLICATE"
"452090";"4260484866448";"Klassische Kommode Kommoden Beistellschrank Kommodenschrank Landhaus Model N-KB";"4260484866448";"true";"EAN_DUPLICATE"
"452092";"4260484867902";"Klassische Schränke Schrank Schrankwand Regal Vitrine Bücherschrank Model BA-8";"4260484867902";"true";"EAN_DUPLICATE"
"452095";"4260484867865";"Klassische Schränke Schrank Schrankwand Holzschrank Vitrine Regal - Model BA-12";"4260484867865";"true";"EAN_DUPLICATE"
"452097";"4260484867858";"Klassische Bar Vitrine Schrank Sammlerschrank Sammlervitrine Glasschrank BA-13";"4260484867858";"true";"EAN_DUPLICATE"
"452099";"4260484866417";"Klassische Kommode Beistellschrank Kommoden Landhaus Kommodenschrank Model N-K4";"4260484866417";"true";"EAN_DUPLICATE"
"452102";"4260484866356";"TV Lowboard Schrank Board Fernsehtisch Unterschank RTV Fernsehschrank N-RTV-D";"4260484866356";"true";"EAN_DUPLICATE"
"452104";"4260484866370";"Klassische Kommode Beistellschrank Kommoden Landhaus Kommodenschrank Model N-K6B";"4260484866370";"true";"EAN_DUPLICATE"
"452107";"4260484866332";"Klassische Garderobe Garderoben Garderoben Hakengarderobe Holz - Model N-WP";"4260484866332";"true";"EAN_DUPLICATE"
"452108";"4260484867872";"Klassische Schrank Vitrine Eckschrank Vitrinen Vitrinenschrank Model BA-11";"4260484867872";"true";"EAN_DUPLICATE"
"452110";"4260484867841";"Klassische Kommode Vitrine Kommoden Vitrinen Vitrinenschrank Glasschrank BA-14";"4260484867841";"true";"EAN_DUPLICATE"
"452113";"4260484867797";"Klassische Kommode Kommoden Kommodenschrank Schrank Beistellschrank Model BA-K3P";"4260484867797";"true";"EAN_DUPLICATE"
"452115";"4260484867827";"Elemente Aufsatz für die Vitrine Schrank Schranksystem Vitrine Kommode B-N2";"4260484867827";"true";"EAN_DUPLICATE"
"452117";"4260484866431";"Klassische Kommode Kommoden Beistellschrank Kommodenschrank Landhaus Model N-K2";"4260484866431";"true";"EAN_DUPLICATE"
"452118";"4062292254079";"Kleiderschrank Schlafzimmer Holz Schränke Kiefer Schrank Vollholz Massiv Möbel";"4062292254079";"true";"EAN_DUPLICATE"
"452120";"4260484867773";"Klassische Kommode Kommoden Kommodenschrank Schrank Schrankwand - Model BA-K3";"4260484867773";"true";"EAN_DUPLICATE"
"452122";"4260484866325";"Klassischer Großer Spiegel Wandspiegel Hängespiegel Holzrahmen Garderobe N-LP";"4260484866325";"true";"EAN_DUPLICATE"
"452125";"4260484866394";"Klassische Kommode Beistellschrank Kommoden Landhaus Kommodenschrank Model N-K4B";"4260484866394";"true";"EAN_DUPLICATE"
"452127";"4260484866301";"Klassischer Großer Spiegel Wandspiegel Hängespiegel Holzrahmen Garderobe N-L2";"4260484866301";"true";"EAN_DUPLICATE"
"452130";"4260484866288";"Klassische Schränke Schrank Schrankwand Kleiderschrank Holzschrank - Model N-3D";"4260484866288";"true";"EAN_DUPLICATE"
"452132";"4260484866363";"TV Lowboard Board Schrank Fernsehtisch Unterschank RTV Fernsehschrank - N-RTV";"4260484866363";"true";"EAN_DUPLICATE"
"452135";"4260484867834";"TV Lowboard Board Schrank Fernsehtisch Unterschank RTV Fernsehschrank BA-RTV 15";"4260484867834";"true";"EAN_DUPLICATE"
"452137";"4260499871291";"Bett Ehebett Doppelbett Schlafzimmer Holzbett Klassisch - Model V-AP-N Holz";"4260499871291";"true";"EAN_DUPLICATE"
"452140";"4260484867766";"Klassische Kommode Kommoden Kommodenschrank Schrank Beistellschrank Model BA-KB";"4260484867766";"true";"EAN_DUPLICATE"
"452142";"4260484866295";"Klassische Schränke Schrank Schrankwand Kleiderschrank Holzschrank - Model N-2D";"4260484866295";"true";"EAN_DUPLICATE"
"452145";"4260484867810";"Klassischer RTV Aufsatz Elemente Schranksystem Model BA-NRTV Aufsatz";"4260484867810";"true";"EAN_DUPLICATE"
"452147";"4260484866271";"Klassische Schränke Schrank Holzschrank Schrankwand Kleiderschrank - Model N-4D";"4260484866271";"true";"EAN_DUPLICATE"
"452149";"4260484867803";"Klassische Paneel mit Wandregal und Beleuchtung Bettwand Wandverkleidung BA-16";"4260484867803";"true";"EAN_DUPLICATE"
"452151";"4260499871260";"Bücherregal Regal Ablage Holz Regale Taranko Milano MI-1Wandregal Neu";"4260499871260";"true";"EAN_DUPLICATE"
"452154";"4260499871284";"Klassische Element Begehbarer Kleiderschrank Schränke Schrank Schrankwand NEU";"4260499871284";"true";"EAN_DUPLICATE"
"452156";"4260484867780";"Klassische Paneel mit Wandregal und Beleuchtung Bettwand Wandverkleidung BA-17";"4260484867780";"true";"EAN_DUPLICATE"
"452158";"4260484867735";"Klassischer Beistelltisch Tisch Chefbüro Holztisch Schreibtisch Rustikal BA-18";"4260484867735";"true";"EAN_DUPLICATE"
"452160";"4260484866226";"Klassische Stühle Stuhl Esszimmerstuhl Essgruppe Küchenstuhl Holzstuhl W-05";"4260484866226";"true";"EAN_DUPLICATE"
"452161";"4260484866318";"Klassischer Großer Spiegel Wandspiegel Echt Holz Rahmen Hängespiegel Model N-L1";"4260484866318";"true";"EAN_DUPLICATE"
"452162";"4260484867728";"Klassische Schreibtisch Büromöbel Tisch Büro Chef Schreibtische Echtholz BA - 19";"4260484867728";"true";"EAN_DUPLICATE"
"452163";"4260484866219";"Klassisches Bett Betten Ehebett Doppelbett Holzbett Landhaus - Model N-Bett P";"4260484866219";"true";"EAN_DUPLICATE"
"452164";"4260484866202";"Klassisches Bett Betten Ehebett Doppelbett Holzbett Landhaus Model N-Bett T";"4260484866202";"true";"EAN_DUPLICATE"
"452165";"4260484862785";"Französischer Designer Gepolster Stuhl Stühle Polster Sofa Klassische Neu CM-U3";"4260484862785";"true";"EAN_DUPLICATE"
"452166";"4260484866233";"Klassische Stühle Stuhl Esszimmerstuhl Essgruppe Küchenstuhl Holzstuhl W-04";"4260484866233";"true";"EAN_DUPLICATE"
"452167";"4260484867667";"Klassische Paneel mit Wandregal und Beleuchtung Bettwand Wandverkleidung BA-25";"4260484867667";"true";"EAN_DUPLICATE"
"452168";"4260484867759";"Klassische Schreibtisch Büromöbel Tisch Büro Chef Schreibtische Echtholz BA-Sc";"4260484867759";"true";"EAN_DUPLICATE"
"452169";"4260484867711";"Klassische Säule Abschlußelement für Schrank Schrankwand L, R - Model BA - 20";"4260484867711";"true";"EAN_DUPLICATE"
"452170";"4260484866189";"Klassische Konsole Schminkspiegel Schminktisch Frisierkomode Landhaus Model N-LT";"4260484866189";"true";"EAN_DUPLICATE"
"452171";"4260484867742";"Klassische Schreibtisch Büromöbel Tisch Büro Chef Schreibtische Echtholz BA-Sc2";"4260484867742";"true";"EAN_DUPLICATE"
"452172";"4260484867681";"Klassische Außenseite furniert Element für Schrank Schranksystem - Model BA-23";"4260484867681";"true";"EAN_DUPLICATE"
"452173";"4260484866103";"Klassische Vitrine Vitrinenschrank Rustikal Schrank Glasschrank MODEL Z-W1";"4260484866103";"true";"EAN_DUPLICATE"
"452174";"4260499871253";"Spiegel Holzrahmen Großer Wandspiegel Klassischer Designer Spiegel -Mo. MI-B NEU";"4260499871253";"true";"EAN_DUPLICATE"
"452175";"4260484862747";"Klassische Schränke Schrank Eckschrank Kleiderschrank Holzschrank - CM-3D";"4260484862747";"true";"EAN_DUPLICATE"
"452176";"4260484866172";"KLASSISCHER HOCKER RETRO RUSTIKAL FUßHOCKER OTTOMANE SITZBANK BANK - Model N";"4260484866172";"true";"EAN_DUPLICATE"
"452177";"4260484862778";"Klassischer Designer Polster Stuhl Gepolstert Stühle TExtil Leder Stoff CM-U2";"4260484862778";"true";"EAN_DUPLICATE"
"452178";"4260484867339";"Elemente Sockelleiste Kronenleiste für die Vitrine Schrank Schranksystem BA-29";"4260484867339";"true";"EAN_DUPLICATE"
"452179";"4260484862761";"Klassischer Designer Polster Stuhl Gepolstert Stühle Textil Leder Stoff CM-U1";"4260484862761";"true";"EAN_DUPLICATE"
"452180";"4260484867704";"Klassische Pfeiler schmall Element für Schrank Schranksystem Model BA - 21";"4260484867704";"true";"EAN_DUPLICATE"
"452183";"4260484866097";"Massivholz Handarbeit Rustikal Schrank Klassische Vitrinenschrank Vitrinen-Z-W2";"4260484866097";"true";"EAN_DUPLICATE"
"452184";"4260484867674";"Klassische Paneel mit Wandregal und Beleuchtung Bettwand Wandverkleidung BA-24";"4260484867674";"true";"EAN_DUPLICATE"
"452185";"4260484867322";"Klassische Abschlussleiste für Sockel Krone zum Paneel oder Vitrine Set BA-30";"4260484867322";"true";"EAN_DUPLICATE"
"452186";"4260484867650";"Klassische Abschlussleiste zum Paneel, Set L, R Element für Schrank System BA-26";"4260484867650";"true";"EAN_DUPLICATE"
"452189";"4260484866158";"Klassischer Hocker Retro Rustikal Hocker Beistellhocker Sitzhocker - Model N1sz";"4260484866158";"true";"EAN_DUPLICATE"
"452192";"4260484862754";"Klassische Schränke Schrank Eckschrank Kleiderschrank Holzschrank - CM-4D";"4260484862754";"true";"EAN_DUPLICATE"
"452193";"4260484866080";"Klassische Vitrine Vitrinenschrank Rustikal Schrank Glasschrank Vitrinen Z-WN";"4260484866080";"true";"EAN_DUPLICATE"
"452194";"4260484866042";"Echtholz Vitrine Hängevitrine Wandvitrine Klassischer Designer Spiegel - Z-W3";"4260484866042";"true";"EAN_DUPLICATE"
"452195";"4260484867346";"Außenseitenwandkrone für Krone oder Sockel Schrank Schranksystem L, R BA-28";"4260484867346";"true";"EAN_DUPLICATE"
"452197";"4260484866059";"Klassische Kommode Kommoden Kommodenschrank Beistellschrank Landhaus Model Z-K4";"4260484866059";"true";"EAN_DUPLICATE"
"452198";"4260484862709";"Klassisches Bett Betten Ehebett Doppelbett Holzbett Landhaus - Model CM-B3";"4260484862709";"true";"EAN_DUPLICATE"
"452199";"4260484866035";"Klassische Kommode Kommoden Großer Kommodenschrank Schrank - Model Z-K5";"4260484866035";"true";"EAN_DUPLICATE"
"452200";"4260484862730";"Klassische Schränke Schrank Eckschrank Kleiderschrank Holzschrank - CM-2D";"4260484862730";"true";"EAN_DUPLICATE"
"452201";"4260484866011";"Klassische Vitrine Kommode Kommoden Kommodenschrank Schrank Vitrinen Model Z-KS2";"4260484866011";"true";"EAN_DUPLICATE"
"452202";"4260484862693";"Klassisches Bett Betten Ehebett Doppelbett Holzbett Landhaus - Model CM-B2";"4260484862693";"true";"EAN_DUPLICATE"
"452203";"4260484862723";"Nachtkonsole Nachttisch Tische Beistell Tisch Nachttische Schlafzimmer CM-SZN";"4260484862723";"true";"EAN_DUPLICATE"
"452204";"4260484862686";"Klassisches Bett Betten Ehebett Doppelbett Holzbett Landhaus - Model CM-B1";"4260484862686";"true";"EAN_DUPLICATE"
"452205";"4260484866073";"Klassische Vitrine Kommode Kommoden Kommodenschrank Bar Vitrinen - Model Z-K-NM";"4260484866073";"true";"EAN_DUPLICATE"
"452210";"4260484862716";"Klassisches Bett Betten Ehebett Doppelbett Holzbett Landhaus - Model CM-B4";"4260484862716";"true";"EAN_DUPLICATE"
"452211";"4260484862679";"Nachttisch Nachtkonsole Tisch Beistell Tische Nachtkonsolen Schlafzimmer CM S4";"4260484862679";"true";"EAN_DUPLICATE"
"452212";"4260484862662";"Klassischer Couchtisch Holztisch Beistelltisch Design Tische Wohnzimmer CM S3";"4260484862662";"true";"EAN_DUPLICATE"
"452213";"4260484866028";"Klassische Vitrine Kommode Kommoden Kommodenschrank Schrank Vitrinen Model Z-KS1";"4260484866028";"true";"EAN_DUPLICATE"
"452214";"4260484865847";"Klassischer Unterschank Fernsehschrank TV Schrank RTV Kommode Landhaus Z1-RTV";"4260484865847";"true";"EAN_DUPLICATE"
"452215";"4260484865823";"Spiegel Holzrahmen Großer Wandspiegel Klassischer Designer Spiegel - Model Z-L2";"4260484865823";"true";"EAN_DUPLICATE"
"452217";"4260484865816";"Komplett Wohnzimmer Vitrine Kommode Tisch Vitrinen Esszimmer Set 4-Teilig";"4260484865816";"true";"EAN_DUPLICATE"
"452218";"4260484862655";"Großer Tisch Esstisch Holztisch Konferenztisch 150 x 90cm Ausziehbar 200cm CM-S2";"4260484862655";"true";"EAN_DUPLICATE"
"452219";"4260484865502";"Eckschrank Massivholz Holzschrank Klassische Vitrine Vitrinenschrank - PR-W-N";"4260484865502";"true";"EAN_DUPLICATE"
"452221";"4260484865472";"Großer Schrank Massiv Echtholz Rustikal Klassische Vitrine Vitrinenschrank PR-W3";"4260484865472";"true";"EAN_DUPLICATE"
"452222";"4260484865489";"Schrank Klassische Vitrine Vitrinenschrank Massivholz Echtholz - Model PR-W2";"4260484865489";"true";"EAN_DUPLICATE"
"452223";"4260484865977";"Klassische Kommode Kommoden Kommodenschrank Holzschrank Beistellschrank Z-K1 P";"4260484865977";"true";"EAN_DUPLICATE"
"452224";"4260484862648";"Großer Tisch Esstisch Holztisch Konferenztisch Ausziehbar 200cm Model CM-S1";"4260484862648";"true";"EAN_DUPLICATE"
"452225";"4260484865854";"Klassischer Unterschank RTV Fernsehschrank TV Schrank Kommode Landhaus Z-RTV";"4260484865854";"true";"EAN_DUPLICATE"
"452226";"4260484865427";"Klassischer TV Sideboard Echtes Holz Kommode Board Schrank Kommoden Neu PR-RTV-D";"4260484865427";"true";"EAN_DUPLICATE"
"452227";"4260484865830";"Spiegel Holzrahmen Großer Wandspiegel Klassischer Designer Spiegel - Model Z-L1";"4260484865830";"true";"EAN_DUPLICATE"
"452228";"4260484862624";"Klassische Wohnwand Schranksystem Wohnzimmer Schrank Regale Regalsystem CM-P2";"4260484862624";"true";"EAN_DUPLICATE"
"452229";"4260484862631";"Klassische Schränke Schrank Regale Hängeregal Regal Hängeschrank CM-PANEL";"4260484862631";"true";"EAN_DUPLICATE"
"452230";"4260484863799";"Holztisch Holz Handarbeit Klassische Tische Tisch Esstisch - Model PR-2";"4260484863799";"true";"EAN_DUPLICATE"
"452231";"4260484865809";"Klassiches Vitrine Kommode Vitrinen Kommoden 2 Vitrinen Landhaus Royal Zefir 2";"4260484865809";"true";"EAN_DUPLICATE"
"452232";"4260484862600";"TV Lowboard Board Schrank Fernsehtisch Unterschank RTV Kommode Kommoden CM-RTV/M";"4260484862600";"true";"EAN_DUPLICATE"
"452233";"4260484863768";"WANDSPIEGEL HOLZRAHMENSPIEGEL RAHMEN RECHTECKIGER SPIEGEL DESIGNER Prato PR-L1";"4260484863768";"true";"EAN_DUPLICATE"
"452234";"4260484865496";"Schrank Echtes Holz Massivholz Klassische Vitrine Vitrinenschrank-Model PR-W 1-2";"4260484865496";"true";"EAN_DUPLICATE"
"452235";"4260484863775";"Echtholz Holztisch Klassische Tische Tisch Esstisch Rundtisch Royal - Model ZB-3";"4260484863775";"true";"EAN_DUPLICATE"
"452236";"4260484863744";"Wohnzimmer Set Vitrine RTV Couchtisch Kommode Klassische Italienische Stil Möbel";"4260484863744";"true";"EAN_DUPLICATE"
"452237";"4260484862594";"TV Lowboard Board Schrank Fernsehtisch Unterschank RTV Kommode Kommoden CM-RTV/D";"4260484862594";"true";"EAN_DUPLICATE"
"452238";"4260484862570";"Klassische Kommode Vitrine Kommoden Vitrinen Kommodenschrank Schrank Como CM-K3";"4260484862570";"true";"EAN_DUPLICATE"
"452239";"4260484865434";"Echtholz Kommode Beistellschrank Klassische Bar Rustikale Landhaus PR-KB 1-2 L,R";"4260484865434";"true";"EAN_DUPLICATE"
"452240";"4260484862563";"Klassische Kommode Vitrine Kommoden Vitrinen Kommodenschrank Schrank CM-W3/4 P/L";"4260484862563";"true";"EAN_DUPLICATE"
"452241";"4260484865403";"Holztisch Echte Handarbeit Klassische Tische Tisch Couchtisch Model PR1 Holz Neu";"4260484865403";"true";"EAN_DUPLICATE"
"452242";"4260484863737";"Klassiches Esszimmer Set Kommode Tisch Stühle Vitrine Wohnzimmer Set Italien Neu";"4260484863737";"true";"EAN_DUPLICATE"
"452243";"4260484862532";"Klassische Stühle Stuhl Esszimmerstuhl Royal Design Küchenstuhl Holzstuhl TO-U2";"4260484862532";"true";"EAN_DUPLICATE"
"452244";"4260439211569";"Klassische Vitrine Schrank Italienische Möbel Vitrinenschrank Vitrinen Neu W-W2";"4260439211569";"true";"EAN_DUPLICATE"
"452245";"4260484862617";"Klassische Wohnwand Schranksystem Wohnzimmer Schrank Regale Regalsystem CM-P1";"4260484862617";"true";"EAN_DUPLICATE"
"452246";"4260484862525";"Klassische Stühle Stuhl Vintage Esszimmerstuhl Biedermeier Royal Design TO-U1";"4260484862525";"true";"EAN_DUPLICATE"
"452247";"4260484863782";"Klassischer Rundtisch runder Tisch Massiv Rustikal Tische Esstische Model ZB-4";"4260484863782";"true";"EAN_DUPLICATE"
"452248";"4260439211545";"Klassische Vitrine Schrank Italienische Möbel Vitrinenschrank Vitrinen Neu W-1/2";"4260439211545";"true";"EAN_DUPLICATE"
"452249";"4260484862495";"Großer Tisch Esstisch Holztisch Konferenztisch Ausziehbar 220cm Model TO-S1";"4260484862495";"true";"EAN_DUPLICATE"
"452250";"4260484863751";"Klassische Stühle Stuhl Esszimmerstuhl Holzstuhl Royal Landhaus Stil Prato PR-09";"4260484863751";"true";"EAN_DUPLICATE"
"452251";"4260484862501";"Klassischer Couchtisch Holztisch Beistelltisch Tische Wohnzimmer Neu Model TO-S2";"4260484862501";"true";"EAN_DUPLICATE"
"452252";"4260484862587";"Klassische Kommode Schuubladenschrank Schublade Kommoden Kommodenschrank Schrank";"4260484862587";"true";"EAN_DUPLICATE"
"452253";"4260484862464";"Klassische Schrank Regale Landhaus Hängeregal Regal Conti Torino TO-P1 Wandregal";"4260484862464";"true";"EAN_DUPLICATE"
"452254";"4260484862471";"Spiegel Holzrahmen Großer Wandspiegel Klassischer Designer Spiegel Model TO-Pl";"4260484862471";"true";"EAN_DUPLICATE"
"452255";"4260439212443";"Hochwertige Vitrine Schrank Holz Glas Vitrinen Klassische Italienische Möbel Neu";"4260439212443";"true";"EAN_DUPLICATE"
"452256";"4260439211514";"Klassische Vitrine Schrank Italienische Möbel Vitrinenschrank Vitrinen Neu W-WN";"4260439211514";"true";"EAN_DUPLICATE"
"452257";"4260439211521";"Klassische Vitrine Schrank Italienische Möbel Vitrinenschrank Vitrinen Neu W-W3";"4260439211521";"true";"EAN_DUPLICATE"
"452258";"4260484862556";"Klassische Schrank Bücherschrank Bücherregal Vitrine Vitrinenschrank Glasschrank";"4260484862556";"true";"EAN_DUPLICATE"
"452259";"4260484862433";"Klassische Kommode Vitrine Kommoden Vitrinen Kommodenschrank Schrank TO-KBL";"4260484862433";"true";"EAN_DUPLICATE"
"452260";"4260484862440";"Klassische Kommode Vitrine Kommoden Vitrinen Kommodenschrank Schrank TO-K3sz";"4260484862440";"true";"EAN_DUPLICATE"
"452261";"4260484862426";"Klassische Kommode Vitrine Kommoden Vitrinen Kommodenschrank Schrank TO-KBD";"4260484862426";"true";"EAN_DUPLICATE"
"452262";"4260439211552";"Klassische Vitrine Schrank Italienische Möbel Vitrinenschrank Vitrinen Neu W-W2L";"4260439211552";"true";"EAN_DUPLICATE"
"452263";"4260439211484";"Klassische Vitrine Schrank Italienische Möbel Vitrinenschrank Vitrinen W-W-NM";"4260439211484";"true";"EAN_DUPLICATE"
"452264";"4260439211477";"Klassische Kommode Hochschrank Sideboard Kommoden Kommodenschrank - Model W-Ksz";"4260439211477";"true";"EAN_DUPLICATE"
"452265";"4260484862518";"Klassische Stühle Stuhl Esszimmerstuhl Essgruppe Küchenstuhl Royal Design TO-13";"4260484862518";"true";"EAN_DUPLICATE"
"452266";"4260439211286";"Klassische Kommode Kommoden Kommodenschrank Schrank Apothekenschrank Antik Style";"4260439211286";"true";"EAN_DUPLICATE"
"452267";"4260484862402";"TV Lowboard Board Schrank Fernsehtisch Unterschank RTV Kommode Kommoden TO-K3";"4260484862402";"true";"EAN_DUPLICATE"
"452268";"4260484862488";"Spiegel Holzrahmen Großer Wandspiegel Klassischer Designer Spiegel Model TO-L1";"4260484862488";"true";"EAN_DUPLICATE"
"452269";"4260484862372";"Klassische Vitrine Kommoden Vitrinen Vitrinenschrank Schrank Glasschrank TO-W2";"4260484862372";"true";"EAN_DUPLICATE"
"452270";"4260484862396";"TV Lowboard Board Schrank Fernsehtisch Unterschank RTV Kommode Kommoden TO-RTVM";"4260484862396";"true";"EAN_DUPLICATE"
"452271";"4260484862457";"Klassische Kommode Vitrine Kommoden Vitrinen Kommodenschrank Schrank TO-K2sz";"4260484862457";"true";"EAN_DUPLICATE"
"452272";"4260439211262";"Klassischer Antik Style TV Sideboard Unterschank RTV Fernsehschrank Model W-RTV";"4260439211262";"true";"EAN_DUPLICATE"
"452273";"4260484869999";"Chesterfield Ohrensessel Sessel Polster Fernseh Büro Couch Echtes Leder FL-1Siz";"4260484869999";"true";"EAN_DUPLICATE"
"452274";"4260439211507";"Klassische Vitrine Schrank Italienische Möbel Vitrinenschrank Vitrinen Neu WW3-4";"4260439211507";"true";"EAN_DUPLICATE"
"452275";"4260484862358";"Klassischer Hocker Retro Rustikal Fußhocker Ottomane Sitzbank Bank Neu Flp3a";"4260484862358";"true";"EAN_DUPLICATE"
"452276";"4260439211491";"Klassische Vitrine Schrank Italienische Möbel Vitrinenschrank Vitrinen W-W3-4L";"4260439211507";"true";"EAN_DUPLICATE"
"452277";"4260484862419";"Klassische Kommode Designer Kommoden Kommodenschrank Schrank Holzkommode TO-K2";"4260484862419";"true";"EAN_DUPLICATE"
"452278";"4260484869975";"Chippendale Sofa 3 Sitzer Landhaus Stoffsofa mit Holz Designer Garnitur FL-3Siz";"4260484869975";"true";"EAN_DUPLICATE"
"452279";"4260484869906";"KLASSISCHER HOCKER RETRO RUSTIKAL FUßHOCKER OTTOMANE SITZBANK BANK - FL-P1A";"4260484869906";"true";"EAN_DUPLICATE"
"452280";"4260439211460";"Klassische Kommode Kommoden Kommodenschrank Schrank Antik Style Apothekenschrank";"4260439211460";"true";"EAN_DUPLICATE"
"452281";"4260484869869";"Klassische Schreibtisch Büromöbel Tisch Büro Chef Schreibtische Echtholz FL-T";"4260484869869";"true";"EAN_DUPLICATE"
"452282";"4260484862389";"TV Lowboard Board Schrank Fernsehtisch Unterschank RTV Kommode Kommoden TO-RTVD";"4260484862389";"true";"EAN_DUPLICATE"
"452283";"4260484869913";"KLASSISCHER HOCKER RETRO RUSTIKAL FUßHOCKER OTTOMANE SITZBANK BANK FL-P2A";"4260484869913";"true";"EAN_DUPLICATE"
"452284";"4260484869821";"Klassisches Bett Betten Ehebett Doppelbett Holzbett Landhaus - Model FL-B1";"4260484869821";"true";"EAN_DUPLICATE"
"452285";"4260484862365";"Klassische Kommode Vitrine Kommoden Vitrinen Kommodenschrank Schrank TO-W1";"4260484862365";"true";"EAN_DUPLICATE"
"452286";"4260484869876";"Klassischer Nachtschrank Nachttisch Massiv Konsole Ablage Schlafzimmer FL-SZN";"4260484869876";"true";"EAN_DUPLICATE"
"452287";"4260484869982";"Chippendale Sofa 2 Sitzer Landhaus Stoffsofa mit Holz Designer Garnitur FL-2Siz";"4260484869982";"true";"EAN_DUPLICATE"
"452288";"4260484869838";"Designer Bett Betten Ehebett Doppelbett Polsterbett Lederbett - Model FL-B2";"4260484869838";"true";"EAN_DUPLICATE"
"452289";"4260454046788";"Sortierelement Schrank Kommode Kommoden Kleiderschrank Begehbarer Schrank Verona";"4260454046788";"true";"EAN_DUPLICATE"
"452290";"4260484869883";"Nachtschrank Regal Nachttisch Massiv Konsole Ablage Schlafzimmer FL-N2";"4260484869883";"true";"EAN_DUPLICATE"
"452291";"4260454046719";"Klassisches Chippendale-Doppelbett im königlichen Stil Sofort";"4260454046719";"true";"EAN_DUPLICATE|NAME_CONTAINS_SOFORT"
"452292";"4260454046801";"Pufa Hocker Bank Truhe Echtes Leder Box Schrank Begehbarer Kleiderschrank Neu";"4260454046801";"true";"EAN_DUPLICATE"
"452293";"4260454046689";"Bett Ehebett Chippendale Doppelbett Königsbett Kolonial Schlafzimmer Model V-P-N";"4260454046689";"true";"EAN_DUPLICATE"
"452294";"4260484869852";"Klassische Kommode Vitrine Kommoden Vitrinen Kommodenschrank Schrank FL-K4SZ";"4260484869852";"true";"EAN_DUPLICATE"
"452295";"4260454046627";"Klassische Schränke Schrank Schrankwand Kleiderschrank - Model V-Schrank-4D-G";"4260454046627";"true";"EAN_DUPLICATE"
"452296";"4260454046726";"Bett Ehebett Doppelbett Chippendale Schlafzimmer Königssbett- Model V-A";"4260454046726";"true";"EAN_DUPLICATE"
"452297";"4260454046566";"Element Model V2D-02 für Begehbarer Schrank Kleiderschrank Italienische Möbel";"4260454046566";"true";"EAN_DUPLICATE"
"452298";"4260454046696";"Bett Ehebett Doppelbett Königsbett Schlafzimmer Klassisches Lederbett Model V-2T";"4260454046696";"true";"EAN_DUPLICATE"
"452299";"4260454046535";"Element Model V2D-05-L für Begehbarer Schrank Kleiderschrank Italienische Möbel";"4260454046535";"true";"EAN_DUPLICATE"
"452300";"4260454046665";"Nachttisch Konsolentisch Chippendale Schlafzimmer - Model V-Szn Nachtschrank";"4260454046665";"true";"EAN_DUPLICATE"
"452301";"4260454046504";"Element Model V1D-07 für Begehbarer Schrank Kleiderschrank Italienische Möbel";"4260454046504";"true";"EAN_DUPLICATE"
"452302";"4260454046634";"Lederhocker Rundhocker Chippendale Hocker Klassisch Ottomane - Model V-Ottomane";"4260454046634";"true";"EAN_DUPLICATE"
"452303";"4260454046733";"Klassische Stühle Königsstuhl Designer Stuhl Holzstuhl Esszimmerstuhl - Model T";"4260454046733";"true";"EAN_DUPLICATE"
"452304";"4260454046573";"Element Model V2D-01 für Begehbarer Schrank Kleiderschrank Italienische Möbel";"4260454046573";"true";"EAN_DUPLICATE"
"452305";"4260454046474";"Element Model V2D-14P für Begehbarer Schrank Kleiderschrank Italienische Möbel";"4260454046474";"true";"EAN_DUPLICATE"
"452306";"4260454046702";"Bett Ehebett Doppelbett Chippendale Klassisches Königs Schlafzimmer - Model V-T";"4260454046702";"true";"EAN_DUPLICATE"
"452307";"4260454046672";"Bett Ehebett Doppelbett Chippendale Königsbett Kolonial Schlafzimmer Model V-O-N";"4260454046672";"true";"EAN_DUPLICATE"
"452308";"4260454046412";"Element Model V2D-17 für Begehbarer Schrank Kleiderschrank Italienische Möbel";"4260454046412";"true";"EAN_DUPLICATE"
"452309";"4260454046511";"Element Model V1D-07LP für Begehbarer Schrank Kleiderschrank Italienische Möbel";"4260454046511";"true";"EAN_DUPLICATE"
"452310";"4260454046641";"Klassische Konsole Schminkspiegel Schminktisch Kommode - Model V-Frisiertisch";"4260454046641";"true";"EAN_DUPLICATE"
"452311";"4260454046610";"Klassische Schränke Schrank Schrankwand Kleiderschrank mit Spiegel VSchrank-3D-G";"4260454046610";"true";"EAN_DUPLICATE"
"452312";"4260454046382";"Element Model V1D-13 für Begehbarer Schrank Kleiderschrank Italienische Möbel";"4260454046382";"true";"EAN_DUPLICATE"
"452313";"4260454046344";"Esszimmer Stuhl Set Essgruppe Tisch Massiv Holz Echtholz 4 Stühle mit Tisch Neu";"4260454046344";"true";"EAN_DUPLICATE"
"452314";"4260454046313";"Komplett Wohnzimmer Klassisch Couchtisch Regal RTV Tisch Regal Kommode - Verona";"4260454046313";"true";"EAN_DUPLICATE"
"452315";"4260454046283";"Italienische Stil Schlafzimmer Komplett Möbel Bett Nachttisch Schrank Kommode 2";"4260454046283";"true";"EAN_DUPLICATE"
"452316";"4260454046252";"Doppelbett Klassisches Hochwertiges Designer Chesterfield Vollleder Bett Betten";"4260454046252";"true";"EAN_DUPLICATE"
"452317";"4260454046177";"Massivholz Echtholz Handarbeit Klassische Kommode Kommoden Kommodenschrank MI-K2";"4260454046177";"true";"EAN_DUPLICATE"
"452318";"4260454046320";"Rundhocker Hocker Leder Ottomane mit Tisch Serviertisch 2tlg Set Garnitur Verona";"4260454046320";"true";"EAN_DUPLICATE"
"452319";"4260454046375";"Element Model V-18N für Begehbarer Schrank Kleiderschrank Italienische Möbel";"4260454046375";"true";"EAN_DUPLICATE"
"452320";"4260454046146";"Bar Vitrine Schrank Kommode Kommoden Vitrinen Designer XXL Big Wohnzimmer MI-KB";"4260454046146";"true";"EAN_DUPLICATE"
"452321";"4260454046337";"Klassischer Tisch mit 2 Stühlen Royal Stühle Tische Rundtisch Holztisch - Verona";"4260454046337";"true";"EAN_DUPLICATE"
"452322";"4260454046290";"Klassischer Schminkzimmer mit Standspiegel und Kommode - Verona";"4260454046290";"true";"EAN_DUPLICATE"
"452323";"4260454046115";"Kleiderschrank Klassik Handarbeit Klassische Schränke Schrank Schrankwand MI-3D";"4260454046115";"true";"EAN_DUPLICATE"
"452324";"4260454046306";"Klassisches Wohnzimmer Edle Designer Möbel Vitrine RTV Tisch Kommode Italy Stil";"4260454046306";"true";"EAN_DUPLICATE"
"452325";"4260454046269";"Bett Ehebett Doppelbett Lederbett Doppelbett Betten Echtleder Vollleder";"4260454046269";"true";"EAN_DUPLICATE"
"452326";"4260454046085";"Massiv Holz Holz Handarbeit Klassischer Unterschank RTV Fernsehschrank MI-RTVA";"4260454046085";"true";"EAN_DUPLICATE"
"452327";"4260454046276";"Klassisches Bett Ehebett Doppelbett Lederbett Chippendale Schlafzimmer Verona V";"4260454046276";"true";"EAN_DUPLICATE"
"452328";"4260454046184";"Massivholz Echtholz Handarbeit Klassische Vitrine Vitrinen Schrank Vitrinen MIW2";"4260454046184";"true";"EAN_DUPLICATE"
"452329";"4260454046054";"Echtholz Handarbeit Klassische Tische Tisch Esstisch - Model MI-1";"4260454046054";"true";"EAN_DUPLICATE"
"452330";"4260454046153";"XXL Designer Kommode Massivholz Kommoden Schrank Big Neu Kommodenschrank MIK3sz";"4260454046153";"true";"EAN_DUPLICATE"
"452331";"4260454046023";"Chesterfield Sessel Vollleder Klassische Fernsehsessel Ohrensessel CL-FOTEL";"4260454046023";"true";"EAN_DUPLICATE"
"452332";"4260454046191";"Massivholz Echtholz Handarbeit Klassische Vitrine Vitrinen Schrank Vitrinen MIWN";"4260454046191";"true";"EAN_DUPLICATE"
"452333";"4260454046122";"Klassischer Kleiderschrank Schränke Schrank Schrankwand Neu - Model MI-2D";"4260454046122";"true";"EAN_DUPLICATE"
"452334";"4260454045996";"Klassische Nachttische Nachttisch Echte Handarbeit Echtholz Massiv Model MI-SZN";"4260454045996";"true";"EAN_DUPLICATE"
"452335";"4260454046092";"Massivholz Echtholz Handarbeit Klassische Schränke Schrank Schrankwand MI-4D Neu";"4260454046092";"true";"EAN_DUPLICATE"
"452336";"4260454046160";"Designer XXL Kommode Schrank Klassische Kommoden Kommodenschrank Neu MI-K2sz";"4260454046160";"true";"EAN_DUPLICATE"
"452337";"4260454046061";"Echtholz Handarbeit Klassische Tische Tisch Couchtisch Beistell Neu - Model MI-2";"4260454046061";"true";"EAN_DUPLICATE"
"452338";"4260454045934";"Doppelbett Milano Klassik Bett Betten Ehe Schlafzimmer Holz Designer Neu MI-2";"4260454045934";"true";"EAN_DUPLICATE"
"452339";"4260454046139";"XXL Designer Bar Kommode Vitrine Kommoden Schrank Big Neu Kommodenschrank MIKBD";"4260454046139";"true";"EAN_DUPLICATE"
"452340";"4260439210364";"Klassische Kommode Kommoden Kommodenschrank Antik Style Büro Schrank Sideboard";"4260439210364";"true";"EAN_DUPLICATE"
"452341";"4260454046030";"Massivholz Echtholz Handarbeit Klassische Stühle Stuhl Esszimmerstuhl Model Mi2";"4260454046030";"true";"EAN_DUPLICATE"
"452342";"4260454046108";"Kleiderschrank Klassik Handarbeit Klassische Schränke Schrank Schrankwand MI-3DL";"4260454046108";"true";"EAN_DUPLICATE"
"452343";"4260439210258";"Klassische Kommode Kommoden Kommodenschrank - Model W-K3C";"4260439210258";"true";"EAN_DUPLICATE"
"452344";"4260454046078";"Echtholz Massiv Handarbeit Klassischer Unterschank RTV Fernsehschrank MI-RTVD";"4260454046078";"true";"EAN_DUPLICATE"
"452345";"4260454046009";"Echtholz Tisch Klassische Konsole Spiegel Kommode Schminktisch Schlafzimmer Neu";"4260454046009";"true";"EAN_DUPLICATE"
"452346";"4260454046047";"Hocker Bank Original Milano Textil Echte Handarbeit Massivholz Vollholz MI-Bank";"4260454046047";"true";"EAN_DUPLICATE"
"452347";"4260454046016";"Bestelltisch Tisch Nachttisch Hocker Klassischer Tisch Echtholz Handarbeit NEU";"4260454046016";"true";"EAN_DUPLICATE"
"452348";"4260454045965";"Doppelbett Chesterbett Bett Betten Polster Textil Klassik Holz Schlafzimmer Neu";"4260454045965";"true";"EAN_DUPLICATE"
"452349";"4260439210609";"Klassischer Antik Style TV Sideboard Unterschank RTV Fernsehschrank Model WRTVM";"4260439210609";"true";"EAN_DUPLICATE"
"452350";"4260454045989";"Chesterfield Bett Textil Stoff Betten Ehe Ehe Doppelbett Polster Schlafzimmer !";"4260454045989";"true";"EAN_DUPLICATE"
"452351";"4260174429014";"Klassische Schränke Schrank Schrankwand - Model W-N3B Aufsatz Welle";"4260174429014";"true";"EAN_DUPLICATE"
"452352";"4260174428932";"Klassischer Designer Spiegel Italienische Möbel Wandspiegel Holz - Model W-LP";"4260174428932";"true";"EAN_DUPLICATE"
"452353";"4260439210791";"Klassischer Unterschank RTV TV Sideboard Antik Style Fernsehschrank W-RTV-D";"4260439210791";"true";"EAN_DUPLICATE"
"452354";"4260499871246";"Klassische Kommode Kommoden Kommodenschrank Antik Büro Schrank Sideboard W-K4Sz";"4260499871246";"true";"EAN_DUPLICATE"
"452355";"4260174422909";"Klassischer Designer Echten Holz Rahmen XXL Spiegel 107x71 Spiegel - Model W-L3";"4260174422909";"true";"EAN_DUPLICATE"
"452356";"4260499871222";"Klassischer Designer Spiegel mit Schubladen Standspiegel W-NL Aufsatz Spiegel";"4260499871222";"true";"EAN_DUPLICATE"
"452357";"4260439210357";"Klassische Kommode Kommoden Kommodenschrank Antik Style Büro Sideboard Schrank";"4260439210357";"true";"EAN_DUPLICATE"
"452358";"4260499871208";"Klassischer Couchtisch Tisch Tische Holztisch Barock Couchtische Neu ZB-6";"4260499871208";"true";"EAN_DUPLICATE"
"452359";"4260174428963";"Klassische Garderobe Hänge Hacken Wandgarderobe Hänge Garderoben - Model W-WP";"4260174428963";"true";"EAN_DUPLICATE"
"452360";"4260174429762";"Klassische Kommode Kommoden Kommodenschrank Antik Style Schrank Holz Model W-K4";"4260174429762";"true";"EAN_DUPLICATE"
"452361";"4260499871185";"KLASSISCHE TISCHE ESSTISCH ESSZIMMER TISCH ECHT HOLZ Italienische Möbel - ZB-5";"4260499871185";"true";"EAN_DUPLICATE"
"452362";"4260174423005";"Klassischer Designer Echten Holz Rahmen XXL Spiegel 107x71 Spiegel - Model W-L2";"4260174423005";"true";"EAN_DUPLICATE"
"452363";"4260174429038";"Klassischer Antik Holz Standspiegel Stand Spiegel Model W-NL-Kr Aufsatz Spiegel";"4260174429038";"true";"EAN_DUPLICATE"
"452364";"4260480949947";"Blumenständer Blumen Ständer Vasen Ständer Massiv Echtes Holz Blumentopfständer";"4260480949947";"true";"EAN_DUPLICATE"
"452365";"4260174422220";"Tisch Nachttisch Konsole Beistelltisch Klassische Tische Holztisch Nachttische";"4260174422220";"true";"EAN_DUPLICATE"
"452366";"4260480949909";"Klassische Stühle Stuhl Echtes Holz Massiv Französische Möbel Esszimmerstuhl";"4260480949909";"true";"EAN_DUPLICATE"
"452367";"4260174429007";"Klassische Schränke Schrank Schrankwand Aufsatz Neu Italienische Möbel Neu";"4260174429007";"true";"EAN_DUPLICATE"
"452368";"4260480949992";"KLASSISCHE TISCHE ESSTISCH ESSZIMMER TISCH ECHT HOLZ Italienische Möbel - ZB-7";"4260480949992";"true";"EAN_DUPLICATE"
"452369";"4260174423159";"Klassischer Designer Echten Holz Rahmen XXL Spiegel 157x71 Spiegel - Model W-L1";"4260174423159";"true";"EAN_DUPLICATE"
"452370";"4260480949954";"Blumenständer Blumenstand Ständer Holzständer Blumentopfständer - Model W-Bl";"4260480949954";"true";"EAN_DUPLICATE"
"452371";"4260480949879";"Klassisches Sofa Italienische Möbel Chesterfield Sofas Couch Garnitur W-Sofa3";"4260480949879";"true";"EAN_DUPLICATE"
"452372";"4260480949923";"Klassische Stühle Stuhl Esszimmerstuhl Königlicher Lehnstuhl Holz - Model W-02";"4260480949923";"true";"EAN_DUPLICATE"
"452373";"4260499871215";"Tisch Esstisch 3er Set Design Tisch Tische Klassische Holz Esstisch Neuware";"4260499871215";"true";"EAN_DUPLICATE"
"452374";"4260480946045";"Klassischer Schrank Schränke Schrankwand Kleiderschrank Antik Italienische Möbel";"4260480946045";"true";"EAN_DUPLICATE"
"452375";"4260480949886";"Klassisches Sofa Italienische Möbel Chesterfield Sofas Couch Garnitur W-Sofa2";"4260480949886";"true";"EAN_DUPLICATE"
"452376";"4260499871192";"KLASSISCHE TISCHE ESSTISCH ESSZIMMER TISCH ECHTHOLZ MASSIV HOLZ - Model ZB-2";"4260499871192";"true";"EAN_DUPLICATE"
"452377";"4260480946014";"Kleiderschrank Echtholz Schrank Italienische Möbel Holz Antik Style Klassischer";"4260480946014";"true";"EAN_DUPLICATE"
"452378";"4260499871178";"Klassische Massivholz Echtes Holz Tische Tisch Esstisch - Model ZB-8";"4260499871178";"true";"EAN_DUPLICATE"
"452379";"4260480945987";"Klassischer Schminktisch Sekretär Tisch Antik Stil Holztisch Kommode Tische Holz";"4260480945987";"true";"EAN_DUPLICATE"
"452380";"4260480946021";"Kleiderschrank Schrank Italienische Möbel Holz Antik Style Echtholz Klassischer";"4260480946021";"true";"EAN_DUPLICATE"
"452381";"4260480945932";"Chesterfield Bett Betten Doppelbett Ehebett Italienische Möbel Holz Leder Textil";"4260480945932";"true";"EAN_DUPLICATE"
"452382";"4260480949930";"Klassische Stühle Stuhl Esszimmerstuhl Königlicher Lehnstuhl Holz - Model W-01";"4260480949930";"true";"EAN_DUPLICATE"
"452383";"4260480945901";"Klassischer Hocker Ottomane Fußhocker Chippendale Royal Sitzhocker Model W-Bsz";"4260480945901";"true";"EAN_DUPLICATE"
"452384";"4260480949893";"Klassischer Stühle Polster Textil Stoff Leder Sessel Stuhl Königlich - Model W1";"4260480949893";"true";"EAN_DUPLICATE"
"452385";"4260480945871";"Klassisches Esszimmer Kommode Tisch Stühle Vitrine König Chippendale Wersal1";"4260480945871";"true";"EAN_DUPLICATE"
"452386";"4260480946069";"Klassische Stühle Stuhl Esszimmerstuhl Königlicher Lehnstuhl Holz - Model W-03";"4260480946069";"true";"EAN_DUPLICATE"
"452387";"4260480945918";"Klassischer Tisch Tische Sekträter Bürotisch Holz Antik Stil Italienische Möbel";"4260480945918";"true";"EAN_DUPLICATE"
"452388";"4260480945833";"Chippendale Sessel Ohrensessel Sofa mit Fußhockern Set Hocker Klavierhocker Neu";"4260480945833";"true";"EAN_DUPLICATE"
"452389";"4260480946038";"Kleiderschrank Schränke Schrank Schrankwand 3 Türen Holz Neu Italienische Möbel";"4260480946038";"true";"EAN_DUPLICATE"
"452390";"4260480945802";"Schlafzimmer Set Bett Kommode Kleiderschrank Nachttisch Italienische Möbel Neu";"4260480945802";"true";"EAN_DUPLICATE"
"452391";"4260480945888";"Chippendale Sofa Couch Polsterbank Bank Sitzbank 3er Bank Sofa Couch Model W-2";"4260480945888";"true";"EAN_DUPLICATE"
"452392";"4260480946007";"Klassische Kommode Kommoden Antik Style Holz Kommodenschrank Sideboard Italy";"4260480946007";"true";"EAN_DUPLICATE"
"452393";"4260480945840";"4tlg Wohnzimmer Möbel Set Italienischer Stil Kommode Vitrine RTV Chippendale";"4260480945840";"true";"EAN_DUPLICATE"
"452394";"4260480945765";"Italienische Stil Schlafzimmer Komplett Möbel Bett Nachttisch Schrank Kommode 1";"4260480945765";"true";"EAN_DUPLICATE"
"452395";"4260480945970";"Klassischer Klapp Spiegel Sckmink Tisch Italienische Möbel Designer Spiegel W-Tl";"4260480945970";"true";"EAN_DUPLICATE"
"452396";"4260480945819";"Komplett Schlafzimmer Bett Ehebett Nachttische Kommode Sessel Chippendale Royal";"4260480945819";"true";"EAN_DUPLICATE"
"452397";"4260480945925";"Chesterfield Bett Betten Doppelbett Ehebett Italienische Möbel Holz Textil Leder";"4260480945925";"true";"EAN_DUPLICATE"
"452398";"4260480945789";"Schlafzimmer Set Designer Chesterfield Bett Nachttische Kommode Schrank Möbel";"4260480945789";"true";"EAN_DUPLICATE"
"452399";"4260454047266";"Klassische Kommode Eckkommode Ecke Eck Kommoden Kommodenschrank Echtholz Holz";"4260454047266";"true";"EAN_DUPLICATE"
"452400";"4260480945895";"Klassischer Hocker Fußhocker Chippendale Klavierhocker Sitzhocker - Model W-Ho";"4260480945895";"true";"EAN_DUPLICATE"
"452401";"4260480945741";"Diele Garderobe Set Echtes Holz Flur Wandgarderobe Italienische Möbel Garderoben";"4260480945741";"true";"EAN_DUPLICATE"
"452402";"4260454047273";"Klassische Vitrine Schrank Wohnzimmer Vitrinenschrank Vitrinen Neu VW1/2 Vitrine";"4260454047273";"true";"EAN_DUPLICATE"
"452403";"4260454047235";"Klassische Kommode Kommoden Echtholz Holz Schrank Massivholz Handarbeit V-K3M";"4260454047235";"true";"EAN_DUPLICATE"
"452404";"4260480945857";"Klassisches Esszimmer Vitrine Kommode Stühle Tisch Chippendale Wohnzimmer 10tlg";"4260480945857";"true";"EAN_DUPLICATE"
"452405";"4260454047242";"Klassische Kommode Kommoden Echtholz Holz Schrank Massivholz Neu Handarbeit V-K3";"4260454047242";"true";"EAN_DUPLICATE"
"452406";"4260454047181";"Klassische Vitrine Vitrinenschrank Schrank Echtholz Vitrinen V-W 3-4 Glasschrank";"4260454047181";"true";"EAN_DUPLICATE"
"452407";"4260480945826";"Schminktisch mit Stuhl Frisiertisch Frisierkommode Schminkkommode Kosmetiktisch";"4260480945826";"true";"EAN_DUPLICATE"
"452408";"4260454047204";"Klassische Kommode Kommoden Echtholz Holz Schrank Massivholz Handarbeit V-Ksz";"4260454047204";"true";"EAN_DUPLICATE"
"452409";"4260454047150";"Klassische Kommode Kommoden Echtholz Holz Schrank Massivholz Handarbeit V-RTV-D";"4260454047150";"true";"EAN_DUPLICATE"
"452410";"4260480945796";"Italienische Stil Möbel Bett Nachttische Keierschrank Kommode Spiegel Komplett";"4260480945796";"true";"EAN_DUPLICATE"
"452411";"4260454047167";"Klassischer TV Sideboard Echtes Holz Kommode Board Schrank Kommoden Model VRTVB";"4260454047167";"true";"EAN_DUPLICATE"
"452412";"4260480945758";"Chesterfield Bett Doppelbett Echtes Leder Polster Betten mit Swarovski möglich";"4260480945758";"true";"EAN_DUPLICATE"
"452413";"4260454047129";"Klassische Kommode Kommoden Schrank Kommodenschrank Echtholz Massiv Neu V-K3sz";"4260454047129";"true";"EAN_DUPLICATE"
"452414";"4260454047082";"Wohnzimmer XXL Bücherregal Massiv Holz 131cm Ablage Regal Regale CD DVD Bücher";"4260454047082";"true";"EAN_DUPLICATE"
"452415";"4260454047099";"Wohnzimmer XXL Bücherregal Massiv Holz 131cm Ablage Regal Regale- Model V-P1";"4260454047099";"true";"EAN_DUPLICATE"
"452416";"4260454047280";"Klassische Vitrine Schrank Wohnzimmer Vitrinenschrank Vitrinen Neu V-W2 Glas";"4260454047280";"true";"EAN_DUPLICATE"
"452417";"4260454047068";"Esstisch Tisch Tische Echtholz Holztisch Klassischer Barock Style Esszimmer Neu";"4260454047068";"true";"EAN_DUPLICATE"
"452418";"4260454047259";"Klassische Vitrine Vitrinenschrank Vitrinen - Model V-WN Vitrine";"4260454047259";"true";"EAN_DUPLICATE"
"452419";"4260454047051";"Esstisch Tisch Tische Echtholz Holztisch Klassischer Barock Style Esszimmer V-3";"4260454047051";"true";"EAN_DUPLICATE"
"452420";"4260454047037";"Rundtisch Tisch Couchtisch Tische Echtholz Massivholz Beistelltisch Neu V-5A";"4260454047037";"true";"EAN_DUPLICATE"
"452421";"4260454047211";"Klassische Kommode Kommoden Echtholz Holz Schrank Massivholz Neu Handarbeit V-KB";"4260454047211";"true";"EAN_DUPLICATE"
"452422";"4260454047006";"Holztisch Tisch Couchtisch Tische Echtholz Massivholz Beistelltisch Model V-7";"4260454047006";"true";"EAN_DUPLICATE"
"452423";"4260454047174";"Klassischer TV Sideboard Echtes Holz Kommode Board Schrank Kommoden Neu V-RTV-A";"4260454047174";"true";"EAN_DUPLICATE"
"452424";"4260454046993";"Esstisch Tisch Tische Echtholz Holztisch Klassischer Barock Rundtisch Esszimmer";"4260454046993";"true";"EAN_DUPLICATE"
"452425";"4260454046979";"Klassischer Designer Spiegel Wandspiegel Rundspiegel - Model V-Ellipse";"4260454046979";"true";"EAN_DUPLICATE"
"452426";"4260454046962";"Klassischer Designer Spiegel Großer Wandspiegel Retro Landhaus - Model V-Spiegel";"4260454046962";"true";"EAN_DUPLICATE"
"452427";"4260454046948";"Klassische Stühle Stuhl Designer Holzstuhl Esszimmerstuhl Königsstuhl - Model S1";"4260454046948";"true";"EAN_DUPLICATE"
"452428";"4260454047105";"Klassische Bar Schrank Weinschrank Kommode Kommoden Kommodenschrank V-K4";"4260454047105";"true";"EAN_DUPLICATE"
"452429";"4260454046931";"Klassische Stühle Designer Stuhl Holzstuhl Königsstuhl Esszimmerstuhl - Model V1";"4260454046931";"true";"EAN_DUPLICATE"
"452430";"4260454047075";"Esstisch Tisch Tische Echtholz Holztisch Klassischer Barock Style Esszimmer V-1";"4260454047075";"true";"EAN_DUPLICATE"
"452431";"4260454047013";"Klassischer Couchtisch aus Massivholz Couchtisch Tisch Tische Neu - Model V-6";"4260454047013";"true";"EAN_DUPLICATE"
"452432";"4260454046986";"Bestelltisch Tisch Echtzolz Holztisch Tische Couchtisch Zeitung Blumen Ständer";"4260454046986";"true";"EAN_DUPLICATE"
"452433";"4260454046955";"Klassische Stühle Designer Stuhl Holzstuhl Esszimmerstuhl Königsstuhl - Model S";"4260454046955";"true";"EAN_DUPLICATE"
"452434";"4260484869791";"Klassische Schränke Schrank Eckschrank Kleiderschrank Holzschrank - FL-D1";"4260484869791";"true";"EAN_DUPLICATE"
"452435";"4260484869678";"Klassische Kommode Vitrine Kommoden Vitrinenschrank Kommodenschrank FL-K3";"4260484869678";"true";"EAN_DUPLICATE"
"452436";"4260484868176";"Klassische Schränke Schrank Schrankwand Vitrine Vitrinenschrank Glasschrank SE-1";"4260484868176";"true";"EAN_DUPLICATE"
"452437";"4260484866387";"Klassische Kommode Beistellschrank Landhaus Kommodenschrank Kommoden Model N-K6A";"4260484866387";"true";"EAN_DUPLICATE"
"452439";"JVM4062292161292";"Malaysia Deko Figur Statue Skulptur 108 cm Figuren Skulpturen Buddha Sofort";"4062292161292";"true";"EAN_DUPLICATE|NAME_CONTAINS_SOFORT"
"452444";"4260484862549";"Klassische Stühle Stuhl Vintage Esszimmerstuhl Biedermeier Royal Design TO-U3";"4260484862549";"true";"EAN_DUPLICATE"
"452445";"4260454046818";"Kommode + Virtrine Schmuck Uhren Begehbarer Schrank Massiv Echtholz V-KG Kommode";"4260454046818";"true";"EAN_DUPLICATE"
"452446";"4260454046795";"Element für Begehbaren Kleiderschrank Schrank Italienische Möbel V-E Hosenhalter";"4260454046795";"true";"EAN_DUPLICATE"
"452447";"4260454046528";"Element Model V1D-06LP für Begehbarer Schrank Kleiderschrank Italienische Möbel";"4260454046528";"true";"EAN_DUPLICATE"
"452448";"4260454046429";"Element Model V2D-16 für Begehbarer Schrank Kleiderschrank Italienische Möbel";"4260454046429";"true";"EAN_DUPLICATE"
"452449";"4260454046436";"Element Model V2D-10 für Begehbarer Schrank Kleiderschrank Italienische Möbel";"4260454046436";"true";"EAN_DUPLICATE"
"452451";"4260454046238";"Bett Schlafzimmer Königliches Schlafzimmer + Oberschrank Schrank Neu Verona IV";"4260454046238";"true";"EAN_DUPLICATE"
"452452";"4260454046245";"Italisches Stil Set 5tlg Bett Designer Exclusiv Luxus Bett Betten Doppelbett";"4260454046245";"true";"EAN_DUPLICATE"
"452524";"4260454046542";"Element Model V2D-05 für Begehbarer Schrank Kleiderschrank Italienische Möbel";"4260454046542";"true";"EAN_DUPLICATE"
"452526";"4067282291935";"Brauner Office Schreibtisch Cher Möbel Arbeitszimmer Einrichtung Modern";"4067282429253";"true";"EAN_DUPLICATE"
"452576";"4067282571068";"Esstisch Holz Esszimmertisch modern schwarz ovaler Tisch Möbel Modern Neu";"4067282571082";"true";"EAN_DUPLICATE"
"452577";"4260454046498";"Element Model V1D-08 LP für Begehbarer Schrank Kleiderschrank Italienische Möbel";"4260454046498";"true";"EAN_DUPLICATE"
"452702";"4062292645051";"Rund Esstisch Esszimmer Tisch Ausziehbarer Tische Luxus Holz Italienische Möbel";"4062292644917";"true";"EAN_DUPLICATE"
"452748";"4067282292093";"Weißer Arbeitstisch Büromöbel Bürotische Moderne Schreibarbeitsplätze";"4067282429253";"true";"EAN_DUPLICATE"
"452859";"4062292001055";"XXL U Form Leder Wohnlandschaft Couch Polster Sitz Ecksofa Sofa Große Garnitur";"4062292001055";"true";"EAN_DUPLICATE"
"452863";"4062292001024";"Moderne Couchgarnitur 290x290cm L Form Ecksofa Edle Sitz Couch Wohnlandschaft";"4062292001024";"true";"EAN_DUPLICATE"
"452877";"4062292001000";"Runde xxl polster wohnlandschaft couch rund eck sofa ledersofa sitz eck garnitur";"4062292001000";"true";"EAN_DUPLICATE"
"452883";"4062292000980";"Große Ledersofa Couch Sitz Polster Eck Garnitur Wohnlandschaft mit Beleuchtung";"4062292000980";"true";"EAN_DUPLICATE"
"452884";"4062292000973";"Ledersofa Ecksofa Sofa Wohnlandschaft Polster Sitz Eckgarnitur XXL Big Sofas Neu";"4062292000973";"true";"EAN_DUPLICATE"
"452886";"4062292000942";"Ledersofa Wohnlandschaft Ecksofa Polster Eck Sitz Couch Garnitur U Form XXL Big";"4062292000942";"true";"EAN_DUPLICATE"
"452890";"4062292000874";"Ledersofa Couch Wohnlandschaft Ecksofa Eck Garnitur Design Modern Sofa 1504B";"4062292000874";"true";"EAN_DUPLICATE"
"452893";"4062292000966";"Moderne Wohnlandschaft mit Chesterfield Knöpfen Ledersofa Sofa Couch Polster";"4062292000966";"true";"EAN_DUPLICATE"
"452894";"4062292000911";"Ledersofa Couch Wohnlandschaft Ecksofa Eck Garnitur Design Modern Sofa 1530B";"4062292000911";"true";"EAN_DUPLICATE"
"452899";"4062292001017";"Big xxl ledersofa sofa Couch polster eck lounge garnitur u form wohnlandschaft";"4062292001017";"true";"EAN_DUPLICATE"
"452904";"4062292000959";"Design Polster Couch Wohnlandschaft Ecksofa Polster Sitz Garnitur Sofa L Form";"4062292000959";"true";"EAN_DUPLICATE"
"452924";"JVM4069424727821";"Moderne Anrichte mit 2 Spiegeln – Stilvolles Design in Grau Sofort";"4069424727821";"false";"NAME_CONTAINS_SOFORT"
"452928";"4062292000881";"Multifunktion Couch Ecksofa Medien TV Sofa Couch Ledersofa Wohnlandschaft UForm";"4062292000881";"true";"EAN_DUPLICATE"
"452929";"4062292000928";"Ledersofa Couch Wohnlandschaft Ecksofa Eck Garnitur Design Modern Sofa 1541";"4062292000928";"true";"EAN_DUPLICATE"
"452932";"4062292145940";"Eck Sofa Leder + USB Eck Garnitur Wohn Ecke Landschaft L Form Design Polster Neu";"4062292145940";"true";"EAN_DUPLICATE"
"452944";"JVM4067282179455";"TV Ständer RTV Lowboard Sideboard Wohnzimmer Gold Grau Luxus Holz Sofort";"4067282179455";"true";"EAN_DUPLICATE|NAME_CONTAINS_SOFORT"
"452959";"4062292000898";"Multifunktion Couch Ecksofa Medien TV Sofa Couch Ledersofa 291 x 222cm LForm Neu";"4062292000898";"true";"EAN_DUPLICATE"
"452966";"4067282152304";"Luxus Tische Esszimmer Tisch Metall Esszimmer Moderner neu Stil Modern";"4067282152304";"true";"EAN_DUPLICATE"
"452968";"JVM4062292551413";"Design Couchen Sofa 4 Sitzer Couch Leder Polster Weiß Luxus Sofa Viersitz Sofort";"4062292551413";"false";"EAN_DUPLICATE|NAME_CONTAINS_SOFORT"
"452972";"JVM4067282598805";"Tischlampe Luxuriöse modern Schlafzimmer Tischleuchte Tischlampen Sofort";"4067282598805";"true";"EAN_DUPLICATE|NAME_CONTAINS_SOFORT"
"452975";"4062292000867";"Ledersofa Couch Wohnlandschaft Ecksofa Eck Garnitur Design Modern Sofa 1201B";"4062292000867";"true";"EAN_DUPLICATE"
"452989";"4067282186132";"Doppelstockbett Etagenbett Bett Jugendbett Hochbett Blau Kinderzimmer Kinderbett";"4067282186132";"true";"EAN_DUPLICATE"
"452990";"4062292554520";"Beistelltisch Tische Designer Beistelltisch Couchtisch Tisch Couchtische Neu";"4062292554520";"true";"EAN_DUPLICATE"
"452994";"4260484864635";"Wohnlandschaft Couch Polster Eck Garnitur Designer Ledersofa Big Sofa Neu 5102";"4260484864635";"true";"EAN_DUPLICATE"
"452997";"4260484863911";"Sofagarnitur Couch Polster Sofa Set 3+1+1 Leder Couchen Sofas Komplett Neu 1094";"4260484863911";"true";"EAN_DUPLICATE"
"453039";"4067282203211";"Ledersofa mit USB Wohnlandschaft Ecksofa Eck Garnitur Design Modern Sofa G8004B";"4067282203211";"true";"EAN_DUPLICATE"
"453040";"4067282570337";"Ledersofa mit USB Wohnlandschaft Ecksofa Eck Garnitur Design Modern Sofa G8002B";"4062292143564";"true";"EAN_DUPLICATE"
"453041";"4067282203228";"Ledersofa mit USB Wohnlandschaft Ecksofa Eck Garnitur Design Modern Sofa F3017B";"4067282203228";"true";"EAN_DUPLICATE"
"453044";"4067282570238";"Ledersofa Sofa mit USB Ecksofa Sitz Polster Wohnlandschaft XXL Big Weiden Orange";"4062292143533";"true";"EAN_DUPLICATE"
"453046";"4067282570269";"Ecksofa Sofa mit USB Wohnlandschaft Ledersofa XXL Designer Sofas Wolfhagen S/B";"4062292143496";"true";"EAN_DUPLICATE"
"453047";"4067282570252";"Designersofa Ecksofa mit USB Ledersofa Polster Sitz Eck Garnitur Couch PH3026";"4062292143472";"true";"EAN_DUPLICATE"
"453048";"4067282570276";"Ledersofa Ecksofa Big Sofa Sofa mit USB Polster Eck Wohnlandschaft mit Licht Neu";"4062292143458";"true";"EAN_DUPLICATE"
"453135";"4067282203303";"XXL Couch Ecksofa Leder Wohnlandschaft Garnitur Design Modern Sofa L-Form + USB";"4067282203303";"true";"EAN_DUPLICATE"
"453137";"4067282570375";"Ledersofa Couch Wohnlandschaft 3+2+1 Sitzer Garnitur Sofagarnitur Sofa mit USB";"4062292142925";"true";"EAN_DUPLICATE"
"453139";"4067282570306";"Ledersofa Couch Wohnlandschaft Ecksofa + Sessel Garnitur Design Modern LED USB";"4062292142970";"true";"EAN_DUPLICATE"
"453140";"4067282570313";"Ledersofa Couch Wohnlandschaft Eck Garnitur Design Modern Sofa U-Form mit USB";"4062292142963";"true";"EAN_DUPLICATE"
"453142";"4067282570368";"Ledersofa Garnitur Couch Wohnlandschaft Ecksofa Eck Design Modern Sofa LED USB";"4062292142918";"true";"EAN_DUPLICATE"
"453166";"4260584067936";"Ledersofa Sofa Couch Wohnlandschaft Ecksofa Eck Garnitur Design Modern L K5002C";"4260584067936";"true";"EAN_DUPLICATE"
"453167";"4062292002076";"Ledersofa Couch Wohnlandschaft 3+2+1 Sitzer Garnitur Design Modern Sofa A1163D";"4062292002076";"true";"EAN_DUPLICATE"
"453168";"4260560941199";"Ledersofa Sofa Couch Designersofa U Form Eckgarnitur Polsterecke XXL Big PH3005";"4260560941199";"true";"EAN_DUPLICATE"
"453169";"4062292002106";"Ledersofa Couch Wohnlandschaft Ecksofa Eck Garnitur Design Modern Sofa B2006B";"4062292002106";"true";"EAN_DUPLICATE"
"453170";"4260560941151";"Ledersofa Sofa Polster Sitz Ecke Wohnlandschaft Couch Eckgarnitur PH376 Beige";"4260560941151";"true";"EAN_DUPLICATE"
"453171";"4260560941243";"Ecksofa Couch Polster Eckgarnitur Wohnlandschaft Eckcouch Design Sofa PHM3375";"4260560941243";"true";"EAN_DUPLICATE"
"453172";"4260560941229";"Designersofa Ecksofa Couch Ledersofa Polster Sitz Eck Garnitur +Licht Neu PH3026";"4260560941229";"true";"EAN_DUPLICATE"
"453174";"4260606050496";"Designer Bett Polsterbett Luxusbett Doppelbett Ehebett Betten Rundes LB8844";"4260606050496";"true";"EAN_DUPLICATE"
"453175";"4062292001864";"Ledersofa Couch Wohnlandschaft 3+2+1 Sitzer Garnitur Design Modern Sofa A1112";"4062292001864";"true";"EAN_DUPLICATE"
"453176";"4260606050373";"Luxus Leder Bett Design Polster Betten Doppel Modernes Ehe140/160/180 LB8823";"4260606050373";"true";"EAN_DUPLICATE"
"453177";"4260606050205";"Designer Bett Polsterbett Luxusbett Doppelbett Ehebett Betten 140/160/180 LB8805";"4260606050205";"true";"EAN_DUPLICATE"
"453178";"4062292284359";"Ledersofa Couch Wohnlandschaft Ecksofa Eck Garnitur Design Ecksofa Sofa G8028B";"4062292284359";"true";"EAN_DUPLICATE"
"453193";"4062292002113";"Ledersofa Couch Wohnlandschaft Ecksofa Eck Garnitur Design Modern Sofa B2011";"4062292002113";"true";"EAN_DUPLICATE"
"453194";"4062292000201";"Ledersofa Couch Wohnlandschaft Ecksofa Eck Garnitur Design Modern Sofa F3018";"4062292000201";"true";"EAN_DUPLICATE"
"453198";"4260533187371";"Designsofa Sofa Couch Polster Ecksofa Garnitur Wohnlandschaft Ledersofa Haid -W";"4260533187371";"true";"EAN_DUPLICATE"
"453199";"4260533187425";"Ledersofa Sofagarnitur 3+2+1 Leder Couch Polster Sitz Designer Garnitur JarksonS";"4260533187425";"true";"EAN_DUPLICATE"
"453201";"4260533187197";"Ecksofa Ledersofa Sofa Couch Polster Sitz Ecke Garnitur Wohnlandschaft ElsterS";"4260533187197";"true";"EAN_DUPLICATE"
"453203";"4260454041554";"Designer Wohnlandschaft Eckcouch Neu Couch Sofa Polster Ledersofa Sofas Garnitur";"4260454041554";"true";"EAN_DUPLICATE"
"453204";"4260533187487";"Ledersofa Sofa Ecksofa U Form Couch Wohnlandschaft Designer Sitz Ecke LEONARDO-G";"4260533187487";"true";"EAN_DUPLICATE"
"453205";"4260454041141";"Wohnlandschaft Sofa Couch Polster Ecke Ecksofa Garnitur Textil Stoff Leder Sofas";"4260454041141";"true";"EAN_DUPLICATE"
"453206";"4260454041547";"Designer Garnitur Wohnlandschaft Eckcouch Couch Sofa Polster - bereits aktiv -";"4260454041547";"true";"EAN_DUPLICATE"
"453207";"4260439210395";"Sofagarnitur Ledersofa Sofa Couch Polster Leder Garnitur Couchen Sofas 3+2+1";"4260439210395";"true";"EAN_DUPLICATE"
"453208";"4260174429533";"ledersofa sofa ledercouch lederecksofa garnitur xxl wohnlandschaft ecksofa neu";"4260174429533";"true";"EAN_DUPLICATE"
"453209";"4260454041028";"Ecksofa Wohnlandschaft Sofa Couch Eck Garnitur Leder Textil Stoff Hamburg VI";"4260454041028";"true";"EAN_DUPLICATE"
"453211";"4260174429151";"DESIGNER LEDERSOFA GARNITUR ECKCOUCH LEDER ECKSOFA - Bereits aktiv -";"4260174429151";"true";"EAN_DUPLICATE"
"453212";"4260454043275";"TEXTIL SOFA DESIGNERSOFA GARNITUR LEDER COUCH E- bereits aktiv -";"4260454043275";"true";"EAN_DUPLICATE"
"453213";"4260454043237";"DESIGNER LEDERSOFA ECKCOUCH SOFA LEDERCOUCH - bereits aktiv -";"4260454043237";"true";"EAN_DUPLICATE"
"453214";"4260174420691";"Designer Ledersofa Wohnlandschaft Polster Couch Sofa Ecksofa Eckcouch Ledercouch";"4260174420691";"true";"EAN_DUPLICATE"
"453215";"4260454043244";"LEDERSOFA SOFA ECKCOUCH ECKSOFA SOFAGARNITUR DESIGNER COUCH WOHNLANDSCHAFT";"4260454043244";"true";"EAN_DUPLICATE"
"453216";"4260174420332";"LEDERSOFA XXL WOHNLANDSCHAFT GARNITUR LEDER ECKCOUCH GARNITUR ECKSOFA POLSTER";"4260174420332";"true";"EAN_DUPLICATE"
"453217";"4260174429632";"LEDER SOFA GARNITUR ECKSOFA *MOD H2209 BETA* ECKCOUCH GARNITUR LEDERCOUCH NEU";"4260174429632";"true";"EAN_DUPLICATE"
"453218";"4260174420714";"Ledersofa Wohnlandschaft Couch Sofa Ecksofa Eckcouch Ledercouch Polster Ecke";"4260174420714";"true";"EAN_DUPLICATE"
"453220";"4260454043367";"ledersofa ledercouch ecksofa garnitur sofa wohnlandschaft schwarz/weiß neu";"4260454043367";"true";"EAN_DUPLICATE"
"453221";"4260454041530";"Designer Garnitur Wohnlandschaft Eckcouch Couch Sofa Polster - bereits aktiv -";"4260454041530";"true";"EAN_DUPLICATE"
"453222";"4260174424439";"LEDERSOFA XXL WOHNLANDSCHAFT ECKSOFA DESIGN SOFA COUCH GARNITUR ECKCOUCH NEU";"4260174424439";"true";"EAN_DUPLICATE"
"453223";"4260174423593";"Sofa Garnitur Leder & Textil Stoff Couch Sofagarnitur 3+Chaise+1 Wohnlandschaft";"4260174423593";"true";"EAN_DUPLICATE"
"453224";"4260454041196";"Ledersofa Eckcouch Sofa Couch Poster Eckgarnitur Sofas Stoff Leder Garnitur Neu";"4260454041196";"true";"EAN_DUPLICATE"
"453225";"4260439210371";"Designer Ecksofa Wohnlandschaft Couch Sofa Polster Garnitur Lounge Sofas Couchen";"4260439210371";"true";"EAN_DUPLICATE"
"453226";"4260174422558";"LEDERSOFA BIG SOFA 3+3 SITZER DESIGN SOFA POLSTER LEDER GARNITUR COUCH &quot;FARBWAHL";"4260174422558";"true";"EAN_DUPLICATE"
"453227";"4260454043404";"Sofagarnitur 3+2+1 Textil Stoff Couch Desig Sofa Wohnlandschaft Polster Garnitur";"4260454043404";"true";"EAN_DUPLICATE"
"453228";"4260174422541";"LEDERSOFA XXL SOFA ECKSOFA WOHNLANDSCHAFT BIG COUCH LEDERGARNITUR POLSTER NEU";"4260174422541";"true";"EAN_DUPLICATE"
"453229";"4260174428383";"LEDERSOFA LEDERCOUCH LEDERECKSOFA WOHNLANDSCHAFT ECKSOFA NEU GARNITUR SOFA XXL";"4260174428383";"true";"EAN_DUPLICATE"
"453230";"4260174424453";"LEDERSOFA WOHNLANDSCHAFT COUCH DESIGN ECKSOFA BERLIN SOFA GARNITUR POLSTER";"4260174424453";"true";"EAN_DUPLICATE"
"453231";"4260174429625";"LEDERSOFA SOFA ECKCOUCH ECKSOFA SOFAGARNITUR DESIGNER COUCH WOHNLANDSCHAFT";"4260174429625";"true";"EAN_DUPLICATE"
"453232";"4260174420318";"LEDERSOFA LEDERGARNITUR 3+2+1 POLSTERGARNITUR LEDERCOUCH GARNITUR &quot;MADE IN EU&quot;";"4260174420318";"true";"EAN_DUPLICATE"
"453233";"4260174420301";"ECKSOFA LEDERSOFA LEDERGARNITUR ECKCOUCH DESIGN *FARBWAHL* SOFA LEDER COUCH";"4260174420301";"true";"EAN_DUPLICATE"
"453234";"4067282203679";"LEDERSOFA LEDER COUCH GARNITUR 3+2+1 SITZER POLSTERGARNITUR DESIGNER SOFA NEU";"4260174420448";"true";"EAN_DUPLICATE"
"453235";"4260174428499";"STOFFSOFA TEXTIL WOHNLANDSCHAFT SOFA RELAXFUNKTION COUCH ECKSOFA GARNITUR NEU";"4260174428499";"true";"EAN_DUPLICATE"
"453236";"4260174422442";"Stoffsofa Ecksofa Textilsofa Sofa Couch Textil Stoff Wohnlandschaft Polster Neu";"4260174422442";"true";"EAN_DUPLICATE"
"453237";"4260174420233";"LEDERSOFA LEDERSOFA DESIGNERSOFA GARNITUR 3+1 COUCH POLSTERGARNITUR POLSTER SOFA";"4260174420233";"true";"EAN_DUPLICATE"
"453238";"4260174422435";"Designer Ecksofa Wohnlandschaft Sofa Ecksofa Couch Stoff Textil Leder Patentiert";"4260174422435";"true";"EAN_DUPLICATE"
"453239";"4260174421155";"Ecksofa Wohnlandschaft Couch Ledersofa Sofa Polster Garnitur - bereits aktiv -";"4260174421155";"true";"EAN_DUPLICATE"
"453240";"4260454043381";"LEDERSOFA DESIGN SOFA SOFAGARNITUR 3+2+1 SOFA COUCH GARNITUR POLSTERGARNITUR";"4260454043381";"true";"EAN_DUPLICATE"
"453241";"4260174420325";"LEDERSOFA SOFA ECKCOUCH POLSTER ECKSOFA SOFAGARNITUR DESIGNER COUCH BARFUNKTION";"4260174420325";"true";"EAN_DUPLICATE"
"453242";"4260454043411";"LEDERSOFA ECKSOFA SOFA GARNITUR DESIGNER COUCH WOHNLANDSCHAFT &quot;FARBWAHL&quot; NEU";"4260454043411";"true";"EAN_DUPLICATE"
"453243";"4260174422480";"LEDERSOFA XXL LEDER GARNITUR ECKSOFA POLSTER WOHNLANDSCHAFT GARNITUR ECKCOUCH !";"4260174422480";"true";"EAN_DUPLICATE"
"453244";"4260174429649";"Ecksofa VIGO &quot;LT01&quot; Eckcouch Couch Sofa Eckgarnitur Ledersofa Leder Textil Stoff";"4260174429649";"true";"EAN_DUPLICATE"
"453245";"4260560941083";"Designer Sofagarnitur Ledersofa Set 3+2+1 Garnitur Sofa Couch Neu Zitadelle O/W";"4260560941083";"true";"EAN_DUPLICATE"
"453247";"4260174420004";"Ledersofa Sofa Couch Sofa 3 Sitzer Relaxcouch mit Barfunktion Designer Garnitur";"4260174420004";"true";"EAN_DUPLICATE"
"453248";"4260560940666";"Ecksofa Ledersofa Wohnlandschaft L Form Sofa Couch Polster Sitz Ecke Tettau Rot";"4260560940666";"true";"EAN_DUPLICATE"
"453249";"4260560940857";"Ledersofa Sofa Couch Ecksofa Sitz Polster Wohnlandschaft XXL Big Weiden Black";"4260560940857";"true";"EAN_DUPLICATE"
"453251";"4260560940437";"Designer Wohnlandschaft Ecksofa Sofa Couch Big L Form XXL Sitz Garnitur Sandberg";"4260560940437";"true";"EAN_DUPLICATE"
"453252";"4260560940659";"Ecksofa Ledersofa Wohnlandschaft L Form Sofa Couch Polster Sitz Ecke Tettau Weiß";"4260560940659";"true";"EAN_DUPLICATE"
"453253";"4260560940390";"Wohnlandschaft Ecksofa Designer Sofa Eckcouch Polster Sitz Ecke Neu Rodos SW";"4260560940390";"true";"EAN_DUPLICATE"
"453254";"4260560940079";"Designer Sofa Couch Polster Ledersofa Ecksofa L Form Sofas Couchen Neuer W/S";"4260560940079";"true";"EAN_DUPLICATE"
"453255";"4260560941069";"Designer Sofagarnitur Ledersofa Set 3+2+1 Garnitur Sofa Couch Neu Zitadelle S/W";"4260560941069";"true";"EAN_DUPLICATE"
"453257";"4260560940543";"Leder U Form Wohnlandschaft Couch Big XXL Sofa Polster Ecke Garnitur Eck Senden";"4260560940543";"true";"EAN_DUPLICATE"
"453259";"4260499877934";"Ecksofa Sofa Couch Polster Wohnlandschaft Polsterecke Designsofa Ledersofa LubyS";"4260499877934";"true";"EAN_DUPLICATE"
"453260";"4260560940055";"Ledersofa Sofagarnitur 3+2+1 Couch Sitz Polster Sofa Garnitur Set Nassau Braun";"4260560940055";"true";"EAN_DUPLICATE"
"453262";"4260560940413";"Wohnlandschaft Designer Sofa Couch Big Polster Leder Sofas Eck Ecke Sitz Black";"4260560940413";"true";"EAN_DUPLICATE"
"453263";"4062292490767";"Ledersofa Ecksofa Wohnlandschaft Designer Couch Licht Sofa Polster Hallstadt -S";"4062292490767";"true";"EAN_DUPLICATE"
"453264";"4260560940000";"Ecksofa Sofa Couch Polster Wohnlandschaft Polsterecke Designsofa Ledersofa LubyB";"4260560940000";"true";"EAN_DUPLICATE"
"453265";"4067282203549";"Ledersofa Ecksofa Sofa Couch Polster Designer Eckgarnitur Wohnlandschaft LimaS";"4067282203549";"true";"EAN_DUPLICATE"
"453267";"4260533189979";"Patentiertes Design Ecksofa Sofa Couch Polster Leder Ecke BERLINr Wohnlandschaft";"4260533189979";"true";"EAN_DUPLICATE"
"453269";"4260533188675";"Ecksofa Sofa Couch Polster Leder Wohnlandschaft Ecke Garnitur L Ledersofa 3026";"4260533188675";"true";"EAN_DUPLICATE"
"453270";"4260533188644";"Wohnzimmer U Form Ecksofa Design Sofa Couch Polster Garnitur Ecke Braun PH3005";"4260533188644";"true";"EAN_DUPLICATE"
"453271";"4260533188637";"Wohnlandschaft Sofa Couch Polster Ecke XX Big Ecksofa Ledersofa Design PH3004";"4260533188637";"true";"EAN_DUPLICATE"
"453272";"4260533188538";"Design Ecksofa Couch Polster Eck Garnitur Ledersofa Ecke Wohnlandschaft PH300";"4260533188538";"true";"EAN_DUPLICATE"
"453274";"4260533188293";"Ledersofa Sofa Couch Polster Ecksofa XXL Big Garnitur Wohnlandschaft Sofas PHX1w";"4260533188293";"true";"EAN_DUPLICATE"
"453276";"4260533188194";"Designer Sofagarnitur Ledersofa Set 3+2+1 Garnitur Sofa Couch Neu Zitadelle Weiß";"4260533188194";"true";"EAN_DUPLICATE"
"453278";"4067282202962";"LEDER SOFA LEDERCOUCH ECKSOFA WOHNLANDSCHAFT SCHWARZ WEIß ECKCOUCH DESIGN SOFA";"4260174420424";"true";"EAN_DUPLICATE"
"453280";"4260174420295";"Sofa Polster 3+2 Sitz Designer Sofa Ledersofa Couch Garnitur";"4260174420295";"true";"EAN_DUPLICATE"
"453281";"4260533188590";"Wohnlandschaft Couch Polster Eck Garnitur Designer Ledersofa Big Sofa Neu PH376";"4260533188590";"true";"EAN_DUPLICATE"
"453282";"4260454043329";"Lederecksofa Ledereckcouch Sofa Garnitur XXL LiegeLedersofa Berlin U-Form Couch";"4260454043329";"true";"EAN_DUPLICATE"
"453283";"4260533188330";"Wohnlandschaft Ecksofa Design Sofa Couch Polster Sitz Ecke U Form Weiß PHM110";"4260533188330";"true";"EAN_DUPLICATE"
"453284";"4260454043282";"DESIGNER SOFA SITZER RELAX COUCH POLSTERGARNITUR TEXTIL NEUSOFAGARNITUR 3/2/1 !!";"4260454043282";"true";"EAN_DUPLICATE"
"453285";"4260484865267";"Sofagarnitur Couch Polster Sofa Set 3+2+1 Leder Couchen Sofas Garnitur Sitz T777";"4260484865267";"true";"EAN_DUPLICATE"
"453288";"4260174421179";"TEXTILSOFA STOFFSOFA WOHNLANDSCHAFT COUCHGARNITUR NEU GARNITUR ECKCOUCH ECKSOFA";"4260174421179";"true";"EAN_DUPLICATE"
"453289";"4260484864079";"Wohnlandschaft Sofa Couch Ecksofa Eckcouch Polster Garnitur Ecke Sofas 3371";"4260484864079";"true";"EAN_DUPLICATE"
"453290";"4260484863720";"Wohnlandschaft Polster Ecke Eck Sofa Couch Garnitur Ecksofa Couchen WetzlarC Neu";"4260484863720";"true";"EAN_DUPLICATE"
"453291";"4260439210173";"LEDERSOFA ECKSOFA ECKCOUCH DESIGNER WOHNLANDSCHAFT L FORM COUCH SITZ SOFA PISA";"4260439210173";"true";"EAN_DUPLICATE"
"453292";"4260174429120";"LEDER COUCH SOFAGARNITUR COUCHGARNITUR POLSTERGARNITUR SOFA 3/2/1 SITZER RELAX";"4260174429120";"true";"EAN_DUPLICATE"
"453293";"4260484863638";"Wohnlandschaft Polster Ecke Eck Sofa Couch Garnitur Landschaft Leder PH739B";"4260484863638";"true";"EAN_DUPLICATE"
"453294";"4260484863539";"Ecksofa Ledersofa Big XXL U Form Wohnlandschaft Sofa Couch Garnitur Neu H2211B";"4260484863539";"true";"EAN_DUPLICATE"
"453295";"4260439210166";"LEDERSOFA ECKSOFA COUCH DESIGNER PISA WOHNLANDSCHAFT COUCH Neu SOFA L FORM BETA";"4260439210166";"true";"EAN_DUPLICATE"
"453297";"4260484863386";"Wohnlandschaft Polster Ecke Eck Sofa Couch Garnitur Landschaft Leder - AlfredC";"4260484863386";"true";"EAN_DUPLICATE"
"453298";"4260484863621";"Wohnlandschaft Polster Ecke Eck Sofa Couch Garnitur Landschaft Leder Sitz PH739";"4260484863621";"true";"EAN_DUPLICATE"
"453299";"4260484863331";"Ledersofa Ecksofa Sofa Couch Design Sitz Polster Garnitur Wohnlandschaft 2725C";"4260484863331";"true";"EAN_DUPLICATE"
"453300";"4260484863492";"Sofagarnitur Couch Polster Leder Sitz Garnitur 3+2+1 Set Modernes Sofa Detmold";"4260484863492";"true";"EAN_DUPLICATE"
"453301";"4260484863324";"Ledersofa Ecksofa Sofa Couch Design Sitz Polster Garnitur Wohnlandschaft 2725B";"4260484863324";"true";"EAN_DUPLICATE"
"453302";"4260484863379";"Wohnlandschaft Polster Ecke Eck Sofa Couch Garnitur Landschaft Leder - AlfredB";"4260484863379";"true";"EAN_DUPLICATE"
"453303";"4260174429656";"LEDERSOFA Design WOHNLANDSCHAFT COUCH GARNITUR POLSTERECKE ECKCOUCH SOFA Bergamo";"4260174429656";"true";"EAN_DUPLICATE"
"453304";"4260484864024";"Sofagarnitur Couch Polster Sofa Set 3+2+1 Leder Couchen Sofas Komplett 2705";"4260484864024";"true";"EAN_DUPLICATE"
"453305";"4260454044784";"Ecksofa Eck Sofa Couch Polster Leder Garnitur Wohnlandschaft Chaiselounge";"4260454044784";"true";"EAN_DUPLICATE"
"453306";"4260484863256";"Wohnlandschaft Polster Ecke Eck Sofa Couch Garnitur Landschaft Leder - 2719C Neu";"4260484863256";"true";"EAN_DUPLICATE"
"453307";"4260484863287";"Wohnlandschaft Polster Ecke Eck Sofa Couch Garnitur Landschaft Leder Neu - 2723B";"4260484863287";"true";"EAN_DUPLICATE"
"453308";"4260484863249";"Wohnlandschaft Polster Ecke Eck Sofa Couch Garnitur Landschaft Leder Neu - 2719B";"4260484863249";"true";"EAN_DUPLICATE"
"453309";"4260484863683";"Wohnlandschaft Polster Ecke Eck Sofa Sitz Couch Garnitur Landschaft Leder V015B";"4260484863683";"true";"EAN_DUPLICATE"
"453310";"4260484863201";"Wohnlandschaft Polster Ecke Eck Sofa Couch Garnitur Landschaft Leder Neu / 2711B";"4260484863201";"true";"EAN_DUPLICATE"
"453311";"4260484863645";"Ecksofa Polster Wohnlandschaft Couch Sofa Wohnlandschaft UForm Sitz Ecke PH739C";"4260484863645";"true";"EAN_DUPLICATE"
"453312";"4260484863041";"Ecksofa Eck Sofa Garnitur Couch Polster Leder Wohnlandschaft Chaiselounge Wies";"4260484863041";"true";"EAN_DUPLICATE"
"453314";"4260484863232";"Sofagarnitur Ledersofa 3+2 Polster Couch Sofa Set Garnitur Hocker Sofas - 2719A";"4260484863232";"true";"EAN_DUPLICATE"
"453315";"4260484863393";"Wohnlandschaft Sofa Couch Sofagarnitur Polster Garnitur Leder AlfredD";"4260484863393";"true";"EAN_DUPLICATE"
"453316";"4260484863348";"Ledersofa Ecksofa Sofa Couch Design Sitz Polster Garnitur Wohnlandschaft 2348";"4260484863348";"true";"EAN_DUPLICATE"
"453318";"4260484863034";"Designer Ecksofa mit Liege Couch Sofa Wohnlandschaft Ledersofa L Form Einstein";"4260484863034";"true";"EAN_DUPLICATE"
"453320";"4260484863300";"Wohnlandschaft Polster Ecke Eck Sofa Couch Garnitur Landschaft Leder Neu / 2724B";"4260484863300";"true";"EAN_DUPLICATE"
"453322";"4260484863270";"Wohnlandschaft Ecksofa Ledersofa Sofa Couch Polster Sitz Eck Garnitur Neu 2723";"4260484863270";"true";"EAN_DUPLICATE"
"453323";"4260484863218";"Wohnlandschaft Polster Ecke Eck Sofa Couch Garnitur Landschaft Leder Sitz 2711C";"4260484863218";"true";"EAN_DUPLICATE"
"453324";"4260174421742";"Leder Sofa Polster Couch Ecksofa Wohnlandschaft Polsterecke Couch Sofa Bergamo";"4260174421742";"true";"EAN_DUPLICATE"
"453325";"4260484863065";"Wohnlandschaft Polster Ecke Eck Sofa Couch Garnitur Landschaft Leder Textil Neu!";"4260484863065";"true";"EAN_DUPLICATE"
"453326";"4260174421766";"3+2+1 Sofagarnitur Ledersofa Couch Sofa Designer Sofas Wohnlandschaft Bergamo";"4260174421766";"true";"EAN_DUPLICATE"
"453327";"4260454041400";"Big Couch Sofa Wohnlandschaft Polster Eck Leder Sofa Garnitur Couchen Bergamo";"4260454041400";"true";"EAN_DUPLICATE"
"453328";"4260454040366";"Ecksofa Wohnlandschaft Couch Polster L Form Garnitur Eck Couchen XXL Sofas";"4260454040366";"true";"EAN_DUPLICATE"
"453329";"4260454041271";"Ecksofa Eck Sofa Couch Polster Leder Garnitur Wohnlandschaft Chaiselounge";"4260454041271";"true";"EAN_DUPLICATE"
"453414";"4067282570344";"Ledersofa Couch Wohnlandschaft Ecksofa Eck Garnitur Design Modern Sofa mit USB";"4062292142901";"true";"EAN_DUPLICATE"
"453439";"4067282256965";"Klassische Eck Vitrine Glas Schrank Wohnzimmer Schaufenster Luxus Braun Vitrinen";"4067282256965";"true";"EAN_DUPLICATE"
"453452";"4062292000249";"Ledersofa Couch Wohnlandschaft 3+2+1 Sitzer Garnitur Design Modern Sofa G8001D";"4062292000249";"true";"EAN_DUPLICATE"
"453455";"4062292000270";"Ledersofa Couch Wohnlandschaft Ecksofa Eck Garnitur Design Modern Sofa G8002C";"4062292000270";"true";"EAN_DUPLICATE"
"453458";"4062292000324";"Ledersofa Couch Wohnlandschaft Ecksofa Eck Garnitur Design Modern Sofa G8003C";"4062292000324";"true";"EAN_DUPLICATE"
"453460";"4260533187494";"Ledersofa Ecksofa Sofa Couch Polster Designer Eckgarnitur Wohnlandschaft LimaB";"4260533187494";"true";"EAN_DUPLICATE"
"453463";"4260533187500";"Ecksofa Sofa Couch Polster Wohnlandschaft Polsterecke Designsofa Ledersofa LubyE";"4260533187500";"true";"EAN_DUPLICATE"
"453465";"4062292002212";"Ledersofa Couch Wohnlandschaft Ecksofa Eck Garnitur Design Modern Sofa C4011C";"4062292002212";"true";"EAN_DUPLICATE"
"453475";"4260560940871";"Ledersofa Sofa Couch Ecksofa Sitz Polster Wohnlandschaft XXL Big Weiden Orange";"4260560940871";"true";"EAN_DUPLICATE"
"453477";"4260560940536";"Leder U Form Wohnlandschaft Couch Big XXL Sofa Polster Ecke Garnitur Eck SendenS";"4260560940536";"true";"EAN_DUPLICATE"
"453480";"4260560940048";"Ledersofa Sofagarnitur 3+2+1 Couch Sitz Polster Sofa Garnitur Set Nassau Be";"4260560940048";"true";"EAN_DUPLICATE"
"453482";"4260174429274";"Sofagarnitur Sofa Couch Sitz Polster Set 3+2+1 Couchgarnitur Ledersofa Franco W";"4260174429274";"true";"EAN_DUPLICATE"
"453491";"4260533188118";"Ledersofa Sofa Couch Ecksofa Sitz Polster Wohnlandschaft XXL Big Weiden Weiß";"4260533188118";"true";"EAN_DUPLICATE"
"453492";"4067282553378";"Hänge Vitrine Weiß Schrank Möbel Wohnzimmer Einrichtung Holz Luxus";"4067282553385";"true";"EAN_DUPLICATE"
"453493";"4062292144875";"Ledersofa mit USB Wohnlandschaft Ecksofa Eck Garnitur Couch Design Sofa L6002B";"4062292144875";"true";"EAN_DUPLICATE"
"453495";"4067282554153";"Wohnwand Weiß TV Ständer Designer Einrichtung Wohnzimmermöbel Wand Regale";"4067282554160";"true";"EAN_DUPLICATE"
"453503";"4260484866882";"Ecksofa Wohnlandschaft Stoff Textil Sofa Ecksofa Couch Ecke Polster Garnitur";"4260484866882";"true";"EAN_DUPLICATE"
"453505";"4260174429984";"Ecksofa Eck Wahl Leder Stoff Polster Textil Bett+Kasten Couch Sofa Ecke Garnitur";"4260174429984";"true";"EAN_DUPLICATE"
"453507";"4260484866752";"Ecksofa Wohnlandschaft Polster mit Bettfunktion Sofa Ecksofa Couch Ecke Garnitur";"4260484866752";"true";"EAN_DUPLICATE"
"453509";"4260484866868";"Ecksofa Wohnlandschaft + Bettfunktion Sofa Ecksofa Couch Ecke Polster Garnitur";"4260484866868";"true";"EAN_DUPLICATE"
"453513";"4260484866820";"3 Sitz Sofa Couch Textil Polster Stoff Garnitur Schlafsofa Bettfunktion Neu";"4260484866820";"true";"EAN_DUPLICATE"
"453519";"4260484866875";"Ecksofa Wohnlandschaft Sofa mit Bettfunktion Ecksofa Couch Ecke Polster Garnitur";"4260484866875";"true";"EAN_DUPLICATE"
"453521";"4260484866837";"3 Sitz Sofa Couch Textil Polster Stoff Garnitur BEttfunktion Schlafsofa Neu";"4260484866837";"true";"EAN_DUPLICATE"
"453526";"4260439210210";"Ecksofa Sofa Couch Wohnlandschaft Garnitur Polster Ecke Schlafsofa Bettfunktion";"4260439210210";"true";"EAN_DUPLICATE"
"453528";"4260174429731";"Ecksofa Eck Wahl Leder Stoff Kasten&Bett Polster Textil Couch Sofa Ecke Garnitur";"4260174429731";"true";"EAN_DUPLICATE"
"453529";"4067282570320";"Ledersofa Sofa mit USB Ecksofa Sitz Polster Wohnlandschaft XXL Big Weiden Grau";"4062292143526";"true";"EAN_DUPLICATE"
"453558";"4067282570290";"Ledersofa Couch Wohnlandschaft Ecksofa + Sessel Garnitur Design Sofa mit USB";"4062292142390";"true";"EAN_DUPLICATE"
"453565";"4062292001833";"Ledersofa Couch Wohnlandschaft Garnitur Design Modern 3+2+1 Sitzer Sofa A1109";"4062292001833";"true";"EAN_DUPLICATE"
"453577";"4062292000379";"Design Ledersofa Sofa Couch Polster Eckgarnitur Sitzgarnitur Leder Couchen 8004C";"4062292000379";"true";"EAN_DUPLICATE"
"453580";"4062292000027";"Ledersofa Couch Wohnlandschaft Ecksofa Eck Garnitur Design Modern Sofa F_3014B";"4062292000027";"true";"EAN_DUPLICATE"
"453593";"4260533187395";"Sofagarnitur 3+2+1 Couch Polster Sitz Leder Garnitur Designer Set Neu Homberg W";"4260533187395";"true";"EAN_DUPLICATE"
"453595";"4260560940932";"Ledersofa Ecksofa Wohnlandschaft Ecksofa Eckcouch Polster Sitz Ecke WyenW/B Neu";"4260560940932";"true";"EAN_DUPLICATE"
"453627";"4067282519237";"Grauer Schminktisch Designer Schlafzimmer Möbel Holz Luxus Frisiertisch";"4067282519237";"true";"EAN_DUPLICATE"
"453665";"4062292001901";"Ledersofa Couch Wohnlandschaft Ecksofa Eck Garnitur Design Modern Sofa A1121B";"4062292001901";"true";"EAN_DUPLICATE"
"453668";"4260560941250";"Ecksofa Polster Couch Sofa Wohnlandschaft L Form Sitz Wohnlandschaft Ecke PHM22";"4260533188743";"true";"EAN_DUPLICATE"
"453670";"4062292000393";"Design Ledersofa Sofa Couch Polster Eck Wohnlandschaft Garnitur Sofas Neu G8004F";"4062292000393";"true";"EAN_DUPLICATE"
"453673";"4062292000386";"Ledersofa Couch Wohnlandschaft 3+2+1 Sttzer Garnitur Design Sofa Sofagarnitur";"4062292000386";"true";"EAN_DUPLICATE"
"453685";"4260560940420";"Moderne Eckgarnitur Ecksofa Eckcouch Wohnlandschaft L Form XXL Sofa Couch Neu";"4260560940420";"true";"EAN_DUPLICATE"
"453712";"4067282203488";"Ledersofa Couch Wohnlandschaft Ecksofa Eck Garnitur Design Modern Sofa L6008C";"4067282203488";"true";"EAN_DUPLICATE"
"453714";"4062292002045";"Ledersofa Couch Wohnlandschaft Ecksofa Eck Garnitur Design Modern Sofa A1163";"4062292002045";"true";"EAN_DUPLICATE"
"453717";"4260533187388";"Ledersofa Ecksofa Wohnlandschaft Designer Couch Licht Sofa Polster Hallstadt -W";"4260533187388";"true";"EAN_DUPLICATE"
"453719";"4260560940864";"Ledersofa Sofa Couch Ecksofa Sitz Polster Wohnlandschaft XXL Big Weiden Grau";"4260560940864";"true";"EAN_DUPLICATE"
"453721";"4260560940109";"Ledersofa Ecksofa Sofa Couch Polster Ecke Designer Sofas Couchen Neu Paris Weiß";"4260560940109";"true";"EAN_DUPLICATE"
"453724";"4260533188651";"Ledersofa Sofa Couch Polster Ecke Wohnlandschaft Ecksofa Design Leder PH3006 Neu";"4260533188651";"true";"EAN_DUPLICATE"
"453739";"4067282644755";"Bett Polster Design Luxus Doppel Hotel Betten beige Luxus Hotel Neu";"4067282644748";"true";"EAN_DUPLICATE"
"453742";"4067282570351";"Design Ledersofa Sofa mit USB Polster Wohnlandschaft Eck Garnitur Ecke Tachau S";"4062292143397";"true";"EAN_DUPLICATE"
"453797";"4067282547315";"Polsterbank Sitzbank Designer Bank Sitzmöbel Klassische Wohnzimmer Neu";"4067282547322";"true";"EAN_DUPLICATE"
"453830";"4260454045828";"die sich ideal für das Schlafzimmer eignet und modernes Design, hohen Komfort sowie praktische Funktionalität dank geräumigem Bettkasten und stabilem Lattenrost vereint.";"4260454045828";"true";"EAN_DUPLICATE"
"453866";"4062292144653";"Ledersofa Ecksofa + USB Garnitur Wohnlandschaft Polster L Form Couch Sofa G8012C";"4062292144653";"true";"EAN_DUPLICATE"
"453907";"4062292144325";"Wohnlandschaft Polster Eck Garnitur Designer Ledersofa mit USB Big Sofa 1103 Neu";"4062292144325";"true";"EAN_DUPLICATE"
"453911";"4062292146237";"Ecksofa mit USB Polster Textill Design Sofa Garnitur Wohnlandschaft Parlament";"4062292146237";"true";"EAN_DUPLICATE"
"453957";"4062292000294";"Design XXL Big Sofa Ecksofa Ledersofa Couch Polster Ecke Wohnlandschaft G8002E";"4062292000294";"true";"EAN_DUPLICATE"
"453960";"4062292000256";"Ledersofa Couch Wohnlandschaft Ecksofa + 1 Sitzer Garnitur Design Modern G8001E";"4062292000256";"true";"EAN_DUPLICATE"
"453962";"4062292000157";"Ledersofa Couch Wohnlandschaft Ecksofa Eck Garnitur Design Modern Sofa Neu F3015";"4062292000157";"true";"EAN_DUPLICATE"
"453963";"4062292000317";"Ledersofa Couch Wohnlandschaft Ecksofa Eck Garnitur Design Modern Sofa G8003B";"4062292000317";"true";"EAN_DUPLICATE"
"453964";"4062292000140";"Ledersofa Couch Wohnlandschaft Ecksofa Eck Garnitur Design Modern Sofa F3014 neu";"4062292000140";"true";"EAN_DUPLICATE"
"453969";"4062292001949";"Ledersofa Couch Wohnlandschaft Ecksofa Eck Garnitur Design Modern Sofa A1127 neu";"4062292001949";"true";"EAN_DUPLICATE"
"453971";"4062292001932";"Ledersofa Couch Wohnlandschaft Ecksofa Eck Garnitur Design Modern Sofa A1126";"4062292001932";"true";"EAN_DUPLICATE"
"453973";"4062292001871";"Ledersofa Couch Wohnlandschaft Ecksofa Eck Garnitur Design Modern Sofa A1116";"4062292001871";"true";"EAN_DUPLICATE"
"453974";"4260606051028";"Wasserbett Hotel Doppel Bett Betten Komplett Lederbett Polsterbett Wasser LB8836";"4260606051028";"true";"EAN_DUPLICATE"
"453975";"4260606051035";"Wasserbett Hotel Doppel Bett Betten Komplett Lederbett Polsterbett Wasser LB8841";"4260606051035";"true";"EAN_DUPLICATE"
"453978";"4260606051011";"Wasserbett Hotel Doppel Bett Betten Komplett Lederbett Polsterbett Wasser LB8835";"4260606051011";"true";"EAN_DUPLICATE"
"453979";"4260606051004";"Wasserbett Hotel Doppel Bett Betten Komplett Lederbett Polsterbett Wasser LB8831";"4260606051004";"true";"EAN_DUPLICATE"
"453987";"4260606050991";"Wasserbett Hotel Doppel Bett Betten Komplett Lederbett Polsterbett Wasser LB8829";"4260606050991";"true";"EAN_DUPLICATE"
"453991";"4260606050984";"Wasserbett Hotel Doppel Bett Betten Komplett Lederbett Polsterbett Wasser LB8828";"4260606050984";"true";"EAN_DUPLICATE"
"453997";"4260606050977";"Wasserbett Hotel Doppel Bett Betten Komplett Lederbett Polsterbett Wasser LB8827";"4260606050977";"true";"EAN_DUPLICATE"
"453999";"4260606050953";"Wasserbett Hotel Doppel Bett Betten Komplett Lederbett Polsterbett Wasser LB8825";"4260606050953";"true";"EAN_DUPLICATE"
"454000";"4260606050960";"Wasserbett Hotel Doppel Bett Betten Komplett Lederbett Polsterbett Wasser LB8826";"4260606050960";"true";"EAN_DUPLICATE"
"454003";"4260606050915";"Wasserbett Hotel Doppel Bett Betten Komplett Lederbett Polsterbett Wasser LB8822";"4260606050915";"true";"EAN_DUPLICATE"
"454006";"4260606050878";"Wasserbett Hotel Doppel Bett Betten Komplett Lederbett Polsterbett Wasser LB8817";"4260606050878";"true";"EAN_DUPLICATE"
"454007";"4260606050922";"Wasserbett Hotel Doppel Bett Betten Komplett Lederbett Polsterbett Wasser LB8823";"4260606050922";"true";"EAN_DUPLICATE"
"454008";"4260606050892";"Wasserbett Hotel Doppel Bett Betten Komplett Lederbett Polsterbett Wasser LB8820";"4260606050892";"true";"EAN_DUPLICATE"
"454009";"4260606050908";"Wasserbett Hotel Doppel Bett Betten Komplett Lederbett Polsterbett Wasser LB8821";"4260606050908";"true";"EAN_DUPLICATE"
"454010";"4260606050885";"Wasserbett Hotel Doppel Bett Betten Komplett Lederbett Polsterbett Wasser LB8818";"4260606050885";"true";"EAN_DUPLICATE"
"454011";"4260606050861";"Wasserbett Hotel Doppel Bett Betten Komplett Lederbett Polsterbett Wasser LB8816";"4260606050861";"true";"EAN_DUPLICATE"
"454012";"4260606050830";"Wasserbett Hotel Doppel Bett Betten Komplett Lederbett Polsterbett Wasser LB8813";"4260606050830";"true";"EAN_DUPLICATE"
"454013";"4260606050854";"Wasserbett Hotel Doppel Bett Betten Komplett Lederbett Polsterbett Wasser LB8815";"4260606050854";"true";"EAN_DUPLICATE"
"454015";"4260606050847";"Wasserbett Hotel Doppel Bett Betten Komplett Lederbett Polsterbett Wasser LB8814";"4260606050847";"true";"EAN_DUPLICATE"
"454017";"4260606050816";"Wasserbett Hotel Doppel Bett Betten Komplett Lederbett Polsterbett Wasser LB8811";"4260606050816";"true";"EAN_DUPLICATE"
"454018";"4260606050786";"Wasserbett Hotel Doppel Bett Betten Komplett Lederbett Polsterbett Wasser LB8808";"4260606050786";"true";"EAN_DUPLICATE"
"454019";"4260606050755";"Wasserbett Hotel Doppel Bett Betten Komplett Lederbett Polsterbett Wasser LB8805";"4260606050755";"true";"EAN_DUPLICATE"
"454020";"4260606050823";"Wasserbett Hotel Doppel Bett Betten Komplett Lederbett Polsterbett Wasser LB8812";"4260606050823";"true";"EAN_DUPLICATE"
"454021";"4260606050793";"Wasserbett Hotel Doppel Bett Betten Komplett Lederbett Polsterbett Wasser LB8809";"4260606050793";"true";"EAN_DUPLICATE"
"454022";"4260606050762";"Wasserbett Hotel Doppel Bett Betten Komplett Lederbett Polsterbett Wasser LB8806";"4260606050762";"true";"EAN_DUPLICATE"
"454023";"4260606050724";"Wasserbett Hotel Doppel Bett Betten Komplett Lederbett Polsterbett Wasser LB8802";"4260606050724";"true";"EAN_DUPLICATE"
"454024";"4260606050809";"Wasserbett Hotel Doppel Bett Betten Komplett Lederbett Polsterbett Wasser LB8810";"4260606050809";"true";"EAN_DUPLICATE"
"454025";"4260606050731";"Wasserbett Hotel Doppel Bett Betten Komplett Lederbett Polsterbett Wasser LB8803";"4260606050731";"true";"EAN_DUPLICATE"
"454027";"4260606050779";"Wasserbett Hotel Doppel Bett Betten Komplett Lederbett Polsterbett Wasser LB8807";"4260606050779";"true";"EAN_DUPLICATE"
"454028";"4260606050748";"Wasserbett Hotel Doppel Bett Betten Komplett Lederbett Polsterbett Wasser LB8804";"4260606050748";"true";"EAN_DUPLICATE"
"454029";"4260606050717";"Wasserbett Hotel Doppel Bett Betten Komplett Lederbett Polsterbett Wasser LB8801";"4260606050717";"true";"EAN_DUPLICATE"
"454046";"4067282202719";"Ledersofa Couch U-Form Wohnlandschaft Ecksofa Garnitur Design Modern Sofa L6003";"4067282202719";"true";"EAN_DUPLICATE"
"454053";"4067282202504";"Moderne Ledersofa Wohnlandschaft L Form Sofa Couch Sound - USB - Bluethooth Neu";"4067282202504";"true";"EAN_DUPLICATE"
"454058";"4260174422503";"Designer Ecksofa Sofa Wohnlandschaft Big Modernes Ledersofa Couch HAMBURG III";"4260174422503";"true";"EAN_DUPLICATE"
"454065";"4260560940154";"Sofagarnitur Royal Luxus Designer Couch Polster 3+2+1 Leder Sofa Sitz BeigeA";"4260560940154";"true";"EAN_DUPLICATE"
"454070";"4260560940130";"Sofagarnitur Royal Luxus Designer Couch Polster 3+2+1 Leder Sofa Sitz Royal Grau";"4260560940130";"true";"EAN_DUPLICATE"
"454076";"4260533187562";"Ledersofa Designer Sofa Couch 3+2+1 Sofagarnitur Couchgarnitur Sofas Garnitur";"4260533187562";"true";"EAN_DUPLICATE"
"454080";"4260454041295";"Wohnlandschaft Ecksofa Hamburg U Form Sofa Couch Polster Sitz Garnitur XXL Neu";"4260454041295";"true";"EAN_DUPLICATE"
"454081";"4260174420486";"XXL LEDERSOFA LEDERCOUCH LEDERECKSOFA WOHNLANDSCHAFT ECKSOFA NEU GARNITUR SOFA";"4260174420486";"true";"EAN_DUPLICATE"
"454082";"4260454041585";"Designer Wohnlandschaft Eckcouch Couch Sofa Polster Garnitur Ledersofa Sofas Neu";"4260454041585";"true";"EAN_DUPLICATE"
"454084";"4260174420257";"LEDERSOFA ECKSOFA MIT BETTFUNKTION DESIGNERSOFA SCHLAFSOFA LEDERECKCOUCH NEU";"4260174420257";"true";"EAN_DUPLICATE"
"454085";"4260454043374";"LEDERSOFA POLSTERSOFA LEDERCOUCH SOFA GARNITUR WOHNLANDSCHAFT ECKCOUCH ECKSOFA";"4260454043374";"true";"EAN_DUPLICATE"
"454086";"4260174424149";"WOHNLANDSCHAFT DESIGNER SOFA TEXTIL COUCH MIKROFASER POLSTERGARNITUR XXL NEU";"4260174424149";"true";"EAN_DUPLICATE"
"454087";"4260484863942";"Wohnlandschaft Sofa Couch Ecksofa Eckcouch Polster Garnitur Eck Ecke Sofas XXL";"4260484863942";"true";"EAN_DUPLICATE"
"454088";"4260439210197";"Designer Garnitur Sofagarnitur Polster Couch Sofa Polstergarnitur Neu H2209";"4260439210197";"true";"EAN_DUPLICATE"
"454089";"4260454043251";"Textilsofa U-Form Couch Ecksofa Designer Sofa Garnitur 2 Liegen Stoffsofa Berlin";"4260454043251";"true";"EAN_DUPLICATE"
"454090";"4260174421759";"Wohnlandschaft Sofa Polster Ledersofa Ecksofa Eckcouch Couch Ledergarnitur NEU";"4260174421759";"true";"EAN_DUPLICATE"
"454091";"4260174420288";"WOHNLANDSCHAFT LEDERSOFA XXL ECKSOFA COUCH GARNITUR DESIGN ECKCOUCH Braun-Beige";"4260174420288";"true";"EAN_DUPLICATE"
"454092";"4260484864628";"Ecksofa Ledersofa Big XXL U Form Wohnlandschaft Sofa Couch Garnitur Neu H2218";"4260484864628";"true";"EAN_DUPLICATE"
"454093";"4260484863928";"Wohnlandschaft Couch Polster Eck Garnitur Designer Ledersofa Big Sofa 1103";"4260484863928";"true";"EAN_DUPLICATE"
"454094";"4260484863676";"Wohnlandschaft Couch Polster Eck Garnitur Designer Ledersofa Big Sofa Neu V015A";"4260484863676";"true";"EAN_DUPLICATE"
"454095";"4260484863669";"Wohnlandschaft Couch Polster Eck Garnitur Designer Ledersofa Big Sofa Trier2";"4260484863669";"true";"EAN_DUPLICATE"
"454097";"4260484863409";"Ledersofa Ecksofa Sofa Couch Design Sitz Polster Garnitur Wohnlandschaft 217S";"4260484863409";"true";"EAN_DUPLICATE"
"454098";"4260484863263";"Ledersofa Sofa Couch Polster Eck Garnitur Wohnlandschaft XXL Big Ecksofa 2719D";"4260484863263";"true";"EAN_DUPLICATE"
"454099";"4260484863294";"Wohnlandschaft Ecksofa Ledersofa Sofa Couch Polster Sitz Eck Garnitur Neu 2724A";"4260484863294";"true";"EAN_DUPLICATE"
"454100";"4260484864512";"Wohnlandschaft Couch Polster Eck Garnitur Designer Ledersofa Big Sofa Kelcher";"4260484864512";"true";"EAN_DUPLICATE"
"454101";"4260484863171";"Ledersofa Wohnlandschaft Ecksofa Couch Sofa Eck Garnitur Ecke XXL Big 2710A";"4260484863171";"true";"EAN_DUPLICATE"
"454102";"4260484863706";"Wohnlandschaft Couch Polster Eck Garnitur Designer Ledersofa Big Sofa WetzlarA";"4260484863706";"true";"EAN_DUPLICATE"
"454103";"4260484863515";"Ecksofa Ledersofa Big XXL U Form Wohnlandschaft Sofa Couch Garnitur Neu H2210";"4260484863515";"true";"EAN_DUPLICATE"
"454104";"4260484863355";"Wohnlandschaft Couch Polster Eck Garnitur Designer Ledersofa Big Sofa Sitz 842";"4260484863355";"true";"EAN_DUPLICATE"
"454106";"4260484863225";"Wohnlandschaft Polster Ecke Eck Sofa Sitz Couch Garnitur Landschaft Leder 2711D";"4260484863225";"true";"EAN_DUPLICATE"
"454108";"4260174421773";"LEDERSOFA WOHNLANDSCHAFT COUCH GARNITUR POLSTERECKE ECKCOUCH SOFA U Form Bergamo";"4260174421773";"true";"EAN_DUPLICATE"
"454109";"JVM4062292578076";"Luxus Tische Runde Design Edelstahl Möbel Esszimmer Esstische Sofort";"4062292578076";"true";"EAN_DUPLICATE|NAME_CONTAINS_SOFORT"
"454155";"4062292000133";"Ledersofa Couch Wohnlandschaft 3+2+1 Sitzer Garnitur Design Modern Sofa F3013";"4062292000133";"true";"EAN_DUPLICATE"
"454157";"4062292002151";"Ledersofa Couch Wohnlandschaft 3+2+1 Sitzer Garnitur Design Modern Sofa B2023";"4062292002151";"true";"EAN_DUPLICATE"
"454158";"4062292002083";"Ledersofa Couch Wohnlandschaft Ecksofa Eck Garnitur Design Modern Sofa A1163E";"4062292002083";"true";"EAN_DUPLICATE"
"454163";"4260484864383";"XXL Wohnlandschaft Couch Sofa Polster Garnitur Big Leder Textil Stoff Ecke Eck";"4260484864383";"true";"EAN_DUPLICATE"
"454166";"4260174421421";"Sofa Wohnlandschaft Bett & Kasten Ecksofa Schlafsofa Stoff Eck Textil Couch !!!";"4260174421421";"true";"EAN_DUPLICATE"
"454168";"4260484864741";"Ledersofa Sofagarnitur Chesterfield Big XXL Couch Set Sitz Polster Garnitur Neu";"4260484864741";"true";"EAN_DUPLICATE"
"454170";"4260174420059";"DOPPELBETT DESIGN BETT Betten LEDERBETT POLSTERBETT Ehe XXL 140 160 180x200 cm";"4260174420059";"true";"EAN_DUPLICATE"
"454171";"4260454043091";"Designer Wohnlandschaft Couch Sofa Polster Eckcouch Garnitur Ledersofa Couchen";"4260454043091";"true";"EAN_DUPLICATE"
"454172";"4260174420431";"DESIGNERSOFA 3+2+1 LEDERGARNITUR LEDERCOUCH COUCH SOFA POLSTERGARNITUR LEDERSOFA";"4260174420431";"true";"EAN_DUPLICATE"
"454175";"4260174420264";"LEDERSOFA BETTKASTEN SCHLAFSOFA LEDERECKCOUCH ECKCOUCH ECKSOFA MIT BETTFUNKTION";"4260174420264";"true";"EAN_DUPLICATE"
"454177";"4260454041158";"Designer Sofa Couch Ecksofa Leder Textil Polster Garnitur Wohnlandschaft L-Form";"4260454041158";"true";"EAN_DUPLICATE"
"454178";"4260454043503";"Polsterbett Bettten Bett Polster Ehe Leder Textil Designer Doppel XXL Big Louis";"4260454043503";"true";"EAN_DUPLICATE"
"454179";"4260174424316";"Polsterbett Bettten Bett Polster Ehe Leder Textil Designer Doppel XXL Big Barock";"4260174424316";"true";"EAN_DUPLICATE"
"454180";"4260454041035";"Designer Sofa Ecksofa Leder Stoff Textil Polster Garnitur bereits aktiv";"4260454041035";"true";"EAN_DUPLICATE"
"454181";"4260174422664";"GARNITUR LEDER ECKSOFA POLSTER LEDERSOFA XXL WOHNLANDSCHAFT GARNITUR ECKCOUCH";"4260174422664";"true";"EAN_DUPLICATE"
"454184";"4260454041059";"Designer Sofa Couch Ecksofa Leder Stoff Textil Polster Garnitur Wohnlandschaft";"4260454041059";"true";"EAN_DUPLICATE"
"454185";"4260174429977";"Designer Ecksofa Sofa Couch Ecke Polster Garnitur Stoffsofa Leder Textil Stoff";"4260174429977";"true";"EAN_DUPLICATE"
"454186";"4260454041066";"Designer Sofa Couch Ecksofa Leder Textil Polster Garnitur Wohnlandschaft L Form";"4260454041066";"true";"EAN_DUPLICATE"
"454187";"4260560940123";"Ledersofa Sofagarnitur 3+2+1 Couch Sitz Polster Sofa Garnitur Set Neu Royal Grau";"4260560940123";"true";"EAN_DUPLICATE"
"454188";"4260174420271";"ECKSOFA LEDERSOFA Sofa GARNITUR ECK COUCH WOHNLANDSCHAFT Polster Neu Mod. 3900";"4260174420271";"true";"EAN_DUPLICATE"
"454189";"4260454041042";"Designer Sofa Ecksofa Leder Stoff Textil Polster Garnitur Wohnlandschaft Couch !";"4260454041042";"true";"EAN_DUPLICATE"
"454199";"4260533187579";"Designer Sofa Wohnlandschaft Couch Polster Eckcouch Sitz Garnitur Paris Royal II";"4260533187579";"true";"EAN_DUPLICATE"
"454200";"4260454045514";"BIG SOFA 250cm Polster Couch SOFORT LIEFERBAR LEDERSOFA XXL DESIGN CHESTERFIELD";"4260454045514";"true";"NAME_CONTAINS_SOFORT"
"454202";"4260174422466";"Ecksofa Eckcouch Stoffsofa Bettfunktion Bettkasten Polster Ecke Sofa Textilsofa";"4260174422466";"true";"EAN_DUPLICATE"
"454204";"4260454043107";"XXL BIG Wohnlandschaft U Form Ecksofa Sofa Couch Polster Garnitur Textil Stoff";"4260454043107";"true";"EAN_DUPLICATE"
"454205";"4260439214430";"XXL BIG Wohnlandschaft U Ecksofa Stoff Leder Textil Sofa Couch Polster Garnitur";"4260439214430";"true";"EAN_DUPLICATE"
"454207";"JVM4062292721519";"Chesterfield Couch Polster Garnitur 3+1+1 Sitzer Samt Designer Couchen Sofort";"4062292721519";"true";"EAN_DUPLICATE|NAME_CONTAINS_SOFORT"
"454208";"4260174422657";"Ecksofa Wohnlandschaft Sofa Polster Garnitur Eck Leder Couch XXL Sofas BIG NEU";"4260174422657";"true";"EAN_DUPLICATE"
"454211";"4260439210548";"Wasserbett Bett Betten Komplett Lederbett Polsterbett mit Matratze Neu LERA";"4260439210548";"true";"EAN_DUPLICATE"
"454212";"4260174421612";"Couch Ecksofa Wohnlandschaft Schlafsofa Federkern Stoffsofa Textil großes Sofa";"4260174421612";"true";"EAN_DUPLICATE"
"454214";"4260174420479";"Sofagarnitur Chesterfield BIG 5+4+1 Sofa Ledergarnitur Ledersofa Couch Polster";"4260174420479";"true";"EAN_DUPLICATE"
"454215";"4260454043169";"Wasserbett Bett Betten Komplett Lederbett Polsterbett mit Matratze Neu MICHA";"4260454043169";"true";"EAN_DUPLICATE"
"454216";"4260454043299";"LEDERSOFA ECKSOFA SCHLAFSOFA WOHNLANDSCHAFT LEDERCOUCH NEU LEDERECKSOFA ECKCOUCH";"4260454043299";"true";"EAN_DUPLICATE"
"454218";"4260174422671";"DESIGN LEDERSOFA XXL GARNITUR LEDER GARNITUR ECKCOUCH ECKSOFA NEU WOHNLANDSCHAFT";"4260174422671";"true";"EAN_DUPLICATE"
"454221";"4260439210388";"Sofa Ledersofa Sofas Couchen Poster Garnitur Design Ecksofa Wohnlandschaft Couch";"4260439210388";"true";"EAN_DUPLICATE"
"454223";"4260454043176";"Wasserbett Bett Betten Komplett Lederbett Polsterbett mit Matratze Neu MORSKIE-";"4260454043176";"true";"EAN_DUPLICATE"
"454224";"4260454043183";"Wasserbett Design Polster Bett Betten Lederbett Polsterbett Wasser Neu Maurice";"4260454043183";"true";"EAN_DUPLICATE"
"454226";"4260439210937";"Wasserbett Bett Betten Komplett Lederbett Polsterbett mit Matratze Neu IRINA*";"4260439210937";"true";"EAN_DUPLICATE"
"454227";"4260454043190";"Wohnlandschaft Couch Sofa Ecksofa Couch Designer Couchen Polster Garnitur Neu";"4260454043190";"true";"EAN_DUPLICATE"
"454228";"4260174420240";"LEDERSOFA ECKSOFA MIT BETTFUNKTION + HOCKER SCHLAFSOFA LEDERECKCOUCH ECKCOUCH";"4260174420240";"true";"EAN_DUPLICATE"
"454230";"4260454043305";"BIG SOFA LEDERSOFA ECKSOFA SCHLAFSOFA LEDERCOUCH MIT BETTFUNKTION WOHNLANDSCHAFT";"4260454043305";"true";"EAN_DUPLICATE"
"454232";"4260454041417";"XXL Big Couch Polster Eck Leder Sofa Garnitur Couchen +Licht Wohnlandschaft Sofa";"4260454041417";"true";"EAN_DUPLICATE"
"454234";"4260174428666";"LEDERSOFA ECKSOFA LEDERGARNITUR LEDERCOUCH FARBWAHL WOHNLANDSCHAFT BEIGE-BRAUN";"4260174428666";"true";"EAN_DUPLICATE"
"454237";"4260454043466";"LEDERSOFA LEDER SITZER BETTFUKTION MADE IN EU POLSTERGARNITUR SOFAGARNITUR 3+2+1";"4260454043466";"true";"EAN_DUPLICATE"
"454316";"4067282201736";"Ledersofa Couch Wohnlandschaft Ecksofa Eck Garnitur Design Modern Sofa G8013B";"4067282201736";"true";"EAN_DUPLICATE"
"454334";"4260533188743";"Ecksofa Polster Wohnlandschaft Couch Sofa Wohnlandschaft L Form Sitz Ecke PHM22";"4260533188743";"true";"EAN_DUPLICATE"
"454339";"4260533188521";"Wohnlandschaft Designer Sofa Couch Big Polster Leder Sofas Eck Ecke Sitz PH300-S";"4260533188521";"true";"EAN_DUPLICATE"
"454377";"4062292000119";"Ledersofa Couch Wohnlandschaft Ecksofa Eck Garnitur Design Modern Sofa F3011C";"4062292000119";"true";"EAN_DUPLICATE"
"454425";"4067282590137";"Designer Beiges Schlafzimmer Set Bett 2x Nachttische Kleiderschrank 5tlg";"4067282590137";"true";"EAN_DUPLICATE"
"454640";"4062292018411";"Design Esszimmer Garnitur Stuhl Set Tisch + 12Stühle Essgarnituren Tische Holz !";"4062292018411";"true";"EAN_DUPLICATE"
"454649";"4260454043572";"Massivholz Stuhl Esszimmerstuhl Designer Leder Stuhl Stühle Esszimmerstühle K13";"4260454043572";"true";"EAN_DUPLICATE"
"454652";"4260174422978";"Holztisch Esstisch Holz Tische Tische Esszimmer Neu 90 cm x 170 cm";"4260174422978";"true";"EAN_DUPLICATE"
"454658";"4260174428734";"Esstisch Holztisch Holz Tische Esszimmer Neu S11-O";"4260174428734";"true";"EAN_DUPLICATE"
"454660";"4260174422923";"Esstisch Holz Tische Tische Esszimmer 150x150 cm / 200x150 cm";"4260174422923";"true";"EAN_DUPLICATE"
"454671";"4260533180525";"MASSIVHOLZ STUHL ESSZIMMERSTUHL DESIGNER LEDER STUHL STÜHLE ESSZIMMERSTÜHLE K66";"4260533180525";"true";"EAN_DUPLICATE"
"454673";"4260533180495";"MASSIVHOLZ STUHL ESSZIMMERSTUHL DESIGNER LEDER STUHL STÜHLE ESSZIMMERSTÜHLE K63";"4260533180495";"true";"EAN_DUPLICATE"
"454678";"4260533180389";"MASSIVHOLZ STUHL ESSZIMMERSTUHL DESIGNER LEDER STUHL STÜHLE ESSZIMMERSTÜHLE K51";"4260533180389";"true";"EAN_DUPLICATE"
"454686";"4260533180563";"MASSIVHOLZ STUHL ESSZIMMERSTUHL DESIGNER LEDER STUHL STÜHLE ESSZIMMERSTÜHLE K70";"4260533180563";"true";"EAN_DUPLICATE"
"454687";"4260533180501";"MASSIVHOLZ STUHL ESSZIMMERSTUHL DESIGNER LEDER STUHL STÜHLE ESSZIMMERSTÜHLE K64";"4260533180501";"true";"EAN_DUPLICATE"
"454690";"4260533180518";"MASSIVHOLZ STUHL ESSZIMMERSTUHL DESIGNER LEDER STUHL STÜHLE ESSZIMMERSTÜHLE K65";"4260533180518";"true";"EAN_DUPLICATE"
"454696";"4260533180471";"MASSIVHOLZ STUHL ESSZIMMERSTUHL DESIGNER LEDER STUHL STÜHLE ESSZIMMERSTÜHLE K61";"4260533180471";"true";"EAN_DUPLICATE"
"454697";"4260533180198";"MASSIVHOLZ STUHL ESSZIMMERSTUHL DESIGNER LEDER STUHL STÜHLE ESSZIMMERSTÜHLE K34";"4260533180198";"true";"EAN_DUPLICATE"
"454704";"4260533180402";"MASSIVHOLZ STUHL ESSZIMMERSTUHL DESIGNER LEDER STUHL STÜHLE ESSZIMMERSTÜHLE K53";"4260533180402";"true";"EAN_DUPLICATE"
"454711";"4260533180075";"MASSIVHOLZ STUHL ESSZIMMERSTUHL DESIGNER LEDER STUHL STÜHLE ESSZIMMERSTÜHLE K13";"4260533180075";"true";"EAN_DUPLICATE"
"454716";"4260533180365";"MASSIVHOLZ STUHL ESSZIMMERSTUHL DESIGNER LEDER STUHL STÜHLE ESSZIMMERSTÜHLE K49";"4260533180365";"true";"EAN_DUPLICATE"
"454726";"4260533180266";"MASSIVHOLZ STUHL ESSZIMMERSTUHL DESIGNER LEDER STUHL STÜHLE ESSZIMMERSTÜHLE K41B";"4260533180266";"true";"EAN_DUPLICATE"
"454731";"4260533180211";"MASSIVHOLZ STUHL ESSZIMMERSTUHL DESIGNER LEDER STUHL STÜHLE ESSZIMMERSTÜHLE K37";"4260533180211";"true";"EAN_DUPLICATE"
"454733";"4260533180273";"MASSIVHOLZ STUHL ESSZIMMERSTUHL DESIGNER LEDER STUHL STÜHLE ESSZIMMERSTÜHLE K42";"4260533180273";"true";"EAN_DUPLICATE"
"454737";"4260533180150";"MASSIVHOLZ STUHL ESSZIMMERSTUHL DESIGNER LEDER STUHL STÜHLE ESSZIMMERSTÜHLE K27";"4260533180150";"true";"EAN_DUPLICATE"
"454739";"4260533180242";"MASSIVHOLZ STUHL ESSZIMMERSTUHL DESIGNER LEDER STUHL STÜHLE ESSZIMMERSTÜHLE K41";"4260533180242";"true";"EAN_DUPLICATE"
"454742";"4260499878900";"Tisch Esstisch Holztisch XXL Konferenztisch 100x100cm Ausziehbar 100x250cm";"4260499878900";"true";"EAN_DUPLICATE"
"454745";"4067282522381";"Beiger Schlafzimmer Set Designer Schminktisch Spiegel und Hocker 3tlg";"4067282522367";"true";"EAN_DUPLICATE"
"454747";"4260533180006";"Tisch Esstisch Holztisch XXL Konferenztisch Radius 100+40";"4260533180006";"true";"EAN_DUPLICATE"
"454748";"4260499878849";"Tisch Esstisch Holztisch XXL Konferenztisch 90X90cm Ausziehbar 90X210cm";"4260499878849";"true";"EAN_DUPLICATE"
"454756";"4260533180044";"MASSIVHOLZ STUHL ESSZIMMERSTUHL DESIGNER LEDER STUHL STÜHLE ESSZIMMERSTÜHLE K5";"4260533180044";"true";"EAN_DUPLICATE"
"454758";"4260533180013";"Tisch Esstisch Holztisch XXL Konferenztisch 80 x 140cm Ausziehbar 140x180 cm";"4260533180013";"true";"EAN_DUPLICATE"
"454760";"4260499878917";"Tisch Esstisch Holztisch XXL Konferenztisch 90x170cm Ausziehbar 170x250cm";"4260499878917";"true";"EAN_DUPLICATE"
"454764";"4260499878887";"Tisch Esstisch Holztisch XXL Konferenztisch 100x160cm Ausziehbar 160x400cm";"4260499878887";"true";"EAN_DUPLICATE"
"454771";"4260499878979";"Tisch Esstisch Holztisch XXL Konferenztisch 80x120cm Ausziehbar 120x200 cm";"4260499878979";"true";"EAN_DUPLICATE"
"454774";"4260499878894";"Tisch Esstisch Holztisch XXL Konferenztisch RADIUS 150+50 CM";"4260499878894";"true";"EAN_DUPLICATE"
"454776";"4260499878641";"Tisch Esstisch Holztisch XXL Konferenztisch 90X160cm Ausziehbar 160X200cm";"4260499878641";"true";"EAN_DUPLICATE"
"454783";"4260499878658";"Tisch Esstisch Holztisch XXL Konferenztisch RADIUS 150+50 CM";"4260499878658";"true";"EAN_DUPLICATE"
"454789";"4260484864673";"Tisch Esstisch Holztisch XXL Konferenztisch 70X120X160cm";"4260484864673";"true";"EAN_DUPLICATE"
"454801";"4260174428727";"Esstisch + 6 Stühle Esszimmer Set Essgruppe Klassischer Tisch Tische Neu Z33";"4260174428727";"true";"EAN_DUPLICATE"
"454805";"4260499878399";"Tisch Esstisch Holztisch XXL Konferenztisch 70X120cm";"4260499878399";"true";"EAN_DUPLICATE"
"454807";"4260174423050";"Esstisch + 6 Stühle Esszimmer Set Essgruppe Gruppentisch Tisch Tische Z27";"4260174423050";"true";"EAN_DUPLICATE"
"454821";"4260174423784";"Esstisch + 6 Stühle Esszimmer Stuhl Set Essgruppe Moderner Tisch Tische Neu Z41";"4260174423784";"true";"EAN_DUPLICATE"
"454825";"4260174422251";"Massivholz Stuhl Esszimmerstuhl Designer Leder Stuhl Stühle Esszimmerstühle K42";"4260174422251";"true";"EAN_DUPLICATE"
"454828";"4260174423012";"Esstisch + 6 Stühle Esszimmer Set Essgruppe Gruppentisch Tisch Tische Z31";"4260174423012";"true";"EAN_DUPLICATE"
"454830";"4260484864727";"Tisch Esstisch Holztisch XXL Konferenztisch 90X160cm Ausziehbar 160X200cm";"4260484864727";"true";"EAN_DUPLICATE"
"454831";"4260174423067";"Esstisch + 8 Stühle Esszimmer Set Essgruppe Runder Rund Tisch Tische Neu Z26";"4260174423067";"true";"EAN_DUPLICATE"
"454841";"4260174422855";"Massivholz Stuhl Esszimmerstuhl Designer Leder Stuhl Stühle Esszimmerstühle K05";"4260174422855";"true";"EAN_DUPLICATE"
"454843";"4260174428468";"Esstisch + 6x Stühle Stuhl Esszimmer Set Essgruppe Modern Tisch Tische Neu Z11";"4260174428468";"true";"EAN_DUPLICATE"
"454848";"4260174428741";"Esstisch + 12 Stühle Esszimmer Set Essgruppe Klassischer Tisch Tische Neu Z34";"4260174428741";"true";"EAN_DUPLICATE"
"454851";"4260454043565";"Esstisch + 6 Stühle Esszimmer Set Essgruppe Klassischer Tisch Tische Z08";"4260454043565";"true";"EAN_DUPLICATE"
"454853";"4260174423036";"Esstisch + 6 Stühle Esszimmer Set Essgruppe Gruppentisch Tisch Tische Neu Z29";"4260174423036";"true";"EAN_DUPLICATE"
"454861";"4260174422268";"Massivholz Stuhl Esszimmerstuhl Designer Leder Stuhl Stühle Esszimmerstühle K41";"4260174422268";"true";"EAN_DUPLICATE"
"454863";"4260174428420";"Esstisch & 8x Stühle Esszimmer Set Essgruppe Kalssischer Tisch Stuhl Tische Z16";"4260174428420";"true";"EAN_DUPLICATE"
"454865";"4260174422329";"Massivholz Stuhl Esszimmerstuhl Designer Leder Stuhl Stühle Esszimmerstühle K30";"4260174422329";"true";"EAN_DUPLICATE"
"454868";"4260174428475";"Esstisch + 10x Stühle Stuhl Esszimmer Set Essgruppe Modern Tisch Tische Neu Z10";"4260174428475";"true";"EAN_DUPLICATE"
"454880";"4260174422282";"Massivholz Stuhl Esszimmerstuhl Designer Leder Stuhl Stühle Esszimmerstühle K37";"4260174422282";"true";"EAN_DUPLICATE"
"454881";"4260174422787";"Massivholz Stuhl Esszimmerstuhl Designer Leder Stuhl Stühle Esszimmerstühle K27";"4260174422787";"true";"EAN_DUPLICATE"
"454943";"4260174423883";"Tische Klassischer Esstisch Holz Klassisch Holztisch Tische Esszimmer S23";"4260174423883";"true";"EAN_DUPLICATE"
"454947";"4260174422305";"Massivholz Stuhl Esszimmerstuhl Designer Textil Stuhl Stühle Esszimmerstühle K34";"4260174422305";"true";"EAN_DUPLICATE"
"454972";"4067282091610";"Klassische Stühle Holz Lehnstuhl Holzstuhl Design Luxus Stuhl Esszimmerstuhl";"4067282091627";"true";"EAN_DUPLICATE"
"455016";"4260533180853";"Design Polster Bett Betten Leder Doppel Hotel Ehe Schlafzimmer Boxspring Box Neu";"4260533180853";"true";"EAN_DUPLICATE"
"455021";"4260174424323";"Bett Schrankbett Bettschrank Schrank Betten Kommoden Ausklappbares Bett Neuware";"4260174424323";"true";"EAN_DUPLICATE"
"455026";"4260439212276";"NACHTTISCH NACHTTISCHE NACHTKOMMODE BEISTELLTISCH FREIE FARBWAHL STANDARD";"4260439212276";"true";"EAN_DUPLICATE"
"455030";"4260439212498";"SESSEL COUCH SOFA FERNSEHSESSEL LOUNGE POLSTER OHRENSESSEL PARIS LUX";"4260439212498";"true";"EAN_DUPLICATE"
"455034";"4260439210913";"Nachttisch Nachtkonsolen Nachttische Nacht Tisch Tische Nachtkommode Rund Neu";"4260439210913";"true";"EAN_DUPLICATE"
"455036";"4260439212375";"NACHTTISCH NACHTTISCHE NACHTKOMMODE BEISTELLTISCH FREIE FARBWAHL ROMA";"4260439212375";"true";"EAN_DUPLICATE"
"455039";"4260439210906";"Nachttisch Nachtkonsolen Nachttische Nacht Tisch Tische Nachtkommode Neu Rund";"4260439210906";"true";"EAN_DUPLICATE"
"455041";"4260439210876";"NACHTTISCH NACHTTISCHE NACHTKOMMODE BEISTELLTISCH FREIE FARBWAHL KONTYNENTALNE C";"4260439210876";"true";"EAN_DUPLICATE"
"455044";"4260174424330";"Bett Schrankbett Bettschrank Schrank Betten Kommoden Ausklappbares Bett Neu";"4260174424330";"true";"EAN_DUPLICATE"
"455046";"4260439210630";"Chesterfield Sofagarnitur Sofa Polster Set Chaiselounge Klassischer Stil Couch";"4260439210630";"true";"EAN_DUPLICATE"
"455048";"4260439210623";"ECKSOFA TEXTIL POLSTER STOFFSOFA MIT BETTFUNKTION OSLO FH";"4260439210623";"true";"EAN_DUPLICATE"
"455053";"4260439212504";"SESSEL COUCH SOFA FERNSEHSESSEL LOUNGE POLSTER OHRENSESSEL PARIS CLASSIC";"4260439212504";"true";"EAN_DUPLICATE"
"455055";"4260439210616";"ECKSOFA TEXTIL POLSTER STOFFSOFA MIT BETTFUNKTION OSLO FDFH";"4260439210616";"true";"EAN_DUPLICATE"
"455058";"4260439212344";"NACHTTISCH NACHTTISCHE NACHTKOMMODE BEISTELLTISCH FREIE FARBWAHL CALGARY";"4260439212344";"true";"EAN_DUPLICATE"
"455064";"4260439211347";"Ecksofa Sofa Couch Leder Textil Stoff Wohnlandschaft Garnitur Polster Ecke CAPRI";"4260439211347";"true";"EAN_DUPLICATE"
"455067";"4260439210890";"Sofortlieferbar Nachttisch Nachtkonsolen Nachttische Nachtkommode KONTYNENTALNE";"4260439210890";"true";"EAN_DUPLICATE"
"455070";"4260439210852";"Nachttisch Nachtkonsolen Nachttische Nacht Tisch Nachtkommode KONTYNENTALNE B";"4260439210852";"true";"EAN_DUPLICATE"
"455073";"4260439210562";"Chesterfield Bett Lederbett Polsterbett Bettkasten Schlafzimmer Ehebett Betten";"4260439210562";"true";"EAN_DUPLICATE"
"455076";"4260439210586";"Bett Chesterfield Polsterbett Luxus Doppel Schlafzimmer Designbett Betten Neu";"4260439210586";"true";"EAN_DUPLICATE"
"455080";"4260454044043";"Bett Lederbett Polsterbett Bettkasten Doppel Schlafzimmer Ehebett Betten APOLLOS";"4260454044043";"true";"EAN_DUPLICATE"
"455083";"4260454044081";"Wasserbett Betten Polster Ehe Doppel Hotel Wasser Designer Komplett Leder Bett";"4260454044081";"true";"EAN_DUPLICATE"
"455089";"4260454044166";"KOMPLETTES SCHLAFZIMMER SET SCHRANK BETT BETTEN MIT LED NEU KOMMODE NEW YORK";"4260454044166";"true";"EAN_DUPLICATE"
"455091";"4260439212108";"Ecksofa Sofa Couch Textil Stoff Wohnlandschaft Garnitur Polster Ecke ACAPULCO";"4260439212108";"true";"EAN_DUPLICATE"
"455100";"4260174421667";"Schlafzimmer Möbel Einrichtung Bett Kleiderschrank Kommode Komplett Set Kommode";"4260174421667";"true";"EAN_DUPLICATE"
"455102";"4260174421643";"KOMPLETT Bett Kleiderschrank SCHLAFZIMMER SET SCHRANK BETT KOMMODE - CREMONA 3";"4260174421643";"true";"EAN_DUPLICATE"
"455104";"4260439212573";"Doppelbett Lederbett Betten Bett Leder Polster Schlafzimmer Ehe Neu KALIPSOH";"4260439212573";"true";"EAN_DUPLICATE"
"455128";"4260174421650";"Schlafzimmer Holz Garnitur Set Komplett Bett Schrank Kommode Nachttisch Cremona2";"4260174421650";"true";"EAN_DUPLICATE"
"455179";"4062292006296";"Klassische RTV Sideboard Fernseh Tisch Tische Tv Board Medusa Regal Vitrine 1880";"4062292006296";"true";"EAN_DUPLICATE"
"455190";"4062292006289";"Klassische RTV Sideboard Fernseh Tisch Tische Tv Board Medusa Regal Vitrine 1879";"4062292006296";"true";"EAN_DUPLICATE"
"455236";"4062292032707";"Wandrelief Römischer Soldat Wand Relief Bild Bilder Gemälde Stein Deko Neu 1014";"4062292032707";"true";"EAN_DUPLICATE"
"455249";"4062292490927";"Säule Marmor Stil Dekoration Säulen Statue Skulptur Ständer Skulpturen Deko Neu";"4062292490927";"true";"EAN_DUPLICATE"
"455254";"4260484864550";"Figur Skulptur Elfe Engel auf dem Stein 62cm Design Accessoire Dekoration P0671";"4260454044661";"true";"EAN_DUPLICATE"
"455255";"4062292490934";"Design Buddha Figur Statue Skulptur Figuren Skulpturen Dekoration Deko 46cm Neu";"4062292490934";"true";"EAN_DUPLICATE"
"455257";"4062292490941";"Design Buddha Figur Statue Skulptur Figuren Skulpturen Dekoration Deko 21cm Neu";"4062292490941";"true";"EAN_DUPLICATE"
"455259";"4062292166402";"Einfahrtstor Elektro Flügeltore Handarbeit pro 1lfm Schmiedeisen Tor #032 Neu";"4062292166419";"true";"EAN_DUPLICATE"
"455615";"4062292347876";"Bürostuhl Beige Leder Edelstahl Arbeitszimmer Büro Möbel Luxus Einrichtung Neu";"4062292347896";"true";"EAN_DUPLICATE"
"455682";"JVM4067282517899";"Weißes Wandbett Designer LED-Bett Modernes Schlafzimmer Doppelbett Sofort";"4067282517899";"false";"EAN_DUPLICATE|NAME_CONTAINS_SOFORT"
"455814";"4067282915053";"Sessel Design Couch Sofa Sitzer Luxus Relax Textil Lounge Polster Neu Sofort";"4067282915053";"true";"NAME_CONTAINS_SOFORT"
"455820";"4067282915008";"Sofa 3 Sitzer Luxus Design Sofas Polster Moderne Sitz Stoff Neu Möbel Couch";"4067282915008";"true";"EAN_DUPLICATE"
"455879";"JVM4062292006784";"Vase Große Raum Dekoration Blumen Vasen Kübel Antik Stil Deko Obst 36 cm Sofort";"4062292006784";"true";"EAN_DUPLICATE|NAME_CONTAINS_SOFORT"
"456184";"JVM4069424727906";"Stilvolles Modernes Sofa Set 3+3 – Beige Design für Wohnzimmer Sofort";"4069424727906";"true";"NAME_CONTAINS_SOFORT"
"456215";"JVM4069424727913";"Stilvolles Modernes Sofa Set 3+1 – Beige Design für Wohnzimmer Sofort";"4069424727913";"true";"NAME_CONTAINS_SOFORT"
"456297";"4069424727920";"Modernes Sofa Set 3+3+1 Braun – Stilvolle Eleganz für Ihr Wohnzimmer Sofort";"4069424727920";"true";"NAME_CONTAINS_SOFORT"
"456337";"JVM4069424727937";"Modernes Sofa Set 3+1 Braun – Stilvolle Eleganz für Ihr Wohnzimmer Sofort";"4069424727937";"true";"NAME_CONTAINS_SOFORT"
"456376";"JVM4069424727944";"Modernes Sofa Set 3+3 Braun – Stilvolle Eleganz für Ihr Wohnzimmer Sofort";"4069424727944";"true";"NAME_CONTAINS_SOFORT"
"456437";"4069424183108";"Kleiderschrank Schrank Wandschrank Garderobe Schlafzimmer Modern Braun 82cm";"4069424183092";"true";"EAN_DUPLICATE"
"456438";"4067282746664";"Designer Wohnzimmer Chesterfield Couchgarnitur Luxus Sofas Sessel 3tlg";"4067282746664";"true";"EAN_DUPLICATE"
"456549";"4069424184075";"Jugendzimmer Set stilvoll Beige/Weiß 7tlg Schlafzimmer Kinderzimmer Komplett";"4069424184068";"true";"EAN_DUPLICATE"
"456553";"4069424184068";"Bett Jugendzimmer Set Kinderbett Weiß Komfortabel Moderne Möbel 100x200";"4069424184068";"true";"EAN_DUPLICATE"
"456599";"4069424183092";"Kleiderschrank Schlafzimmer Moderne Möbel Schwarz Holz Luxus Design";"4069424183092";"true";"EAN_DUPLICATE"
"456814";"JVM4062292005220";"Medusa Säule Römische Säulen Marmor Skulptur Figur Dekoration Ständer Sofort";"4062292005220";"false";"EAN_DUPLICATE|NAME_CONTAINS_SOFORT"
"456817";"JVM4067282330092";"Goldenes Bett Doppelbett Schlafzimmer Betten Möbel Doppelbett Beige Sofort";"4067282330092";"false";"EAN_DUPLICATE|NAME_CONTAINS_SOFORT"
"456821";"JVM4062292733062";"Couchtisch Luxus Design Couch Tisch Kaffee Beistell Tische Wohnzimmer Sofort";"4062292733062";"false";"EAN_DUPLICATE|NAME_CONTAINS_SOFORT"
"456827";"JVM4062292216732";"Sofagarnitur 3+2+1 Sitzer Set Design Sofa Polster Couchen Modern Luxus Sofort";"4062292216732";"false";"EAN_DUPLICATE|NAME_CONTAINS_SOFORT"
"456831";"JVM4062292020957";"Design Ägyptischer Figur Ramses XXL Statue Skulptur Skulpturen Dekoration Sofort";"4062292020957";"false";"EAN_DUPLICATE|NAME_CONTAINS_SOFORT"
"456832";"JVM4062292004698";"Ägypten Skulptur Tutanchamun Figur Skulpturen Figuren Dekoration Pharao Sofort";"4062292004698";"false";"EAN_DUPLICATE|NAME_CONTAINS_SOFORT"
"456834";"JVM4062292004407";"Venus Skulptur Skulpturen Figuren Antik Stil Statue Statuen Figur XXL Sofort";"4062292004407";"true";"EAN_DUPLICATE|NAME_CONTAINS_SOFORT"
"456837";"JVM4067282601079";"Kronleuchter Französisch Gold im Wohnzimmer Leuchte luxuriöse Lampen Sofort";"4067282601079";"true";"EAN_DUPLICATE|NAME_CONTAINS_SOFORT"
"456908";"4260533187180";"Wohnlandschaft Ecksofa Ledersofa Sofa Couch Polster Sitz Eck Garnitur DonbassB";"4260533187180";"true";"EAN_DUPLICATE"
"456946";"4067282282384";"Multifunktion Bett Doppelbetten Modernes Bettgestell Betten 180x200cm Hotel Neu";"4067282282391";"true";"EAN_DUPLICATE"
"456953";"4062292260759";"Klassisches Bett Barock Rokoko Chesterfield Stil Doppel Leder Hotel Antik Betten";"4062292260759";"true";"EAN_DUPLICATE"
"456970";"JVM4067282667600";"TV Lowboard rtv Ständer Wohnwand Möbel Kommode Schrank Lowboard Sofort";"4067282667600";"false";"EAN_DUPLICATE|NAME_CONTAINS_SOFORT"
"457473";"4067282257375";"Klassische Sessel Luxus Polster Textil Polster Sitz Einsitzer Moderne Weiß Neu";"4067282257382";"true";"EAN_DUPLICATE"
"457478";"4067282670846";"Luxus Modern Esstisch Esszimmer Tisch Holz Moderne Möbel Tische 240x100";"4067282670846";"true";"EAN_DUPLICATE"
"457486";"4067282670075";"Schlafzimmer Sideboard Designer Anrichte Holz Möbel schwarz Kommoden";"4067282670068";"true";"EAN_DUPLICATE"
"457491";"4260533186305";"Sofa Schlafsofa Designer Sofa mit Bettfunktion + Bettkasten Ecksofa Couch NEU";"4260533186305";"true";"EAN_DUPLICATE"
"457493";"4260533186299";"Sofa Schlafsofa Designer Sofa mit Bettfunktion + Bettkasten Ecksofa Couch NEU";"4260533186299";"true";"EAN_DUPLICATE"
"457496";"4260533186251";"Sofa Schlafsofa Designer Sofa mit Bettfunktion + Bettkasten Ecksofa Couch NEU";"4260533186251";"true";"EAN_DUPLICATE"
"457498";"4260533186237";"Sofa Schlafsofa Designer Sofa mit Bettfunktion + Bettkasten Ecksofa Couch NEU";"4260533186237";"true";"EAN_DUPLICATE"
"457500";"4260533186244";"Sofa Schlafsofa Designer Sofa mit Bettfunktion - Bettkasten Ecksofa Couch";"4260533186244";"true";"EAN_DUPLICATE"
"457502";"4260533186220";"Sofa Schlafsofa Designer Sofa mit Bettfunktion Bettkasten Ecksofa Couch / NEU";"4260533186220";"true";"EAN_DUPLICATE"
"457505";"4260533186213";"Sofa Schlafsofa Designer Sofa mit Bettfunktion + Bettkasten Ecksofa Couch -NEU!";"4260533186213";"true";"EAN_DUPLICATE"
"457509";"4260533186176";"Sofa Schlafsofa Designer Sofa mit Bettfunktion + Bettkasten Ecksofa Couch NEU";"4260533186176";"true";"EAN_DUPLICATE"
"457511";"4260533186183";"Sofa Schlafsofa Designer Sofa mit Bettfunktion + Bettkasten Ecksofa Couch NEU";"4260533186183";"true";"EAN_DUPLICATE"
"457513";"4260533186169";"Sofa Schlafsofa Designer Sofa mit Bettfunktion + Bettkasten Ecksofa Couch NEU";"4260533186169";"true";"EAN_DUPLICATE"
"457518";"4260533186138";"Sofa Schlafsofa Designer Sofa mit Bettfunktion + Bettkasten Ecksofa Couch NEU";"4260533186138";"true";"EAN_DUPLICATE"
"457524";"4260533186558";"Sofa Schlafsofa Designer Sofa mit Bettfunktion + Bettkasten Ecksofa Couch (Neu)";"4260533186558";"true";"EAN_DUPLICATE"
"457525";"4260533186534";"Sofa 3+1+1 Sitz Schlafsofa Designer Sofa mit Bettfunktion Polstergarnitur Couch";"4260533186534";"true";"EAN_DUPLICATE"
"457528";"4260533186411";"Schlafsofa Klappcouch 3-Sitzer Schlaffunktion + Bettkasten Couch Design Sofa";"4260533186411";"true";"EAN_DUPLICATE"
"457533";"4260533186374";"Sofa Schlafsofa Designer Sofa mit Bettfunktion + Bettkasten Ecksofa Couch NEU";"4260533186374";"true";"EAN_DUPLICATE"
"457535";"4260533186466";"Schlafsofa Klappcouch 3-Sitzer Schlaffunktion + Bettkasten Couch Sofa Klappsofa";"4260533186466";"true";"EAN_DUPLICATE"
"457537";"4260533186343";"Sofa Schlafsofa Designer Sofa mit Bettfunktion + Bettkasten Ecksofa Couch NEU";"4260533186343";"true";"EAN_DUPLICATE"
"457540";"4260533186350";"Sofa Schlafsofa Designer Sofa mit Bettfunktion + Bettkasten Ecksofa Couch NEU";"4260533186350";"true";"EAN_DUPLICATE"
"457541";"4260533186398";"Schlafsofa Klappcouch 3-Sitzer Schlaffunktion + Bettkasten Couch Designer Sofa";"4260533186398";"true";"EAN_DUPLICATE"
"457542";"4260533186329";"Sofa Schlafsofa Designer Sofa mit Bettfunktion + Bettkasten Ecksofa Couch NEU";"4260533186329";"true";"EAN_DUPLICATE"
"457543";"4260533186336";"Sofa Schlafsofa Designer Sofa mit Bettfunktion + Bettkasten Ecksofa Couch NEU";"4260533186336";"true";"EAN_DUPLICATE"
"457547";"JVM4062292203565";"Regale Designer Beleuchtet Led Wasser Wand Bar Regal Säule Wassersäulen Sofort";"4062292203565";"false";"EAN_DUPLICATE|NAME_CONTAINS_SOFORT"
"457612";"4067282570283";"Ledersofa Wohnlandschaft Ecksofa L-förmig 1 Sitzer Garnitur Modern Sofa mit USB";"4062292142406";"true";"EAN_DUPLICATE"
"457659";"4260454045231";"rtv Lowboard Fernseh sideboard Wand Hochglanz Unterschrank TV Led Leder Glas Neu";"4260454045231";"true";"EAN_DUPLICATE"
"457723";"4260533186541";"Sofa Schlafsofa Designer Sofa mit Bettfunktion + Bettkasten Ecksofa Couch *NEU*";"4260533186541";"true";"EAN_DUPLICATE"
"457724";"4260533186459";"Schlafsofa Klappcouch 3-Sitzer Schlaffunktion + Bettkasten Couch Sofa Klappsofa";"4260533186459";"true";"EAN_DUPLICATE"
"457725";"4260533186428";"Schlafsofa Klappcouch 3-Sitzer Schlaffunktion + Bettkasten Couch Sofa Garnitur";"4260533186428";"true";"EAN_DUPLICATE"
"457726";"4260533186435";"Schlafsofa Klappcouch 3-Sitzer Schlaffunktion + Bettkasten Couch Sofa Klappsofa";"4260533186435";"true";"EAN_DUPLICATE"
"457727";"4260533186381";"Schlafsofa Klappcouch 3-Sitzer Schlaffunktion + Bettkasten Couch Designer Sofa";"4260533186381";"true";"EAN_DUPLICATE"
"457728";"4260533186275";"Sofa Schlafsofa Designer Sofa mit Bettfunktion + Bettkasten Ecksofa Couch NEU";"4260533186275";"true";"EAN_DUPLICATE"
"457729";"4260533186206";"Sofa Designer Garnitur Ecksofa Couch Polster Ecke Sofas Textil Wohnlandschaft";"4260533186206";"true";"EAN_DUPLICATE"
"457730";"4260533186145";"Sofa Schlafsofa Designer Sofa mit Bettfunktion + Bettkasten Ecksofa Couch NEU!!";"4260533186145";"true";"EAN_DUPLICATE"
"457731";"4260533186152";"Sofa Schlafsofa Designer Sofa mit Bettfunktion + Bettkasten Ecksofa Couch NEU";"4260533186152";"true";"EAN_DUPLICATE"
"457732";"4260533186442";"Schlafsofa Klappcouch 3-Sitzer Schlaffunktion + Bettkasten Couch Sofa Klappsofa";"4260533186442";"true";"EAN_DUPLICATE"
"457733";"4260533186367";"Sofa Schlafsofa Designer Sofa mit Bettfunktion + Bettkasten Ecksofa Couch NEU!";"4260533186367";"true";"EAN_DUPLICATE"
"457734";"4260533186190";"Sofa Schlafsofa Designer Sofa mit Bettfunktion + Bettkasten Ecksofa Couch NEU";"4260533186190";"true";"EAN_DUPLICATE"
"458226";"4260439210470";"Wasserbett Bett Lederbett Polsterbett mit Matratze Neu SENEGAL Betten Komplett";"4260439210470";"true";"EAN_DUPLICATE"
"458424";"JVM4062292013188";"Sofatisch Design Wonzimmer Glas Leder Couch Sofa Kaffee Tische Sofort";"4062292013188";"true";"EAN_DUPLICATE|NAME_CONTAINS_SOFORT"
"458519";"4062292336393";"Italienische Möbel 2tlg Garnitur Sekretaer mit Spiege Holz Echtholz Barock Stil";"4062292336393";"true";"EAN_DUPLICATE"
"458885";"4067282873377";"Sofa 2-Sitzer Grau Couch Modern Sitzmöbel Leder Textil Edelstahl Holz";"4067282873360";"true";"EAN_DUPLICATE"
"458899";"4067282873360";"Sessel Grau Lehnsessel Modern Leder Edeltahl Textil 1-Sitzer Armlehnen";"4067282873360";"true";"EAN_DUPLICATE"
"458916";"4067282874763";"Schwarz Bürostuhl Chesterfield Klassisch Leder Holz Arbeitszimmer Büro";"4067282874756";"true";"EAN_DUPLICATE"
"458921";"4067282874756";"Bürostuhl Chesterfield Knöpfe Klassisch Leder Schwarz Arbeitszimmer Büro";"4067282874756";"true";"EAN_DUPLICATE"
"459070";"JVM4260439212498";"Sessel Couch Sofa Fernsehsessel Lounge Polster Ohrensessel Paris SOFORT";"4260439212498";"false";"EAN_DUPLICATE|NAME_CONTAINS_SOFORT"
"459189";"4067282984417";"Sofagarnitur Wohnlandschaft Sofa-Set Wohnzimmergarnitur Polstergarnitur Sessel";"4067282984400";"true";"EAN_DUPLICATE"
"459196";"4067282984400";"Sofagarnitur Wohnlandschaft Sofa-Set Wohnzimmergarnitur Sessel Polstergarnitur";"4067282984400";"true";"EAN_DUPLICATE"
"459427";"4067282983069";"Arbeitstisch Schreibtisch Büroschreibtisch Computertisch Konferenztisch Büro";"4067282983076";"true";"EAN_DUPLICATE"
"459432";"4067282983076";"Arbeitstisch Schreibtisch Büroschreibtisch Computertisch Büro Sekretär";"4067282983076";"true";"EAN_DUPLICATE"
"460797";"JVM4062292581458";"Couchtisch Tische Designer Beistelltisch Luxus Holz Wohnzimmer Sofort";"4062292581458";"true";"EAN_DUPLICATE|NAME_CONTAINS_SOFORT"
"460972";"4067282991163";"Esszimmer Set Beige Garnitur Tisch 4x Stühle Design Sideboard Modern Möbel 6tlg";"4067282611863";"true";"EAN_DUPLICATE"
"460990";"4067282871656";"Sofa Modern 3-Sitzer Ledersofa Leder Edelstahl Holz Dreisitzig Couch";"4067282871656";"true";"EAN_DUPLICATE"
"461057";"4067282871663";"Lehnsessel Beige Sitzmöbel Set Sessel Vielseitig Modern Leder Edelstahl";"4067282871656";"true";"EAN_DUPLICATE"
"461490";"4069424736458";"Moderne Polsterstuhl Textil Lehnstuhl Stuhl Schwarz Armlehne Esszimmer Möbel";"4069424184556";"true";"EAN_DUPLICATE"
"461502";"4069424184556";"Moderne Design Textil Blau Stuhl Armlehne Esszimmer Polsterstuhl Luxus Möbel";"4069424184556";"true";"EAN_DUPLICATE"
"461516";"4069424736441";"Lehnstuhl Stuhl Esszimmer Moderne Design Textil Weiß Armlehne Polsterstuhl Luxus";"4069424184556";"true";"EAN_DUPLICATE"
"462380";"4067282660519";"Sessel Polsterstuhl Lounge Armlehnen Polstersessel Wohnzimmer Lounge";"4067282660526";"true";"EAN_DUPLICATE"
"462386";"JVM4062292365867";"Design Esstisch Holz Tische Esszimmer Möbel Runden Echtholz Tische Modern Sofort";"4062292365867";"false";"EAN_DUPLICATE|NAME_CONTAINS_SOFORT"
"462391";"JVM4062292364587";"Designer Esszimmer Set Garnitur Stuhl Tisch 4 Stühle Gruppe 5tlg. Sofort";"4062292364587";"true";"EAN_DUPLICATE|NAME_CONTAINS_SOFORT"
"462515";"4067282190481";"Konsolentisch Sideboard neue italienische Holzmöbel Konsole Schminktische-";"4067282190597";"true";"EAN_DUPLICATE"
"462521";"JVM4062292031779";"Garten Dekoration Frau 60cm Terrasse Stein Figuren Deko Statue Skulptur Sofort";"4062292031779";"false";"EAN_DUPLICATE|NAME_CONTAINS_SOFORT"
"462684";"4067282198982";"Ledersofa Sofa mit USB Couch Eck Sitz Polster Garnitur Wohnlandschaft U Form XXL";"4062292145940";"true";"EAN_DUPLICATE"
"462726";"4067282200500";"Ledersofa Couch Ecksofa Garnitur Design Modernes Sofa Wohnlandschaft UForm + USB";"4062292146237";"true";"EAN_DUPLICATE"
"462733";"4067282201422";"Moderne Leder Sofa Eckcouch Polster Wohnzimmer Ecksofa U Form Wohnlandschaft USB";"4062292146091";"true";"EAN_DUPLICATE"
"462765";"4067282201668";"Leder Couch Polster Sitz Wohnlandschaft Modern Garnitur Sofa mit USB U Form LED";"4062292144653";"true";"EAN_DUPLICATE"
"462788";"4067282198906";"Ecksofa Design Eckgarnitur Eckcouch Sofa Wohnlandschaft Couch Polster Tisch USB";"4062292144325";"true";"EAN_DUPLICATE"
"462852";"4062292000348";"Design XXL Big Sofa Ecksofa Ledersofa Couch Polster Ecke Wohnlandschaft G8003E";"4062292000348";"true";"EAN_DUPLICATE"
"462853";"4062292000263";"Ledersofa Couch Wohnlandschaft Ecksofa Eck Garnitur Design Modern Sofa G8002B";"4062292000263";"true";"EAN_DUPLICATE"
"462855";"4062292000355";"Ledersofa Couch Wohnlandschaft Ecksofa Eck Garnitur Design Modern Sofa G8004";"4062292000355";"true";"EAN_DUPLICATE"
"462856";"4062292000171";"Ledersofa Couch Wohnlandschaft Ecksofa Eck Garnitur Design Modern Sofa F3017";"4062292000171";"true";"EAN_DUPLICATE"
"462857";"4062292002144";"Ledersofa Couch Wohnlandschaft Ecksofa Eck Garnitur Design Modern Sofa B2021";"4062292002144";"true";"EAN_DUPLICATE"
"462858";"4062292000058";"Ledersofa Couch Wohnlandschaft Ecksofa Eck Garnitur Design Modern Sofa F3008";"4062292000058";"true";"EAN_DUPLICATE"
"462860";"4062292002168";"Ledersofa Couch Wohnlandschaft Ecksofa Eck Garnitur Design Modern Sofa Neu B2027";"4062292002168";"true";"EAN_DUPLICATE"
"462861";"4062292001925";"Ledersofa Couch Wohnlandschaft Ecksofa Eck Garnitur Design Modern Sofa A1122";"4062292001925";"true";"EAN_DUPLICATE"
"462863";"4062292002069";"Ledersofa Couch Wohnlandschaft Ecksofa Eck Garnitur Design Modern Sofa A1163C";"4062292002069";"true";"EAN_DUPLICATE"
"462864";"4062292002052";"Ledersofa Couch Wohnlandschaft Ecksofa Eck Garnitur Design Modern Sofa A1163B";"4062292002052";"true";"EAN_DUPLICATE"
"462865";"4062292001857";"Ledersofa Couch Wohnlandschaft Ecksofa Eck Garnitur Design Modern Sofa A1111";"4062292001857";"true";"EAN_DUPLICATE"
"462866";"4062292002007";"Rundsofa Sofa Couch Runde Polster Couchen Garnitur Ecksofa Sitz Ecke Rund Neu";"4062292002007";"true";"EAN_DUPLICATE"
"462867";"4062292001970";"Ledersofa Couch Wohnlandschaft Ecksofa Eck Garnitur Design Modern Sofa A1131";"4062292001970";"true";"EAN_DUPLICATE"
"462868";"4062292001895";"Ledersofa Couch Wohnlandschaft Ecksofa Eck Garnitur Design Modern A1121";"4062292001895";"true";"EAN_DUPLICATE"
"462869";"4062292001888";"Ledersofa Couch Wohnlandschaft Ecksofa Eck Garnitur Design Modern Sofa Neu A1120";"4062292001888";"true";"EAN_DUPLICATE"
"462871";"4062292001826";"Ledersofa Couch Wohnlandschaft Ecksofa Eck Garnitur Design Modern Sofa A1102";"4062292001826";"true";"EAN_DUPLICATE"
"462873";"4260560941328";"Designersofa Ecksofa Couch Ledersofa Polster Sitz Eck Garnitur mit Licht PHX1";"4260560941328";"true";"EAN_DUPLICATE"
"462875";"4260560941311";"Ledersofa Ecksofa Big Sofa Sofa Couch Polster Eck Wohnlandschaft mit Licht Neu";"4260560941311";"true";"EAN_DUPLICATE"
"462880";"4260533189870";"Moderne Ecksofa Couch Designsofa Polster U Form Garnitur Eckcouch Ledesofa Neu";"4260533189870";"true";"EAN_DUPLICATE"
"462881";"4260533189702";"Wohnlandschaft Polster Couch Garnitur XXL Big Sofa Bellini Design Ledersofa Neu";"4260533189702";"true";"EAN_DUPLICATE"
"462882";"4260533189672";"Ledersofa Designer Sofa U Form Wohnlandschaft Couch Polster Ecksofa Garnitur Neu";"4260533189672";"true";"EAN_DUPLICATE"
"462884";"4260533189658";"Ledersofa Ecksofa Sofa Couch Polster Bellini xxl big Wohnlandschaft Ecke Sofas";"4260533189658";"true";"EAN_DUPLICATE"
"462885";"4260533187586";"Rundsofa Designer Ecksofa Sofa Couch Polster Leder Garnitur Wohnlandschaft Royal";"4260533187586";"true";"EAN_DUPLICATE"
"462888";"4260533188149";"Ecksofa Sofa Couch Wohnlandschaft Ledersofa XXL Designer Sofas Wolfhagen Grau";"4260533188149";"true";"EAN_DUPLICATE"
"462889";"4260533187036";"Ecksofa Sofa Couch Polster U Form Wohnlandschaft Bellini Design Couchen XXL Big";"4260533187036";"true";"EAN_DUPLICATE"
"462890";"4260454041561";"Designer Wohnlandschaft Eckcouch Couch Sofa Polster Ledersofa Sofas Neu Garnitur";"4260454041561";"true";"EAN_DUPLICATE"
"462891";"4260533187043";"Ledersofa Sofa Couch Polster Ecke Design Wohnlandschaft Eckgarnitur Big Sofas";"4260533187043";"true";"EAN_DUPLICATE"
"462892";"4260454041219";"Sofa Designer Wohnlandschaft U-Form Couch Ecksofa Polster Garnitur Eckgarnitur";"4260454041219";"true";"EAN_DUPLICATE"
"462893";"4260454041165";"Wohnlandschaft Sofa Polster Couch Ecke Ecksofa Garnitur Textil Stoff Leder Sofas";"4260454041165";"true";"EAN_DUPLICATE"
"462894";"4260454041172";"Designer Wohnlandschaft U-Form Couch Ecksofa Polster Garnitur Eckgarnitur Sofa";"4260454041172";"true";"EAN_DUPLICATE"
"462895";"4260174422770";"LEDERSOFA ECKSOFA &quot;FARBWAHL&quot; SOFA COUCH GARNITUR WOHNLANDSCHAFT BETTFUNKTION NEU";"4260174422770";"true";"EAN_DUPLICATE"
"462896";"4260174420875";"LEDERSOFA ECKSOFA DESIGN COUCH BETTFUNKTION GARNITUR WOHNLANDSCHAFT POLSTER NEU";"4260174420875";"true";"EAN_DUPLICATE"
"462897";"4260454041523";"Designer Wohnlandschaft Couch Sofa Polster Eckcouch Garnitur Ledersofa Sofas New";"4260454041523";"true";"EAN_DUPLICATE"
"462898";"4260454043220";"designer ledersofa xxl wohnlandscahft big sofa couch polsterecke ecksofa neu";"4260454043220";"true";"EAN_DUPLICATE"
"462899";"4260439210203";"LEDERSOFA ECKSOFA COUCH DESIGNER PISA WOHNLANDSCHAFT COUCH SOFA U FORM COLO 3";"4260439210203";"true";"EAN_DUPLICATE"
"462900";"4260174420882";"LEDERSOFA ECKSOFA DESIGN COUCH GARNITUR WOHNLANDSCHAFT POLSTER BETTFUNKTION NEU";"4260174420882";"true";"EAN_DUPLICATE"
"462901";"4260454043343";"XXL WOHNLANDSCHAFT LEDERSOFA DESIGN POLSTER GARNITUR COUCH ECKSOFA BIG SOFA NEU";"4260454043343";"true";"EAN_DUPLICATE"
"462902";"4260454043268";"TEXTIL SOFA XXL WOHNLANDSCHAFT STOFF COUCH BIG SOFA POLSTERECKE ECKSOFA NEU";"4260454043268";"true";"EAN_DUPLICATE"
"462903";"4260174420349";"LEDERSOFA XXL WOHNLANDSCHAFT LEDERCOUCH BIG SOFA LEDERECKSOFA ECKSOFA LEDER";"4260174420349";"true";"EAN_DUPLICATE"
"462904";"4260174420653";"Ledersofa Wohnlandschaft Couch Sofa Ecksofa Eckcouch Ledercouch Poster Ecke NEU";"4260174420653";"true";"EAN_DUPLICATE"
"462905";"4260454043336";"Ecksofa U Form Sofa Couch Polster Ecksofa Wohnlandschaft Textil Sofas Stoff neu";"4260454043336";"true";"EAN_DUPLICATE"
"462906";"4260174429663";"Wohnlandschaft Couch Sofa Sofagarnitur Stoff Textil Leder Sofa mit Beleuchtung";"4260174429663";"true";"EAN_DUPLICATE"
"462907";"4260174422497";"Designer Sofa Ecksofa Wohnlandschaft Big Modernes Ledersofa Couch Patentiert NEU";"4260174422497";"true";"EAN_DUPLICATE"
"462908";"4260174429946";"LEDERSOFA LEDERCOUCH SCHLAFSOFA SOFA GARNITUR WOHNLANDSCHAFT ECKCOUCH ECKSOFA";"4260174429946";"true";"EAN_DUPLICATE"
"462909";"4260174420523";"Ecksofa Sofa Couch Polster Wohnlandschaft Leder Eck Sofas Garnitur U Form Neu";"4260174420523";"true";"EAN_DUPLICATE"
"462910";"4260174420516";"Leder Sofa Couch xxl wohnlandschaft ledercouch big sofa xxl ecksofa Weiß-Schwarz";"4260174420516";"true";"EAN_DUPLICATE"
"462911";"4260484863577";"Wohnlandschaft Couch Polster Eck Garnitur Designer Ledersofa Big Sofa PH2030";"4260484863577";"true";"EAN_DUPLICATE"
"462912";"4260484863416";"Wohnlandschaft Couch Polster Eck Garnitur Designer Ledersofa Big Sofa Cornol";"4260484863416";"true";"EAN_DUPLICATE"
"462913";"4260454041509";"XXL Big Designer Sofa Couch Polster Eck Garnitur Wohnlandschaft Ledersofa Neu";"4260454041509";"true";"EAN_DUPLICATE"
"462914";"4260484863584";"Ecksofa Polster Wohnlandschaft Couch Sofa Wohnlandschaft UForm Sitz Ecke PH2673";"4260484863584";"true";"EAN_DUPLICATE"
"462915";"4260484863522";"Ecksofa Ledersofa Big XXL U Form Wohnlandschaft Sofa Couch Garnitur Neu H2211";"4260484863522";"true";"EAN_DUPLICATE"
"462916";"4260484863508";"Ledersofa Polster Sitz Couch Garnitur Ecksofa Sofa Couch Wohnlandschaft Detmold";"4260484863508";"true";"EAN_DUPLICATE"
"462917";"4260484863317";"Wohnlandschaft Couch Polster Eck Garnitur Ledersofa Big Sofa Ecksofa Neu 2725A";"4260484863317";"true";"EAN_DUPLICATE"
"462918";"4260484863027";"Designer Ecksofa mit Liege Couch Sofa Wohnlandschaft Ledersofa U Form Einstein";"4260484863027";"true";"EAN_DUPLICATE"
"462919";"4260484863010";"Multifunktion XXL Big Ledersofa Sofa Couch Eck Wohnlandschaft Ecksofa Polster";"4260484863010";"true";"EAN_DUPLICATE"
"462920";"4260439210180";"Wohnlandschaft Couch Polster Eck Garnitur Designer Ledersofa Big Sofa Neu PISA";"4260439210180";"true";"EAN_DUPLICATE"
"462924";"4260499872373";"Rundsofa Couch Große XXL Wohnlandschaft Ecksofa Sofa Eck Polster Garnitur Snake";"4260499872373";"true";"EAN_DUPLICATE"
"463062";"4062292000164";"Ledersofa Couch Wohnlandschaft Ecksofa Eck Garnitur Design Modern Sofa F3016 neu";"4062292000164";"true";"EAN_DUPLICATE"
"463063";"4062292001987";"Ledersofa Couch Wohnlandschaft Ecksofa Eck Garnitur Design Modern Sofa Neu A1146";"4062292001987";"true";"EAN_DUPLICATE"
"463064";"4260533189900";"Designersofa Sitz Polster Ecke Ledersofa Wohnlandschaft Sofa Couch Polster Neu";"4260533189900";"true";"EAN_DUPLICATE"
"463067";"4260533189856";"Wohnlandschaft Stoff Sofa Eck Sofa Couch Polster Garnitur U Form Stoff B-Grau";"4260533189856";"true";"EAN_DUPLICATE"
"463068";"4260533189764";"Großes Sofa Wohnlandschaft Ledersofa Design Sofa Couch Polster Ecksofa Garnitur";"4260533189764";"true";"EAN_DUPLICATE"
"463069";"4260454041301";"XXL Big Wohnlandschaft Sofa Couch Polster Eck Leder Sofa Garnitur Couchen +Neu+";"4260454041301";"true";"EAN_DUPLICATE"
"463091";"4062292000089";"Ledersofa Couch Wohnlandschaft 3+2+1 Sitzer Garnitur Design Modern Sofa F3008D";"4062292000089";"true";"EAN_DUPLICATE"
"463099";"4062292001963";"Ledersofa Couch Wohnlandschaft Ecksofa Eck Garnitur Design Modern Sofa A1130";"4062292001963";"true";"EAN_DUPLICATE"
"463100";"4260560940949";"Ledersofa Ecksofa Wohnlandschaft Ecksofa Eckcouch Polster Sitz Ecke Wyen S/W Neu";"4260560940949";"true";"EAN_DUPLICATE"
"463116";"4062292000065";"Ledersofa Couch Wohnlandschaft Ecksofa Eck Garnitur Design Modern Sofa F3008B";"4062292000065";"true";"EAN_DUPLICATE"
"463117";"4062292000225";"Ledersofa Couch Wohnlandschaft Ecksofa Eck Garnitur Design Modern Sofa G8001B";"4062292000225";"true";"EAN_DUPLICATE"
"463118";"4062292002199";"Ledersofa Couch Wohnlandschaft Ecksofa Eck Garnitur Design Modern Sofa C4011 Neu";"4062292002199";"true";"EAN_DUPLICATE"
"463119";"4062292000102";"Ledersofa Couch Wohnlandschaft Ecksofa Eck Garnitur Design Modern Sofa F3011B";"4062292000102";"true";"EAN_DUPLICATE"
"463120";"4062292002090";"Ledersofa Couch Wohnlandschaft Ecksofa Eck Garnitur Design Modern Sofa Neu B2006";"4062292002090";"true";"EAN_DUPLICATE"
"463121";"4062292002137";"Ledersofa Couch Wohnlandschaft Ecksofa Eck Garnitur Design Modern Sofa B2017B";"4062292002137";"true";"EAN_DUPLICATE"
"463122";"4062292001994";"Ledersofa Couch Wohnlandschaft Ecksofa Eck Garnitur Design Modern Sofa Neu A1147";"4062292001994";"true";"EAN_DUPLICATE"
"463123";"4062292001956";"Ledersofa Couch Wohnlandschaft Ecksofa Eck Garnitur Design Modern Sofa Neu A1128";"4062292001956";"true";"EAN_DUPLICATE"
"463124";"4260560940208";"Wohnlandschaft Couch Polster Ecksofa Insel Sofa Ledersofa Eckgarnitur Neu PRII-S";"4260560940208";"true";"EAN_DUPLICATE"
"463125";"4260533189740";"Ecksofa Ledersofa Sofa Couch Polster Garnitur Form XXL Big Sofas Wohnlandschaft";"4260533189740";"true";"EAN_DUPLICATE"
"463133";"4062292000232";"Ledersofa Couch Wohnlandschaft Ecksofa Eck Garnitur Design Modern Sofa G8001C";"4062292000232";"true";"EAN_DUPLICATE"
"463143";"4062292000041";"Ledersofa Couch Wohnlandschaft 3+2+1 Sitzer Garnitur Design Modern Sofa F_3014D";"4062292000041";"true";"EAN_DUPLICATE"
"463146";"4062292001918";"Ledersofa Couch Wohnlandschaft Ecksofa Eck Garnitur Design Modern Sofa A1121C";"4062292001918";"true";"EAN_DUPLICATE"
"463149";"4260560940147";"Sofagarnitur Couch Polster Leder Sofa 3+2+1 Klassische Couchen Royal Sitz Black";"4260560940147";"true";"EAN_DUPLICATE"
"463160";"4062292000331";"Ledersofa Couch Wohnlandschaft 3+2+1 Sitzer Garnitur Design Modern Sofa G8003D";"4062292000331";"true";"EAN_DUPLICATE"
"463164";"4062292000126";"Ledersofa Couch Wohnlandschaft Ecksofa Eck Garnitur Design Modern Sofa F3012";"4062292000126";"true";"EAN_DUPLICATE"
"463165";"4062292000072";"Ledersofa Couch Wohnlandschaft Ecksofa Eck Garnitur Design Modern Sofa F3008C";"4062292000072";"true";"EAN_DUPLICATE"
"463167";"4260560940192";"Designersofa Ecksofa Wohnlandschaft Rundsofa Ledersofa Couch Sofa UForm Royal";"4260560940192";"true";"EAN_DUPLICATE"
"463168";"4062292490873";"Modernes Ledersofa Ecksofa Wohnlandschaft Sitz Polster Couch Garnitur Neu FEo";"4062292490873";"true";"EAN_DUPLICATE"
"463176";"4062292000218";"Ledersofa Couch Wohnlandschaft Ecksofa Eck Garnitur Design Modern Sofa G8001";"4062292000218";"true";"EAN_DUPLICATE"
"463177";"4260560940925";"Ecksofa Sofa Couch Wohnlandschaft Ledersofa XXL Designer Sofas Wolfhagen Weiß";"4260560940925";"true";"EAN_DUPLICATE"
"463178";"4062292140990";"Ledersofa Couch Wohnlandschaft Ecksofa Eck Garnitur Design Modern Sofa USB A1102";"4062292140990";"true";"EAN_DUPLICATE"
"463196";"4062292000300";"Ledersofa Couch Wohnlandschaft Ecksofa Eck Garnitur Design Modern Sofa G8003";"4062292000300";"true";"EAN_DUPLICATE"
"463200";"4260560940901";"Ecksofa Sofa Couch Wohnlandschaft Ledersofa XXL Designer Sofas Wolfhagen S/W";"4260560940901";"true";"EAN_DUPLICATE"
"463201";"4260560940185";"Designersofa Ecksofa Wohnlandschaft Rundsofa Ledersofa Couch Sofa UForm PR-S";"4260560940185";"true";"EAN_DUPLICATE"
"463214";"4260533187401";"Ledersofa Set Sofa Couch Sitz Polster Garnitur Sofagarnitur 3+2+1 Sofas HuttenS";"4260533187401";"true";"EAN_DUPLICATE"
"463216";"4260533187067";"Leder U Form Wohnlandschaft Polster Eckcouch Couch Leder Sofa Ecksofa Eckcouch";"4260533187067";"true";"EAN_DUPLICATE"
"463251";"4062292002205";"Ledersofa Couch Wohnlandschaft Ecksofa Eck Garnitur Design Modern Sofa C4011B";"4062292002205";"true";"EAN_DUPLICATE"
"463259";"4260560941120";"Design Sofa Couch Polster Wohnlandschaft Ecksofa Eckcouch Leder PH300 O/B Neu";"4260560941120";"true";"EAN_DUPLICATE"
"463264";"4062292000096";"Ledersofa Couch Wohnlandschaft Ecksofa Eck Garnitur Design Modern Sofa Neu F3011";"4062292000096";"true";"EAN_DUPLICATE"
"463589";"4067282805231";"Sessel Hochwertig Grau Terrasse Design Elegantes Möbel Modern Sessel luxuriöse";"4067282805231";"true";"EAN_DUPLICATE"
"463593";"4067282805224";"Couchtisch Terrasse Design Tische Möbel Tisch Luxus Beistelltisch Holz Modern";"4067282805224";"true";"EAN_DUPLICATE"
"463598";"4067282805217";"Gartenmöbel Sofagarnitur Rattanmöbel Terrasse Set Outdoor Lounge Balkon 3tlg.";"4067282805217";"true";"EAN_DUPLICATE"
"463601";"4067282805156";"Sofas Gartenmöbel Beige Couchtisch Sessel Moderne Rattan Hochwertig 3 Sitzer";"4067282805156";"true";"EAN_DUPLICATE"
"463605";"4067282805194";"Couchtisch Rattan Design Tische Möbel Tisch Luxus Beistelltisch Beige Modern";"4067282805194";"true";"EAN_DUPLICATE"
"463607";"4067282805187";"Sessel Hochwertig BeigeTerrasse Design Elegantes Möbel Modern Sessel luxuriöse";"4067282805187";"true";"EAN_DUPLICATE"
"463610";"4067282805163";"Sofa 3 Sitzer Couchtisch Sofas Dreisitzer Luxus Gartenmöbel Garnitur Modern 2tlg";"4067282805163";"true";"EAN_DUPLICATE"
"463613";"4067282805149";"Sofagarnitur Rattanmöbel Gartenmöbel Terrasse Set Lounge Balkon Outdoor 4tlg.";"4067282805149";"true";"EAN_DUPLICATE"
"463617";"4067282804548";"Garnitur Sofa 2 Sitzer Couchtisch Sofas Dreisitzer Stoff Luxus Garnitur Modern";"4067282804548";"true";"EAN_DUPLICATE"
"463621";"4067282804531";"Garten Rattanmöbel Sofagarnitur Terrasse Set Möbel Balkon Outdoor Lounge 3tlg.";"4067282804531";"true";"EAN_DUPLICATE"
"463624";"4067282804524";"Outdoor Rattanmöbel Terrassenmöbel Balkonmöbel Gartenmöbel Sitzgarnitur 4tlg.";"4067282804524";"true";"EAN_DUPLICATE"
"463631";"4067282804517";"Sessel Grau Hochwertig Terrasse Design Elegantes Möbel Modern Sessel luxuriöse";"4067282804517";"true";"EAN_DUPLICATE"
"463634";"4067282804500";"Couchtisch Hochwertig Designer Oval Grau Beistelltisch stilvolle Terrasse";"4067282804500";"true";"EAN_DUPLICATE"
"463637";"4067282804494";"Rattanmöbel Garnitur Gartenlounge Loungemöbel Balkonmöbel Terrassenmöbel 2tlg";"4067282804494";"true";"EAN_DUPLICATE"
"464030";"JVM4067282519008";"Designer Textil Einsitzer Esszimmer Edle Holzstühle Sofort";"4067282519008";"true";"EAN_DUPLICATE|NAME_CONTAINS_SOFORT"
"464035";"4260439211255";"Sofagarnitur 3+2 Sitzer mit Bettfunktion Polster Garnitur Leder Couch LOUISIANA";"4260439211255";"true";"EAN_DUPLICATE"
"464055";"4062292109997";"Leder Sofa Couch Polster Sitz Garnitur 3+2 Sitzer Sofas Couchen Italien Möbel";"4062292135538";"true";"EAN_DUPLICATE"
"464063";"4062292120626";"Chesterfield Textil Couch Polster Sitz Garnitur 3+1+1 Sitzer Designer Couchen";"4062292135804";"true";"EAN_DUPLICATE"
"464067";"4062292546204";"Leder Sofa Couch - Rote Polster Dreisitzer Couch Garnitur 3er Neu";"4062292546204";"true";"EAN_DUPLICATE"
"464068";"4062292546174";"Couch Grau Chesterfield Büro Sofa Emfpangs Couchen Leder Textil Neu jvmoebel ®";"4062292546174";"true";"EAN_DUPLICATE"
"464073";"4062292546198";"Chesterfield Design Polster Englisches Bett Doppelbett Grau Betten 160/180x200";"4062292546198";"true";"EAN_DUPLICATE"
"464077";"4260499874155";"Chesterfield Ecksofa Eckcouch Designer Sofa Couch Samt Ledersofa SLIII Sofa №98";"4260499874155";"true";"EAN_DUPLICATE"
"464078";"4260499874100";"Chesterfield Ecksofa Eckcouch Designer Sofa Couch Samt Ledersofa SLIII Sofa №93";"4260499874100";"true";"EAN_DUPLICATE"
"464079";"4260499874148";"Chesterfield Ecksofa Eckcouch Designer Sofa Couch Samt Ledersofa SLIII Sofa №97";"4260499874148";"true";"EAN_DUPLICATE"
"464080";"JVM_4260606055552";"Chesterfield Couch Polster Sofas Klassische Leder Textil Sofa 4 Sitzer Sofort";"4260606055552";"true";"EAN_DUPLICATE|NAME_CONTAINS_SOFORT"
"464082";"4260499874117";"Chesterfield Ecksofa Eckcouch Designer Sofa Couch Samt Ledersofa SLIII Sofa №94";"4260499874117";"true";"EAN_DUPLICATE"
"464083";"4260499874087";"Chesterfield Ecksofa Eckcouch Designer Sofa Couch Samt Ledersofa SLIII Sofa №91";"4260499874087";"true";"EAN_DUPLICATE"
"464084";"4260499874124";"Chesterfield Ecksofa Eckcouch Designer Sofa Couch Samt Ledersofa SLIII Sofa №95";"4260499874124";"true";"EAN_DUPLICATE"
"464085";"4260499874094";"Chesterfield Ecksofa Eckcouch Designer Sofa Couch Samt Ledersofa SLIII Sofa №92";"4260499874094";"true";"EAN_DUPLICATE"
"464087";"4062292546181";"Chesterfield Sofa Polster Stoff Leder Couchen Polster Garnitur Sessel + Hocker";"4062292546181";"true";"EAN_DUPLICATE"
"464088";"4062292546211";"Landhaus Stil Möbel - Chesterfield Sofa Sitz Gemütliche Couch Stoff jvmoebel ®";"4062292202964";"true";"EAN_DUPLICATE"
"464090";"4260499873066";"Chesterfield Sofa 3 SITZER Polster Designer Couchen Sofas Garnitur SL Sofa 38";"4260499873066";"true";"EAN_DUPLICATE"
"464091";"4260499873028";"Chesterfield Sofa 3 SITZER Polster Designer Couchen Sofas Garnitur SL Sofa 34";"4260499873028";"true";"EAN_DUPLICATE"
"464092";"4260499872991";"Chesterfield Sofa 3 SITZER Polster Designer Couchen Sofas Garnitur SL Sofa 31";"4260499872991";"true";"EAN_DUPLICATE"
"464093";"4062292491016";"Nacht Tisch Konsole Luxus Klasse Nachttische Konsolen Beistell Metall Leder Neu";"4062292491016";"true";"EAN_DUPLICATE"
"464094";"4260499873059";"Chesterfield Sofa 3 SITZER Polster Designer Couchen Sofas Garnitur SL Sofa 37";"4260499873059";"true";"EAN_DUPLICATE"
"464095";"4260499872960";"Chesterfield Sofa 3 SITZER Polster Designer Couchen Sofas Garnitur SL Sofa 28";"4260499872960";"true";"EAN_DUPLICATE"
"464096";"4260499873042";"Chesterfield Sofa 3 SITZER Polster Designer Couchen Sofas Garnitur SL Sofa 36";"4260499873042";"true";"EAN_DUPLICATE"
"464097";"4260499873011";"Chesterfield Sofa 3 SITZER Polster Designer Couchen Sofas Garnitur SL Sofa 33";"4260499873011";"true";"EAN_DUPLICATE"
"464099";"4260499872953";"Chesterfield Sofa 3 SITZER Polster Designer Couchen Sofas Garnitur SL Sofa 27";"4260499872953";"true";"EAN_DUPLICATE"
"464101";"4260499872984";"Chesterfield Sofa 3 SITZER Polster Designer Couchen Sofas Garnitur SL Sofa 30";"4260499872984";"true";"EAN_DUPLICATE"
"464102";"4260499872915";"Chesterfield Sofa 3 SITZER Polster Designer Couchen Sofas Garnitur SL Sofa 23";"4260499872915";"true";"EAN_DUPLICATE"
"464103";"4260499872885";"Chesterfield Sofa 3 SITZER Polster Designer Couchen Sofas Garnitur SL Sofa 20";"4260499872885";"true";"EAN_DUPLICATE"
"464104";"4260499872939";"Chesterfield Sofa 3 SITZER Polster Designer Couchen Sofas Garnitur SL Sofa 25";"4260499872939";"true";"EAN_DUPLICATE"
"464105";"4062292301193";"Chesterfield 5 Sitzers Klassische Luxus Barock Rokoko Sofa Couch Textil Leder";"4062292301209";"true";"EAN_DUPLICATE"
"464106";"4062292546532";"Design Samt Sofa Couch Gruppe Garnitur 3+2+1 Metall 3tlg Set Luxus Sofas Neu";"4062292546532";"true";"EAN_DUPLICATE"
"464107";"4260499872854";"Chesterfield Sofa 3 SITZER Polster Designer Couchen Sofas Garnitur SL Sofa 17";"4260499872854";"true";"EAN_DUPLICATE"
"464108";"4260499873073";"Chesterfield Sofa 3 SITZER Polster Designer Couchen Sofas Garnitur SL Sofa 39";"4260499873073";"true";"EAN_DUPLICATE"
"464109";"4260499872830";"Chesterfield Sofa 3 SITZER Polster Designer Couchen Sofas Garnitur SL Sofa 15";"4260499872830";"true";"EAN_DUPLICATE"
"464110";"4260499872908";"Chesterfield Sofa 3 SITZER Polster Designer Couchen Sofas Garnitur SL Sofa 22";"4260499872908";"true";"EAN_DUPLICATE"
"464111";"4260499873035";"Chesterfield Sofa 3 SITZER Polster Designer Couchen Sofas Garnitur SL Sofa 35";"4260499873035";"true";"EAN_DUPLICATE"
"464112";"4260499872779";"Chesterfield Sofa 3+2 SITZER Polster Designer Couchen Sofas Garnitur Couch SL 9";"4260499872779";"true";"EAN_DUPLICATE"
"464113";"4260499873004";"Chesterfield Sofa 3 SITZER Polster Designer Couchen Sofas Garnitur SL Sofa 32";"4260499873004";"true";"EAN_DUPLICATE"
"464114";"4260499872748";"Chesterfield RUNDSOFA Ecksofa Royal Halbrund Designer Sofa Couch Ledersofa SL 6";"4260499872748";"true";"EAN_DUPLICATE"
"464115";"4260499872977";"Chesterfield Sofa 3 SITZER Polster Designer Couchen Sofas Garnitur SL Sofa 29";"4260499872977";"true";"EAN_DUPLICATE"
"464116";"4260499872878";"Chesterfield Sofa 3 SITZER Polster Designer Couchen Sofas Garnitur SL Sofa 19";"4260499872878";"true";"EAN_DUPLICATE"
"464117";"JVM4062292255786";"Tisch Holz Schreibtisch Computer Schreibtisch Massiv Echtholz Sofort";"4062292255786";"false";"EAN_DUPLICATE|NAME_CONTAINS_SOFORT"
"464118";"4260499872717";"Chesterfield Sofa 3 SITZER Polster Designer Couchen Sofas Garnitur SL Sofa 3 Neu";"4260499872717";"true";"EAN_DUPLICATE"
"464120";"4260499872687";"Chesterfield Sofa Polster Designer Couchen Sofas Garnitur Textil Stoff Textil 36";"4260499872687";"true";"EAN_DUPLICATE"
"464121";"4260499872946";"Chesterfield Sofa 3 SITZER Polster Designer Couchen Sofas Garnitur SL Sofa 26";"4260499872946";"true";"EAN_DUPLICATE"
"464123";"4260499872823";"Chesterfield Sofa 3 SITZER Polster Designer Couchen Sofas Garnitur SL Sofa 14";"4260499872823";"true";"EAN_DUPLICATE"
"464125";"4260499872922";"Chesterfield Sofa 3 SITZER Polster Designer Couchen Sofas Garnitur SL Sofa 24";"4260499872922";"true";"EAN_DUPLICATE"
"464126";"4260499872656";"Sofa Stoff Textil Sofa Couch Polster Designer Garnitur Stoffsofa Couchen No.32";"4260499872656";"true";"EAN_DUPLICATE"
"464127";"4260499872649";"Chesterfield Sofa Polster Designer Couchen Sofas Garnitur Textil Stoff Textil 31";"4260499872649";"true";"EAN_DUPLICATE"
"464129";"4260499872762";"Chesterfield Sofa 3 SITZER Polster Designer Couchen Sofas Garnitur SL Sofa 8 Neu";"4260499872762";"true";"EAN_DUPLICATE"
"464130";"4260499872618";"Chesterfield Sofa Polster Designer Couchen Sofas Garnitur Textil Stoff Textil 28";"4260499872618";"true";"EAN_DUPLICATE"
"464131";"4260499872731";"Chesterfield Sofa 3 SITZER Polster Designer Couchen Sofas Garnitur SL Sofa 5";"4260499872731";"true";"EAN_DUPLICATE"
"464132";"4260499872588";"Chesterfield Sofa Polster Designer Couchen Sofas Garnitur Textil Stoff Textil 25";"4260499872588";"true";"EAN_DUPLICATE"
"464133";"4260499872892";"Chesterfield Sofa 3 SITZER Polster Designer Couchen Sofas Garnitur SL Sofa 21";"4260499872892";"true";"EAN_DUPLICATE"
"464134";"4260499872700";"Designer Sofa Ecksofa Stoffsofa System Sofa Textil Samt Eckcouch Couch SL Sofa 2";"4260499872700";"true";"EAN_DUPLICATE"
"464135";"4062292301186";"Chesterfield 4 Sitzers Klassische Luxus Barock Rokoko Sofa Couch Textil Leder";"4062292301209";"true";"EAN_DUPLICATE"
"464136";"4260499872557";"Chesterfield Sofa Polster Designer Couchen Sofas Garnitur Textil Stoff Textil 22";"4260499872557";"true";"EAN_DUPLICATE"
"464137";"4260499872670";"Sofa Stoff Textil Sofa Couch Polster Designer Garnitur Stoffsofa Couchen No.35";"4260499872670";"true";"EAN_DUPLICATE"
"464138";"4260499872526";"Chesterfield Sofa Polster Designer Couchen Sofas Garnitur Textil Stoff Textil 18";"4260499872526";"true";"EAN_DUPLICATE"
"464139";"4260499872472";"Sofa Stoff Textil Sofa Couch Polster Designer Garnitur Stoffsofa Couchen No.13";"4260499872472";"true";"EAN_DUPLICATE"
"464140";"4260499872861";"Chesterfield Sofa 3 SITZER Polster Designer Couchen Sofas Garnitur SL Sofa 18";"4260499872861";"true";"EAN_DUPLICATE"
"464141";"4260499872496";"Chesterfield Sofa Polster Designer Couchen Sofas Garnitur Textil Stoff Textil 15";"4260499872496";"true";"EAN_DUPLICATE"
"464142";"4260499872632";"Chesterfield Sofa Polster Designer Couchen Sofas Garnitur Textil Stoff Textil 30";"4260499872632";"true";"EAN_DUPLICATE"
"464144";"4260499872601";"Chesterfield Sofa Polster Designer Couchen Sofas Garnitur Textil Stoff Textil 27";"4260499872601";"true";"EAN_DUPLICATE"
"464145";"4260499872816";"Chesterfield Sofa 3+2+1 SITZER Polster Designer Sofas Garnitur Couch SL Sofa 13";"4260499872816";"true";"EAN_DUPLICATE"
"464146";"4260499872410";"Chesterfield Sofa Polster Designer Couchen Sofas Garnitur Textil Stoff Textil 7";"4260499872410";"true";"EAN_DUPLICATE"
"464147";"4260499872571";"Chesterfield Sofa Polster Designer Couchen Sofas Garnitur Textil Stoff Textil 24";"4260499872571";"true";"EAN_DUPLICATE"
"464149";"4260499872786";"Chesterfield Sofa 3+1 SITZER Polster Designer Couchen Sofas Garnitur SL Sofa 10";"4260499872786";"true";"EAN_DUPLICATE"
"464150";"4260499872380";"Chesterfield Sofa Polster Designer Couchen Sofas Garnitur Textil Stoff Textil 4";"4260499872380";"true";"EAN_DUPLICATE"
"464151";"4260499872540";"Chesterfield Sofa Polster Designer Couchen Sofas Garnitur Textil Stoff Textil 20";"4260499872540";"true";"EAN_DUPLICATE"
"464152";"4260499872359";"Chesterfield Sofa Polster Designer Couchen Sofas Garnitur Textil Stoff Textil 1";"4260499872359";"true";"EAN_DUPLICATE"
"464153";"4260499872519";"Chesterfield Sofa Polster Designer Couchen Sofas Garnitur Textil Stoff Textil 17";"4260499872519";"true";"EAN_DUPLICATE"
"464154";"4260499872724";"Chesterfield Sofa 3 SITZER Polster Designer Couchen Sofas Garnitur SL Sofa 4";"4260499872724";"true";"EAN_DUPLICATE"
"464155";"4260499872205";"Chesterfield Couch Polster Sofa Sitz Garnitur Designer Couchen Sofas 2016-064";"4260499872205";"true";"EAN_DUPLICATE"
"464156";"4260499872489";"Chesterfield Sofa Polster Designer Couchen Sofas Garnitur Textil Stoff Textil 14";"4260499872489";"true";"EAN_DUPLICATE"
"464157";"4260499872434";"Chesterfield Sofa Polster Designer Couchen Sofas Garnitur Textil Stoff Textil 9";"4260499872434";"true";"EAN_DUPLICATE"
"464158";"4260499872694";"Chesterfield Sofa 3 SITZER Polster Designer Couchen Sofas Garnitur SL Sofa 1";"4260499872694";"true";"EAN_DUPLICATE"
"464159";"4260499871710";"Chesterfield Ecksofa Eckcouch Designer Sofa Couch Samt Ledersofa Vintage 2016-14";"4260499871710";"true";"EAN_DUPLICATE"
"464160";"4260499872663";"Sofa Stoff Textil Sofa Couch Polster Designer Garnitur Stoffsofa Couchen No.33";"4260499872663";"true";"EAN_DUPLICATE"
"464161";"4260499872403";"Chesterfield Sofa Polster Designer Couchen Sofas Garnitur Textil Stoff Textil 6";"4260499872403";"true";"EAN_DUPLICATE"
"464162";"4260499872465";"Sofa Stoff Textil Sofa Couch Polster Designer Garnitur Stoffsofa Couchen No.12";"4260499872465";"true";"EAN_DUPLICATE"
"464163";"4260499872625";"Chesterfield Sofa Polster Designer Couchen Sofas Garnitur Textil Stoff Textil 29";"4260499872625";"true";"EAN_DUPLICATE"
"464164";"4260499872304";"Chesterfield Sofa Polster Designer Couchen Vintage Sofas Garnitur Couch 2016-074";"4260499872304";"true";"EAN_DUPLICATE"
"464165";"4260499872595";"Chesterfield Sofa Polster Designer Couchen Sofas Garnitur Textil Stoff Textil 26";"4260499872595";"true";"EAN_DUPLICATE"
"464167";"4260499872564";"Chesterfield Sofa Polster Designer Couchen Sofas Garnitur Textil Stoff Textil 23";"4260499872564";"true";"EAN_DUPLICATE"
"464168";"4260499871611";"Chesterfield Sofa 3+2+1 SITZER Polster Designer Sofas Garnitur Couch 2016-04";"4260499871611";"true";"EAN_DUPLICATE"
"464169";"4260499872533";"Chesterfield Sofa Polster Designer Couchen Sofas Garnitur Textil Stoff Textil 19";"4260499872533";"true";"EAN_DUPLICATE"
"464170";"4260499874056";"Chesterfield Ecksofa Eckcouch Designer Sofa Couch Samt Ledersofa SLIII Sofa №88";"4260499874056";"true";"EAN_DUPLICATE"
"464171";"4260499872502";"Chesterfield Sofa Polster Designer Couchen Sofas Garnitur Textil Stoff Textil 16";"4260499872502";"true";"EAN_DUPLICATE"
"464172";"4260499874025";"Chesterfield Ecksofa Eckcouch Designer Sofa Couch Samt Ledersofa SLIII Sofa №85";"4260499874025";"true";"EAN_DUPLICATE"
"464173";"4260499872458";"Chesterfield Sofa Polster Designer Couchen Sofas Garnitur Textil Stoff Textil 11";"4260499872458";"true";"EAN_DUPLICATE"
"464174";"4260499873998";"Chesterfield Ecksofa Eckcouch Designer Sofa Couch Samt Ledersofa SLIII Sofa №82";"4260499873998";"true";"EAN_DUPLICATE"
"464175";"4260174429489";"Eckbank Leder Küchen Bank Sitzbank Lederbank FARBWAHL Massfertigung WUNSCHGRÖßE";"4260174429489";"true";"EAN_DUPLICATE"
"464176";"4260499872427";"Chesterfield Sofa Polster Designer Couchen Sofas Garnitur Textil Stoff Textil 8";"4260499872427";"true";"EAN_DUPLICATE"
"464177";"4260499873967";"Chesterfield Sofa Polster Designer Couchen Sofas Garnitur Couch SLIII Sofa №79";"4260499873967";"true";"EAN_DUPLICATE"
"464178";"4260499874070";"Chesterfield Ecksofa Eckcouch Designer Sofa Couch Samt Ledersofa SLIII Sofa №90";"4260499874070";"true";"EAN_DUPLICATE"
"464179";"4260499872397";"Chesterfield Sofa Polster Designer Couchen Sofas Garnitur Textil Stoff Textil 5";"4260499872397";"true";"EAN_DUPLICATE"
"464180";"4260499873936";"Chesterfield Sofa Polster Designer Couchen Sofas Garnitur Couch SLIII Sofa №76";"4260499873936";"true";"EAN_DUPLICATE"
"464181";"4260499874049";"Chesterfield Ecksofa Eckcouch Designer Sofa Couch Samt Ledersofa SLIII Sofa №87";"4260499874049";"true";"EAN_DUPLICATE"
"464182";"4260499874018";"Chesterfield Ecksofa Eckcouch Designer Sofa Couch Samt Ledersofa SLIII Sofa №84";"4260499874018";"true";"EAN_DUPLICATE"
"464183";"4260499872366";"Chesterfield Sofa Polster Designer Couchen Sofas Garnitur Textil Stoff Textil 2";"4260499872366";"true";"EAN_DUPLICATE"
"464184";"4260499873905";"Chesterfield Sofa Polster Designer Couchen Sofas Garnitur Couch SLIII Sofa №73";"4260499873905";"true";"EAN_DUPLICATE"
"464185";"4260499873981";"Chesterfield Sofa Polster Designer Couchen Sofas Garnitur Couch SLIII Sofa №81";"4260499873981";"true";"EAN_DUPLICATE"
"464186";"4260499873875";"Chesterfield Sofa Polster Designer Couchen Sofas Garnitur Couch SLIII Sofa №70";"4260499873875";"true";"EAN_DUPLICATE"
"464187";"4260499873950";"Chesterfield Sofa Polster Designer Couchen Sofas Garnitur Couch SLIII Sofa №78";"4260499873950";"true";"EAN_DUPLICATE"
"464188";"4260499872113";"Chesterfield Sofa 4 SITZER XXL Polster Designer Couchen Sofas Garnitur 2016-054";"4260499872113";"true";"EAN_DUPLICATE"
"464189";"4260499873929";"Chesterfield Sofa Polster Designer Couchen Sofas Garnitur Couch SLIII Sofa №75";"4260499873929";"true";"EAN_DUPLICATE"
"464190";"4260499873844";"Chesterfield Sofa Polster Designer Couchen Sofas Garnitur Couch SLIII Sofa №67";"4260499873844";"true";"EAN_DUPLICATE"
"464191";"4260499873899";"Chesterfield Sofa Polster Designer Couchen Sofas Garnitur Couch SLIII Sofa №72";"4260499873899";"true";"EAN_DUPLICATE"
"464192";"4260499873813";"Chesterfield Sofa Polster Designer Couchen Sofas Garnitur Couch SLIII Sofa №64";"4260499873813";"true";"EAN_DUPLICATE"
"464193";"4260499873783";"Chesterfield Sofa Polster Designer Couchen Sofas Garnitur Couch SLIII Sofa №61";"4260499873783";"true";"EAN_DUPLICATE"
"464194";"4260499873868";"Chesterfield Sofa Polster Designer Couchen Sofas Garnitur Couch SLIII Sofa №69";"4260499873868";"true";"EAN_DUPLICATE"
"464195";"4260499873837";"Chesterfield Sofa Polster Designer Couchen Sofas Garnitur Couch SLIII Sofa №66";"4260499873837";"true";"EAN_DUPLICATE"
"464196";"4260499873752";"Chesterfield Sofa Polster Designer Couchen Sofas Garnitur Couch SLIII Sofa №58";"4260499873752";"true";"EAN_DUPLICATE"
"464197";"4260499873806";"Chesterfield Sofa Polster Designer Couchen Sofas Garnitur Couch SLIII Sofa №63";"4260499873806";"true";"EAN_DUPLICATE"
"464198";"4260499873721";"Chesterfield Sofa Polster Designer Couchen Sofas Garnitur Couch SLIII Sofa №55";"4260499873721";"true";"EAN_DUPLICATE"
"464199";"4260499873776";"Chesterfield Sofa Polster Designer Couchen Sofas Garnitur Couch SLIII Sofa №60";"4260499873776";"true";"EAN_DUPLICATE"
"464200";"4260499873691";"Chesterfield Sofa Polster Designer Couchen Sofas Garnitur Couch SLIII Sofa №52";"4260499873691";"true";"EAN_DUPLICATE"
"464201";"4260499873745";"Chesterfield Sofa Polster Designer Couchen Sofas Garnitur Couch SLIII Sofa №57";"4260499873745";"true";"EAN_DUPLICATE"
"464202";"4260499873660";"Chesterfield Sofa Polster Designer Couchen Sofas Garnitur Couch SLIII Sofa №49";"4260499873660";"true";"EAN_DUPLICATE"
"464203";"4260499874063";"Chesterfield Ecksofa Eckcouch Designer Sofa Couch Samt Ledersofa SLIII Sofa №89";"4260499874063";"true";"EAN_DUPLICATE"
"464204";"4260499873714";"Chesterfield Sofa Polster Designer Couchen Sofas Garnitur Couch SLIII Sofa №54";"4260499873714";"true";"EAN_DUPLICATE"
"464205";"4260499874032";"Chesterfield Ecksofa Eckcouch Designer Sofa Couch Samt Ledersofa SLIII Sofa №86";"4260499874032";"true";"EAN_DUPLICATE"
"464206";"4260499873639";"Chesterfield Sofa Polster Designer Couchen Sofas Garnitur Couch SLIII Sofa №46";"4260499873639";"true";"EAN_DUPLICATE"
"464207";"4260499874001";"Chesterfield Ecksofa Eckcouch Designer Sofa Couch Samt Ledersofa SLIII Sofa №83";"4260499874001";"true";"EAN_DUPLICATE"
"464208";"4260499873608";"Chesterfield Sofa Polster Designer Couchen Sofas Garnitur Couch SLIII Sofa №43";"4260499873608";"true";"EAN_DUPLICATE"
"464209";"4260499873653";"Chesterfield Sofa Polster Designer Couchen Sofas Garnitur Couch SLIII Sofa №48";"4260499873653";"true";"EAN_DUPLICATE"
"464210";"4260499873974";"Chesterfield Sofa Polster Designer Couchen Sofas Garnitur Couch SLIII Sofa №80";"4260499873974";"true";"EAN_DUPLICATE"
"464211";"4260499873622";"Chesterfield Sofa Polster Designer Couchen Sofas Garnitur Couch SLIII Sofa №45";"4260499873622";"true";"EAN_DUPLICATE"
"464212";"4260499873578";"Chesterfield Sofa Polster Designer Couchen Sofas Garnitur Couch SLIII Sofa №40";"4260499873578";"true";"EAN_DUPLICATE"
"464213";"4260499873943";"Chesterfield Sofa Polster Designer Couchen Sofas Garnitur Couch SLIII Sofa №77";"4260499873943";"true";"EAN_DUPLICATE"
"464214";"4260499873547";"Chesterfield Sofa Polster Designer Couchen Sofas Garnitur Couch SLIII Sofa №36";"4260499873547";"true";"EAN_DUPLICATE"
"464215";"4260499873592";"Chesterfield Sofa Polster Designer Couchen Sofas Garnitur Couch SLIII Sofa №42";"4260499873592";"true";"EAN_DUPLICATE"
"464216";"4260499873912";"Chesterfield Sofa Polster Designer Couchen Sofas Garnitur Couch SLIII Sofa №74";"4260499873912";"true";"EAN_DUPLICATE"
"464217";"4260499873516";"Chesterfield Sofa Polster Designer Couchen Sofas Garnitur Couch SLIII Sofa №33";"4260499873516";"true";"EAN_DUPLICATE"
"464218";"4260499873561";"Chesterfield Sofa Polster Designer Couchen Sofas Garnitur Couch SLIII Sofa №39";"4260499873561";"true";"EAN_DUPLICATE"
"464219";"4260499873882";"Chesterfield Sofa Polster Designer Couchen Sofas Garnitur Couch SLIII Sofa №71";"4260499873882";"true";"EAN_DUPLICATE"
"464220";"4260499873486";"Chesterfield Sofa Polster Designer Couchen Sofas Garnitur Couch SLIII Sofa №30";"4260499873486";"true";"EAN_DUPLICATE"
"464221";"4260499873530";"Chesterfield Sofa Polster Designer Couchen Sofas Garnitur Couch SLIII Sofa №35";"4260499873530";"true";"EAN_DUPLICATE"
"464222";"4260499873455";"Chesterfield Sofa Polster Designer Couchen Sofas Garnitur Couch SLIII Sofa №27";"4260499873455";"true";"EAN_DUPLICATE"
"464223";"4260499873851";"Chesterfield Sofa Polster Designer Couchen Sofas Garnitur Couch SLIII Sofa №68";"4260499873851";"true";"EAN_DUPLICATE"
"464224";"4260499873509";"Chesterfield Sofa Polster Designer Couchen Sofas Garnitur Couch SLIII Sofa №32";"4260499873509";"true";"EAN_DUPLICATE"
"464225";"4260499873424";"Chesterfield Sofa Polster Designer Couchen Sofas Garnitur Couch SLIII Sofa №24";"4260499873424";"true";"EAN_DUPLICATE"
"464226";"4260499873820";"Chesterfield Sofa Polster Designer Couchen Sofas Garnitur Couch SLIII Sofa №65";"4260499873820";"true";"EAN_DUPLICATE"
"464227";"4260499873479";"Chesterfield Sofa Polster Designer Couchen Sofas Garnitur Couch SLIII Sofa №29";"4260499873479";"true";"EAN_DUPLICATE"
"464228";"4260499873394";"Chesterfield Sofa Polster Designer Couchen Sofas Garnitur Couch SLIII Sofa №21";"4260499873394";"true";"EAN_DUPLICATE"
"464229";"4260499873790";"Chesterfield Sofa Polster Designer Couchen Sofas Garnitur Couch SLIII Sofa №62";"4260499873790";"true";"EAN_DUPLICATE"
"464230";"4260499873448";"Chesterfield Sofa Polster Designer Couchen Sofas Garnitur Couch SLIII Sofa №26";"4260499873448";"true";"EAN_DUPLICATE"
"464231";"4260499873363";"Chesterfield Sofa Polster Designer Couchen Sofas Garnitur Couch SLIII Sofa №18";"4260499873363";"true";"EAN_DUPLICATE"
"464232";"4260499873417";"Chesterfield Sofa Polster Designer Couchen Sofas Garnitur Couch SLIII Sofa №23";"4260499873417";"true";"EAN_DUPLICATE"
"464233";"4260499873769";"Chesterfield Sofa Polster Designer Couchen Sofas Garnitur Couch SLIII Sofa №59";"4260499873769";"true";"EAN_DUPLICATE"
"464234";"4260499873387";"Chesterfield Sofa Polster Designer Couchen Sofas Garnitur Couch SLIII Sofa №20";"4260499873387";"true";"EAN_DUPLICATE"
"464235";"4260499873332";"Chesterfield Sofa Polster Designer Couchen Sofas Garnitur Couch SLIII Sofa №15";"4260499873332";"true";"EAN_DUPLICATE"
"464236";"4260499873738";"Chesterfield Sofa Polster Designer Couchen Sofas Garnitur Couch SLIII Sofa №56";"4260499873738";"true";"EAN_DUPLICATE"
"464237";"4260499873356";"Chesterfield Sofa Polster Designer Couchen Sofas Garnitur Couch SLIII Sofa №17";"4260499873356";"true";"EAN_DUPLICATE"
"464238";"4260499873301";"Chesterfield Sofa Polster Designer Couchen Sofas Garnitur Couch SLIII Sofa №12";"4260499873301";"true";"EAN_DUPLICATE"
"464239";"4260499873707";"Chesterfield Sofa Polster Designer Couchen Sofas Garnitur Couch SLIII Sofa №53";"4260499873707";"true";"EAN_DUPLICATE"
"464240";"4260499873325";"Chesterfield Sofa Polster Designer Couchen Sofas Garnitur Couch SLIII Sofa №14";"4260499873325";"true";"EAN_DUPLICATE"
"464241";"4260499873271";"Chesterfield Sofa Polster Designer Couchen Sofas Garnitur Couch SLIII Sofa №9";"4260499873271";"true";"EAN_DUPLICATE"
"464242";"4260499873677";"Chesterfield Sofa Polster Designer Couchen Sofas Garnitur Couch SLIII Sofa №50";"4260499873677";"true";"EAN_DUPLICATE"
"464243";"4260499873295";"Chesterfield Sofa Polster Designer Couchen Sofas Garnitur Couch SLIII Sofa";"4260499873295";"true";"EAN_DUPLICATE"
"464244";"4260499873264";"Chesterfield Sofa Polster Designer Couchen Sofas Garnitur Couch SLIII Sofa №8";"4260499873264";"true";"EAN_DUPLICATE"
"464245";"4260499873240";"Chesterfield Sofa 3 SITZER Polster Designer Couchen Sofas Garnitur SLIII Sofa №6";"4260499873240";"true";"EAN_DUPLICATE"
"464246";"4260499873646";"Chesterfield Sofa Polster Designer Couchen Sofas Garnitur Couch SLIII Sofa №47";"4260499873646";"true";"EAN_DUPLICATE"
"464247";"4260499873219";"Chesterfield Sofa 3 SITZER Polster Designer Couchen Sofas Garnitur SLIII Sofa №3";"4260499873219";"true";"EAN_DUPLICATE"
"464248";"4260499873615";"Chesterfield Sofa Polster Designer Couchen Sofas Garnitur Couch SLIII Sofa №44";"4260499873615";"true";"EAN_DUPLICATE"
"464249";"4260499873233";"Chesterfield Sofa 3 SITZER Polster Designer Couchen Sofas Garnitur SLIII Sofa №5";"4260499873233";"true";"EAN_DUPLICATE"
"464250";"4260499873585";"Chesterfield Sofa Polster Designer Couchen Sofas Garnitur Couch SLIII Sofa №41";"4260499873585";"true";"EAN_DUPLICATE"
"464251";"4260499873189";"Chesterfield Sofa 3 SITZER Polster Designer Couchen Sofas Garnitur SL Sofa 50";"4260499873189";"true";"EAN_DUPLICATE"
"464252";"4260499873202";"Chesterfield Sofa 3 SITZER Polster Designer Couchen Sofas Garnitur SLIII Sofa №2";"4260499873202";"true";"EAN_DUPLICATE"
"464253";"4260499873158";"Chesterfield Sofa 3 SITZER Polster Designer Couchen Sofas Garnitur SL Sofa 47";"4260499873158";"true";"EAN_DUPLICATE"
"464254";"4260499873172";"Chesterfield Sofa 3 SITZER Polster Designer Couchen Sofas Garnitur SL Sofa 49";"4260499873172";"true";"EAN_DUPLICATE"
"464255";"4260499873554";"Chesterfield Sofa Polster Designer Couchen Sofas Garnitur Couch SLIII Sofa №37";"4260499873554";"true";"EAN_DUPLICATE"
"464256";"4260499873523";"Chesterfield Sofa Polster Designer Couchen Sofas Garnitur Couch SLIII Sofa №34";"4260499873523";"true";"EAN_DUPLICATE"
"464257";"4260499873141";"Chesterfield Sofa 3 SITZER Polster Designer Couchen Sofas Garnitur SL Sofa 46";"4260499873141";"true";"EAN_DUPLICATE"
"464258";"4260499873127";"Chesterfield Sofa 3 SITZER Polster Designer Couchen Sofas Garnitur SL Sofa 44";"4260499873127";"true";"EAN_DUPLICATE"
"464259";"4260499873493";"Chesterfield Sofa Polster Designer Couchen Sofas Garnitur Couch SLIII Sofa №31";"4260499873493";"true";"EAN_DUPLICATE"
"464260";"4260499873110";"Chesterfield Sofa 3 SITZER Polster Designer Couchen Sofas Garnitur SL Sofa 43";"4260499873110";"true";"EAN_DUPLICATE"
"464261";"4260499873097";"Chesterfield Sofa 3 SITZER Polster Designer Couchen Sofas Garnitur SL Sofa 41";"4260499873097";"true";"EAN_DUPLICATE"
"464262";"4260499873462";"Chesterfield Sofa Polster Designer Couchen Sofas Garnitur Couch SLIII Sofa №28";"4260499873462";"true";"EAN_DUPLICATE"
"464263";"4260499873080";"Chesterfield Sofa 3 SITZER Polster Designer Couchen Sofas Garnitur SL Sofa 40";"4260499873080";"true";"EAN_DUPLICATE"
"464264";"4260499873431";"Chesterfield Sofa Polster Designer Couchen Sofas Garnitur Couch SLIII Sofa №25";"4260499873431";"true";"EAN_DUPLICATE"
"464265";"4260499873400";"Chesterfield Sofa Polster Designer Couchen Sofas Garnitur Couch SLIII Sofa №22";"4260499873400";"true";"EAN_DUPLICATE"
"464266";"4260499873370";"Chesterfield Sofa Polster Designer Couchen Sofas Garnitur Couch SLIII Sofa №19";"4260499873370";"true";"EAN_DUPLICATE"
"464267";"4260499873349";"Chesterfield Sofa Polster Designer Couchen Sofas Garnitur Couch SLIII Sofa №16";"4260499873349";"true";"EAN_DUPLICATE"
"464268";"4260499873318";"Chesterfield Sofa Polster Designer Couchen Sofas Garnitur Couch SLIII Sofa №13";"4260499873318";"true";"EAN_DUPLICATE"
"464269";"4260499873288";"Chesterfield Sofa Polster Designer Couchen Sofas Garnitur Couch SLIII Sofa №10";"4260499873288";"true";"EAN_DUPLICATE"
"464270";"4260499873257";"Chesterfield Sofa 3 SITZER Polster Designer Couchen Sofas Garnitur SLIII Sofa №7";"4260499873257";"true";"EAN_DUPLICATE"
"464271";"4260499873226";"Chesterfield Sofa 3 SITZER Polster Designer Couchen Sofas Garnitur SLIII Sofa №4";"4260499873226";"true";"EAN_DUPLICATE"
"464272";"4260499873196";"Chesterfield Sofa 3 SITZER Polster Designer Couchen Sofas Garnitur SLIII Sofa №1";"4260499873196";"true";"EAN_DUPLICATE"
"464273";"4260499873165";"Chesterfield Sofa 3 SITZER Polster Designer Couchen Sofas Garnitur SL Sofa 48";"4260499873165";"true";"EAN_DUPLICATE"
"464274";"4260499873134";"Chesterfield Sofa 3 SITZER Polster Designer Couchen Sofas Garnitur SL Sofa 45";"4260499873134";"true";"EAN_DUPLICATE"
"464275";"4260499873103";"Chesterfield Sofa 3 SITZER Polster Designer Couchen Sofas Garnitur SL Sofa 42";"4260499873103";"true";"EAN_DUPLICATE"
"465375";"JVM4067282522893";"Moderner Grauer Kleiderschrank Designer Einrichtung Sofort";"4067282522893";"true";"EAN_DUPLICATE|NAME_CONTAINS_SOFORT"
"466131";"4260606057310";"Chesterfield design luxus Sofa Polster couch garnitur Leder 5 Sitzer 10005197";"4260606057310";"true";"EAN_DUPLICATE"
"466140";"4260606057327";"Chesterfield design luxus Sofa Polster couch garnitur Leder textil 5 Sitzer 099";"4260606057310";"true";"EAN_DUPLICATE"
"466281";"4260454043787";"Couchtisch Tisch Chesterfield Holztisch Ledertisch Tische Neu Farbe wählbar";"4260454043787";"true";"EAN_DUPLICATE"
"466285";"4260454040649";"Ledersofa Chesterfield Oxford Sofa Couch Polster Vintage Ledersofa Sofa Couch";"4260454040649";"true";"EAN_DUPLICATE"
"466288";"4260454040694";"Chesterfield Sofa Couch Polster Textil Stoff 3er Garnitur Designer Sofas Couchen";"4260454040694";"true";"EAN_DUPLICATE"
"466293";"4260454040960";"Designer Sofa Sofagarnitur 3+1+1 Sitzer Couch Polster Chesterfield Garnitur A5";"4260454040960";"true";"EAN_DUPLICATE"
"466296";"4260454041097";"Chesterfield Ecksofa Wohnlandschaft Polster Couch Big Ledersofa Eckgarnitur Neu";"4260454041097";"true";"EAN_DUPLICATE"
"466298";"4260454040632";"Chesterfield Fußhocker Hocker Ottoman Pufa Fußablage Polster Leder Textil";"4260454040632";"true";"EAN_DUPLICATE"
"466300";"4260454040205";"Chesterfield Bürostuhl Drehstuhl Büro Sessel Ledersessel KING Drehsessel Neu";"4260454040205";"true";"EAN_DUPLICATE"
"466301";"4260454040663";"XXL Chesterfield Sofa 430cm für 7 Personen Couch Polster Garnitur Leder Textil";"4260454040663";"true";"EAN_DUPLICATE"
"466303";"4260454040717";"Ecksofa Chesterfield Sofagarnitur Ecke Eck Couch Polster Sitz Sofa Garnitur Neu";"4260454040717";"true";"EAN_DUPLICATE"
"466306";"4260454040939";"Chesterfield William Couch Sofa Polster 3 Sitz Klassische Couchen Textil Leder";"4260454040939";"true";"EAN_DUPLICATE"
"466308";"4260454040021";"Chesterfield Textil Samt Stoff Sofa Couch Polster 2 Sitz Klassische Couchen Neu!";"4260454040021";"true";"EAN_DUPLICATE"
"466309";"4260454043794";"Chesterfield Hocker Pouf XXL Fußhocker Beistellhocker Designer Ottomane Chaise";"4260454043794";"true";"EAN_DUPLICATE"
"466310";"4260454040052";"Chesterfield Samt Stoff Textil Sofa Couch Polster 3 Sitz Klassische Couchen Neu";"4260454040052";"true";"EAN_DUPLICATE"
"466311";"4260454040656";"Fußhocker Hocker Chesterfield Ottoman Pufa Fußablage Polster Vollleder Neu";"4260454040656";"true";"EAN_DUPLICATE"
"466312";"4260454041110";"Chesterfield Ecksofa Eckcouch Polster Sitz Stoff Garnitur Wohnlandschaft Sofas";"4260454041110";"true";"EAN_DUPLICATE"
"466313";"4260454040083";"Chesterfield Sessel Designer Stuhl Polster Chaise Lounge Hocker Stühle Neu";"4260454040083";"true";"EAN_DUPLICATE"
"466315";"4260454040090";"XXL BIG Sofa Couch Chesterfield Polster Leder Textil Stoff Garnitur 250cm";"4260454040090";"true";"EAN_DUPLICATE"
"466316";"4260454040922";"Ecksofa Textilsofa Couch Polster Eckgarnitur Eckcouch Chesterfield Stoff Leder";"4260454040922";"true";"EAN_DUPLICATE"
"466317";"4260454040014";"Chesterfield Samt Textil Stoff Sofa Couch Polster 3 Sitz Klassische Couchen Neu!";"4260454040014";"true";"EAN_DUPLICATE"
"466318";"4260454041073";"Chesterfield Sofagarnitur Ledersofa 3+2+1 Sitzer Leder Garnitur Polster Couch";"4260454041073";"true";"EAN_DUPLICATE"
"466319";"4260454040304";"Chesterfield Bett Designer Betten Polster Luxus Hotel Polster mit Steinen A916";"4260454040304";"true";"EAN_DUPLICATE"
"466320";"4260454040045";"Chesterfield Bett Polsterbett Doppelbett Betten Big XXL Designer Luxus Bett Neu";"4260454040045";"true";"EAN_DUPLICATE"
"466321";"4260454041103";"Ledersofa Chesterfield Sofa Couch Poster Eckgarnitur Eckcouch Sofas Garnitur Neu";"4260454041103";"true";"EAN_DUPLICATE"
"466322";"4260454040335";"Chesterfield 2,7m XXL Big Sofa Leder Couch 80cm Sitztiefe Polster Sofas Garnitur";"4260454040335";"true";"EAN_DUPLICATE"
"466323";"4260454040076";"Chesterfield Hocker Fußhocker Pufa Chaise Vintage Leder Textil Beistellhocker";"4260454040076";"true";"EAN_DUPLICATE"
"466324";"4260454040106";"PULT STEHPULT REDNERPULT LESEPULT KONFERENZPULT PRÄSENTATIONSPULT Chesterfield";"4260454040106";"true";"EAN_DUPLICATE"
"466325";"4260439212702";"Hocker Chesterfield Beistellhocker Ottomane Couch Leder Stoff Textil Sitz Neu";"4260439212702";"true";"EAN_DUPLICATE"
"466326";"4260454040007";"Chesterfield Samt Textil Stoff Sofa Couch Polster 3 Sitz Klassische Couchen Neu";"4260454040007";"true";"EAN_DUPLICATE"
"466327";"4260439212733";"Hocker Chesterfield Beistellhocker Ottomane Couch Leder Stoff TORBAY III Neu";"4260439212733";"true";"EAN_DUPLICATE"
"466328";"4260454040328";"Bett Betten Doppelbett Hotel Polsterbett XXL Wandpolster Bett XXL Ehebett Neu";"4260454040328";"true";"EAN_DUPLICATE"
"466330";"4260454043817";"Rundsofa Sofa Couch Polster Rund Eck Chesterfield Sitz Ecksofa Eck Garnitur Neu";"4260454043817";"true";"EAN_DUPLICATE"
"466331";"4260439213402";"Chesterfield Sessel Ohrensessel Fernsehsessel Couch Relax Leder Sofa Sitzer C.14";"4260439213402";"true";"EAN_DUPLICATE"
"466332";"4260454040342";"Chesterfield XXL Big Bett Designer Polsterbett Betten Doppelbett Leder Textil";"4260454040342";"true";"EAN_DUPLICATE"
"466333";"4260454040069";"Chesterfield Vintage 100% Leder Couch Polster Ledersofa Sofa Garnitur 3 Sitzer";"4260454040069";"true";"EAN_DUPLICATE"
"466334";"4260439213440";"Sofagarnitur 3+2+1 Couch Polster Chesterfield Sitz Sofa Garnitur Neu HASTINGS II";"4260439213440";"true";"EAN_DUPLICATE"
"466335";"4260439212726";"Hocker Chesterfield Beistellhocker Ottomane Couch Leder Stoff Textil CHESTER17";"4260439212726";"true";"EAN_DUPLICATE"
"466336";"4260439213549";"Designer Sofa Sofagarnitur 3+1+1 Sitzer Couch Polster Chesterfield Garnitur NAPO";"4260439213549";"true";"EAN_DUPLICATE"
"466337";"4260439213372";"LUTON II Chesterfield Chaiselongues Chaise Liege Sofa Ottomane Leder Textil Neu";"4260439213372";"true";"EAN_DUPLICATE"
"466338";"4260454040281";"Chesterfield Sofagarnitur Sofa Couch Polster Sitz 3+2+1 Garnitur Ledersofa Napo2";"4260454040281";"true";"EAN_DUPLICATE"
"466339";"4260439213563";"Chesterfield 3 Sitzer mit Bettfunktion Sofa Couch Polster Garnitur Couchen Neu!!";"4260439213563";"true";"EAN_DUPLICATE"
"466340";"4260454040311";"Sofagarnitur 3+2+1 Textil Chesterfield Polster Neu Couch Sofa Garnitur Set Leder";"4260454040311";"true";"EAN_DUPLICATE"
"466341";"4260439213396";"Chesterfield Sessel Ohrensessel Fernsehsessel Couch Relax Leder Sofa Sitzer C.15";"4260439213396";"true";"EAN_DUPLICATE"
"466342";"4260439213594";"Chesterfield Sofa Couch Polster Designer 3 Sitzer Garnitur Sofas Neu CHESTER 3";"4260439213594";"true";"EAN_DUPLICATE"
"466343";"4260439213433";"Chesterfield Bank Chaise Sofa Couch 3 Sitz Club Liege Chaiselounge Ottomane Neu";"4260439213433";"true";"EAN_DUPLICATE"
"466344";"4260454043800";"Chesterfield Sofa Polster Couch Ledersofa Designer Lounge Sofas Neu";"4260454043800";"true";"EAN_DUPLICATE"
"466345";"4260439213464";"XXL Big Chesterfield Big Sofa 275cm 5Sitz Polster Couch Deisgner Leder Neu C.10";"4260439213464";"true";"EAN_DUPLICATE"
"466346";"4260454043831";"Chesterfield Samt Textil Sofa Couch Sofa Designer Garnitur Polster Sofas Neu";"4260454043831";"true";"EAN_DUPLICATE"
"466347";"4260439212719";"Chesterfield Hocker Beistellhocker Ottomane Couch Leder Stoff Textil Beistell";"4260439212719";"true";"EAN_DUPLICATE"
"466348";"4260439213501";"Chesterfield Ohrensessel Sessel Couch Relax Polster Designer Couchen Neu KINGSII";"4260439213501";"true";"EAN_DUPLICATE"
"466349";"4260454043824";"Chesterfield 3 Sitzer mit Bettfunktion Sofa Couch Polster Garnitur Couchen New!";"4260454043824";"true";"EAN_DUPLICATE"
"466350";"4260439212740";"Chesterfield Hocker Beistellhocker Ottomane Couch Leder Stoff TORBAY II Neu";"4260439212740";"true";"EAN_DUPLICATE"
"466351";"4260439213341";"Chesterfield Hocker Leder Polster Fußhocker Chaise Ottomane Relax Pouf Neu";"4260439213341";"true";"EAN_DUPLICATE"
"466352";"4260439213587";"Chesterfield Sofa Couch Polster Designer 3 Sitzer Garnitur Sofas Neu CHESTER 4";"4260439213587";"true";"EAN_DUPLICATE"
"466353";"4260439213389";"Chesterfield Sessel Couch Klassischer Polster Relax Designer Relax Neu";"4260439213389";"true";"EAN_DUPLICATE"
"466354";"4260499871963";"Chesterfield 3 Sitzer XXL Polster Sitz Couch Sofa Garnitur Big Couchen 2016-39-";"4260499871963";"true";"EAN_DUPLICATE"
"466355";"4260439213426";"Chesterfield Ohrensessel Sessel Couch Relax Polster Designer Couchen Neu KINGS3";"4260439213426";"true";"EAN_DUPLICATE"
"466356";"4260439213617";"Chesterfield Sofa Couch Polster Designer 3 Sitzer Garnitur Sofas Neu CHESTER 1";"4260439213617";"true";"EAN_DUPLICATE"
"466357";"4260439213457";"Chesterfield Polster Sofa Couch 3 Sitzer Sofas Ledersofa Textil Neu CHESTER 11";"4260439213457";"true";"EAN_DUPLICATE"
"466358";"4260439213358";"Chesterfield Hocker Leder Polster Fußhocker Chaise Beistell Ottomane Relax Neu";"4260439213358";"true";"EAN_DUPLICATE"
"466360";"4260499871994";"Chesterfield 3 Sitzer XXL Polster Sitz Couch Sofa Garnitur Big Couchen 2016-42-";"4260499871994";"true";"EAN_DUPLICATE"
"466361";"4260439213556";"Chesterfield Sofagarnitur Sofa Couch Polster Sitz 3+1+1 Garnitur Ledersofa Napo1";"4260439213556";"true";"EAN_DUPLICATE"
"466362";"4260439212030";"Designer Sofa Sofagarnitur 3+1+1 Sitzer Couch Polster Chesterfield Garnitur Neu";"4260439212030";"true";"EAN_DUPLICATE"
"466363";"4260499871970";"Chesterfield 3 Sitzer XXL Polster Sitz Couch Sofa Garnitur Big Couchen 2016-40-";"4260499871970";"true";"EAN_DUPLICATE"
"466364";"4260439213570";"Chesterfield Sofa Couch Polster Designer 3 Sitzer Garnitur Sofas Neu CHESTER 5";"4260439213570";"true";"EAN_DUPLICATE"
"466365";"4260499871925";"Chesterfield 3 Sitzer XXL Polster Sitz Couch Sofa Garnitur Big Couchen 2016-34 !";"4260499871925";"true";"EAN_DUPLICATE"
"466366";"4260499871956";"Chesterfield 3 Sitzer XXL Polster Sitz Couch Sofa Garnitur Big Couchen 2016-38-";"4260499871956";"true";"EAN_DUPLICATE"
"466367";"4260439213600";"Chesterfield Sofa Couch Polster Designer 3 Sitzer Garnitur Sofas Neu CHESTER 2";"4260439213600";"true";"EAN_DUPLICATE"
"466368";"4260499871918";"Chesterfield 3 Sitzer XXL Polster Sitz Couch Sofa Garnitur Big Couchen 2016-33-";"4260499871918";"true";"EAN_DUPLICATE"
"466369";"4260439212054";"Chesterfield Hocker Leder Polster Fußhocker Chaise Ottomane Relax Pouf Neu";"4260439212054";"true";"EAN_DUPLICATE"
"466370";"4260439213624";"Chesterfield Sofa Couch Polster Designer 3 Sitzer Garnitur Sofas Neu Torbay";"4260439213624";"true";"EAN_DUPLICATE"
"466373";"4260439212078";"Chesterfield Couch Sofa Garnitur 3 Sitzer Polster Leder Sofas Neu LEICESTERII";"4260439212078";"true";"EAN_DUPLICATE"
"466374";"4260533189566";"Chesterfield Designer Sofa Couch Polster 3Sitzer Leder Stil Luxus Garnitur Neu";"4260533189566";"true";"EAN_DUPLICATE"
"466375";"4260439213495";"Chesterfield Ohrensessel Sessel Couch Relax Polster Designer Couchen Liverpool";"4260439213495";"true";"EAN_DUPLICATE"
"466376";"4260439212009";"Chesterfield Hocker Leder Polster Fußhocker Chaise Ottomane Pouf Relax Neu";"4260439212009";"true";"EAN_DUPLICATE"
"466377";"4260499871864";"Chesterfield 3 Sitzer XXL Polster Sitz Couch Sofa Garnitur Big Couchen 2016-28";"4260499871864";"true";"EAN_DUPLICATE"
"466378";"4260499871987";"Chesterfield 3 Sitzer XXL Polster Sitz Couch Sofa Garnitur Big Couchen 2016-41-";"4260499871987";"true";"EAN_DUPLICATE"
"466379";"4260439211972";"Chesterfield Couch Sofa Garnitur 3 Sitzer Polster Leder Sofas Couchen Neu BANTRY";"4260439211972";"true";"EAN_DUPLICATE"
"466381";"4260439211958";"Chesterfield Rundsofa Ledersofa Runde Sofa XXL Wohnlandschaft Eckcouch Ecksofa";"4260439211958";"true";"EAN_DUPLICATE"
"466382";"4260439213631";"Chesterfield Ecksofa Sofa Couch Polster Eck Garnitur Ledersofa Wohnlandschaft";"4260439213631";"true";"EAN_DUPLICATE"
"466383";"4260560941359";"Chesterfield Couch Polster Leder Sofa 3 Sitzer Klassische Couchen B35 Neu";"4260560941359";"true";"EAN_DUPLICATE"
"466385";"4260439212061";"Chaiselongues Chesterfield Liege Chaise Leder Textil Stoff Sofa Relax Neu Luton";"4260439212061";"true";"EAN_DUPLICATE"
"466386";"4260439212016";"Chesterfield Couch Sofa Garnitur 3 Sitzer Polster Leder Sofas Couchen WHITTBY";"4260439212016";"true";"EAN_DUPLICATE"
"466387";"4260533189528";"Ohrensessel Chesterfield Sessel Sitz Club Lounge Fernseh Sofa Relax Sitz Neu";"4260533189528";"true";"EAN_DUPLICATE"
"466388";"4260499871949";"Chesterfield 3 Sitzer XXL Polster Sitz Couch Sofa Garnitur Big Couchen 2016-37";"4260499871949";"true";"EAN_DUPLICATE"
"466389";"4260439211989";"Chesterfield Sofagarnitur Couch Polster 3+2+1 Leder Sitz Sofa Garnitur BANTRY";"4260439211989";"true";"EAN_DUPLICATE"
"466390";"4260499871789";"Chesterfield Sofa Couch Polster Garnitur 5 Sitzer Big XXL Sofas Couchen 2016-20";"4260499871789";"true";"EAN_DUPLICATE"
"466391";"4260439212023";"Chesterfield Couch Sofa Garnitur 3 Sitzer Polster Leder Sofas Neu ARRAU Neu";"4260439212023";"true";"EAN_DUPLICATE"
"466392";"4260499871758";"Chesterfield 3 Sitzer XXL Polster Sitz Couch Sofa Garnitur Big Couchen 2016-18-";"4260499871758";"true";"EAN_DUPLICATE"
"466393";"4260499871901";"Chesterfield 3 Sitzer XXL Polster Sitz Couch Sofa Garnitur Big Couchen 2016-32!";"4260499871901";"true";"EAN_DUPLICATE"
"466394";"4260499871833";"Ledersofa Ecksofa Sofa Couch Polster Chesterfield Eckgarnitur Garnitur Ecke Neu";"4260499871833";"true";"EAN_DUPLICATE"
"466395";"4260499871734";"Chesterfield Sofa 4 SITZER XXXL Polster Designer Couchen Sofas Garnitur 2016-16-";"4260499871734";"true";"EAN_DUPLICATE"
"466397";"4260533189535";"Ohrensessel Chesterfield Sessel Sitz Club Lounge Fernseh Sofa Relaxsessel Neu";"4260533189535";"true";"EAN_DUPLICATE"
"466399";"4260439211897";"Chesterfield Sofagarnitur Polster Sitz Sofa Couch Garnitur 3+2+1 Ledersofa Sofas";"4260439211897";"true";"EAN_DUPLICATE"
"466400";"4260533189559";"Ohrensessel Chesterfield Sessel Sitz Club Lounge Fernseh Sofa Relaxsessel Neu";"4260533189559";"true";"EAN_DUPLICATE"
"466401";"4260499871796";"Sofagarnitur 3+1 Chesterfield Polster Sofa Sitz Garnitur Klassische Couch Leder";"4260499871796";"true";"EAN_DUPLICATE"
"466402";"4260439211996";"Chesterfield Couch Sofa Garnitur 3 Sitzer Polster Leder Sofas Couchen Neu A922";"4260439211996";"true";"EAN_DUPLICATE"
"466403";"4260499871765";"Sofagarnitur Chesterfield 3 Sitzer Couch Sofa Ohrensessel Sessel Leder Sofas Neu";"4260499871765";"true";"EAN_DUPLICATE"
"466404";"4260439211965";"Ledersofa Polster Sofagarnitur Couch Leder Garnitur Chesterfield NAPOLI FALMOUTH";"4260439211965";"true";"EAN_DUPLICATE"
"466405";"4260454043848";"Wasserbett Chesterfield Lederbett Bett Wasser Betten Polster Doppel Hotel OXFORD";"4260454043848";"true";"EAN_DUPLICATE"
"466406";"4260439211453";"Sofagarnitur 100% Vollleder Chesterfield 3+1+1 Sofa Couch Polster Sitz Garnitur";"4260439211453";"true";"EAN_DUPLICATE"
"466407";"4260499871840";"Chesterfield 3 Sitzer XXL Polster Sitz Couch Sofa Garnitur Big Couchen 2016-26";"4260499871840";"true";"EAN_DUPLICATE"
"466408";"4260533189542";"Hochwertiger Chesterfield Sessel Sitz Club Lounge Fernseh Sofa Relaxsessel Neu";"4260533189542";"true";"EAN_DUPLICATE"
"466409";"4260499871635";"Chesterfield Sofa Polster Designer Sofas Sitz Garnitur Couch Ledersofa 2016-06";"4260499871635";"true";"EAN_DUPLICATE"
"466410";"4260439211927";"Edle Designer Chesterfield Sofa Polster Couch Sitz Textil Stoff Garnitur Samt";"4260439211927";"true";"EAN_DUPLICATE"
"466411";"4260499871697";"Chesterfield Sofa Polster Designer Sofas Garnitur Couch Samt Ledersofa 2016-12-";"4260499871697";"true";"EAN_DUPLICATE"
"466412";"4260499871598";"Chesterfield Polster Sofa Couch Designer Garnitur 3 Sitz Couchen Klassisch *Neu*";"4260499871598";"true";"EAN_DUPLICATE"
"466413";"4260499871772";"Sofagarnitur 2x Ohrensessel +3 Sitzer Sofa Couch Ledersofa Sitz Polster Garnitur";"4260499871772";"true";"EAN_DUPLICATE"
"466414";"4260439212085";"Chesterfield Ecksofa Croton Ledersofa Sofa Couch Polster Garnitur Wohnlandschaft";"4260439212085";"true";"EAN_DUPLICATE"
"466415";"4260533189511";"Echter Chesterfield Ohrensessel Sessel Couch Sofa Polster Sitz Lounge Samt Neu";"4260533189511";"true";"EAN_DUPLICATE"
"466416";"4260499871741";"Chesterfield Sofa 3 SITZER Polster Designer Couchen Sofas Garnitur 2016-17";"4260499871741";"true";"EAN_DUPLICATE"
"466417";"4260499871673";"Chesterfield Sofa Polster Designer Sofas Garnitur Couch Samt Ledersofa 2016-10";"4260499871673";"true";"EAN_DUPLICATE"
"466418";"4260499871642";"Chesterfield Ledersofa Sofagarnitur Designer Polster Sitz Couch 3+2+1 2016-07";"4260499871642";"true";"EAN_DUPLICATE"
"466419";"4260499871703";"Chesterfield Sofa 3 SITZER Polster Designer Couchen Sofas Garnitur 2016-13";"4260499871703";"true";"EAN_DUPLICATE"
"466420";"4260499871574";"Sofagarnitur Ledersofa Set Chesterfield 3+1 + Ohrensessel Hocker Sofa Couch Neu";"4260499871574";"true";"EAN_DUPLICATE"
"466421";"4260439211903";"Ecksofa Chesterfield Wohnlandschaft Eckcouch Eck Leder Garnitur Sofa Couch new_P";"4260439211903";"true";"EAN_DUPLICATE"
"466422";"4260499871680";"Chesterfield Sofa Polster Designer Sofas Garnitur Couch Samt Ledersofa 2016-11";"4260499871680";"true";"EAN_DUPLICATE"
"466423";"4260533189474";"Echter Chesterfield Ohrensessel Sessel Couch Sofa Polster Sitz Lounge NEU";"4260533189474";"true";"EAN_DUPLICATE"
"466425";"4260499871543";"Chesterfield Sessel 1 Sitzer Polster 100 % Vollleder Ohrensessel Sofa 161013-26";"4260499871543";"true";"EAN_DUPLICATE"
"466426";"4260439210050";"CHESTERFIELD SOFA 3 SITZER LEDERSOFA COUCH POLSTER GARNITUR TROBAY NEU";"4260439210050";"true";"EAN_DUPLICATE"
"466427";"4260533189351";"Designerbett Polsterbett Ehebett Lederbett Doppelbett XXL Bett Betten NO.B002";"4260533189351";"true";"EAN_DUPLICATE"
"466428";"4260499871628";"Chesterfield Ledersofa Polster Designer Sofas Garnitur Couch Sofa Royal 2016-05-";"4260499871628";"true";"EAN_DUPLICATE"
"466429";"4260439210692";"Wasserbett Chesterfield Lederbett Bett Wasser Betten Polster Doppel Hotel SIMPLE";"4260439210692";"true";"EAN_DUPLICATE"
"466430";"4260439210067";"Chesterfield Sofa Couch Polster Sofagarnitur 3+2+1 Klassische Sitz Garnitur Neu";"4260439210067";"true";"EAN_DUPLICATE"
"466431";"4260533189504";"Echter Chesterfield Ohrensessel Sessel Couch Sofa Polster Sitz Lounge Relax Neu";"4260533189504";"true";"EAN_DUPLICATE"
"466432";"4260499871475";"Chesterfield Ecksofa Couch Polster Garnitur Sofa Ecke Ledersofa Textil 161013-20";"4260499871475";"true";"EAN_DUPLICATE"
"466433";"4260533189450";"Chesterfield Ohrensessel Sessel Couch Sofa Polster Sitz Lounge Babyblau Relax";"4260533189450";"true";"EAN_DUPLICATE"
"466435";"4260439210104";"Chesterfield Sofa Couch Ledersofa Polster Garnitur Leicester Wohn Couchen Neu";"4260439210104";"true";"EAN_DUPLICATE"
"466436";"4260499871536";"Chesterfield Polster Sofa Couch Designer Garnitur 3 Sitz Couchen Klassisch";"4260499871536";"true";"EAN_DUPLICATE"
"466437";"4260499871468";"Chesterfield Sofa Couch Ledersofa Big XXL Couch Garnitur 4 Sitzer Neu 161013-18";"4260499871468";"true";"EAN_DUPLICATE"
"466438";"4260499871512";"Chesterfield Big Sofa Couch Textil Samt Polster Sofas 4 Sitzer XXL Couchen Neu";"4260499871512";"true";"EAN_DUPLICATE"
"466439";"4260499871482";"Chesterfield Ecksofa Couch Polster Garnitur Sofa Ecke Ledersofa Textil 161013-19";"4260499871482";"true";"EAN_DUPLICATE"
"466440";"4260533189481";"Echter Chesterfield Ohrensessel Sessel Couch Sofa Polster Sitz Lounge Relax Neu";"4260533189481";"true";"EAN_DUPLICATE"
"466442";"4260533189313";"Chesterfield 100% Echtes Leder Ledersofa Sofa Couch Polster Klassische Couchen";"4260533189313";"true";"EAN_DUPLICATE"
"466443";"4260533189467";"Echter Chesterfield Ohrensessel Sessel Couch Sofa Polster Sitz Lounge Relaxsitz";"4260533189467";"true";"EAN_DUPLICATE"
"466445";"4260499871383";"Chesterfield 3 Sitzer Sofa Couch Textil Leder Samt Garnitur Polster Sitz Neu";"4260499871383";"true";"EAN_DUPLICATE"
"466446";"4260499871529";"Chesterfield Sofa Couch Polster Garnitur 3 Sitzer Sitz Leder Textil 161013-24";"4260499871529";"true";"EAN_DUPLICATE"
"466447";"4260499871444";"Chesterfield 4 Sitzer Big Sofa Couch Textil Samt Polster Sofas XXL Couchen Neu!";"4260499871444";"true";"EAN_DUPLICATE"
"466448";"4260499871499";"Chesterfield Big Sofa Couch Textil Samt Polster Sofas 3 Sitzer XXL Couchen Neu";"4260499871499";"true";"EAN_DUPLICATE"
"466449";"4260533189320";"3 Sitzer Chesterfield Poster Sofa Couch Leder Textil Stoff Sofas William III";"4260533189320";"true";"EAN_DUPLICATE"
"466450";"4260499871321";"Chesterfield 3 Sitzer XXL Polster Sitz Couch Sofa Garnitur Big Couchen 2016-03";"4260499871321";"true";"EAN_DUPLICATE"
"466452";"4260499871390";"6x Chesterfield Polster Stuhl Stühle Komplette Garnitur Sitz Leder Textil Neu";"4260499871390";"true";"EAN_DUPLICATE"
"466453";"4260499871369";"Chesterfield Klassische Eckcouch Polster Ecksofa Garnitur Textil Stoff 16101309";"4260499871369";"true";"EAN_DUPLICATE"
"466454";"4260499871451";"Chesterfield Couch Polster Sofa XXL Big Sofas 3 Sitzer Textil Leder WINCHESTER-B";"4260499871451";"true";"EAN_DUPLICATE"
"466455";"4260499871420";"Chesterfield Ecksofa Couch Designer Polster Ecke Textil Sofa Garnitur 1013-14";"4260499871420";"true";"EAN_DUPLICATE"
"466457";"4260499871345";"Chesterfield 3 Sitzer XXL Polster Sitz Couch Sofa Garnitur Big Couchen 2016-06";"4260499871345";"true";"EAN_DUPLICATE"
"466459";"4260484865397";"Chesterfield Ohrensessel Sessel Polster Fernseh Büro Couch 100% Echtes Leder";"4260484865397";"true";"EAN_DUPLICATE"
"466462";"4260484865366";"Chesterfield Sofagarnitur 3+2+1 100% Vollleder Möbel Sitz Sofa Couch Garnitur";"4260484865366";"true";"EAN_DUPLICATE"
"466463";"4260484868589";"Chesterfield Doppelbett Designer Polster Doppel Ehe Bett Betten XXL Leder S-9056";"4260484868589";"true";"EAN_DUPLICATE"
"466464";"4260484869395";"Polster Doppel Ehe Betten Modernes Designer Bett Leder Textil XXL Schlaf S-9270";"4260484869395";"true";"EAN_DUPLICATE"
"466465";"4260484869210";"Chesterfield Designer Ehe Italienisches Bett Doppel Betten Leder Textil S-9189";"4260484869210";"true";"EAN_DUPLICATE"
"466466";"4260484865298";"Chesterfield Chaiselongues Liege Ottomane Sofa Echtes Leder Relax Chaise Neu";"4260484865298";"true";"EAN_DUPLICATE"
"466467";"4260484867643";"Chesterfield Doppeltbett Bettt Betten Polsterbett Designer XXL Big Ehe WT 9230";"4260484867643";"true";"EAN_DUPLICATE"
"466468";"4260484865311";"Chesterfield Sofagarnitur Sofa Set Couch Polster Sitz Leder Garnitur Vollleder";"4260484865311";"true";"EAN_DUPLICATE"
"466469";"4260484864246";"XXL Chesterfield Lederbett Bett Betten Leder Leder Polster Ehe Designer Neu 4795";"4260484864246";"true";"EAN_DUPLICATE"
"466470";"4260484864147";"XXL Chesterfield Rundbett Bett Betten Rundes Bett Leder Polster Ehe Designer";"4260484864147";"true";"EAN_DUPLICATE"
"466471";"4260484864215";"XXL Chesterfield Lederbett Bett Betten Leder Leder Polster Ehe Designer Neu 4787";"4260484864215";"true";"EAN_DUPLICATE"
"466472";"4260484865335";"Chesterfield Vollleder 3+2+1 Sofagarnitur Couch Polster Sitz Garnitur Arlington";"4260484865335";"true";"EAN_DUPLICATE"
"466475";"4260484864208";"XXL Chesterfield Lederbett Bett Betten Leder Leder Polster Ehe Designer Neu 4777";"4260484864208";"true";"EAN_DUPLICATE"
"466478";"4260484863997";"Lounge Liege Ottomane Polster Sofa Büro Relax Leder Chaiselongues Neu 1672";"4260484863997";"true";"EAN_DUPLICATE"
"466480";"4260484863973";"Lounge Liege Ottomane Polster Sofa Büro Relax Leder Chaiselongues Neu 1669";"4260484863973";"true";"EAN_DUPLICATE"
"466481";"4260484864086";"Designer Leder Chaiselongues Liege Ottomane Sofa Echtes Leder Relax Chaise Neu";"4260484864086";"true";"EAN_DUPLICATE"
"466485";"4260454045767";"Chesterfield Möbel Sofa XXL Polster Sofas Couch Garnitur Leder Textil Stoff Neu";"4260454045767";"true";"EAN_DUPLICATE"
"466488";"4260454045743";"Chesterfield Ohrensessel Sessel Queen Antik Look Couch Polster Fernseh Neu Möbel";"4260454045743";"true";"EAN_DUPLICATE"
"466490";"4260533189078";"Polster Couch Sofa Klassik Chesterfield Neu Leder Sofas 3 Sitzer CHARLYNEW";"4260533189078";"true";"EAN_DUPLICATE"
"466492";"4260454045736";"Chesterfield Designer Sofa Couch Polster Garnitur 3 Sitzer Napoli Sofas Möbel";"4260454045736";"true";"EAN_DUPLICATE"
"466501";"4260454040410";"Chestefield Ledersofa Sofagarnitur 100% italienisches Rindsleder Sofa Couch 5tlg";"4260454040410";"true";"EAN_DUPLICATE"
"466503";"4260454040403";"Chesterfield 3+2+1 Echtleder Sofagarnitur Vintage Oxford Sofa Couch Polster Sitz";"4260454040403";"true";"EAN_DUPLICATE"
"466505";"4260533188453";"Polsterbett Bett Ehebett Lederbett Designerbett Doppelbett Bettgestell S-9231";"4260533188453";"true";"EAN_DUPLICATE"
"466508";"4260454043770";"Chesterfield 3+2+1 Vintage Echtleder Sofagarnitur Oxford Sofa Couch Polster Sitz";"4260454043770";"true";"EAN_DUPLICATE"
"466509";"4260439210074";"Chesterfield Ledersofa Sofa Couch Polster Sofagarnitur 3+2+1 Sofas CAMBRIDGE";"4260439210074";"true";"EAN_DUPLICATE"
"466510";"4260533188460";"Polsterbett Bett Ehebett Lederbett Designerbett Doppelbett Bettgestell S-9270";"4260533188460";"true";"EAN_DUPLICATE"
"466511";"4260484864918";"POLSTERBETT LEDERBETT BETT BETT MODELL S-9231 160/180/200X220CM";"4260484864918";"true";"EAN_DUPLICATE"
"466513";"4260484864888";"POLSTERBETT LEDERBETT BETT BETT MODELL S-9270 white 160/180/200X220CM";"4260484864888";"true";"EAN_DUPLICATE"
"466515";"4260484864895";"POLSTERBETT LEDERBETT BETT BETT MODELL S-9270 black 160/180/200X220CM";"4260484864895";"true";"EAN_DUPLICATE"
"466516";"4260484864956";"Bett Betten Chesterfield Designer XXL Doppel Lederbett S9111 160 180 200x200cm";"4260484864956";"true";"EAN_DUPLICATE"
"466517";"4260499872281";"Chesterfield Sofa 2 SITZER Polster Designer Couchen Sofas Garnitur 2016-072 NEU";"4260499872281";"true";"EAN_DUPLICATE"
"466519";"4260499872250";"Chesterfield Sofa 3 SITZER Polster Designer Couchen Sofas Garnitur 2016-069";"4260499872250";"true";"EAN_DUPLICATE"
"466520";"4260499872274";"Chesterfield Sofa 3 SITZER Polster Designer Couchen Sofas Garnitur 2016-071 NEU";"4260499872274";"true";"EAN_DUPLICATE"
"466521";"4260499872298";"Chesterfield Sofa 3 SITZER Polster Designer Couchen Sofas Garnitur 2016-073 Neu";"4260499872298";"true";"EAN_DUPLICATE"
"466522";"4260499872243";"Chesterfield Sofa 3 SITZER Polster Designer Couchen Sofas Garnitur 2016-068";"4260499872243";"true";"EAN_DUPLICATE"
"466523";"4260499872212";"Chesterfield Sofa 4 SITZER XXXL Polster Designer Couchen Sofas Garnitur 2016065";"4260499872212";"true";"EAN_DUPLICATE"
"466524";"4260499872175";"Chesterfield Sofa Sessel Polster Designer Couchen Sofas Garnitur 2016-061";"4260499872175";"true";"EAN_DUPLICATE"
"466525";"4260499872199";"Chesterfield Sofa 3 SITZER Polster Designer Couchen Sofas Garnitur 2016-063 Neu!";"4260499872199";"true";"EAN_DUPLICATE"
"466526";"4260499872137";"Chesterfield Sofa 3 SITZER Polster Designer Couchen Sofas Garnitur Neu 2016-056";"4260499872137";"true";"EAN_DUPLICATE"
"466527";"4260499872090";"Chesterfield 3 Sitzer XXL Polster Sitz Couch Sofa Garnitur 2016-52 Big Couchen";"4260499872090";"true";"EAN_DUPLICATE"
"466528";"4260499872120";"Chesterfield Sofa 3 SITZER Polster Designer Couchen Sofas Garnitur 2016-055";"4260499872120";"true";"EAN_DUPLICATE"
"466529";"4260499872069";"Chesterfield Designer Couch 4 Sitz Sofa Polster Textil Leder Garnitur 2016-49";"4260499872069";"true";"EAN_DUPLICATE"
"466530";"4260499872083";"Chesterfield Designer Couch 4 Sitz Sofa Polster Textil Leder Garnitur 2016-51";"4260499872083";"true";"EAN_DUPLICATE"
"466531";"4260499872021";"Chesterfield 3 Sitzer XXL Polster Sitz Couch Sofa Garnitur Big Couchen 2016-45 !";"4260499872021";"true";"EAN_DUPLICATE"
"466532";"4260499872052";"Chesterfield Designer Couch 4 Sitz Sofa Polster Textil Leder Garnitur 2016-48";"4260499872052";"true";"EAN_DUPLICATE"
"466533";"4260499872014";"Chesterfield Sofa 3 SITZER Polster Designer Couchen Sofas Garnitur 2016-044 Neu";"4260499872014";"true";"EAN_DUPLICATE"
"466534";"4260499872182";"Chesterfield Sofa 3 SITZER Polster Designer Couchen Sofas Garnitur 2016-062- Neu";"4260499872182";"true";"EAN_DUPLICATE"
"466535";"4260439210111";"Chesterfield Ledersofa Sofagarnitur Sitz Polster Couch Garnitur 3+2+1 BIRMINGHAM";"4260439210111";"true";"EAN_DUPLICATE"
"466536";"4260439210098";"Ledersofa Sofagarnitur 3+2+1 Couch Sofa Polster Englische Stil Möbel klassisch";"4260439210098";"true";"EAN_DUPLICATE"
"466537";"4260439210142";"Sofagarnitur Chesterfield Ledersofa Sofa Couch Set Ohrensessel Hocker BIRKENHEAD";"4260439210142";"true";"EAN_DUPLICATE"
"466538";"4260454043855";"Chesterfield Sofa Ecke Eckcouch Ecksofa Polster Sitz Garnitur Eckgarnitur Lord";"4260454043855";"true";"EAN_DUPLICATE"
"466539";"4260499872106";"Chesterfield Sofa 3 SITZER Polster Designer Couchen Sofas Garnitur Neu 2016-053";"4260499872106";"true";"EAN_DUPLICATE"
"466540";"4260439210128";"OHRENSESSEL CHESTERFIELD LEDERSESSEL SESSEL TEXTIL LEDER COUCH SOFA BIGKING";"4260439210128";"true";"EAN_DUPLICATE"
"466541";"4260174423500";"Chesterfield Sofa Napoli Designer Couchgarnitur";"4260174423500";"true";"EAN_DUPLICATE"
"466542";"4260499872076";"Chesterfield 3 Sitzer XXL Polster Sitz Couch Sofa Garnitur Big Couchen 2016-50 !";"4260499872076";"true";"EAN_DUPLICATE"
"466543";"4260439210272";"Chesterfield Sofagarnitur Sofa Couch Polster Sitz Set 2x Ohrensessel 3 Sitzer";"4260439210272";"true";"EAN_DUPLICATE"
"466544";"4260499872038";"Chesterfield 3 Sitzer XXL Polster Sitz Couch Sofa Garnitur Big Couchen 2016-46 !";"4260499872038";"true";"EAN_DUPLICATE"
"466546";"4260499872007";"Chesterfield 3 Sitzer XXL Polster Sitz Couch Sofa Garnitur Big Couchen 2016-43-";"4260499872007";"true";"EAN_DUPLICATE"
"466547";"4260439210333";"Chesterfield XXL BIG Sofa Couch Textil Samt Stoff Polster Garnitur Luxus Design";"4260439210333";"true";"EAN_DUPLICATE"
"466548";"4260439214126";"Chesterfield Ledersofa Sofagarnitur Couch Polster Couch Sitz Garnitur NEWTON";"4260439214126";"true";"EAN_DUPLICATE"
"466549";"4260174423524";"Chesterfield Sofa 3 Sitzer Polster Napalon Leder Couch Garnitur Neu";"4260174423524";"true";"EAN_DUPLICATE"
"466550";"4260174421315";"CHESTERFIELD Kunstleder SOFA 3-SITZER NEU Leder Sofa Couch Garnitur Dreisitzer";"4260174421315";"true";"EAN_DUPLICATE"
"466551";"4260174421438";"Chesterfield Polster Sofagarnitur Antik Stil Sofa Polster 3+1+1 Set A911 Couch";"4260174421438";"true";"EAN_DUPLICATE"
"466552";"4260439210265";"Chesterfield Sofagarnitur Sitz Leder Polster Couch Garnitur Klassische CROMER";"4260439210265";"true";"EAN_DUPLICATE"
"466553";"4260454043862";"OHRENSESSEL CHESTERFIELD SESSEL FARBWAHL DESIGN SAMT - KRISTALLE COUCH SOFA NEU";"4260454043862";"true";"EAN_DUPLICATE"
"466554";"4260174423517";"Chesterfield Sofa Ecke Eckcouch Ecksofa Polster Sitz Garnitur Eckgarnitur LordII";"4260174423517";"true";"EAN_DUPLICATE"
"466555";"4260174421001";"Wandverkleidung 3D Designer Wandpaneel Paneel Leder Polster Wand Gepolsterte";"4260174421001";"true";"EAN_DUPLICATE"
"466556";"4260454044463";"Echtleder Sofagarnitur Sofa Couch Polster Sitz Chesterfield Leder Garnitur Neu";"4260454044463";"true";"EAN_DUPLICATE"
"466557";"4260174429359";"LEDERSOFA CHESTERFIELD 4-SITZER ENGLAND SOFA LEDER GARNITUR NEU DESIGN";"4260174429359";"true";"EAN_DUPLICATE"
"466558";"4260174429304";"Ecksofa Sofa Ledersofa Polster Couch Eck Garnitur Chesterfield Wohnlandschaft";"4260174429304";"true";"EAN_DUPLICATE"
"466559";"4260439210081";"Chesterfield Wandverkleidung Wandpaneelen Verkleidung Leder Polster Paneel Neu";"4260439210081";"true";"EAN_DUPLICATE"
"466560";"4260174420509";"CHESTERFIELD XXL 270cm Big Sofa Couch LEDER SOFA 5-SITZER GARNITUR Winchester";"4260174420509";"true";"EAN_DUPLICATE"
"466561";"4260174421094";"Chesterfield Couchtisch Tisch Glastisch Beistelltisch Designer Tische Kristalle";"4260174421094";"true";"EAN_DUPLICATE"
"466562";"4260174421339";"Ecksofa Chesterfield Sofa Ledersofa Polster Sitz Eck Couch Garnitur Neu aleeze";"4260174421339";"true";"EAN_DUPLICATE"
"466563";"4260174421049";"Designer XXL BIG Sofa mit Kristallsteinen Leder Elegante Polster Couch Garnitur";"4260174421049";"true";"EAN_DUPLICATE"
"466564";"4260174429342";"Chesterfield Ecksofa Eckcouch Polster Sitz Stoff Garnitur Wohnlandschaft Oxford";"4260174429342";"true";"EAN_DUPLICATE"
"466565";"4260174421391";"Chesterfield Rundsofa Ledersofa Ecksofa Couch Polster Sitz Rund Sofa Garnitur";"4260174421391";"true";"EAN_DUPLICATE"
"466566";"4260454042421";"ESSZIMMER GRUPPE SET LEDER GARNITUR BANK SESSEL ESSTISCH Neu SOFORT LIEFERBAR";"4260454042421";"true";"NAME_CONTAINS_SOFORT"
"466567";"4260174421360";"Chesterfield Sofagarnitur 3+2+1 Ledersofa Sofa Couch Sitzer Textil Stoff Polster";"4260174421360";"true";"EAN_DUPLICATE"
"466568";"4260174421353";"Ledersofa Sofagarnitur Chesterfield 4+2+1 Sitz Polster Sofa Couch Garnitur Neu";"4260174421353";"true";"EAN_DUPLICATE"
"466569";"4260174420998";"CHESTERFIELD HOCKER WINCHESTER FARBWAHL KRISTALLE CHAISELOUNGE ELEGANT ROYAL";"4260174420998";"true";"EAN_DUPLICATE"
"466571";"4260174420929";"Couchtisch Tisch Tische Glastisch Chesterfield Möglich: Leder Textil Samt Stoff";"4260174420929";"true";"EAN_DUPLICATE"
"466572";"4260439210531";"Chesterfield Big Bett Polsterbett Doppelbett Antikes Edles königliches Bett NEU";"4260439210531";"true";"EAN_DUPLICATE"
"466574";"4260174421278";"Chesterfield Chaiselounge Liege Couch Sofa Ledersofa Textil mit Kristallen NEU";"4260174421278";"true";"EAN_DUPLICATE"
"466575";"4260174421322";"Designer Bett Polsterbett Ehebett königliche Betten Doppelbett Schlafzimmer NEU";"4260174421322";"true";"EAN_DUPLICATE"
"466576";"4260454043916";"Antiker Thron König Chesterfield Sessel Imitation 1500 Ritter Stuhl Couch Sofa";"4260454043916";"true";"EAN_DUPLICATE"
"466577";"4260174421292";"CHESTERFIELD SOFA COUCH STOFF SOFAGARNITUR TEXTIL 3 SITZER NEU MADE IN EU";"4260174421292";"true";"EAN_DUPLICATE"
"466578";"4260454043930";"Design Couchtisch Kunstleder Glastisch Tisch Couchtische Designer Tische Neu";"4260454043930";"true";"EAN_DUPLICATE"
"466579";"4260174421230";"Designer Bett Polsterbett Ehebett königliche Betten Doppelbett Schlafzimmer NEU!";"4260174421230";"true";"EAN_DUPLICATE"
"466580";"4260174421445";"Chesterfield Ecksofa Ledercouch Eck Sofa Polster Sitz Couch Leder Garnitur Napol";"4260174421445";"true";"EAN_DUPLICATE"
"466581";"4260174421346";"Sofagarnitur 3+2+1 Ledersofa Couch Sofa Garnitur Chesterfield Englischer Stil";"4260174421346";"true";"EAN_DUPLICATE"
"466582";"4260174420554";"Chesterfield Sofagarnitur Ledersofa Stoff Textil Polster Couch Sofa Garnitur Neu";"4260174420554";"true";"EAN_DUPLICATE"
"466584";"4260174421308";"Chesterfield Textil Sofa Leder Stoff Couch 3 Sitzer Sofagarnitur Ledersofa NEU";"4260174421308";"true";"EAN_DUPLICATE"
"466585";"4260174421070";"designer Sofagarnitur 3+2+1 Textil Sofa Couch Chesterfield Polster Garnitur Neu";"4260174421070";"true";"EAN_DUPLICATE"
"466586";"4260454043947";"Design Sessel Stuhl Club VIP Thron Lounge Sofa Couch mit Kristallen Kissen Neu";"4260454043947";"true";"EAN_DUPLICATE"
"466587";"4260174424422";"Sessel Lounge Club Cocktail Ohren Multimedia Fernseh Sessel Space Stuhl Sofa";"4260174424422";"true";"EAN_DUPLICATE"
"466588";"4260454044944";"Chesterfield Luxus Couch Sofa mit Kristallsteinen Vollleder Polster Garnitur NEU";"4260454044944";"true";"EAN_DUPLICATE"
"466590";"4260174422404";"Chesterfield Ledersofa Sofa Couch XXL Big Luxus Designer Polster Garnitur !Neu!";"4260174422404";"true";"EAN_DUPLICATE"
"466592";"4260454043879";"BIG SOFA XXL CHESTERFIELD TEXTIL SOFA COUCH 250cm POLSTER GARNITUR DESIGN NEU";"4260454043879";"true";"EAN_DUPLICATE"
"466593";"4260454043893";"OHRENSESSEL CHESTERFIELD FREIE FARBWAHL DESIGN SAMT - KRISTALLE COUCH SOFA NEU";"4260454043893";"true";"EAN_DUPLICATE"
"466594";"4260174421377";"CHESTERFIELD OHRENSOFA 3+2+1 SOFAGARNITUR LEDERSOFA COUCH POLSTER SOFA GARNITUR";"4260174421377";"true";"EAN_DUPLICATE"
"466595";"4260174420974";"Chaise Lounge Chesterfield Liege Sitz Hocker Leder Textil 50x50x45 /120x40x45";"4260174420974";"true";"EAN_DUPLICATE"
"466596";"4260174420905";"Ohrensessel Chesterfield Ledersessel Sessel Textil Leder Couch Sofa LAGERWARE!";"4260174420905";"true";"EAN_DUPLICATE"
"466597";"4260174422725";"Chesterfield Liege Chaiselongues Couch Sofa Ledersofa Vintage Kristallen NEU";"4260174422725";"true";"EAN_DUPLICATE"
"466599";"4260174422756";"Luxus Chesterfield Sofagarnitur 3+2+1 Ledersofa Sofa Couch Polster Sitz Garnitur";"4260174422756";"true";"EAN_DUPLICATE"
"466600";"4260174420899";"Designer Bett Polsterbett Ehebett königliche Betten Doppelbett Schlafzimmer";"4260174420899";"true";"EAN_DUPLICATE"
"466601";"4260174420912";"Chesterfield Sofagarnitur Sofa Bank Sofa Garten Terrase Möbel Wintergarten";"4260174420912";"true";"EAN_DUPLICATE"
"466602";"4260454043923";"Chesterfield Textil Sofa Couch Ledersofa Bettfuntion Sofagarnitur Schlafsofa NEU";"4260454043923";"true";"EAN_DUPLICATE"
"466603";"4260174421025";"Gepolsterte Wandverkleidung Chesterfield Wandpaneel Paneel Leder Polsterwand NEU";"4260174421025";"true";"EAN_DUPLICATE"
"466604";"4260174420363";"Sofagarnitur Sofa Couch Polster 3+2+1 Couch Ledersofa Chesterfield Sitz Garnitur";"4260174420363";"true";"EAN_DUPLICATE"
"466606";"4260174422633";"Designer Chesterfield Ecksofa Luxus Couch Polster Ledersofa Wohnlandschaft Sofa";"4260174422633";"true";"EAN_DUPLICATE"
"466614";"4260499871338";"Chesterfield 3 Sitzer 100% Vollleder Antik Polster Couch Garnitur Echtleder Neu";"4260499871338";"true";"EAN_DUPLICATE"
"466615";"4260484869180";"Chesterfield Polster Doppel Ehe Betten Modernes Designer Bett Leder Textil 9178B";"4260484869180";"true";"EAN_DUPLICATE"
"466616";"4260499872267";"Chesterfield Ecksofa Couch Polster Garnitur Sofa Ecke Ledersofa Textil 2016-070";"4260499872267";"true";"EAN_DUPLICATE"
"466617";"4260499872151";"Chesterfield Sofa 3 SITZER Polster Designer Couchen Sofas Garnitur Neu 2016-059";"4260499872151";"true";"EAN_DUPLICATE"
"466620";"4260499871727";"Chesterfield Sofa 3 SITZER Polster Designer Couchen Sofas Garnitur 2016-15";"4260499871727";"true";"EAN_DUPLICATE"
"466640";"4260174420936";"Chesterfield Truhe Chaiselongues Liege Kristalle Hocker Leder Sessel Textil NEU";"4260174420936";"true";"EAN_DUPLICATE"
"466727";"4067282427198";"Stilvolles Ecksofa L-Form Elegantes Design Eckgarnitur Eckcouch Beige 313x266";"4067282427198";"true";"EAN_DUPLICATE"
"466728";"4067282427204";"Stilvolles Ecksofa L-Form Modernes Design für Komfort und elegantes Wohnen";"4067282427198";"true";"EAN_DUPLICATE"
"466877";"4069424737387";"Dreisitzer Wohnzimmer 3-Sitzer Sofa Polster Möbel Stoff Beige Modern Couch";"4069424737370";"true";"EAN_DUPLICATE"
"466878";"4069424737370";"Dreisatzsofa Wohnzimmer 3-Sitzer Sofa Polster Möbel Leder Grau Modern Stil";"4069424737370";"true";"EAN_DUPLICATE"
"467069";"JVM4067282717411";"Couchtisch für Betuchte Luxus Tisch Design Tische Luxus Möbel Sofort";"4067282717411";"false";"NAME_CONTAINS_SOFORT"
"467115";"JVM4062292571602";"Ägyptische Figur Skulpturen Dekoration hieroglyphen Deko Sofort";"4062292571602";"false";"NAME_CONTAINS_SOFORT"
"467207";"4062292109591";"Garnitur Couch Polster Polster Sitz Garnituren 3+2 Designer Italien Design Sofa";"4062292135545";"true";"EAN_DUPLICATE"
"467506";"4069943003505";"Esszimmerstuhl Bugholz-Gestell Küchenstuhl Stuhl mit Rückenlehne Lehnstuhl";"4069943003505";"true";"EAN_DUPLICATE"
"467724";"4069943011678";"Schmuckschrank Kommode Schranktruhe Schrank Stauraummöbel Schubladenschran";"4069943011678";"true";"EAN_DUPLICATE"
"467994";"JVM4067282595231";"Exklusiver Grauer Schaukelstuhl Wohnzimmer Relax Möbel Holzgestell Sofort";"4067282595231";"true";"EAN_DUPLICATE|NAME_CONTAINS_SOFORT"
"467995";"4260480946052";"Klassische Schränke Schrank Schrankwand 5 Türen Holz Neu Italienische Möbel";"4260480946052";"true";"EAN_DUPLICATE"
"467996";"4260454047297";"Klassische Vitrine Schrank Wohnzimmer Vitrinenschrank Vitrinen Neu V-W3 Vitrine";"4260454047297";"true";"EAN_DUPLICATE"
"467997";"4260454047112";"Klassische Bar Schrank Weinschrank Kommode Kommoden Kommodenschrank V-KG-3sz";"4260454047112";"true";"EAN_DUPLICATE"
"467998";"4260454047020";"Rundtisch Tisch Couchtisch Tische Echtholz Massivholz Beistelltisch Serviertisch";"4260454047020";"true";"EAN_DUPLICATE"
"467999";"4260454047044";"Esstisch Tisch Tische Echtholz Holztisch Klassischer Barock Style Esszimmer V-4";"4260454047044";"true";"EAN_DUPLICATE"
"468000";"4260484865458";"Echtholz Schrank Handarbeit Klassische Kommode Kommodenschrank - Model PR-K3";"4260484865458";"true";"EAN_DUPLICATE"
"468001";"4260454046207";"Wohnzimmer Schrank Klassische Vitrine Vitrinenschrank Vitrinen MI-1/2";"4260454046207";"true";"EAN_DUPLICATE"
"468002";"JVM4062292254079";"Kleiderschrank Schlafzimmer Holz Schränke Vollholz Massiv Möbel Sofort";"4062292254079";"true";"EAN_DUPLICATE|NAME_CONTAINS_SOFORT"
"468003";"JVM4067282437555";"Chesterfield Ecksofa U Form Ledersofa Ecksofas Leder Couch Modern Sofort";"4067282437555";"false";"EAN_DUPLICATE|NAME_CONTAINS_SOFORT"
"468017";"JVM4062292582479";"Eckvitrine Sideboard Luxus Glasschrank Holzdesign Sofort";"4062292582479";"true";"EAN_DUPLICATE|NAME_CONTAINS_SOFORT"
"468020";"JVM4067282846685";"Garnitur Doppelbett Beige Nachttische Schlafzimmer Bett mit Bank Set Sofort";"4067282846685";"false";"NAME_CONTAINS_SOFORT"
"468021";"JVM4067282089099";"Bürostuhl Holz Chefsessel Chesterfield italienische Möbel Drehstuhl Sofort";"4067282089099";"true";"EAN_DUPLICATE|NAME_CONTAINS_SOFORT"
"468025";"JVM4067282518261";"Schwarzer Schlafzimmer Bett Designer Holz Luxus Edelstahlbett Sofort";"4067282518261";"false";"EAN_DUPLICATE|NAME_CONTAINS_SOFORT"
"468028";"JVM4069424223057";"Wohnzimmer-Set Set 6-teiliges Möbel-Ensemble Sofort";"4069424223057";"true";"NAME_CONTAINS_SOFORT"
"468029";"4067282352025sofort";"Spielplatz Geräte Kinderkarussell Drehplatte Karussell Ringelreiten Made in EU SOFORT Reduziert";"4067282352025";"false";"EAN_DUPLICATE|NAME_CONTAINS_SOFORT"
"468033";"JVM4062292278419";"Gartenbank Holz Parkbank Massiv Sitzbank Garten Gartenmöbel 3 Sitzer Sofort";"4062292278419";"true";"EAN_DUPLICATE|NAME_CONTAINS_SOFORT"
"468034";"JVM4062292094798";"Designer Hocker Leder Luxuspolster Chesterfield Fußhocker Ottomane Sofort";"4062292094798";"true";"EAN_DUPLICATE|NAME_CONTAINS_SOFORT"
"468040";"JVM4067282717404";"Couchtisch Couchtisch für Betuchte Luxus Tisch Design Tische Luxus Möbel Sofort";"4067282717404";"true";"NAME_CONTAINS_SOFORT"
"468041";"JVM4062292044021";"Springbrunnen Garten Teich Brunnen 213 cm Steinbrunnen Gartenbrunnen Sofort";"4062292044021";"false";"EAN_DUPLICATE|NAME_CONTAINS_SOFORT"
"468042";"JVM4062292034794";"Pilz 44cm Skulptur Design Figur Statue Garten Figuren Statuen Skulpturen Sofort";"4062292034794";"true";"EAN_DUPLICATE|NAME_CONTAINS_SOFORT"
"468043";"JVM4062292029332";"Garten Dekoration Katze Terrasse Stein Figuren Figur Deko Statue Skulptur Sofort";"4062292029332";"false";"EAN_DUPLICATE|NAME_CONTAINS_SOFORT"
"468044";"JVM4062292031496";"Eva 120cm Skulptur Design Figur Statue Garten Figuren Statuen Skulpturen Sofort";"4062292031496";"true";"EAN_DUPLICATE|NAME_CONTAINS_SOFORT"
"468045";"JVM4062292227639";"Bett Luxus Schlafzimmer Bett Polster Design Leder Doppel Betten Textil Sofort";"4062292227639";"false";"EAN_DUPLICATE|NAME_CONTAINS_SOFORT"
"468046";"JVM4067282590052";"Beiges Designer Sideboard Luxuriöse Esszimmer Anrichte Edle Holz Möbel Sofort";"4067282590052";"false";"EAN_DUPLICATE|NAME_CONTAINS_SOFORT"
"468049";"JVM4062292357138";"Couchtisch Sideboard Wohnzimmer Möbel Tisch Lowboard Schrankwände Kommode Sofort";"4062292357138";"true";"EAN_DUPLICATE|NAME_CONTAINS_SOFORT"
"468055";"JVM4067282184398";"Kristall Stehlampe Standlampe Stand Luxus Leuchten Lampen Lampe Silber Sofort";"4067282184398";"false";"EAN_DUPLICATE|NAME_CONTAINS_SOFORT"
"468056";"JVM4062292392269";"Eckschrank Luxus Vitrine Vitrinen Schrank Holz Schränke Italienische Sofort";"4062292392269";"false";"NAME_CONTAINS_SOFORT"
"468059";"JVM4062292177934";"Hochschrank Badezimmer Regal Badschrank Badmöbel Regale Bad Schränke Sofort";"4062292177934";"false";"EAN_DUPLICATE|NAME_CONTAINS_SOFORT"
"468067";"JVM4067282466067";"Kronleuchter Deckenlampe Lüster Deckenleuchter Lampe Glas Gold Beige Sofort";"4067282466067";"false";"EAN_DUPLICATE|NAME_CONTAINS_SOFORT"
"468068";"JVM4062292366253";"Esstisch Tisch Esszimmer Wohnzimmer Holz Design Stühle S2 Sofort";"4062292366253";"false";"EAN_DUPLICATE|NAME_CONTAINS_SOFORT"
"468070";"JVM4062292028601";"Figur Adler Garten Statue Skulptur Skulpturen Figuren Statuen Deko Sofort";"4062292028601";"true";"EAN_DUPLICATE|NAME_CONTAINS_SOFORT"
"468071";"JVM4067282183148";"Esstisch Esszimmertisch Essecke Esszimmermöbel Tisch Holz Gold Weiß Sofort";"4067282183148";"true";"EAN_DUPLICATE|NAME_CONTAINS_SOFORT"
"468120";"JVM4062292000478";"Design Polster Hocker Fußhocker Ottomane Sitz Gepolstert Pufa FT009 Sofort";"4062292000478";"true";"EAN_DUPLICATE|NAME_CONTAINS_SOFORT"
"468132";"JVM4062292216251";"Couchtisch Moderner Tisch Design Tische Wohnzimmer Holz Wohnzimmer Sofort";"4062292216251";"false";"EAN_DUPLICATE|NAME_CONTAINS_SOFORT"
"468221";"JVM4062292777417";"Klassische Ledersofa Garnitur Komplett Set 8 tlg. Wohnzimmer Set Tisch Hocker Sofort";"4062292777417";"true";"EAN_DUPLICATE|NAME_CONTAINS_SOFORT"
"468277";"JVM4062292717970";"Design Glastisch Leder Couch Tisch Tische Glas Sofa Wohnzimmertisch Sofort";"4062292717970";"false";"EAN_DUPLICATE|NAME_CONTAINS_SOFORT"
"468278";"JVM4062292213670";"Multifunktion Bett Design Polster Doppelbett Betten Chesterfield Luxus Hocker Sofort";"4062292213670";"false";"EAN_DUPLICATE|NAME_CONTAINS_SOFORT"
"468338";"JVM4067282263208";"Holz Tisch Beistelltisch Möbel Luxus Couchtisch Braune Couchtische Wohnzimmer Sofort";"4067282263208";"false";"EAN_DUPLICATE|NAME_CONTAINS_SOFORT"
"468339";"JVM4067282630994";"Modern Kleiderschrank Schlafzimmer Design Holzschrank Luxus Schrank Glastüren Sofort";"4067282630994";"false";"EAN_DUPLICATE|NAME_CONTAINS_SOFORT"
"468342";"JVM4067282604568";"Design Modern Kleiderschrank Schränke Schrank Jugendzimmer Möbel Holz Sofort";"4067282604568";"false";"EAN_DUPLICATE|NAME_CONTAINS_SOFORT"
"468343";"JVM4067282586789";"Weiße Eckbank Esszimmer Bänke Exklusive Küchen Sitzmöbel Polster Bank SOFORT";"4067282586789";"true";"EAN_DUPLICATE|NAME_CONTAINS_SOFORT"
"468346";"JVM4062292274961";"Luxus Säule Wassersäulen Wasser Wand Säulen 220cm Edelstahl SOFORT";"4062292274961";"false";"EAN_DUPLICATE|NAME_CONTAINS_SOFORT"
"468347";"JVM4062292724558";"Polsterstuhl Luxus Sessel Stuhl Stühle Deko Wohnzimmer Esszimmer Sofort";"4062292724558";"false";"EAN_DUPLICATE|NAME_CONTAINS_SOFORT"
"468363";"JVM4062292719912";"Luxus Textil Design Polster Betten Doppel Modernes Bett Ehe Exclusiv Sofort";"4062292719912";"false";"EAN_DUPLICATE|NAME_CONTAINS_SOFORT"
"468369";"JVM4067282207844";"Schlafzimmer Bett Polster Design Möbel Luxus Doppel Beige Betten Leder Sofort";"4067282207844";"true";"EAN_DUPLICATE|NAME_CONTAINS_SOFORT"
"468372";"JVM4260484868589";"Chesterfield Doppelbett Designer Polster Doppel Ehe Bett Betten XXL Sofort";"4260484868589";"true";"EAN_DUPLICATE|NAME_CONTAINS_SOFORT"
"468373";"JVM4067282604599";"Kommode Spiegel Holz Set Modern Design Möbel neu Gruppe Weiß Luxus Sofort";"4067282604599";"false";"NAME_CONTAINS_SOFORT"
"468377";"JVM4067282491212";"Moderne Holztisch Esszimmertisch Esstisch Oval Tisch Holz Beige 140 cm Sofort";"4067282491212";"false";"NAME_CONTAINS_SOFORT"
"468380";"JVM4067282693609";"Indoor Whirlpool Badewanne Whirlwanne Home Eckbadewanne Spa Wanne Sofort";"4067282693609";"true";"EAN_DUPLICATE|NAME_CONTAINS_SOFORT"
"468381";"JVM4067282759978";"Schwarzes TV-Lowboard neue luxuriöse Möbel MDF-Metall für Wohnzimmer Sofort";"4067282759978";"false";"EAN_DUPLICATE|NAME_CONTAINS_SOFORT"
"468403";"JVM4260454043480";"Sofa Großes Ledersofa Sofa XXL 300 Chesterfield Set Polstermöbel SOFORT";"4260454043480";"false";"EAN_DUPLICATE|NAME_CONTAINS_SOFORT"
"468409";"JVM4067282389489";"Apfel Aussteller 100cm Gewerbe Ladenausstattung Figur Garten Dekoration Sofort";"4067282389489";"false";"NAME_CONTAINS_SOFORT"
"468412";"JVM4067282466623";"Lüster Deckenleuchter Silber Kronleuchter Deckenlampe Kristall 40x70cm Sofort";"4067282466623";"true";"EAN_DUPLICATE|NAME_CONTAINS_SOFORT"
"468413";"JVM4067282446083";"Schwarzer Kleiderschrank Design Schrank Luxus Einrichtung Schlafzimmer Sofort";"4067282446083";"false";"EAN_DUPLICATE|NAME_CONTAINS_SOFORT"
"468424";"JVM4062292120176";"Klassisch Ledersofa Couch Sofagarnitur 3+1+1 Sitzer Italienisches Leder Sofort";"4062292120176";"true";"EAN_DUPLICATE|NAME_CONTAINS_SOFORT"
"468427";"JVM4062292048494";"Wohnlandschaft Textil Sofa Couch Polster Couchen Sofas U Form designer Garnitur Sofort";"4062292048494";"false";"EAN_DUPLICATE|NAME_CONTAINS_SOFORT"
"468438";"JVM4067282282063";"Rundes Bett Rund Design Betten Leder Doppel Luxus Hotel Gestell Schlaf Sofort";"4067282282063";"false";"EAN_DUPLICATE|NAME_CONTAINS_SOFORT"
"468443";"JVM4067282259263";"Klassischer Esstisch Beige Design Tisch Holz Tische Möbel Wohnzimmer Sofort";"4067282259263";"false";"EAN_DUPLICATE|NAME_CONTAINS_SOFORT"
"468444";"JVM4062292314155";"Design Chesterfield Armchair 1 Seater Couch Upholstery Luxury Classic Textile Sofas Sofort";"4062292314155";"true";"EAN_DUPLICATE|NAME_CONTAINS_SOFORT"
"468445";"JVM4067282464834";"Deckenlampe Deckenleuchter Blumen Lüster Kronleuchter Lampe Glas Sofort";"4067282464834";"false";"EAN_DUPLICATE|NAME_CONTAINS_SOFORT"
"468446";"JVM4067282087590";"Esstisch Luxus Rund Tisch Massiv Holz Italien Esszimmer Tische Runde Möbel Sofort";"4067282087590";"true";"EAN_DUPLICATE|NAME_CONTAINS_SOFORT"
"468449";"JVM4260560949997";"Tantra Liebe Sofas Bondage Fessel Kamasutra Liebes Sessel Sofort";"4260560949997";"false";"EAN_DUPLICATE|NAME_CONTAINS_SOFORT"
"468465";"JVM4067282670846";"Luxus Modern Esstisch Esszimmer Tisch Holz Moderne Möbel Tische 240x100cm Sofort";"4067282670846";"true";"EAN_DUPLICATE|NAME_CONTAINS_SOFORT"
"468466";"JVM4062292356964";"Konsole Kommode Anrichte Wand tv Tisch Wohnzimmer rtv Konsolentisch Sofort";"4062292356964";"true";"EAN_DUPLICATE|NAME_CONTAINS_SOFORT"
"468467";"JVM4062292278631";"Sofa Leder Designsofa 3-Sitzer Vintage Couch Aluminium Flugzeug Metall Sofort";"4062292278631";"true";"EAN_DUPLICATE|NAME_CONTAINS_SOFORT"
"468468";"JVM4260499875558";"Stein Blumentopf Römischer Topf Pflanzgefäß Blumenkasten Kübel Blumentopf Sofort";"4260499875558";"false";"EAN_DUPLICATE|NAME_CONTAINS_SOFORT"
"468469";"JVM4062292213472";"Designer Bett Ehebett Doppelbett Polsterbett Schlafzimmer Lederbett Sofort";"4062292213472";"true";"EAN_DUPLICATE|NAME_CONTAINS_SOFORT"
"468470";"JVM4067282688094";"Sofagarnitur 3+3+1 Sitzer Sessel Garnitur Modern Relax Einsitzer Möbel Sofort";"4067282688094";"true";"EAN_DUPLICATE|NAME_CONTAINS_SOFORT"
"468473";"JVM4067282186132";"Doppelstockbett Etagenbett Jugendbett Blau Kinderzimmer Sofort";"4067282186132";"false";"EAN_DUPLICATE|NAME_CONTAINS_SOFORT"
"468477";"JVM4062292213786";"Ledertisch Couchtisch Glastisch Sofa Beistell Tisch Tische Couchtische Sofort";"4062292213786";"false";"EAN_DUPLICATE|NAME_CONTAINS_SOFORT"
"468531";"JVM4062292701412";"Hocker Pouf Sofa Polster Beistellhocker Fußhocker Ottomane Möbelhocker Sofort";"4062292701412";"false";"EAN_DUPLICATE|NAME_CONTAINS_SOFORT"
"468532";"JVM4067282088047";"Runder Esstisch Esstische Esstische StileElisa Esstische Luxusmöbel Holz Sofort";"4067282088047";"true";"EAN_DUPLICATE|NAME_CONTAINS_SOFORT"
"468536";"JVM4067282464605";"Kronleuchter Deckenleuchter Lüster Deckenlampe Lampen Glas Gold Sofort";"4067282464605";"true";"EAN_DUPLICATE|NAME_CONTAINS_SOFORT"
"468537";"JVM4260606050380";"Luxus Leder Design Polster Betten Doppel Modernes 180x200cm Liegefläche Sofort";"4260606050380";"true";"EAN_DUPLICATE|NAME_CONTAINS_SOFORT"
"468555";"JVM4062292572777";"Gemälde Engel Ölbild Gemälde Ölbilder Mit Rahmen 70 X 50 cm Sofort";"4062292572777";"false";"NAME_CONTAINS_SOFORT"
"468564";"JVM_4260533186282";"Sofa Schlafsofa Designer Sofas mit Bettfunktion Ecksofa Couch Sofort";"4260533186282";"true";"EAN_DUPLICATE|NAME_CONTAINS_SOFORT"
"468565";"JVM4062292733437";"Ledersofa Couch Wohnlandschaft Garnitur Design Modern Sofas Sofa 3 Sitzer Sofort";"4062292733437";"true";"EAN_DUPLICATE|NAME_CONTAINS_SOFORT"
"468575";"JVM4062292371165";"Runder Tisch Luxus Rund Tische Esszimmer Möbel Säulen Fuß Stein Optik Sofort";"4062292371165";"false";"EAN_DUPLICATE|NAME_CONTAINS_SOFORT"
"468576";"JVM4062292372025";"Couch Sofa Sessel Design Sitzer Leder Lounge Club Polster Luxus Ohren Sofort";"4062292372025";"true";"EAN_DUPLICATE|NAME_CONTAINS_SOFORT"
"468583";"4260606054661";"Edle Designer Polster Sofa Couch Garnitur Leder Sofas Couchen 3+2 Sofort";"4260606054661";"false";"EAN_DUPLICATE|NAME_CONTAINS_SOFORT"
"468592";"JVM_4260606054661";"Edle Designer Polster Sofa Couch 4-Sitzer – Elegante Sofort";"4260606054661";"true";"EAN_DUPLICATE|NAME_CONTAINS_SOFORT"
"468604";"JVM4067282174726";"Schwarzer Schreibtisch Büro Stil Tisch Schreibtische Barock Rokoko Sofort";"4067282174726";"false";"EAN_DUPLICATE|NAME_CONTAINS_SOFORT"
"468607";"JVM4067282599765";"Lampe Hängeleuchte Kronleuchter Kristalllampe Deckenleuchte Lampen 60x135 Sofort";"4067282599765";"true";"EAN_DUPLICATE|NAME_CONTAINS_SOFORT"
"468608";"JVM4069943017069";"Sofagarnitur 3+1 Sitzer Chesterfield Sofa Sessel Luxus Set Stoff Garnitur Sofort";"4069943017069";"false";"NAME_CONTAINS_SOFORT"
"468609";"JVM4260174428871";"2-Sitzer Ledersofa mit Hocker – Modernes Design Sofa Set R7004D Sofort";"4260174428871";"true";"EAN_DUPLICATE|NAME_CONTAINS_SOFORT"
"468684";"JVM4069943017076";"Wohnzimmer Couchtisch modernen Couchtisch Neu Deluxe Möbel Sofort";"4069943017076";"true";"NAME_CONTAINS_SOFORT"
"468763";"JVM4069943017083";"Design Esszimmer Komplett Esstisch + 6x Stühle Klassisch Möbel Holztisch Sofort";"4069943017083";"true";"NAME_CONTAINS_SOFORT"
"468764";"JVM4062292203756";"Trennwand Regal Schrank Wasserwand Säule Wände Waterwall LED 100x200 Sofort";"4062292203756";"false";"EAN_DUPLICATE|NAME_CONTAINS_SOFORT"
"468765";"JVM4062292577918";"Bettrahmen Betten Ehebett Modern Bett Kunstleder Polsterbett Doppelbett Schwarz Sofort";"4062292577918";"false";"EAN_DUPLICATE|NAME_CONTAINS_SOFORT"
"468779";"JVM4062292015700";"Einzelsessel Couch Sofa Polster Sitz Sessel Relaxstuhl Einzelsitzmöbel Sofort";"4062292015700";"false";"EAN_DUPLICATE|NAME_CONTAINS_SOFORT"
"468788";"JVM4062292334528";"2er Set Nachttische – Elegante Design Nachtkommoden für Schlafzimmer Neu Sofort";"4062292334528";"true";"EAN_DUPLICATE|NAME_CONTAINS_SOFORT"
"468803";"JVM4062292274688";"Led Design Sprudel Wassersäule 60cm Wasser Säulen Beleuchtet Tisch Palme Pflanze Sofort";"4062292274688";"true";"NAME_CONTAINS_SOFORT"
"468804";"JVM4067282468566";"Esstisch Esszimmertisch Tisch Esszimmer Essecke Holz Modern Braun Tische Sofort";"4067282468566";"false";"EAN_DUPLICATE|NAME_CONTAINS_SOFORT"
"468805";"JVM4062292015991";"Boxspring Bett Hotel Betten 90x205cm Leder Komplett Bettkasten Topper Sofort";"4062292015991";"true";"EAN_DUPLICATE|NAME_CONTAINS_SOFORT"
"468824";"JVM4062292717956";"Klassischer Luxus Designer Couchtisch Sofa Wohnzimmer Tisch Leder Tische Glas Sofort";"4062292717956";"true";"EAN_DUPLICATE|NAME_CONTAINS_SOFORT"
"468825";"JVM4069943017229";"Sofagarnitur 3+1 Sitzer Stoffset für stilvolles Wohnen Sofort";"4069943017229";"true";"NAME_CONTAINS_SOFORT"
"468828";"JVM4062292555787";"Moderner Esstisch Tisch Tische Esszimmer Luxus Möbel Design Stein Küche Sofort";"4062292555787";"false";"EAN_DUPLICATE|NAME_CONTAINS_SOFORT"
"468832";"JVM4062292704529";"Couchtisch Tische Designer Beistelltisch Neu Couchtisch Tisch Couchtische Stein Sofort";"4062292704529";"true";"EAN_DUPLICATE|NAME_CONTAINS_SOFORT"
"468833";"JVM4069943017236";"Luxus Holz Couchtisch fürs Wohnzimmer – Stilvolles Design SOFORT";"4069943017236";"true";"NAME_CONTAINS_SOFORT"
"468912";"JVM4062292774522";"Tisch esstisch tische harz epoxy massive design möbel 200x100 echtes holz epoxid Sofort";"4062292774522";"true";"EAN_DUPLICATE|NAME_CONTAINS_SOFORT"
"468913";"JVM4069943017243";"Esszimmer Set 7-teilig – Esstisch & 6 Stühle aus Holz Design Sofort";"4069943017243";"true";"NAME_CONTAINS_SOFORT"
"468914";"JVM4069943017250";"Elegante Anrichte mit Spiegel – Esszimmer Kommode aus Holz Sofort";"4069943017250";"true";"NAME_CONTAINS_SOFORT"
"468915";"JVM4069943017045";"Klassische Luxus Sofagarnitur 3+1 Set für Wohnzimmer Sofort";"4069943017045";"true";"NAME_CONTAINS_SOFORT"
"468928";"JVM4069943017052";"Eleganter Design Wohnzimmertisch – Klassischer Designerstil Sofort";"4069943017052";"false";"NAME_CONTAINS_SOFORT"
"468929";"JVM4067282592452";"Moderner Esstisch aus Holz – Stilvolles Esszimmermöbel Sofort";"4067282592452";"true";"NAME_CONTAINS_SOFORT"
"468930";"JVM4067282183254";"Luxus Schlafzimmer Garnitur 3tlg – Klassisches Design in Beige Sofort";"4067282183254";"true";"NAME_CONTAINS_SOFORT"
"468942";"JVM4062292322297";"Moderner Esszimmer Set – Runder Esstisch aus Holz & Marmor mit 6 Stühl Sofort";"4062292322297";"true";"EAN_DUPLICATE|NAME_CONTAINS_SOFORT"
"468954";"JVM4260174420479";"Eleganter Chesterfield Ledersessel in hochwertiger Verarbeitung mit weicher Sofort";"4260174420479";"false";"EAN_DUPLICATE|NAME_CONTAINS_SOFORT"
"468968";"4260174420424";"Ledersofa Design Ecksofa Berlin mit Relaxfunktion Sofort";"4260174420424";"false";"EAN_DUPLICATE|NAME_CONTAINS_SOFORT"
"469012";"JVM4062292258237";"Hundehütte Holz Massiv Outdoor Hundehaus Garten Tierhaus wetterfest Haustiermöbel Sofort";"4062292258237";"false";"NAME_CONTAINS_SOFORT"
"469013";"JVM4067282590137";"Designer Beiges Schlafzimmer Set Bett 2x Nachttische Kleiderschrank 5tlg Sofort";"4067282590137";"true";"EAN_DUPLICATE|NAME_CONTAINS_SOFORT"
"469014";"JVM4062292583483";"Betten Hotel Hotelbett 180x200cm Luxus Möbel Bettgestell Design Polsterbett Bett Sofort";"4062292583483";"true";"EAN_DUPLICATE|NAME_CONTAINS_SOFORT"
"469039";"JVM4260454045231";"rtv Lowboard Fernseh sideboard Wand Hochglanz Unterschrank TV Led Leder Glas Neu Sofort";"4260454045231";"true";"EAN_DUPLICATE|NAME_CONTAINS_SOFORT"
"469040";"JVM4069943029055";"Trockenbau Fußbodenheizung XPS Platte 0,72m² 500kPa 30/25/20 mm";"4069943029055";"true";"EAN_DUPLICATE"
"469041";"JVM4067282469891";"Heller Dreisitzer im luxuriösen Design – perfekt für stilvolle Wohnräume Sofort";"4067282469891";"true";"EAN_DUPLICATE|NAME_CONTAINS_SOFORT"
"469044";"JVM4062292037061";"Design Chesterfield 3+2+1 Sofagarnitur Leder Sitz Couch Sofa Polster Garnitur Sofort";"4062292037061";"true";"EAN_DUPLICATE|NAME_CONTAINS_SOFORT"
"469055";"JVM_4067282469891";"Luxuriöser 3-Sitzer in hellen Tönen – stilvoll und komfortabel für Ihr Zuhause Sofort";"4067282469891";"true";"EAN_DUPLICATE|NAME_CONTAINS_SOFORT"
"469059";"JVM4069943355321";"Vitrine Glasvitrine Küchenbuffet Vitrinenschrank Regalschrank Anrichte Sofort";"4069943355321";"true";"NAME_CONTAINS_SOFORT"
"469060";"JVM4062292000973";"Ledersofa Ecksofa Sofa Wohnlandschaft Polster Sitz Eckgarnitur XXL Big Sofas Sofort";"4062292000973";"true";"EAN_DUPLICATE|NAME_CONTAINS_SOFORT"
"469061";"JVM4062292014932";"Chesterfield Sofa York 2 Sitzer mit Bettfunktion Couch Polster Sofas Couchen Sofort";"4062292014932";"true";"EAN_DUPLICATE|NAME_CONTAINS_SOFORT"
"469068";"JVM4062292144875";"Ledersofa mit USB Wohnlandschaft Ecksofa Eck Garnitur Couch Design Sofa Sofort";"4062292144875";"true";"EAN_DUPLICATE|NAME_CONTAINS_SOFORT"
"469069";"JVM4069424739732";"Lila Sessel Stoff Holz Modern Chesterfield Design Luxus Sofort";"4069424739732";"false";"EAN_DUPLICATE|NAME_CONTAINS_SOFORT"
"469072";"JVM4062292140990";"Ledersofa Couch Wohnlandschaft Ecksofa Garnitur Design Modern Sofa Sofort";"4062292140990";"false";"EAN_DUPLICATE|NAME_CONTAINS_SOFORT"
"469073";"JVM_4067282623705";"Esstisch Modern Tisch Luxus Tische Biege Holz Möbel Wohnzimmer Sofort";"4067282623705";"true";"EAN_DUPLICATE|NAME_CONTAINS_SOFORT"
"469074";"JVM4260174421612";"Couch Ecksofa Wohnlandschaft Schlafsofa Federkern Stoffsofa Textil großes Sofa Sofort";"4260174421612";"true";"EAN_DUPLICATE|NAME_CONTAINS_SOFORT"
"469075";"JVM4067282499591";"Sofa 3 Sitzer Sitz Modern Chesterfield Sofas Couchen Polster Braun Neu Sofort";"4067282499591";"true";"EAN_DUPLICATE|NAME_CONTAINS_SOFORT"
"469087";"JVM4067282290587";"Chesterfield Wohnlandschaft Ecksofa Couch Samt Stoff Eckcouch Sofort";"4067282290587";"true";"NAME_CONTAINS_SOFORT"
"469088";"JVM4067282207691";"Wohnzimmer Textil L-Form Luxus Sofas Sofas Ecke Ecksofa Polstermöbel Sofort";"4067282207691";"true";"EAN_DUPLICATE|NAME_CONTAINS_SOFORT"
"469093";"JVM4067282561533";"Moderne Esstisch Esszimmer Möbel Luxus Einrichtung Design Neu Tisch Sofort";"4067282561533";"true";"NAME_CONTAINS_SOFORT"
"469095";"JVM4062292733123";"Sofa Set 2+1+1 Ledersofa Couch Garnitur Design Modern Sofagarnitur Sofort";"4062292733123";"true";"EAN_DUPLICATE|NAME_CONTAINS_SOFORT"
"469104";"JVM4260484862747";"Klassischer Schrank Designer Schlafzimmer Stauraumschrank Sofort";"4260484862747";"true";"EAN_DUPLICATE|NAME_CONTAINS_SOFORT"
"469105";"JVM_4062292558726";"Multifunktionsbett in Schwarz – Modernes Design mit Massage, USB & Lederbezug Sofort";"4062292558726";"true";"EAN_DUPLICATE|NAME_CONTAINS_SOFORT"
"469115";"JVM_4067282469891_1";"Luxuriöser Sessel in hellen Tönen – stilvoll und komfortabel für Ihr Zuhause Sofort";"4067282469891";"true";"EAN_DUPLICATE|NAME_CONTAINS_SOFORT"
"469118";"JVM4067282717398";"Modern Couchtisch Luxus Tisch Design Tische Luxus Möbel Sofort";"4067282717398";"true";"NAME_CONTAINS_SOFORT"
"469121";"JVM4260174424323";"Bett Schrankbett Bettschrank Schrank Betten Kommoden Ausklappbares Bett Sofort.";"4260174424323";"false";"EAN_DUPLICATE|NAME_CONTAINS_SOFORT"
"469122";"JVM4067282676305";"Schminktisch mit RTV Schubladen Frisiertisch Luxus Konsole Schlafzimmer Sofort";"4067282676305";"true";"EAN_DUPLICATE|NAME_CONTAINS_SOFORT"
"469123";"JVM4067282623866";"Luxus Sideboard Kommode Wohnzimmer Designer Grau Möbel Modern Sofort";"4067282623866";"true";"EAN_DUPLICATE|NAME_CONTAINS_SOFORT"
"469128";"JVM4062292372483";"Kinderzimmer Bett Mädchen Betten Schlafzimmer Design Doppelbett Sofort";"4062292372483";"true";"EAN_DUPLICATE|NAME_CONTAINS_SOFORT"
"469135";"JVM4062292191114";"Stier Dekorative Statue Garten Figuren Statuen 110 cm Lebensgroß Figur Plastik Sofort";"4062292191114";"true";"EAN_DUPLICATE|NAME_CONTAINS_SOFORT"
"469136";"JVM4067282506534";"Vitrine Italienische Luxus Möbel Vitrinen Holzschrank Design Schrank Sofort";"4067282506534";"true";"EAN_DUPLICATE|NAME_CONTAINS_SOFORT"
"469137";"JVM4062292182501";"Garderobe Spiegel Schrank Schlafzimmer Schwebe Türen 55 cm Kleider Schränke Sofort";"4062292182501";"true";"EAN_DUPLICATE|NAME_CONTAINS_SOFORT"
"469139";"JVM4067282184015";"Goldene Kristall Tischlampe Luxus Leuchten Lampen Lichtkronenleuchter Sofort";"4067282184015";"true";"EAN_DUPLICATE|NAME_CONTAINS_SOFORT"
"469140";"JVM4062292723957";"Fußhocker Club Lounge Hocker Leder Textil Ottoman Designer Pufa Ottomane Sofort";"4062292723957";"true";"EAN_DUPLICATE|NAME_CONTAINS_SOFORT"
"469141";"JVM4067282183995";"Edle Goldene Lüster Kronleuchtern Deckenpendel Moderne Deckenlampe Sofort";"4067282183995";"true";"EAN_DUPLICATE|NAME_CONTAINS_SOFORT"
"469142";"JVM4062292583452";"Doppel Betten Ehe Schlaf Zimmer Leder Hotel Neu Bett Polster Design Luxus Metall Sofort";"4062292583452";"true";"EAN_DUPLICATE|NAME_CONTAINS_SOFORT"
"469149";"JVM4260606050564";"Modern Couchtisch Tisch Glastisch Tische Designer Beistelltisch Sofort";"4260606050564";"false";"EAN_DUPLICATE|NAME_CONTAINS_SOFORT"
"469213";"JVM_4062292227646";"Multifunktionales orangefarbenes Doppelbett Zeitgenössischer Bettrahmen Betten 180x200cm Sofort";"4062292227646";"true";"EAN_DUPLICATE|NAME_CONTAINS_SOFORT"
"469214";"JVM4067282437494";"Chesterfield Ecksofa U-Form Luxus Couch Ledersofa Sofas Weiß Modern Sofort";"4067282437494";"true";"EAN_DUPLICATE|NAME_CONTAINS_SOFORT"
"469232";"JVM_4062292226854";"Rundmatratze Matratze für Rundes Rund Runde Bett Rundbett Matratze 200 cm Sofort";"4062292226854";"false";"EAN_DUPLICATE|NAME_CONTAINS_SOFORT"
"469233";"JVM4062292258275";"Wetterfeste Hundehütte aus Massivholz – Robustes Hundehaus für den Garten Sofort";"4062292258275";"true";"NAME_CONTAINS_SOFORT"
"469234";"JVM4260454044470";"Hochbett Doppelstockbett Bett Jugendbett Kinderbett Schreibtisch Sofort";"4260454044470";"true";"EAN_DUPLICATE|NAME_CONTAINS_SOFORT"
"469235";"JVM4260484865212";"Modernes TV-Lowboard aus Glas und Holz in Schwarz Sofort";"4260484865212";"true";"NAME_CONTAINS_SOFORT"
"469236";"JVM4067282676411";"Tisch Modern Konsole Spiegel Schminktisch Schlafzimmer Kosmetik Tisch Sofort";"4067282676411";"false";"EAN_DUPLICATE|NAME_CONTAINS_SOFORT"
"469241";"JVM_4067282676305";"Schminktisch mit RTV Schubladen Frisiertisch Luxus Konsole Schlafzimmer Sofort";"4067282676305";"true";"EAN_DUPLICATE|NAME_CONTAINS_SOFORT"
"469242";"JVM_4062292702495";"Modern Design Runder Esszimmertisch aus Metall Sofort";"4062292702495";"true";"EAN_DUPLICATE|NAME_CONTAINS_SOFORT"
"469243";"JVM4062292289699";"Spiegel Wandspiegel Flurspiegel Bad Flur Holz Wand Dekoration Spieglein Barock Sofort";"4062292289699";"true";"EAN_DUPLICATE|NAME_CONTAINS_SOFORT"
"469262";"JVM4062292999765";"Luxus Sideboard TV Lowboard RTV Holz Low Board Schrank Tisch Wohnzimmer Sofort";"4062292999765";"false";"NAME_CONTAINS_SOFORT"
"469263";"JVM4062292710698";"Design Möbel Sofa Coch 3 Sitz Polster Sofas Wohnzimmer Couchen Leder Dreisitzer Sofort";"4062292710698";"true";"EAN_DUPLICATE|NAME_CONTAINS_SOFORT"
"469264";"JVM4062292033209";"Figur Skulptur Maria Jesus Skulpturen Gott Heilige Figuren Dekor Statuen Sofort";"4062292033209";"true";"EAN_DUPLICATE|NAME_CONTAINS_SOFORT"
"469265";"JVM4062292017650";"Esstisch Tisch Konferenztisch Büro Küchen Tische Besprechungstisch Meeting Sofort";"4062292017650";"false";"EAN_DUPLICATE|NAME_CONTAINS_SOFORT"
"469266";"JVM4062292283239";"LED Wasserwand Wandpaneel mit Wasserblasen Designer Wasser Wand Beleuchtete Sofort";"4062292283239";"false";"EAN_DUPLICATE|NAME_CONTAINS_SOFORT"
"469267";"JVM4062292198991";"Garten Gnom Garten Dekoration Figuren Figur Hand bemalt Neu 75 cm Zwerge Statuen Sofort";"4062292198991";"true";"EAN_DUPLICATE|NAME_CONTAINS_SOFORT"
"469269";"JVM4062292509773";"Sofagarnitur Sofa Couch Polster Leder Sitz Komplett Sofas Set 3+2+1 Sofort";"4062292509773";"true";"EAN_DUPLICATE|NAME_CONTAINS_SOFORT"
"469308";"JVM4069943482348";"Faser PP Macrofaser Estrich Beton Gips Mörtel Polypropylen 1kg SOFORT";"4069943482348";"true";"NAME_CONTAINS_SOFORT"
"469309";"JVM4067282727809";"Sideboard Wohnzimmer Sideboard mit Spiegel Anrichte Rechteckig Beige Sofort";"4067282727809";"false";"NAME_CONTAINS_SOFORT"
"469310";"JVM4067282218529";"Begehbarer Kleiderschrank Möbel Glasschrank getönte Fronten Schrank Eckschrank Sofort";"4067282218529";"true";"EAN_DUPLICATE|NAME_CONTAINS_SOFORT"
"469311";"JVM4062292725173";"Königlicher Esstisch Tisch Holz Tische Klassische Barock Rokoko Esszimmer Sofort";"4062292725173";"true";"EAN_DUPLICATE|NAME_CONTAINS_SOFORT"
"469314";"JVM4062292999789";"Klassiche Bett und 2x Nachttisch 3tlg. Schlafzimmer Set Luxus Chesterfield Sofort";"4062292999789";"true";"NAME_CONTAINS_SOFORT"
"469315";"JVM4062292017537";"XXL Big Designer Konferenztisch Holztisch Tische Meeting Esszimmer Sofort";"4062292017537";"true";"EAN_DUPLICATE|NAME_CONTAINS_SOFORT"
"469316";"JVM4062292226885";"Rund Design Matratze Luxus 220x25cm Matratzen für Bett Runde Betten Textil Sofort";"4062292226885";"false";"EAN_DUPLICATE|NAME_CONTAINS_SOFORT"
"469317";"JVM4062292575938";"Klassische Schreibtisch Ecktisch Kinder Schlafrzimmer Möbel Sofort";"4062292575938";"true";"NAME_CONTAINS_SOFORT"
"469320";"JVM4062292578601";"Klassische Schreibtisch Holz mit Schrank Jugendzimmer Möbel Sofort";"4062292578601";"true";"NAME_CONTAINS_SOFORT"
"469321";"JVM4062292712234";"Chefsessel Sessel Kunstleder Polster Möbel Büro Computer Sessel Sitz Sofort";"4062292712234";"false";"NAME_CONTAINS_SOFORT"
"469322";"JVM_4067282305953";"Modern Luxus Kleiderschrank mit Schwebetüren Holz Beige Sofort";"4067282305953";"true";"EAN_DUPLICATE|NAME_CONTAINS_SOFORT"
"469323";"JVM4062292717475";"Luxus Funktions Bett mit Tresor Laptop Ablage Doppel Ehe Betten xxl Hotel Leder Sofort";"4062292717475";"false";"EAN_DUPLICATE|NAME_CONTAINS_SOFORT"
"469328";"JVM4062292009518";"Hochwertiger Runder Holz Beistelltisch Klassische Wohnzimmertische Weiß Sofort";"4062292009518";"true";"NAME_CONTAINS_SOFORT"
"469329";"_JVM_4062292227646_";"Multifunktion Schwarz-Weiß Bett Doppelbetten Modernes Bettgestell Betten 180x200cm Sofort";"4062292227646";"false";"EAN_DUPLICATE|NAME_CONTAINS_SOFORT"
"469344";"JVM4062292714771";"Moderner Büro Konferenztisch Tische Holz Design Möbel Besprechungs Tisch 220cm Sofort";"4062292714771";"true";"NAME_CONTAINS_SOFORT"
"469345";"JVM4062292715235";"Luxus Edelstahl Regal Schrank Wohnzimmer Wand Schränke Regale Sofort";"4062292715235";"true";"NAME_CONTAINS_SOFORT"
"469346";"JVM4062292366475";"Vitrine Glasschrank Regal Bücherschrank Schrank Wohnwand Möbel Regale Wohnzimmer Sofort";"4062292366475";"true";"EAN_DUPLICATE|NAME_CONTAINS_SOFORT"
"469347";"JVM4062292782961";"Vitrine xxl Schrank Vitrinen Schau Schränke Design Italienische Möbel Sofort";"4062292782961";"false";"EAN_DUPLICATE|NAME_CONTAINS_SOFORT"
"469350";"JVM4062292101779";"Design Sänger Figur Statue Skulpturen Dekoration Deko 58 cm Skulptur Neu Sofort";"4062292101779";"true";"EAN_DUPLICATE|NAME_CONTAINS_SOFORT"
"469351";"JVM4062292275081";"Luxus Design Epoxidharz Esstisch River Tisch Echtes Holz Massiv Tische Sofort";"4062292275081";"true";"EAN_DUPLICATE|NAME_CONTAINS_SOFORT"
"469352";"JVM4062292217135";"Bürotisch Arbeitstisch Firma Möbel Schreibtisch Eckschreibtisch Computertisch Sofort";"4062292217135";"true";"EAN_DUPLICATE|NAME_CONTAINS_SOFORT"
"469355";"JVM4062292204234";"Bürotisch Design Klassische Büromöbel Barock Rokoko Holz Tische Sofort";"4062292204234";"true";"NAME_CONTAINS_SOFORT"
"469356";"JVM4062292046827";"Schreibtisch im Barockstil Klassischer Chefschreibtisch Luxuriöses Holz Goldfarben Sofort";"4062292046827";"true";"NAME_CONTAINS_SOFORT"
"469357";"JVM4062292333569";"Hund Neu Design Figuren Skulpturen Moderne Bulldogge Skulptur Deko Skulpturen Neu Perfekt Sofort";"4062292333569";"false";"EAN_DUPLICATE|NAME_CONTAINS_SOFORT"
"469358";"JVM4260174421315";"Chesterfield Kunstleder Sofa 3-Sitzer Leder Sofa Couch Garnitur Dreisitzer Sofort";"4260174421315";"true";"EAN_DUPLICATE|NAME_CONTAINS_SOFORT"
"469359";"JVM4260439212276";"Moderner Nachttisch Praktische Nachtkommode fürs Schlafzimmer Sofort";"4260439212276";"true";"EAN_DUPLICATE|NAME_CONTAINS_SOFORT"
"469360";"JVM_4069424181975";"Quadratischer Hocker in Rot Leder Sitzhocker Polster & Fußbank Sofort";"4069424181975";"true";"EAN_DUPLICATE|NAME_CONTAINS_SOFORT"
"469361";"JVM_4067282628786";"Graues Chesterfield Sofa mit stilvollem Look und gemütlichen Sitzen Sofort";"4067282628786";"true";"EAN_DUPLICATE|NAME_CONTAINS_SOFORT"
"469364";"JVM4067282624245";"Kommode Design Holz Schrank Luxus Sideboard Lowboard Anrichte Weiß Sofort";"4067282624245";"false";"EAN_DUPLICATE|NAME_CONTAINS_SOFORT"
"469367";"JVM4062292192760";"Abstrakte Designer Kunst Niedliche Figur Statue Bunt Bemante Skulpturen Sofort";"4062292192760";"false";"EAN_DUPLICATE|NAME_CONTAINS_SOFORT"
"469368";"JVM4067282663732";"Esstisch Braun Esszimmer Tische Modern Luxus Tisch Elegantes Design Sofort";"4067282663732";"true";"EAN_DUPLICATE|NAME_CONTAINS_SOFORT"
"469371";"JVM_4067282716261";"LED-beleuchtetes Wasserwand-Barregal mit Flaschensäulen Sofort";"4067282716261";"false";"EAN_DUPLICATE|NAME_CONTAINS_SOFORT"
"469372";"JVM4067282609495";"Chesterfield Grauer Dreisitzer Luxus Couch Designer Wohnzimmer Sofa Sofort";"4067282609495";"true";"EAN_DUPLICATE|NAME_CONTAINS_SOFORT"
"469375";"JVM4067282534469";"Designer 2x Stühle Esszimmer Stuhl Küchenstuhl luxus Stühle Holz Weiß Sofort";"4067282534469";"false";"EAN_DUPLICATE|NAME_CONTAINS_SOFORT"
"469376";"JVM4260174421278";"Chesterfield Chaiselounge Liege Couch Sofa Ledersofa Textil mit Kristallen NEU Sofort";"4260174421278";"true";"EAN_DUPLICATE|NAME_CONTAINS_SOFORT"
"469377";"JVM4062292005763";"Stehleuchte Skulptur Figur Lampen Leuchte Ägypten Statue Figuren Skulpturen Sofort";"4062292005763";"true";"EAN_DUPLICATE|NAME_CONTAINS_SOFORT"
"469380";"JVM_4062292714412";"Büromöbel-Set Büro Einrichtung Möbel Sitzgarnitur Couch Sofa Couchen 3+1+1 Sofort";"4062292714412";"false";"NAME_CONTAINS_SOFORT"
"469383";"JVM4067282256965";"Klassische Eck Vitrine Glas Schrank Wohnzimmer Schaufenster Luxus Braun Vitrinen Sofort";"4067282256965";"true";"EAN_DUPLICATE|NAME_CONTAINS_SOFORT"
"469384";"JVM_4067282266834";"2x bequemen Lehnstühlen – stilvolles Design und hoher Sitzkomfort für Ihr Esszimmer Sofort";"4067282266834";"true";"EAN_DUPLICATE|NAME_CONTAINS_SOFORT"
"469385";"JVM4062292101359";"Design XXL Obst Schale Vase Deko Ellipse Vasen Antik Schalen Dekoration Sofort";"4062292101359";"true";"EAN_DUPLICATE|NAME_CONTAINS_SOFORT"
"469386";"JVM4067282725188";"Esszimmer Anrichte Sideboard Braun Farbe Modern Design Kaffeeschrank Sofort";"4067282725188";"false";"EAN_DUPLICATE|NAME_CONTAINS_SOFORT"
"469389";"JVM4062292306440";"Schaff Lebensgroße Figur Dekoration Statuen Skulptur Garten Realistisch Figuren Sofort";"4062292306440";"false";"EAN_DUPLICATE|NAME_CONTAINS_SOFORT"
"469390";"JVM4062292024948";"Design Jesus Figur Statue Skulptur Figuren Skulpturen Dekoration Deko Sofort";"4062292024948";"true";"EAN_DUPLICATE|NAME_CONTAINS_SOFORT"
"469393";"JVM4062292307331";"Rind Lebensgroße Figur Dekorationn Statuen Deko Skulptur Garten Figuren Sofort";"4062292307331";"true";"EAN_DUPLICATE|NAME_CONTAINS_SOFORT"
"469394";"JVM4062292205439";"Design Stühle im Doppelpack – Kunstleder, stabil & komfortabel Sofort";"4062292205439";"true";"EAN_DUPLICATE|NAME_CONTAINS_SOFORT"
"469395";"JVM4062292137358";"Abstrakte Deko Figur Statue Skulptur 110cm Statuen Skulpturen Design Sofort";"4062292137358";"true";"EAN_DUPLICATE|NAME_CONTAINS_SOFORT"
"469396";"JVM4062292137341";"Abstrakte Deko Figur Statue Skulptur 108cm Fuguren Statuen Skulpturen Sofort";"4062292137341";"true";"EAN_DUPLICATE|NAME_CONTAINS_SOFORT"
"469397";"JVM4062292252587";"Moderne Deko-Vase – Blumen- & Boden-Topf für stilvolle Raumgestaltung Sofort";"4062292252587";"true";"NAME_CONTAINS_SOFORT"
"469398";"JVM_4062292205439";"Designer Samtstuhl mit weicher Polsterung – ideal für Esszimmer Sofort";"4062292205439";"true";"EAN_DUPLICATE|NAME_CONTAINS_SOFORT"
"469399";"JVM4062292046858";"Esszimmerstuhl aus hochwertigem Kunstleder–modernes Design für die Küche Sofort";"4062292046858";"false";"NAME_CONTAINS_SOFORT"
"469400";"JVM4260454047020";"Rundtisch Tisch Couchtisch Tische Echtholz Massivholz Beistelltisch Serviertisch Sofort";"4260454047020";"true";"EAN_DUPLICATE|NAME_CONTAINS_SOFORT"
"469401";"JVM_4062292007149";"Designer-Figur einer Katze 2x Dekorative Skulptur Dekorative Statuette Figuren Sofort";"4062292007149";"true";"EAN_DUPLICATE|NAME_CONTAINS_SOFORT"
"469404";"JVM4069943011678";"Schmuckschrank Kommode Schranktruhe Schrank Stauraummöbel Schubladenschran Sofort";"4069943011678";"false";"EAN_DUPLICATE|NAME_CONTAINS_SOFORT"
"469405";"JVM4260174420509";"4-Sitzer-Sofa aus Kunstleder für das Wohnzimmer in Braun Sofort";"4260174420509";"true";"EAN_DUPLICATE|NAME_CONTAINS_SOFORT"
"469406";"JVM4062292032677";"Dekoration Säule Säulen Stein Antik Stil Römische Dekor Weiß Ständer Sockel Sofort";"4062292032677";"true";"EAN_DUPLICATE|NAME_CONTAINS_SOFORT"
"469407";"JVM4062292161711";"Deko Figur Statue Skulptur Figuren Statuen Dekorative Skulpturen Neu Sofort";"4062292161711";"true";"EAN_DUPLICATE|NAME_CONTAINS_SOFORT"
"469408";"JVM4062292050107";"Desigerstnuhl – Samt und Naturholz, robust und bequem Sofort";"4062292050107";"true";"NAME_CONTAINS_SOFORT"
"469409";"JVM4062292493058";"Fußhocker Hocker Lederhocker Polster Ottomane Schwarz Sofort lieferbar Sofort";"4062292493058";"true";"EAN_DUPLICATE|NAME_CONTAINS_SOFORT"
"469410";"JVM_4067282607613";"Exklusiver Chefsessel in Rot – Ergonomischer Luxus Bürostuhl aus Kunstleder Sofort";"4067282607613";"true";"EAN_DUPLICATE|NAME_CONTAINS_SOFORT"
"469411";"JVM4067282775558";"Loungesessel 1-Sitzer Stoffsessel – Sessel aus Strukturstoff Sofort";"4067282775558";"true";"NAME_CONTAINS_SOFORT"
"469412";"JVM4062292022470";"Antik Stil Design and Dekoration Deko Teil Balkon Element Wand Kolumne Sofort";"4062292022470";"false";"EAN_DUPLICATE|NAME_CONTAINS_SOFORT"
"469415";"JVM4062292005091";"Antik Medusa Säule Römische Säulen Marmor Skulptur Figur Deko Dekoration Sofort";"4062292005091";"false";"EAN_DUPLICATE|NAME_CONTAINS_SOFORT"
"469418";"JVM4062292101274";"Adam Römische Skulptur Antik Stil Designer Statue Figuren Statuen Sofort";"4062292101274";"true";"EAN_DUPLICATE|NAME_CONTAINS_SOFORT"
"469419";"4062292328282";"Abstrakte dekorative Figur Skulptur Figuren Statuen Skulpturen Gorilla Sofort";"4062292328282";"true";"NAME_CONTAINS_SOFORT"
"469420";"4067282216921";"Grill Hütten Indoor Grill Bausatz Schornstein BBQ Holz Kota Tisch Grillkota";"4067282216921";"true";"EAN_DUPLICATE"
"469421";"JVM4067282216921";"Grill Hütten Indoor Grill Bausatz Schornstein BBQ Holz Kota Tisch Grillkota Sofort";"4067282216921";"true";"EAN_DUPLICATE|NAME_CONTAINS_SOFORT"
"469422";"4062292209611";"2er-Set neue Holzstühle, klassisches Design, mit grünem Stoffbezug Sofort";"4062292209611";"false";"NAME_CONTAINS_SOFORT"
"469423";"JVM4062292042263";"Stehleuchte Lampe Leuchte Statue Figur Skulpturen Skulptur Sofort";"4062292042263";"true";"EAN_DUPLICATE|NAME_CONTAINS_SOFORT"
"469424";"JVM4067282515109";"Beistelltisch gold Wohnzimmer Möbel Material Edelstahl Design Sofort";"4067282515109";"true";"EAN_DUPLICATE|NAME_CONTAINS_SOFORT"
"469425";"JVM4067282470149";"Schminktisch Kosmetiktisch Frisiertisch Frisierkommode Gold Holz Luxus Sofort";"4067282470149";"false";"NAME_CONTAINS_SOFORT"
"469426";"JVM4062292128844";"Sessel Design Couch Sofa Relax Braun Leder Lounge Club Polster Sitzer Sofort";"4062292128844";"false";"EAN_DUPLICATE|NAME_CONTAINS_SOFORT"
"469427";"JVM4067282381346";"Rechteckiger Esstisch aus weißem Holz für das Esszimmer Esstisch Sofort";"4067282381346";"false";"NAME_CONTAINS_SOFORT"
"469428";"4062292748059";"Sideboard Holz Weiß – Viel Stauraum für Wohnzimmer & Esszimmer Sofort";"4062292748059";"false";"NAME_CONTAINS_SOFORT"
"469430";"JVM4062292101915";"Tischlampe Tischleuchten Leuchten Lampe Vasen Tischlampen Sofort";"4062292101915";"true";"EAN_DUPLICATE|NAME_CONTAINS_SOFORT"
"469431";"JVM4067282437852";"Chesterfield Sofa 3 Sitzer Couch Sitz Luxus Couchen Dreisitzer 265cm Sofort";"4067282437852";"true";"EAN_DUPLICATE|NAME_CONTAINS_SOFORT"
"469445";"JVM_4067282437852";"Chesterfield Sofa 3 Sitzer Couch Sitz Luxus Couchen Dreisitzer Sofort";"4067282437852";"true";"EAN_DUPLICATE|NAME_CONTAINS_SOFORT"
"469459";"JVM_4062292005091";"Antike Säule Römische Säulen Marmorskulptur Figur Dekoration Sofort";"4062292005091";"true";"EAN_DUPLICATE|NAME_CONTAINS_SOFORT"
"469475";"4062292328763";"Design Skulptur Figur Schädel Statue Dekoration Mehrfarbig Sofort";"4062292328763";"false";"NAME_CONTAINS_SOFORT"
"469476";"JVM_4067282266131";"Ovales Sofa Sofas zweisitzig Möbel Sofa Einrichtung Wohnzimmer Sofas Sofort";"4067282266131";"true";"EAN_DUPLICATE|NAME_CONTAINS_SOFORT"
"469478";"JVM4067282759947";"Elektro Dekokamin Wohnzimmer Luxusmöbel Kamin Taupe Holz Metall Lowboard Sofort";"4067282759947";"true";"EAN_DUPLICATE|NAME_CONTAINS_SOFORT"
"469481";"JVM_4067282536876";"Luxuriöser, exklusiver Tisch aus Epoxidharz, mattbraun/schwarz, Holz Sofort";"4067282536876";"true";"EAN_DUPLICATE|NAME_CONTAINS_SOFORT"
"469482";"4067282119796";"Elegante Esszimmerstühle aus hochwertigem Kunstleder – 1-Sitzer Design Sofort";"4067282119796";"true";"NAME_CONTAINS_SOFORT"
"469483";"JVM4062292260483";"Design Komplett Stuhl 6x Set Barhocker Hocker Garnitur Stühle Lieferbar Sofort";"4062292260483";"true";"EAN_DUPLICATE|NAME_CONTAINS_SOFORT"
"469484";"JVM4062292115813";"Massivholzstühle Esszimmerstühle Designerstühle Esszimmerstühle Neu Sofort";"4062292115813";"true";"EAN_DUPLICATE|NAME_CONTAINS_SOFORT"
"469485";"JVM4062292076954";"Eszimmer Möbel Designer Esstisch Holztisch Schwarz Moderne Tische Sofort";"4062292076954";"true";"NAME_CONTAINS_SOFORT"
"469486";"4260439212658";"Esszimmerstuhl mit Armlehnen – Bequemer Sessel für Wohnzimmer und Esszimmer Sofort";"4062292260261";"true";"EAN_DUPLICATE|NAME_CONTAINS_SOFORT"
"469487";"4067282534797";"Esszimmerstuhl Designerstühle Massivholzstuhl Esszimmerstuhl Sofort";"4067282534797";"true";"EAN_DUPLICATE|NAME_CONTAINS_SOFORT"
"469488";"JVM4067282192928";"Stühle 2x mit Rückenlehne aus Massivholz für Esszimmer Sofort";"4067282192928";"true";"EAN_DUPLICATE|NAME_CONTAINS_SOFORT"
"469489";"JVM_1_4062292702495";"Designerstuhlset für das Esszimmer – 4 Stühle, moderne Polsterstühle Sofort";"4062292702495";"true";"EAN_DUPLICATE|NAME_CONTAINS_SOFORT"
"469490";"JVM_4067282192928";"Holzstühle für das Esszimmer mit bequemer Rückenlehne Sofort";"4067282192928";"true";"EAN_DUPLICATE|NAME_CONTAINS_SOFORT"
"469491";"JVM4067282188853";"Moderner Couchtisch Kleiner Wohnzimmertisch Beistelltisch für Sofa Sofort";"4067282188853";"true";"EAN_DUPLICATE|NAME_CONTAINS_SOFORT"
"469493";"4069943562040";"4x Massivholzstühle Esszimmerstühle Designerstühle Esszimmerstühle Sofort";"4069943562040";"true";"NAME_CONTAINS_SOFORT"
"469494";"4062292322297";"Modernes Esszimmer-Set aus Holz mit 6 Stühlen Sofort";"4062292322297";"true";"EAN_DUPLICATE|NAME_CONTAINS_SOFORT"
"469495";"4069943562057";"Braun-rot Luxuriöser Stuhl Hoher Stuhl Esszimmer Stühle aus Textil Holz Sofort";"4069943562057";"true";"NAME_CONTAINS_SOFORT"
"469496";"4069943562064";"Modernes Esszimmer-Set 4x Stühle in Beige Set mit 4 Esszimmerstühlen. Sofort";"4069943562064";"true";"NAME_CONTAINS_SOFORT"
"469497";"4069943562071";"Designer Leder Tische Schwarz-Rot Glas Couchtisch Sofa Wohnzimmer Tisch Sofort";"4069943562071";"true";"NAME_CONTAINS_SOFORT"
"469498";"4069943562088";"Essgarnitur 4x Stuhl Gold-Beige Set Garnitur Esszimmerstuhle 4tlg. Sofort";"4069943562088";"true";"NAME_CONTAINS_SOFORT"
"469499";"4069943562095";"Designer Leder Tische Braun Glas Couchtisch Sofa Wohnzimmer Tisch Sofort";"4069943562095";"false";"NAME_CONTAINS_SOFORT"
"469500";"4069943562101";"Luxuriöser Couchtisch Tisch im Barockstil Rechteckige Tische Sofort";"4069943562101";"true";"NAME_CONTAINS_SOFORT"
"469501";"4069943562118";"Designer-Holztisch für das Wohnzimmer aus Tische Luxuriös Sofort";"4069943562118";"true";"NAME_CONTAINS_SOFORT"
"469502";"4067282712294";"Modernes Schlafzimmer-Set 5-tlg. Luxus Bett, Schrank, Nachttische, Schminktisch";"4067282712294";"true";"EAN_DUPLICATE"
"469503";"4069943562125";"Schminktisch Hocker Konsole Schminktische Tische 2 Stück Sofort";"4069943562125";"true";"NAME_CONTAINS_SOFORT"
"469504";"4069943562132";"Tisch aus Epoxidharz Couchtisch aus Massivholz Möbel Epoxidharztisch Sofort";"4069943562132";"false";"NAME_CONTAINS_SOFORT"
"469505";"4069943562149";"Couchtisch Designermöbel mit einzigartiger Oberfläche aus Gießharz Sofort";"4069943562149";"true";"NAME_CONTAINS_SOFORT"
"469507";"4069943562156";"Dekokamin Wohnzimmer Luxusmöbel Kamin Holz Metall Sofort";"4069943562156";"true";"NAME_CONTAINS_SOFORT"
"469510";"4069943562163";"Modern Essgarnitur 6x Stuhl Beige Set Garnitur Esszimmerstuhle 6tlg Sofort";"4069943562163";"true";"NAME_CONTAINS_SOFORT"
"469511";"4069943562170";"Wand Wandverkleidung Wandpaneelen Verkleidung Polster Paneel Sofort";"4069943562170";"true";"NAME_CONTAINS_SOFORT"
"469512";"JVM4062292045196";"Wandbrunnen Waschbecken Dekoratives Waschbecken für den Garten Waschbecken für den Garten Sofort";"4062292045196";"true";"EAN_DUPLICATE|NAME_CONTAINS_SOFORT"
"469513";"4069943562187";"Couchtisch – exklusives Designmöbel mit außergewöhnlicher Harzoberfläche Sofort";"4069943562187";"true";"NAME_CONTAINS_SOFORT"
"469514";"4069943562194";"Klassische Vitrine Kommoden Vitrinen Vitrinen Glasvitrine Sofort";"4069943562194";"true";"NAME_CONTAINS_SOFORT"
"469515";"JVM4067282148567";"Sessel 1-Sitzer Wohnzimmer Sessel Einzelsitzer Holz Textilien Stoff Sofort";"4067282148567";"false";"EAN_DUPLICATE|NAME_CONTAINS_SOFORT"
"469516";"4069943562200";"Klassische Vitrine Hochwertige Vitrinen Stilvolle Glasvitrine Sofort";"4069943562200";"true";"NAME_CONTAINS_SOFORT"
"469517";"4069943562217";"Couchtisch aus Massivholz in Kombination mit hochwertigem Epoxidharz Sofort";"4069943562217";"true";"NAME_CONTAINS_SOFORT"
"469518";"4069943562224";"Hocker Pouf für das Wohnzimmer Weiche Bank Fußstütze Sofort";"4069943562224";"true";"NAME_CONTAINS_SOFORT"
"469519";"4069943562231";"Esstisch aus Epoxidharz – ein einzigartiges Möbelstück mit ungewöhnlicher Struktur aus gegossenem Harz Sofort";"4069943562231";"false";"NAME_CONTAINS_SOFORT"
"469520";"4069943562248";"Design Blumenständer Pflanzenständer Dekorativ modern Sofort";"4069943562248";"true";"NAME_CONTAINS_SOFORT"
"469521";"4069943562255";"Blaugrün Sofa 3-Sitzer Samt Modern Design Luxus Sofort";"4069943562255";"true";"NAME_CONTAINS_SOFORT"
"469524";"4069943562262";"L-förmiges Ecksofa + Sessel Terrakotta/Grau weiche Sofas 2 Stück Sofort";"4069943562262";"true";"NAME_CONTAINS_SOFORT"
"469525";"4069943562279";"Couchtisch – ein einzigartiges Möbelstück aus gegossenem Harz Sofort";"4069943562279";"true";"NAME_CONTAINS_SOFORT"
"469526";"4067282536968";"Modernes Esszimmer-Set 4 Stühle, 2 Sessel und Esstisch 7-teiliges Set Sofort";"4067282536968";"false";"NAME_CONTAINS_SOFORT"
"469527";"4069943562286";"Beige-braune Sofagarnitur 3+2+1 Sofas Polstermöbel 3-teiliges Set Sofort";"4069943562286";"true";"NAME_CONTAINS_SOFORT"
"469528";"4069943562293";"Design Leuchten Lampen Beleuchtung Tischlampe Leuchte Sofort";"4069943562293";"true";"NAME_CONTAINS_SOFORT"
"469529";"JVM4067282524781";"Lampen Leuchten Möbel Design Deckenleuchten Sofort";"4067282524781";"true";"EAN_DUPLICATE|NAME_CONTAINS_SOFORT"
"469530";"4069943562309";"Design Stehleuchte Bodenleuchte Lampe Wohnzimmer Sofort";"4069943562309";"true";"NAME_CONTAINS_SOFORT"
"469531";"4069943562316";"Klassischer Wandspiegel Kunststoffrahmen Spiegel Möbel Wandspiegel Sofort";"4069943562316";"true";"NAME_CONTAINS_SOFORT"
"469537";"4069943562323";"Holzkiste im antiken Stil – eine robuste und dekorative Lösung zur Aufbewahrung von Gegenständen Sofort";"4069943562323";"true";"NAME_CONTAINS_SOFORT"
"469538";"4069943562330";"TV Ständer RTV Lowboard Weiß Tisch Modern Wohnzimmer Sideboard Sofort";"4069943562330";"true";"NAME_CONTAINS_SOFORT"
"469539";"4069943562347";"3-Sitzer-Designersofa Sofa mit weicher Polsterung Sofas Naturleder Antikgrün Sofort";"4069943562347";"true";"NAME_CONTAINS_SOFORT"
"469540";"4069943562354";"Ecksofa Sofa Ledersofa Polstermöbel Design Naturleder Antikgrün Sofort";"4069943562354";"true";"NAME_CONTAINS_SOFORT"
"469543";"4069943562361";"Klassischer luxuriöser Couchtisch Designertisch Beistelltische Sofort";"4069943562361";"true";"NAME_CONTAINS_SOFORT"
"469544";"4069943562378";"Büste Weiß Deko Figur Statue Skulptur Figuren Statuen Skulpturen Sofort";"4069943562378";"true";"NAME_CONTAINS_SOFORT"
"469545";"4069943562385";"Elegante Dekorations Büste in klassischem Weiß mit goldenen Akzenten Sofort";"4069943562385";"true";"NAME_CONTAINS_SOFORT"
"469546";"4069943562392";"Wandpolsterung Wandverkleidung Neu Raumgestaltung Moderne Wandpaneele Sofort";"4069943562392";"true";"NAME_CONTAINS_SOFORT"
"469547";"4069943562408";"Designer-Sofa-Liege Ledersofa Lederfaser in blauer Farbe Sofort";"4069943562408";"true";"NAME_CONTAINS_SOFORT"
"469548";"4069943562415";"Quadratischer Hocker aus antikbraunem Leder mit weicher Polsterung Sofort";"4069943562415";"false";"NAME_CONTAINS_SOFORT"
"469549";"4069943562422";"Big Sofa Couch 255 cm Polster Sofas 4 Sitzer 100% Echtleder Sofort";"4069943562422";"false";"NAME_CONTAINS_SOFORT"
"469550";"4069943562439";"Designerstühle Luxuriöser Samtstuhl mit Armlehnen Holzstuhl Stuhl Sofort";"4069943562439";"true";"NAME_CONTAINS_SOFORT"
"469551";"4069943562446";"Chesterfield Set Einrichtung Möbel Sitzgarnitur Couch Sofa Couchen 3+1+1 Sofort";"4069943562446";"true";"NAME_CONTAINS_SOFORT"
"469554";"4069943562453";"Eleganter Designerstuhl aus Holz mit Armlehnen, bezogen mit luxuriösem Samt Sofort";"4069943562453";"true";"NAME_CONTAINS_SOFORT"
"469555";"4069943562460";"Eleganter klassischer Designer-Couchtisch – Luxuriöser Beistelltisch Sofort";"4069943562460";"true";"NAME_CONTAINS_SOFORT"
"469556";"4069943562477";"Schwarz Sofa 3-Sitzer Echtleder Modern Design Luxus Sofort";"4069943562477";"true";"NAME_CONTAINS_SOFORT"
"469559";"4069943562484";"Skulptur Grünes Apfel 25 cm für Geschäfte Figur Dekoration für den Garten Sofort";"4069943562484";"false";"NAME_CONTAINS_SOFORT"
"469560";"4069943562491";"Wunderschöner Couchtisch in rechteckiger Form für Ihr Wohnzimmer Sofort";"4069943562491";"true";"NAME_CONTAINS_SOFORT"
"469561";"4069943562507";"Modernes RTV Lowboard in Braun – TV-Ständer und Sideboard fürs Wohnzimmer Sofort";"4069943562507";"true";"NAME_CONTAINS_SOFORT"
"469562";"4069943562514";"Eleganter Wohnzimmer Tisch – Leder & Schwarzes Glas, Moderner Sofatisch Sofort";"4069943562514";"true";"NAME_CONTAINS_SOFORT"
"469563";"4069943562521";"Ledersofa mit weicher Polsterung Braunes, modernes Ecksofa in U-Form Sofort";"4069943562521";"true";"NAME_CONTAINS_SOFORT"
"469566";"4069943562538";"Sofa aus Kunstleder Schlafsofa Designersofas mit Schlaffunktion Ecksofa Weiß/Beige Sofort";"4069943562538";"true";"NAME_CONTAINS_SOFORT"
"469567";"4069943562545";"Einsitzer Sessel Couch Polster Möbel Club Grau Designer Sessel Sofort";"4069943562545";"true";"NAME_CONTAINS_SOFORT"
"469568";"4069943565553";"Ecksofa aus Kunstleder in Weiß/Beige – Designersofa mit praktischer Schlaffunktion Sofort";"4069943565553";"true";"NAME_CONTAINS_SOFORT"
"469569";"4069943565560";"Weißes modernes RTV Lowboard – Stilvolles Sideboard und TV-Möbel für Ihr Wohnzimmer Sofort";"4069943565560";"true";"NAME_CONTAINS_SOFORT"
"469570";"4069943565577";"Platte Beistelltisch Wohnzimmertisch Sofatisch Hochglanz Metall Kunstlederbezug Sofort";"4069943565577";"true";"NAME_CONTAINS_SOFORT"
"469571";"4069943565584";"Sessel 1-Sitzer Sessel für das Wohnzimmer Einzelsessel aus grauem Kunstleder Sofort";"4069943565584";"true";"NAME_CONTAINS_SOFORT"
"469572";"4069943565591";"Dekorative Masken auf Ständern Deko Skulptur 37 cm Figuren Skulpturen Sofort";"4069943565591";"true";"NAME_CONTAINS_SOFORT"
"469573";"4069943565607";"3 Sitzer Beige Couch Polster Sofa Couchen Dreisitzer Echtleder Sofort";"4069943565607";"true";"NAME_CONTAINS_SOFORT"
"469574";"4069943565614";"Esszimmerstuhl Stuhl aus Naturholz Kunstleder Polsterung Bordeauxbraun Sofort";"4069943565614";"true";"NAME_CONTAINS_SOFORT"
"469575";"4069943565621";"Klassische Vitrine Braun/Gold Hochwertige Vitrinen Stilvolle Echtholz Sofort";"4069943565621";"true";"NAME_CONTAINS_SOFORT"
"469576";"4069943565638";"Kerzenständer Metall Dekoration Wohnzimmer Esszimmer Schlafzimmer Silberfarben Sofort";"4069943565638";"true";"NAME_CONTAINS_SOFORT"
"469577";"4069943565645";"Garten Gnom Garten Dekoration Figuren Figur 65 cm Zwerge Statuen Sofort";"4069943565645";"true";"NAME_CONTAINS_SOFORT"
"469578";"4069943565652";"Designer-Luxus-Polstermöbelset für das Wohnzimmer in Braun- und Goldfarben Sofort";"4069943565652";"true";"NAME_CONTAINS_SOFORT"
"469579";"4069943565669";"Elegante Schminkkommode aus Naturholz für das Wohnzimmer Sofort";"4069943565669";"true";"NAME_CONTAINS_SOFORT"
"469580";"4069943565676";"Lüster Deckenleuchter Kronleuchter Silber Deckenlampe Kristall Tischleuchte Sofort";"4069943565676";"true";"NAME_CONTAINS_SOFORT"
"469581";"4069943565683";"Moderner Stoffsessel in Grau – Clubsessel für Wohnzimmer Sofort";"4069943565683";"true";"NAME_CONTAINS_SOFORT"
"469582";"4069943565690";"Säulen Dekosäule Skulptur Dekoration Vintage Antik Sofort";"4069943565690";"true";"NAME_CONTAINS_SOFORT"
"469583";"4069943565706";"Runder Couchtisch in Weiß und Gold Designertische Metall italienische Beistelltische Sofort";"4069943565706";"true";"NAME_CONTAINS_SOFORT"
"469584";"JVM4069943573053";"XXL Tantra Sofa Kamasutra Relax Sex Chair Stuhl Liege Sessel Tantrasofa Sofort";"4069943573053";"false";"NAME_CONTAINS_SOFORT"
"469605";"4069943565713";"Designerfigur moderne Figuren Dekoration Garten Skulptur Löwe Sofort";"4069943565713";"true";"NAME_CONTAINS_SOFORT"
"469606";"4069943565720";"Nachttischlampe Design Leuchten Lampen Beleuchtung Tischlampe Leuchte Sofort";"4069943565720";"true";"NAME_CONTAINS_SOFORT"
"469607";"4069943565737";"Marmorskulptur einer römischen Säule mit Gipsdekor in Antikweiß Sofort";"4069943565737";"true";"NAME_CONTAINS_SOFORT"
"469609";"4069943565744";"Design Wohnzimmer Set Luxuriöses Sofa 3-Sitzer und 2-Sitzer Sofa Blau Textilien Sofort";"4069943565744";"true";"NAME_CONTAINS_SOFORT"
"469612";"4069943565751";"Designer-Set für das Wohnzimmer Luxuriöses Sofa 2x 2-Sitzer-Sofa Blaue Textilien Sofort";"4069943565751";"true";"NAME_CONTAINS_SOFORT"
"469613";"4069943565768";"Luxuriöses Bett 180x200 Multifunktionale Regale für das Schlafzimmer in Weiß und Grau Sofort";"4069943565768";"true";"NAME_CONTAINS_SOFORT"
"469614";"4069943565775";"Design Schwarz Sessel Couch Polster Luxus Halbleder Couchen Sofort";"4069943565775";"false";"NAME_CONTAINS_SOFORT"
"469615";"4069943565782";"Wasser Wand Water Wall Regal Bar Schrank Möbel LED Beleuchtet Sofort";"4069943565782";"true";"NAME_CONTAINS_SOFORT"
"469617";"JVM4062292101687";"Stehleuchte Skulptur Figur Leuchte Ägypten Statue Figuren Skulpturen Sofort";"4062292101687";"true";"EAN_DUPLICATE|NAME_CONTAINS_SOFORT"
"469618";"4069943565805";"Kleiner moderner Couchtisch – Beistelltisch fürs Wohnzimmer und Sofa Sofort";"4069943565805";"true";"NAME_CONTAINS_SOFORT"
"469619";"4069943565812";"Dekorative Kissen 3x Bettkissen Designerkissen Kissen Sofort";"4069943565812";"true";"NAME_CONTAINS_SOFORT"
"469620";"4069943565829";"Designer-Kommode, niedriger Schrank für das Wohnzimmer Sofort";"4069943565829";"true";"NAME_CONTAINS_SOFORT"
"469621";"4069943565836";"Dekorative Säule im griechischen Stil, schwarz lackiert Sofort";"4069943565836";"true";"NAME_CONTAINS_SOFORT"
"469622";"4069943565843";"Rund Design Matratze Luxus Matratzen für Bett Runde Betten Textil Sofort";"4069943565843";"true";"NAME_CONTAINS_SOFORT"
"469623";"4069943565850";"Premium Matratze – Komfort und Qualität für erholsamen Schlaf Sofort";"4069943565850";"true";"NAME_CONTAINS_SOFORT"
"469624";"4069943565867";"Sofa 3 Sitz Stoff Dreisitzer Sofas Luxus Wohnzimmer Barock Sofort";"4069943565867";"false";"NAME_CONTAINS_SOFORT"
"469625";"4069943565874";"Matratze – Gesund schlafen, erholt aufwachen Sofort";"4069943565874";"true";"NAME_CONTAINS_SOFORT"
"469626";"4069943565881";"Gesund schlafen, entspannt erwachen – Matratze in Braun Sofort";"4069943565881";"true";"NAME_CONTAINS_SOFORT"
"469627";"4069943565898";"Hochwertige Matratze Matratzen Model 140x200 cm Sofort";"4069943565898";"false";"NAME_CONTAINS_SOFORT"
"469628";"4069943565904";"Komfortmatratze 160x200 cm – langlebig & hochwertig Sofort";"4069943565904";"false";"NAME_CONTAINS_SOFORT"
"469629";"4069943565911";"Luxus Matratze Modell 220x200 cm für erholsamen Schlaf Sofort";"4069943565911";"true";"NAME_CONTAINS_SOFORT"
"469630";"JVM_4062292001024";"Moderne Couchgarnitur 290x290cm L Form Ecksofa Edle Sitz Couch Sofort";"4062292001024";"true";"EAN_DUPLICATE|NAME_CONTAINS_SOFORT"
"469631";"4069943565928";"Hochwertige Matratze die eine ideale Körperunterstützung bietet Sofort";"4069943565928";"true";"NAME_CONTAINS_SOFORT"
"469632";"4069943565935";"Langlebige Matratze mit perfekter Balance zwischen Komfort und Unterstützung Sofort";"4069943565935";"true";"NAME_CONTAINS_SOFORT"
"469633";"4069943565942";"Langlebige Matratze mit perfekter Komfort und Unterstützung Sofort";"4069943565942";"true";"NAME_CONTAINS_SOFORT"
"469634";"4069943565959";"Komfortable und widerstandsfähige Matratze mit ausgezeichneter Unterstützung Sofort";"4069943565959";"true";"NAME_CONTAINS_SOFORT"
"469635";"JVM_4062292001826";"Ledersofa Couch Wohnlandschaft Ecksofa Eck Garnitur Design Modern Sofort";"4062292001826";"true";"EAN_DUPLICATE|NAME_CONTAINS_SOFORT"
"469636";"4069943565966";"Komfortmatratze mit hoher Widerstandsfähigkeit und ausgezeichneter Stützfunktion Sofort";"4069943565966";"true";"NAME_CONTAINS_SOFORT"
"469637";"4069943565973";"Viskoelastischer Matratzenaufleger Matratzenaufleger mit Memory-Effekt Sofort";"4069943565973";"true";"NAME_CONTAINS_SOFORT"
"469648";"JVM_4062292000966";"Moderne Wohnlandschaft mit Chesterfield Knöpfen Ledersofa Sofa Couch Sofort";"4062292000966";"false";"EAN_DUPLICATE|NAME_CONTAINS_SOFORT"
"469649";"4069943565980";"Viskoelastische Matratzenauflage für optimalen Liegekomfort Sofort";"4069943565980";"true";"NAME_CONTAINS_SOFORT"
"469650";"4069943565997";"Visko-Matratzenauflage mit Druckentlastung und Memory-Effekt Sofort";"4069943565997";"true";"NAME_CONTAINS_SOFORT"
"469651";"JVM_4062292012723";"Ledersofa XXL U Form Wohnzimmer Couch Sofa Big Ledercouch Sofas Sofort";"4062292012723";"true";"EAN_DUPLICATE|NAME_CONTAINS_SOFORT"
"469752";"JVM_4062292104770";"Design Eck Couch Polster Sofa Leder Sitz Garnitur G8035D Moderne Sofas Sofort";"4062292104770";"true";"EAN_DUPLICATE|NAME_CONTAINS_SOFORT"
"469829";"4069943566000";"Elegantes 3-Sitzer Sofa – Luxus Couch mit komfortabler Polsterung Sofort";"4069943566000";"true";"NAME_CONTAINS_SOFORT"
"469830";"4069943566017";"Matratzenauflage mit Memory-Effekt, die Druck entlastet Sofort";"4069943566017";"true";"NAME_CONTAINS_SOFORT"
"469831";"4069943566024";"Komfortable Matratzenauflage – mit Druckentlastung und Memory-Effekt Sofort";"4069943566024";"true";"NAME_CONTAINS_SOFORT"
"469832";"JVM_4062292349355";"Ecksofa Blau Wohnlandschaft Couch Eckgarnitur Polster Italienische Möbel Design Sofort";"4062292349355";"true";"EAN_DUPLICATE|NAME_CONTAINS_SOFORT"
"469843";"4069943566031";"Sofa Schönes Design bequemer Sofa weiche Grau Sitze Sofort";"4069943566031";"true";"NAME_CONTAINS_SOFORT"
"469846";"JVM_4062292216756";"Sofagarnitur Ledersofa Couch Garnituren Design Modern Sofa 3+1+1 Sitzer Sofort";"4062292216756";"true";"EAN_DUPLICATE|NAME_CONTAINS_SOFORT"
"469849";"4069943566048";"Luxuriöse Sofagarnitur 3+1-Sitzer-Sofa mit weicher Polsterung Set, Stoff Sofort";"4069943566048";"true";"NAME_CONTAINS_SOFORT"
"469850";"4067282188990";"Bett Textil Schlafzimmer Möbel Luxus Moderne Grau Betten Sofort";"4067282188990";"true";"NAME_CONTAINS_SOFORT"
"469851";"JVM_4260439212061";"Chaiselongues Chesterfield Liege Chaise Leder Textil Stoff Sofa Relax Sofort";"4260439212061";"true";"EAN_DUPLICATE|NAME_CONTAINS_SOFORT"
"469852";"4069943877083";"Paravent Metall mit Textil Trennwand Raumteiler Sofort";"4069943877083";"true";"NAME_CONTAINS_SOFORT"
"469855";"4069943877090";"Matratze – Für einen gesunden Schlaf und einen kraftvollen Start in den Tag Sofort";"4069943877090";"true";"NAME_CONTAINS_SOFORT"
"469856";"4069943877106";"Matratze – Erholsam schlafen, voller Energie aufwachen Sofort";"4069943877106";"false";"NAME_CONTAINS_SOFORT"
"469857";"4062292049620";"4x Sessel 1 Sitzer Designer Lehn Stuhl Fernseh Polster Sofort";"4062292049620";"true";"NAME_CONTAINS_SOFORT"
"469858";"4069943877113";"Komfortabler Designer-Relaxstuhl, 1-Sitzer, ideal für TV und Entspannung Sofort";"4069943877113";"true";"NAME_CONTAINS_SOFORT"
"469859";"4069943877120";"Design Eck Couch Polster Sofa Leder Sitz Garnitur Moderne Design Sofort";"4069943877120";"true";"NAME_CONTAINS_SOFORT"
"469860";"JVM4260533180679";"Kinder- und Jugendbett: Doppelstockbett mit Schreibtisch & Kleiderschrank Sofort";"4260533180679";"false";"EAN_DUPLICATE|NAME_CONTAINS_SOFORT"
"469873";"JVM4260454040021";"Chesterfield Textil Samt Sofa Couch Polster 2 Sitz Klassische Couchen Sofort";"4260454040021";"false";"EAN_DUPLICATE|NAME_CONTAINS_SOFORT"
"469874";"JVM_1_4260174421414";"Sessel Chesterfield Weißer Sessel mit 100 % Lederbezug Sofort";"4260174421414";"true";"EAN_DUPLICATE|NAME_CONTAINS_SOFORT"
"469877";"JVM4062292204050";"Moderne Trennwand Wasserwände LED-Wasserwand Sofort";"4062292204050";"true";"EAN_DUPLICATE|NAME_CONTAINS_SOFORT"
"469878";"4069943878158";"Design Armchair Seater Couch Upholstery Luxury Classic Textile Sofas Sofort";"4069943878158";"true";"NAME_CONTAINS_SOFORT"
"469880";"4067282717381";"Schrank Aktenschrank Büro Kinder Schrank Holzschrank Kleiderschrank Sofort";"4067282717381";"true";"EAN_DUPLICATE|NAME_CONTAINS_SOFORT"
"469881";"4069943878165";"Schlafsofa Designer Sofas mit Bettfunktion Ecksofa Sofort";"4069943878165";"true";"NAME_CONTAINS_SOFORT"
"469882";"4069943878172";"Elegante Nachttische aus hochwertigem Holz Sofort";"4069943878172";"true";"EAN_DUPLICATE|NAME_CONTAINS_SOFORT"
"469883";"JVM4069943878172";"Nachttische aus Massivholz sind eine schöne Ergänzung für Ihr Schlafzimmer Sofort";"4069943878172";"true";"EAN_DUPLICATE|NAME_CONTAINS_SOFORT"
"469884";"4069943878189";"Sofa 2-Sitzer-Sofa aus blauem Kunstleder Sofort";"4069943878189";"true";"NAME_CONTAINS_SOFORT"
"469885";"4069943878196";"Sideboard Holz Weiß – Viel Stauraum für Wohnzimmer Sofort";"4069943878196";"true";"NAME_CONTAINS_SOFORT"
"469886";"4069943878202";"Design von Schreibtischen Tische Holz Luxuriöse Tische Sofort";"4069943878202";"true";"NAME_CONTAINS_SOFORT"
"469889";"4069943878233";"Praktischer Eckschrank aus Holz, der als Kleiderschrank genutzt werden kann Sofort";"4069943878233";"false";"NAME_CONTAINS_SOFORT"
"469890";"4069943878240";"Sideboard aus Holz in Weiß – Stilvolles Möbelstück mit viel Stauraum Sofort";"4069943878240";"true";"NAME_CONTAINS_SOFORT"
"469891";"4067282492196";"Schminktisch und Spiegel – eleganter Schminktisch für das Schlafzimmer Sofort";"4067282492196";"true";"NAME_CONTAINS_SOFORT"
"470040";"4260454044449";"Bett Betten Naturholz Massiv Kinder Jugend Holzbett Sofort";"4260454044449";"true";"NAME_CONTAINS_SOFORT"
"470041";"JVM4062292042621";"Stein für Steckdose Außen Steckdoesen Dekoration Deko Garten Terrasse Sofort";"4062292042621";"true";"EAN_DUPLICATE|NAME_CONTAINS_SOFORT"
"470071";"4067282186248";"Modernes Polsterbett mit Boxspring-System Eleganz trifft Schlafkomfort Sofort";"4067282186248";"true";"NAME_CONTAINS_SOFORT"
"470072";"JVM4062292158018";"Bodhisattva Guan Yin Figur – Spirituelle Deko im buddhistischen Design Sofort";"4062292158018";"true";"EAN_DUPLICATE|NAME_CONTAINS_SOFORT"
"470073";"JVM4067282746350";"Chesterfield Textil Zweisitzer Sofa Couch Modern Design Möbel Textil Sofort";"4067282746350";"true";"EAN_DUPLICATE|NAME_CONTAINS_SOFORT"
"470074";"JVM4062292020681";"Design Vitrine Regal Glas Säule Vitrinen Regale CD Schrank Lampe 6894 Sofort";"4062292020681";"false";"EAN_DUPLICATE|NAME_CONTAINS_SOFORT"
"470077";"JVM4062292259289";"Buche Brotkasten 40 cm Brotbox Rollokasten Brot Rollklappe Echtes Holz Schatulle Sofort";"4062292259289";"false";"EAN_DUPLICATE|NAME_CONTAINS_SOFORT"
"470078";"4069943899795";"Wohnzimmer Sofa 3 Sitzer Schwarz-Grün Leder Sofas Design Sofort";"4069943899795";"true";"NAME_CONTAINS_SOFORT"
"470079";"4069943899801";"Elegantes Wohnzimmer-Sofa in Grün-Schwarz 3-Sitzer Leder Sofort";"4069943899801";"true";"NAME_CONTAINS_SOFORT"
"470080";"4069943899818";"Luxus mit Bettkasten 180 x 200 cm Modernes Schlafzimmer Bett Sofort";"4069943899818";"true";"NAME_CONTAINS_SOFORT"
"470081";"4069943899825";"Exklusives Holzbett von hoher Qualität, stilvolles Design Sofort";"4069943899825";"false";"NAME_CONTAINS_SOFORT"
"470082";"4069943899832";"Stilvolles und langlebiges Holzbett aus bestem Holz gefertigt Sofort";"4069943899832";"true";"NAME_CONTAINS_SOFORT"
"470083";"4069943899948";"Schrank aus Holz Aktenschrank Büroschrank Kleiderschrank für Kinder und Büro Sofort";"4069943899948";"true";"NAME_CONTAINS_SOFORT"
"470085";"JVM4067282429680";"Klassische Chesterfield Barock Couch Wohnzimmer Möbel Komplett Set 5tlg Sofort";"4067282429680";"false";"EAN_DUPLICATE|NAME_CONTAINS_SOFORT"
"470090";"JVM_4067282429680";"Klassische Chesterfield Barock Couch Wohnzimmer Möbel Komplett Set 4tlg Sofort";"4067282429680";"false";"EAN_DUPLICATE|NAME_CONTAINS_SOFORT"
"470091";"JVM_4067282429680_";"Klassische Chesterfield Barock Couch Wohnzimmer Möbel Komplett Set 3+1 Sitzer Sofort";"4067282429680";"false";"EAN_DUPLICATE|NAME_CONTAINS_SOFORT"
"470092";"JVM4067282429680_";"Klassischer Barock Couchtisch – Luxus Wohnzimmer Tisch Sofort";"4067282429680";"false";"EAN_DUPLICATE|NAME_CONTAINS_SOFORT"
"470093";"JVM4062292747632";"Sofagarnitur 3+3+1+1 Sitzer Sofa mit Couchtisch Wohnzimmer Set Chesterfield Sessel Textil Sofort";"4062292747632";"false";"EAN_DUPLICATE|NAME_CONTAINS_SOFORT"
"470096";"JVM4062292722868";"Eleganter Couchtisch im Barock-Stil Design Beistelltisch für Wohnzimmer Sofort";"4062292722868";"false";"EAN_DUPLICATE|NAME_CONTAINS_SOFORT"
"470097";"4062292712500";"Chefsessel Sessel Kunstleder Polster Möbel Büro Sessel Sofort";"4062292712500";"true";"NAME_CONTAINS_SOFORT"
"470098";"4062292715211";"Bürotisch Arbeitstisch Schreibtisch Eckschreibtisch Computertisch Sofort";"4062292715211";"false";"NAME_CONTAINS_SOFORT"
"470099";"JVM_4062292747632";"Sofagarnitur 3+1 Sitzer Sofa Wohnzimmer Set Chesterfield Sessel Textil Sofort";"4062292747632";"false";"EAN_DUPLICATE|NAME_CONTAINS_SOFORT"
"470102";"JVM_4062292747632_";"Sofagarnitur 3+3+1+1 Sitzer Wohnzimmer Set Chesterfield Sessel Textil Sofort";"4062292747632";"false";"EAN_DUPLICATE|NAME_CONTAINS_SOFORT"
"470105";"JVM4062292747632_";"Klassischer Couchtisch Weiß mit Gold Farbe – Luxus Wohnzimmertisch Holz";"4062292747632";"true";"EAN_DUPLICATE"
"470108";"JVM_1_4067282534797";"4x Esszimmerstühle aus Öko-Leder Komfort und Stil für jedes Zuhause Sofort";"4067282534797";"true";"EAN_DUPLICATE|NAME_CONTAINS_SOFORT"
"470109";"JVM_1_4062292364693";"Essgruppe mit 6 Stühlen – Modernes Esszimmer-Set. Sofort";"4062292364693";"true";"EAN_DUPLICATE|NAME_CONTAINS_SOFORT"
"470110";"4069943543742";"Moderner Luxus-Couchtisch aus Glas – stilvolle und elegante Wohnzimmermöbel Sofort";"4069943543742";"false";"NAME_CONTAINS_SOFORT"
"470111";"4069943543759";"Moderne Holz Beistelltische – Stilvolle Designer Tische Wohnzimmer Sofort";"4069943543759";"false";"NAME_CONTAINS_SOFORT"
"470112";"4069943543766";"Klassischer Barock-Beistelltisch aus Holz – Rustikaler Couchtisch fürs Wohnzimmer Sofort";"4069943543766";"true";"NAME_CONTAINS_SOFORT"
"470114";"4069943543773";"Moderner Esstisch in Braun – elegantes Design für ein stilvolles Esszimmer Sofort";"4069943543773";"true";"NAME_CONTAINS_SOFORT"
"470117";"JVM4260454042780";"Wohnwand Anbauwand Schrankwand Hochglanz Led Beleuchtung Design Sofort";"4260454042780";"true";"EAN_DUPLICATE|NAME_CONTAINS_SOFORT"
"470118";"4069943543780";"Design-Esstisch in Braun – elegante Ergänzung für Ihr Esszimmer Sofort";"4069943543780";"true";"NAME_CONTAINS_SOFORT"
"470119";"4069943543797";"Stilvoller Esstisch in Braun – zeitloses Möbelstück für Ihr Zuhause Sofort";"4069943543797";"true";"NAME_CONTAINS_SOFORT"
"470120";"4069943543803";"Weißer Polsterhocker – Textil, Neu, Bequem, Ideal für Sofa & Wohnzimmer Sofort";"4069943543803";"true";"NAME_CONTAINS_SOFORT"
"470121";"JVM4062292546426";"Design Nacht Konsole Tisch Kommode Tische Konsolen Schrank Sofort";"4062292546426";"true";"EAN_DUPLICATE|NAME_CONTAINS_SOFORT"
"470122";"4069943543810";"Großer ausziehbarer Esstisch aus Holz – ideal für Konferenz- und Essräume Sofort";"4069943543810";"false";"NAME_CONTAINS_SOFORT"
"470123";"JVM4067282560666";"Moderne Schlafzimmer Set Design Einrichtung Möbel Bett mit 2x Nachttische Sofort";"4067282560666";"false";"EAN_DUPLICATE|NAME_CONTAINS_SOFORT"
"470126";"JVM4067282714335";"Modern Abstrakt Gemälde Ölbild Bild Leinwand 50 x 70 cm Sofort";"4067282714335";"true";"NAME_CONTAINS_SOFORT"
"470127";"JVM4062292258824";"Kleiderständer Buche Holz Wäscheständer Kleiderstang Garderobenständer Ständer Sofort";"4062292258824";"true";"EAN_DUPLICATE|NAME_CONTAINS_SOFORT"
"470128";"4069943543834";"Modern Art Leinwandbild – handgemaltes abstraktes Ölgemälde Sofort";"4069943543834";"false";"NAME_CONTAINS_SOFORT"
"470129";"4069943543827";"Abstraktes modernes Gemälde handgemaltes Ölbild auf Leinwand Sofort";"4069943543827";"false";"NAME_CONTAINS_SOFORT"
"470130";"4069943543841";"Einzigartiges handgemaltes Ölgemälde – moderne abstrakte Kunst auf Leinwand Sofort";"4069943543841";"false";"NAME_CONTAINS_SOFORT"
"470131";"4069943543858";"Handgemaltes Ölgemälde – moderne abstrakte Leinwandkunst Sofort";"4069943543858";"false";"NAME_CONTAINS_SOFORT"
"470132";"4069943543865";"Original Ölgemälde – abstrakte moderne Kunst auf Leinwand Sofort";"4069943543865";"false";"NAME_CONTAINS_SOFORT"
"470133";"JVM4260439212375";"Moderner Weißer Nachttisch aus Textil – Elegantes Design Sofort";"4260439212375";"false";"EAN_DUPLICATE|NAME_CONTAINS_SOFORT"
"470134";"4069943543872";"Handgemaltes Original auf Leinwand – zeitgenössische abstrakte Ölkunst Sofort";"4069943543872";"false";"NAME_CONTAINS_SOFORT"
"470135";"4069943543889";"Original Ölbild – moderne abstrakte Kunst auf hochwertiger Leinwand Sofort";"4069943543889";"false";"NAME_CONTAINS_SOFORT"
"470136";"4067282846951";"Abstraktes Originalkunstwerk – mit Ölfarben auf feinster Leinwand gemalt Sofort";"4067282846951";"true";"NAME_CONTAINS_SOFORT"
"470137";"4069943543896";"Original abstraktes Gemälde – mit hochwertigen Ölfarben auf edler Leinwand geschaffen Sofort";"4069943543896";"true";"NAME_CONTAINS_SOFORT"
"470138";"4069943543902";"Ein einzigartiges abstraktes Kunstwerk, mit feinsten Ölfarben auf Leinwand meisterhaft gemalt Sofort";"4069943543902";"false";"NAME_CONTAINS_SOFORT"
"470139";"4069943543919";"Abstraktes Ölgemälde auf Leinwand – handgemaltes Originalkunstwerk Sofort";"4069943543919";"false";"NAME_CONTAINS_SOFORT"
"470140";"JVM4062292575471";"Ecksofa U-form Polster Modern Relax Sitz Luxus Möbel Wohnlandschaft Sofa Couch Sofort";"4062292575471";"true";"EAN_DUPLICATE|NAME_CONTAINS_SOFORT"
"470143";"JVM4062292258640";"Hocker Holzhocker Schemel Holzschemel Massive Kiefer Handarbeit Sitzbank Sofort";"4062292258640";"false";"EAN_DUPLICATE|NAME_CONTAINS_SOFORT"
"470144";"4069943543926";"Handgemaltes abstraktes Ölgemälde auf Leinwand ein einzigartiges Sofort";"4069943543926";"false";"NAME_CONTAINS_SOFORT"
"470145";"4062292728426";"Abstraktes Ölgemälde auf Leinwand – Unikat in Handarbeit gefertigt Sofort";"4062292728426";"false";"NAME_CONTAINS_SOFORT"
"470146";"4069943543933";"Zeitgenössisches abstraktes Ölgemälde auf Leinwand – handgefertigtes Unikat Sofort";"4069943543933";"true";"NAME_CONTAINS_SOFORT"
"470147";"4067282069848";"Originalgemälde auf Leinwand – moderne abstrakte Ölmalerei in zeitgenössischem Stil Sofort";"4067282069848";"false";"NAME_CONTAINS_SOFORT"
"470148";"4069943543940";"Original abstraktes Kunstwerk – mit hochwertigen Ölfarben auf edler Leinwand gefertigt Sofort";"4069943543940";"false";"NAME_CONTAINS_SOFORT"
"470149";"4069943543957";"Modernes abstraktes Ölgemälde auf Leinwand – handgemaltes Unikat Sofort";"4069943543957";"true";"NAME_CONTAINS_SOFORT"
"470150";"4069943543964";"Abstraktes Ölgemälde in zeitgenössischem Stil, handgefertigt auf Leinwand Sofort";"4069943543964";"false";"NAME_CONTAINS_SOFORT"
"470151";"4062292728419";"Handgemaltes abstraktes Ölgemälde im modernen, zeitgenössischen Stil auf Leinwand Sofort";"4062292728419";"false";"NAME_CONTAINS_SOFORT"
"470152";"4069943543971";"Ein einzigartiges, handgemaltes abstraktes Ölgemälde auf Leinwand – jedes Stück ein Unikat Sofort";"4069943543971";"false";"NAME_CONTAINS_SOFORT"
"470153";"4069943543988";"Einzigartiges handgemaltes abstraktes Ölgemälde auf Leinwand Sofort";"4069943543988";"true";"NAME_CONTAINS_SOFORT"
"470154";"4069424727449";"Ein handgemaltes abstraktes Ölgemälde auf Leinwand – jedes Werk ist ein echtes Unikat Sofort";"4069424727449";"true";"NAME_CONTAINS_SOFORT"
"470155";"4069943543995";"Handgemaltes abstraktes Ölgemälde – jedes Stück ist einzigartig Sofort";"4069943543995";"true";"NAME_CONTAINS_SOFORT"
"470156";"4069943544015";"Ein exklusives – abstraktes Gemälde, meisterhaft mit feinsten Ölfarben auf Leinwand gestaltet Sofort";"4069943544015";"false";"NAME_CONTAINS_SOFORT"
"470157";"4069943544022";"Ein einzigartiges abstraktes Gemälde, kunstvoll mit hochwertigen Ölfarben Sofort";"4069943544022";"true";"NAME_CONTAINS_SOFORT"
"470158";"4069943544039";"Ein faszinierendes abstraktes Kunstwerk, meisterhaft mit edlen Ölfarben gemalt Sofort";"4069943544039";"true";"NAME_CONTAINS_SOFORT"
"470160";"4069943544008";"Ein originales abstraktes Gemälde, gefertigt mit hochwertigen Ölfarben auf feiner Leinwand Sofort";"4069943544008";"true";"NAME_CONTAINS_SOFORT"
"470162";"4069943544046";"Ein faszinierendes Spiel aus Form und Farbe, in edler Ölmalerei kunstvoll zum Leben erweckt Sofort";"4069943544046";"false";"NAME_CONTAINS_SOFORT"
"470163";"4069943544053";"Ein beeindruckendes abstraktes Gemälde, kunstvoll mit hochwertigen Ölfarben geschaffen Sofort";"4069943544053";"true";"NAME_CONTAINS_SOFORT"
"470164";"4069943544060";"Form und Farbe verschmelzen in edler Ölmalerei zu einem faszinierenden Kunstwerk Sofort";"4069943544060";"true";"NAME_CONTAINS_SOFORT"
"470166";"4069943544077";"Ein faszinierendes abstraktes Gemälde, meisterhaft mit hochwertigen Ölfarben gestaltet Sofort";"4069943544077";"true";"NAME_CONTAINS_SOFORT"
"470167";"4069943544084";"Einzigartiges abstraktes Kunstwerk, das mit feinster Ölmalerei Tiefe und Emotion vermittelt Sofort";"4069943544084";"true";"NAME_CONTAINS_SOFORT"
"470168";"4069943544091";"Abstraktes Ölgemälde von außergewöhnlicher Ausdruckskraft und Qualität Sofort";"4069943544091";"true";"NAME_CONTAINS_SOFORT"
"470169";"4069943544107";"Abstraktes Ölgemälde in hochwertiger Ausführung mit starker visueller Wirkung Sofort";"4069943544107";"false";"NAME_CONTAINS_SOFORT"
"470170";"4069943544114";"Modernes abstraktes Ölgemälde mit intensiver Wirkung und hochwertiger Ausführung Sofort";"4069943544114";"true";"NAME_CONTAINS_SOFORT"
"470172";"4069943544138";"Abstraktes Ölgemälde, handgefertigtes Unikat auf Leinwand Sofort";"4069943544138";"true";"NAME_CONTAINS_SOFORT"
"470173";"4069943544145";"Abstrakte Ölmalerei auf Leinwand – handgefertigt und einmalig Sofort";"4069943544145";"true";"NAME_CONTAINS_SOFORT"
"470174";"4069943544152";"Modernes, handgemaltes abstraktes Ölgemälde auf hochwertiger Leinwand Sofort";"4069943544152";"true";"NAME_CONTAINS_SOFORT"
"470175";"4069943544169";"Hochwertiges abstraktes Ölgemälde mit intensiver Ausdruckskraft und moderner Ästhetik Sofort";"4069943544169";"true";"NAME_CONTAINS_SOFORT"
"470177";"4069943544176";"Abstraktes Ölgemälde in hochwertiger Ausführung – ein echter Blickfang für jedes Interieur Sofort";"4069943544176";"false";"NAME_CONTAINS_SOFORT"
"470178";"4069943544183";"Hochwertiges abstraktes Ölgemälde – ein ästhetischer Blickfang für Ihr Zuhause Sofort";"4069943544183";"true";"NAME_CONTAINS_SOFORT"
"470317";"4069943544190";"Abstraktes Ölgemälde in Premiumqualität – verleiht jedem Raum eine stilvolle Note Sofort";"4069943544190";"false";"NAME_CONTAINS_SOFORT"
"470318";"4069943544206";"Handgemaltes abstraktes Ölgemälde auf hochwertiger Leinwand im modernen Stil Sofort";"4069943544206";"true";"NAME_CONTAINS_SOFORT"
"470319";"JVM4067282711211";"Modernes Luxus Ecksofa L-Form aus Textil in Beige - Stilvoll Wohnen Möbel";"4067282711211";"true";"EAN_DUPLICATE"
"470566";"4069943375039";"Babywanne Babywhirlpool Babywaschwanne Babyspa-Wanne Kinderbadewanne 110x85 cm";"4069943375039";"true";"EAN_DUPLICATE"
"471879";"4069943386158";"Kunstvoller TV-Schrank mit Kamineffekt LED-Beleuchtung dekorativen Stoffseiten";"4069943386158";"true";"EAN_DUPLICATE"
"472837";"4069943367867";"Modernes weißes Wohnzimmer Set mit 4-Sitzer-Sofa und Couchtisch";"4069943367867";"true";"EAN_DUPLICATE"
"472838";"4069943367904";"Moderner weißer Textil-Sessel aus Holz für Wohnzimmer";"4069943367867";"true";"EAN_DUPLICATE"
"472839";"4069943367850";"Modernes weißes Wohnzimmer Set aus Holz und Textil";"4069943367867";"true";"EAN_DUPLICATE"
"474516";"4069943387582";"Couchtisch Moderne Schlichtheit und Gemütlichkeit";"4069943387582";"true";"EAN_DUPLICATE"
"474583";"JVM4067282644366";"Nachttisch mit 3 Schubladen – Beistelltisch für das Schlafzimmer Sofort";"4067282644366";"true";"EAN_DUPLICATE|NAME_CONTAINS_SOFORT"
"474590";"JVM4062292776960";"XXL Designer Ledercouch Ecksofa moderne Polsterlandschaft fürs Wohnzimmer Sofort";"4062292776960";"true";"EAN_DUPLICATE|NAME_CONTAINS_SOFORT"
"474667";"JVM4067282519213";"Designer-Schminktisch in elegantem Weiß mit praktischem Stauraum Sofort";"4067282519213";"true";"EAN_DUPLICATE|NAME_CONTAINS_SOFORT"
"474671";"4067282069701";"Abstraktes Ölgemälde in Handarbeit auf hochwertiger Leinwand, im modernen Stil gefertigt Stil Sofort";"4067282069701";"true";"NAME_CONTAINS_SOFORT"
"474672";"4067282847804";"Modernes handgemaltes Ölgemälde auf hochwertiger Leinwand Sofort";"4067282847804";"true";"NAME_CONTAINS_SOFORT"
"474673";"4069943901108";"Zeitgenössisches Ölgemälde in Handarbeit auf Premium-Leinwand Sofort";"4069943901108";"false";"NAME_CONTAINS_SOFORT"
"474674";"4067282846944";"Zeitgenössische Ölmalerei, handgefertigt auf Premium-Leinwand Sofort";"4067282846944";"true";"NAME_CONTAINS_SOFORT"
"474675";"4069943901122";"Moderne Ölgemälde, sorgfältig von Hand auf hochwertiger Leinwand gefertigt Sofort";"4069943901122";"true";"NAME_CONTAINS_SOFORT"
"474676";"4062292728198";"Ein einzigartiges zeitgenössisches Ölgemälde, mit Liebe zum Detail Sofort";"4062292728198";"false";"NAME_CONTAINS_SOFORT"
"474677";"4067282917316";"Zeitgenössische Ölgemälde, in präziser Handarbeit auf erstklassiger Leinwand geschaffen Sofort";"4067282917316";"false";"NAME_CONTAINS_SOFORT"
"474678";"4069943901146";"Jedes moderne Ölgemälde wird mit großer Sorgfalt in Handarbeit auf hochwertiger Sofort";"4069943901146";"false";"NAME_CONTAINS_SOFORT"
"474679";"4069424906615";"Einzigartige moderne Ölgemälde, handgemalt auf feiner Leinwand Sofort";"4069424906615";"true";"NAME_CONTAINS_SOFORT"
"474680";"4069943901160";"Ölgemälde, sorgfältig in meisterlicher Handarbeit auf hochwertiger Leinwand gefertigt Sofort";"4069943901160";"true";"NAME_CONTAINS_SOFORT"
"474683";"4069943901184";"Moderne Ölkunstwerke, präzise von Hand auf Leinwand höchster Qualität ausgeführt Sofort";"4069943901184";"false";"NAME_CONTAINS_SOFORT"
"474684";"4067282628304";"Hochwertige Ölgemälde im zeitgenössischen Stil, detailgenau Sofort";"4067282628304";"false";"NAME_CONTAINS_SOFORT"
"474685";"4069943901207";"Exklusive Ölgemälde in modernem Stil mit präziser, fein ausgearbeiteter Detaildarstellung Sofort";"4069943901207";"false";"NAME_CONTAINS_SOFORT"
"474686";"4069943901221";"Fein gearbeitete Ölgemälde im zeitgenössischen Design Sofort";"4069943901221";"false";"NAME_CONTAINS_SOFORT"
"474687";"4062292728037";"Meisterhaft gefertigte Ölkunstwerke im modernen Stil – reich an präzisen Sofort";"4062292728037";"true";"NAME_CONTAINS_SOFORT"
"474688";"4069943901238";"Moderne Ölgemälde mit feinen, präzise ausgearbeiteten Details Sofort";"4069943901238";"true";"NAME_CONTAINS_SOFORT"
"474689";"4069943901252";"Exklusive Ölkunstwerke im modernen Stil mit klaren, detailreichen Akzenten Sofort";"4069943901252";"false";"NAME_CONTAINS_SOFORT"
"474690";"4069943901276";"Moderne hochwertige Ölgemälde mit sorgfältig ausgearbeiteten präzisen Details Sofort";"4069943901276";"false";"NAME_CONTAINS_SOFORT"
"474691";"4069943901306";"Moderne Ölgemälde mit präzisen klaren Details und exklusivem Charakter Sofort";"4069943901306";"true";"NAME_CONTAINS_SOFORT"
"474692";"4067282533844";"Exklusive Ölbilder im modernen Design geprägt von feinen und klaren Akzenten Sofort";"4067282533844";"true";"NAME_CONTAINS_SOFORT"
"474693";"4067282628717";"Moderne Ölkunst mit deutlichen, detailreichen Highlights und exklusivem Stil Sofort";"4067282628717";"true";"NAME_CONTAINS_SOFORT"
"474694";"4067282627871";"Moderne Ölgemälde mit klaren Linien und eleganten Akzenten Sofort";"4067282627871";"true";"NAME_CONTAINS_SOFORT"
"474695";"4069424923827";"Exklusive Ölgemälde in zeitgemäßem Stil mit feinen präzisen Details Sofort";"4069424923827";"true";"NAME_CONTAINS_SOFORT"
"474697";"4067282350007";"Moderne Ölkunst geprägt von minimalistischen und klaren Akzenten Sofort";"4067282350007";"false";"NAME_CONTAINS_SOFORT"
"474698";"4067282349339";"Zeitgenössische Ölgemälde mit minimalistischen klaren Linien Sofort";"4067282349339";"true";"NAME_CONTAINS_SOFORT"
"474699";"4067282712300";"Moderne Ölgemälde mit minimalistischen präzisen Linien Sofort";"4067282712300";"true";"NAME_CONTAINS_SOFORT"
"474700";"4067282349995";"Zeitgemäße Ölkunst mit klaren, reduzierten Linien Sofort";"4067282349995";"false";"NAME_CONTAINS_SOFORT"
"474701";"4062292727801";"Minimalistische Ölbilder mit sauberen, modernen Linien Sofort";"4062292727801";"true";"NAME_CONTAINS_SOFORT"
"474702";"4069943901320";"Schlichte Ölgemälde mit klaren, modernen Linien Sofort";"4069943901320";"true";"NAME_CONTAINS_SOFORT"
"474703";"4062292728167";"Minimalistische Ölkunst mit präzisen, zeitgemäßen Formen Sofort";"4062292728167";"true";"NAME_CONTAINS_SOFORT"
"474704";"4069943901344";"Reduzierte Ölbilder mit klar strukturierten, modernen Linien Sofort";"4069943901344";"true";"NAME_CONTAINS_SOFORT"
"474705";"4067282628458";"Moderne Ölgemälde mit reduzierten, klaren Linien Sofort";"4067282628458";"true";"NAME_CONTAINS_SOFORT"
"474706";"4067282628441";"Schlichte Ölbilder in moderner, klarer Linienführung Sofort";"4067282628441";"false";"NAME_CONTAINS_SOFORT"
"474707";"4069943901368";"Minimalistische Ölgemälde mit klaren, strukturierten Linien Sofort";"4069943901368";"false";"NAME_CONTAINS_SOFORT"
"474708";"4069943901382";"Schlichte Ölgemälde, die durch präzise und deutlich strukturierte Linien geprägt sind Sofort";"4069943901382";"false";"NAME_CONTAINS_SOFORT"
"474709";"4067282349353";"Reduzierte Ölkunstwerke mit sauber definierten, markanten Linienstrukturen Sofort";"4067282349353";"false";"NAME_CONTAINS_SOFORT"
"474710";"4069943901405";"Minimalistische Ölmalerei mit klar hervorgehobenen und geometrisch strukturierten Linien Sofort";"4069943901405";"true";"NAME_CONTAINS_SOFORT"
"474711";"4067282069664";"Minimalistische Ölgemälde mit deutlich betonten, geometrisch angeordneten Linien Sofort";"4067282069664";"false";"NAME_CONTAINS_SOFORT"
"474712";"4067282628311";"Ölmalerei im minimalistischen Stil mit klaren, geometrischen Linienstrukturen Sofort";"4067282628311";"false";"NAME_CONTAINS_SOFORT"
"474713";"4069943901429";"Schlichte Ölkunst mit präzisen und geometrisch aufgebauten Linien Sofort";"4069943901429";"true";"NAME_CONTAINS_SOFORT"
"474714";"4069943901443";"Minimalistische Ölgemälde mit klaren, geometrischen Linien Sofort";"4069943901443";"false";"NAME_CONTAINS_SOFORT"
"474715";"4062292604188";"Schlichte Ölkunst mit sauber strukturierten geometrischen Formen Sofort";"4062292604188";"false";"NAME_CONTAINS_SOFORT"
"474716";"4062292603662";"Reduzierte Ölmalerei mit präziser, geometrischer Linienführung Sofort";"4062292603662";"true";"NAME_CONTAINS_SOFORT"
"474717";"4067282628519";"Zeitgenössisches abstraktes Ölgemälde, handgemalt auf hochwertiger Leinwand Sofort";"4067282628519";"false";"NAME_CONTAINS_SOFORT"
"474718";"4062292572906";"Modernes abstraktes Ölbild, sorgfältig von Hand auf Leinwand gefertigt Sofort";"4062292572906";"false";"NAME_CONTAINS_SOFORT"
"474719";"4062292728006";"Handgemaltes Ölkunstwerk im modernen, abstrakten Stil auf Leinwand Sofort";"4062292728006";"false";"NAME_CONTAINS_SOFORT"
"474720";"4062292728129";"Modernes abstraktes Ölgemälde, handgemalt auf hochwertiger Leinwand Sofort";"4062292728129";"false";"NAME_CONTAINS_SOFORT"
"474721";"4069943901467";"Zeitgemäßes abstraktes Ölbild, sorgfältig von Hand auf Premium-Leinwand gefertigt Sofort";"4069943901467";"false";"NAME_CONTAINS_SOFORT"
"474722";"4067282715967";"Modernes handgemaltes Ölbild auf einer hochwertigen Canvas-Leinwand Sofort";"4067282715967";"true";"NAME_CONTAINS_SOFORT"
"474723";"4067282778399";"Zeitgenössisches Ölgemälde, handgemalt auf hochwertiger Canvas-Leinwand Sofort";"4067282778399";"false";"NAME_CONTAINS_SOFORT"
"474724";"4069943901481";"Modernes, handgefertigtes Ölbild auf Premium-Canvas Sofort";"4069943901481";"false";"NAME_CONTAINS_SOFORT"
"474725";"4067282069534";"Handgemaltes modernes Ölkunstwerk auf robuster Canvas-Leinwand Sofort";"4067282069534";"true";"NAME_CONTAINS_SOFORT"
"474726";"4067282389724";"Modernes Ölgemälde in Handarbeit auf strapazierfähiger Canvas-Leinwand Sofort";"4067282389724";"false";"NAME_CONTAINS_SOFORT"
"474727";"4069943901498";"Zeitgenössische Ölmalerei, handgemalt auf langlebiger Canvas-Leinwand Sofort";"4069943901498";"false";"NAME_CONTAINS_SOFORT"
"474728";"4069943901511";"Handgefertigtes modernes Ölbild auf stabiler Canvas-Leinwand Sofort";"4069943901511";"false";"NAME_CONTAINS_SOFORT"
"474736";"JVM4067282490512";"Ecksofa L form Ledersofa Großes Sofa Grau Couch Wohnzimmer Design Sofort";"4067282490512";"true";"EAN_DUPLICATE|NAME_CONTAINS_SOFORT"
"474739";"JVM4062292051357";"Elegante graue 3-Sitzer Couch Perfekt für Wohnzimmer und Büroräume Sofort";"4062292051357";"true";"EAN_DUPLICATE|NAME_CONTAINS_SOFORT"
"474746";"JVM4062292354977";"Büro Schreibtisch Sessel Schreibtische Tisch Holztisch Tische Holz Einrichtung Sofort";"4062292354977";"true";"EAN_DUPLICATE|NAME_CONTAINS_SOFORT"
"474749";"JVM4062292554520";"Beistelltisch Tische Designer Beistelltisch Couchtisch Tisch Couchtische Neu Sofort";"4062292554520";"true";"EAN_DUPLICATE|NAME_CONTAINS_SOFORT"
"474750";"4069943922332";"Modernes Doppelbett mit Lederpolster praktischen Ablageregalen Sofort";"4069943922332";"false";"NAME_CONTAINS_SOFORT"
"474751";"4069943922349";"Lederbett Doppel mit Regalen und eingebauter Massagefunktion Sofort";"4069943922349";"true";"NAME_CONTAINS_SOFORT"
"474752";"4069943922356";"Designer Polsterbett Doppelbett Leder Komfortbett Sofort";"4069943922356";"true";"NAME_CONTAINS_SOFORT"
"474753";"JVM_4062292558832";"Moderner Esstisch aus Metall, elegant und luxuriös für Ihr Esszimmer Sofort";"4062292558832";"false";"EAN_DUPLICATE|NAME_CONTAINS_SOFORT"
"474754";"4069943922363";"Barocker Holz-Wandspiegel für Flur und Bad Dekorativ hochwertig Sofort";"4069943922363";"true";"NAME_CONTAINS_SOFORT"
"474755";"4069943922370";"Holz-Esstisch mit Ausziehfunktion ideal für Meetingräume und Familienessen Sofort";"4069943922370";"false";"NAME_CONTAINS_SOFORT"
"474756";"JVM4062292704543";"Bett Polster Design Luxus Doppel Hotel Betten Schlaf Zimmer Leder 180x200cm Sofort";"4062292704543";"false";"EAN_DUPLICATE|NAME_CONTAINS_SOFORT"
"474757";"4069943922387";"Zeitgemäßes Polsterbett mit Boxspring-System Design und Komfort vereint Sofort";"4069943922387";"true";"NAME_CONTAINS_SOFORT"
"474758";"4069943922394";"6x bequeme Esszimmerstühle – stilvolles Design und optimaler Sitzkomfort Sofort";"4069943922394";"true";"NAME_CONTAINS_SOFORT"
"474759";"JVM4062292562877";"Design Luxus Konsolen Tisch Konsole Sideboard Kommode Sideboards Hotel Sofort";"4062292562877";"true";"EAN_DUPLICATE|NAME_CONTAINS_SOFORT"
"474762";"4069943922400";"Designer Esszimmer Set Garnitur Stuhl 4 Stühle Gruppe Sofort";"4069943922400";"true";"NAME_CONTAINS_SOFORT"
"474763";"4069943922417";"Aufbewahrungsschrank für Akten und Unterlagen Sofort";"4069943922417";"false";"NAME_CONTAINS_SOFORT"
"474764";"4069943922424";"Exklusiver handgefertigter Esstisch mit hochwertiger Epoxidharz-Verarbeitung Sofort";"4069943922424";"false";"NAME_CONTAINS_SOFORT"
"474765";"4069943922431";"Weißes Sideboard aus Holz elegantes Möbelstück mit großzügigem Stauraum Sofort";"4069943922431";"true";"NAME_CONTAINS_SOFORT"
"474766";"4069943922448";"Design-Holzbett mit Premium-Qualität und markanter Optik Sofort";"4069943922448";"true";"NAME_CONTAINS_SOFORT"
"474767";"4069943922455";"TV-Sideboard in Grau-Gold – Modernes Holz-Lowboard für das Wohnzimmer Sofort";"4069943922455";"true";"NAME_CONTAINS_SOFORT"
"474768";"JVM4067282605473";"Luxus Esstisch Runder Tisch Esszimmer Marmorimitation Tische Rund 130 cm Sofort";"4067282605473";"false";"EAN_DUPLICATE|NAME_CONTAINS_SOFORT"
"474771";"4069943922462";"Edles Massivholzbett in stilvollem und zeitlosem Design Sofort";"4069943922462";"true";"NAME_CONTAINS_SOFORT"
"474772";"4069943922479";"Massives Holzbett in stilvollem Design gefertigt aus Materialien höchster Qualität Sofort";"4069943922479";"true";"NAME_CONTAINS_SOFORT"
"474773";"4069943922486";"Hochwertiges Massivholzbett mit eleganter, moderner Gestaltung Sofort";"4069943922486";"true";"NAME_CONTAINS_SOFORT"
"474774";"4069943922493";"Exklusiver Designer-Holztisch aus hochwertigem Holz ideal für ein stilvolles Wohnzimmer Sofort";"4069943922493";"true";"NAME_CONTAINS_SOFORT"
"474775";"4069943922509";"Hotelbett Luxus-Design Polsterbett mit stabilem Bettgestell Sofort";"4069943922509";"true";"NAME_CONTAINS_SOFORT"
"474776";"4069943922516";"Esstisch aus Holz Grundgröße ausziehbar auf Ideal als großer Familientisch Sofort";"4069943922516";"true";"NAME_CONTAINS_SOFORT"
"474777";"4069943922523";"Kleine Kommode als Nachttisch mit Schublade Sofort";"4069943922523";"true";"NAME_CONTAINS_SOFORT"
"474778";"4069943922530";"Wohnlandschaft Modern Komfortables Stoffsofa und elegante Polstergarnitur Sofort";"4069943922530";"true";"NAME_CONTAINS_SOFORT"
"474779";"4069943922547";"Fußhocker aus Leder im Stil gepolstert bequem und als Sitzwürfel Sofort";"4069943922547";"true";"NAME_CONTAINS_SOFORT"
"474780";"4069943922554";"Design-Esstisch „Nero Arora“ moderne Ausstattung für Ihr Esszimmer Sofort";"4069943922554";"true";"NAME_CONTAINS_SOFORT"
"474787";"JVM4067282308534";"Luxus Kleiderschrank mit Spiegel – Schlafzimmer Möbel Sofort";"4067282308534";"true";"NAME_CONTAINS_SOFORT"
"474788";"4069943923988";"Elegante Standleuchte im Figuren-Design dekorative Lampe für Wohnräume Sofort";"4069943923988";"true";"NAME_CONTAINS_SOFORT"
"474789";"JVM4062292006524";"Exklusive XXL-Designvase handgefertigter Blumentopf für stilvolle Dekoration Sofort";"4062292006524";"true";"EAN_DUPLICATE|NAME_CONTAINS_SOFORT"
"474792";"JVM4062292161926";"Medusa Säule Dekofigur/Skulptur als eleganter Standfuß Sofort";"4062292161926";"true";"EAN_DUPLICATE|NAME_CONTAINS_SOFORT"
"474795";"4069943924107";"Dekofiguren Statuen und Skulpturen für Ihr Zuhause Sofort";"4069943924107";"true";"NAME_CONTAINS_SOFORT"
"474796";"4069943924138";"5er-Set Esszimmerstühle stilvolle Essgarnitur für Küche oder Wohnbereich Sofort";"4069943924138";"false";"NAME_CONTAINS_SOFORT"
"474797";"4067282664210";"Klassischer Fernseher Ständer Sideboard Kommode Wohnzimmer Schränke rtv tv";"4067282664210";"true";"EAN_DUPLICATE"
"474946";"JVM4067282218079";"Moderner Luxus-Kleiderschrank aus Holz mit Hochglanz-Glasfront Sofort";"4067282218079";"true";"EAN_DUPLICATE|NAME_CONTAINS_SOFORT"
"474965";"JVM4062292005176";"Marmorsäule mit Medusa-Figur im römischen Stil – Deko-Skulptur Sofort";"4062292005176";"false";"EAN_DUPLICATE|NAME_CONTAINS_SOFORT"
"474973";"4067282276468";"Konferenztisch – auch als Esstisch oder Arbeitstisch nutzbar Sofort";"4067282276468";"true";"NAME_CONTAINS_SOFORT"
"474974";"JVM4067282218017";"Schminktisch Kommode mit Spiegel Konsole Kommoden Schlafzimmer 2tlg. Sofort";"4067282218017";"true";"NAME_CONTAINS_SOFORT"
"474978";"JVM4067282667914";"Moderner Weißer Sessel Textil – Elegantes Designer Möbel für Wohnzimmer Sofort";"4067282667914";"true";"NAME_CONTAINS_SOFORT"
"474982";"4069943029055";"XPS Platte Trockenbau Fußbodenheizung 0,72m² 500kPa 30/25/20 mm";"4069943029055";"true";"EAN_DUPLICATE"
"474986";"JVM4067282595194";"Hochwertiger Kleiderschrank Exklusive Schlafzimmer Möbel LED-Schränke Sofort";"4067282595194";"false";"EAN_DUPLICATE|NAME_CONTAINS_SOFORT"
"474989";"JVM4067282184084";"Luxus Lüster Deckenlampe Kronleuchter Deckenleuchter Crystal Gold Sofort";"4067282184084";"true";"EAN_DUPLICATE|NAME_CONTAINS_SOFORT"
"474990";"JVM4062292014291";"XXL Multifunktions Ledercouch Couch Big Sofa Polster Dekor Ecksofa Moderne Sofort";"4062292014291";"true";"EAN_DUPLICATE|NAME_CONTAINS_SOFORT"
"474991";"JVM4260533189306";"Chesterfield Sofa Couch Polster 1 Sitzer Sessel Sofas Design Polster Leder Sofort";"4260533189306";"true";"EAN_DUPLICATE|NAME_CONTAINS_SOFORT"
"474992";"JVM4062292583216";"Design Bett XXL Big Leder Hotel Polster 180x200 Multifunktion Regal Betten Sofort";"4062292583216";"false";"EAN_DUPLICATE|NAME_CONTAINS_SOFORT"
"475040";"JVM4067282670617";"Beiges Doppelbett Designer Holz Betten Bettgestelle Schlafzimmer Möbel Bett Sofort";"4067282670617";"true";"EAN_DUPLICATE|NAME_CONTAINS_SOFORT"
"475043";"JVM4067282476134";"Großes Ledersofa in U-Form, Ecksofa für stilvolles Wohnen Sofort";"4067282476134";"true";"EAN_DUPLICATE|NAME_CONTAINS_SOFORT"
"475054";"4067282593879";"Gemütliches Stoffsofa für 4 Personen zeitloses Design mit weicher Polsterung Sofort";"4067282593879";"false";"NAME_CONTAINS_SOFORT"
"475055";"JVM4062292717673";"Elegantes Bett aus Lederpolster mit Beleuchtung ideal für Schlafzimmer Sofort";"4062292717673";"true";"EAN_DUPLICATE|NAME_CONTAINS_SOFORT"
"475056";"JVM4062292355745";"Robuster Computertisch aus Holz praktisch für Arbeiten und Studium Sofort";"4062292355745";"true";"EAN_DUPLICATE|NAME_CONTAINS_SOFORT"
"475059";"JVM4062292717581";"Exklusives Hotelbett im Chesterfield-Design aus Leder für stilvolles Schlafzimmer Sofort";"4062292717581";"true";"EAN_DUPLICATE|NAME_CONTAINS_SOFORT"
"475060";"JVM4062292013348";"Moderner Glastisch als Beistell- und Couchtisch im eleganten Design Sofort";"4062292013348";"true";"EAN_DUPLICATE|NAME_CONTAINS_SOFORT"
"475140";"JVM_4067282523081";"Schlafzimmer Möbel Moderner Eckschrank Luxuriöser Holz Kleiderschrank Sofort";"4067282523081";"true";"EAN_DUPLICATE|NAME_CONTAINS_SOFORT"
"475143";"JVM4067282523081";"Schlafzimmer Moderner Eckschrank Luxuriöser Holz Kleiderschrank Sofort";"4067282523081";"true";"EAN_DUPLICATE|NAME_CONTAINS_SOFORT"
"475151";"4069943029055_1";"MUSTER DIN A4 Fußbodenheizung – kein Estrich – 30mm – 16er 500kPa Trockenbau";"4069943029055";"true";"EAN_DUPLICATE"
"475173";"JVM_4062292207150";"Spielplatz Geräte Kinderkarussell Drehplatte Karussell Ringelreiten Sofort";"4062292207150";"true";"EAN_DUPLICATE|NAME_CONTAINS_SOFORT"
"475174";"4069943980691";"Test";"";"true";"EAN_BLANK"
"475181";"JVM4062292076114";"Chesterfield 3er Sitzer Couch Sitz Sofa Couchen Design Italien Polster Sofort";"4062292076114";"true";"EAN_DUPLICATE|NAME_CONTAINS_SOFORT"
"475184";"JVM4062292103223";"Chesterfield Stuhl Set 6er Esszimmer Garnitur mit Stoffpolster Sofort";"4062292103223";"true";"EAN_DUPLICATE|NAME_CONTAINS_SOFORT"
"475223";"JVM4067282655676";"Moderner Esszimmertisch im Designer-Stil für Ihr Zuhause Sofort";"4067282655676";"true";"EAN_DUPLICATE|NAME_CONTAINS_SOFORT"
"475232";"JVM4067282184473";"Goldener Zierkronleuchter Deckenleuchter Lichtkristallleuchte Luxus Lampe Sofort";"4067282184473";"true";"EAN_DUPLICATE|NAME_CONTAINS_SOFORT"
"475239";"JV4069943029055";"B1 nicht brennbar Trockenbau Fußbodenheizung 0,72 m² – kein Estrich – 30/20 mm";"4069943029055";"true";"EAN_DUPLICATE"
"475248";"JVM4062292774669";"tische epoxid harz esstisch holz massive möbel wasserfall epoxy tisch giessharz Sofort";"4062292774669";"true";"EAN_DUPLICATE|NAME_CONTAINS_SOFORT"
"475249";"JVM4062292279928";"Design Retro Lounge Sessel Sitzer Egg Ball Silber Drehbar Aviator Space Sofort";"4062292279928";"false";"EAN_DUPLICATE|NAME_CONTAINS_SOFORT"
"475308";"JVM4067282186279";"Eleganter Edelstahl-Esstisch in modernem Design mit großzügiger Tischfläche Sofort";"4067282186279";"true";"NAME_CONTAINS_SOFORT"
"475309";"JVM4067282644809";"Design Schlafzimmer Garnituren Bett Modern Luxus Hotel Betten Möbel Sofort";"4067282644809";"true";"EAN_DUPLICATE|NAME_CONTAINS_SOFORT"
"475316";"JVM4062292724565";"Set 4x Stuhl Echtes Holz Polster Sitz Esszimmer Garnitur Esszimmer Stühle Sofort";"4062292724565";"false";"EAN_DUPLICATE|NAME_CONTAINS_SOFORT"
"475343";"JVM4062292013812";"Ledersofa Couch Wohnlandschaft 3+2 Sitzer Design Sofa Klassische Garnitur Sofort";"4062292013812";"true";"EAN_DUPLICATE|NAME_CONTAINS_SOFORT"
"475442";"JVM4067282607903";"Stuhl Beige Bürostuhl Schreibtisch Drehstuhl Sessel Stühle Chefsessel Büro Sofort";"4067282607903";"true";"EAN_DUPLICATE|NAME_CONTAINS_SOFORT"
"475445";"JVM4067282680562";"Design Bett Polster Betten Hotel Massage Funktion Multifunktion Regal Sofort";"4067282680562";"false";"EAN_DUPLICATE|NAME_CONTAINS_SOFORT"
"475582";"JVM4067282264694";"Sofa U-Form Braun Polsterstoff Zum Relaxen im Wohnzimmer Weichen Kissen Sofort";"4067282264694";"true";"EAN_DUPLICATE|NAME_CONTAINS_SOFORT"
"475591";"JVM4062292371400";"Set 2x Couchtisch Kaffeetisch Beistelltisch Designer Wohnzimmertisch Tische Neu 1 Sofort";"4062292371400";"true";"EAN_DUPLICATE|NAME_CONTAINS_SOFORT"
"475592";"JVM4062292558719";"Bett Massage Liege Multifunktion Betten Polster USB Regal Leder Polster Sofort";"4062292558719";"true";"EAN_DUPLICATE|NAME_CONTAINS_SOFORT"
"475639";"JVM4067282217973_1";"Luxus Designer Möbel Set – Doppelbett mit 2 Nachttischen Goldfarben für das Schlafzimmer Sofort";"4067282217973";"true";"EAN_DUPLICATE|NAME_CONTAINS_SOFORT"
"475644";"JVM4067282605459";"Esszimmer Möbel Esstisch Schwarz Tisch Design Tische Luxus Möbel Rund Sofort";"4067282605459";"true";"EAN_DUPLICATE|NAME_CONTAINS_SOFORT"
"475651";"JVM4260454045965";"Doppelbett Chesterbett Bett Betten Polster Textil Klassik Holz Schlafzimmer Neu Sofort";"4260454045965";"true";"EAN_DUPLICATE|NAME_CONTAINS_SOFORT"
"475652";"JVM4067282746664";"Designer Wohnzimmer Chesterfield Couchgarnitur Luxus Sofas Sessel 3tlg Sofort";"4067282746664";"true";"EAN_DUPLICATE|NAME_CONTAINS_SOFORT"
"475653";"4069943978551_SOFORT";"Designer Schminktisch Set mit Konsole Spiegel und Hocker Möbel Sofort";"4069943978551";"true";"NAME_CONTAINS_SOFORT"
"475654";"4067282515895_SOFORT";"Kleiderschrank Holz modern weiß geräumig Schrank Schlafzimmer Sofort";"4067282515895";"true";"EAN_DUPLICATE|NAME_CONTAINS_SOFORT"
"475655";"4067282186330_SOFORT";"Großer Kleiderschrank Weiß-Gold mit Spiegeltüren Sofort";"4067282186330";"true";"NAME_CONTAINS_SOFORT"
"475656";"4067282115262_SOFORT";"Kommode Regal Konsole Sideboard Schrank weiß ital Stil Sofort";"406728211526";"true";"EAN_NOT_13_DIGITS|NAME_CONTAINS_SOFORT"
"475659";"4062292578762_sofort";"Mädchen Etagenbett mit Rutsche, Regal und Schubladen Sofort";"4062292578762";"true";"EAN_DUPLICATE|NAME_CONTAINS_SOFORT"
"475660";"JVM4069943003505";"Esszimmerstuhl Bugholz-Gestell Küchenstuhl Stuhl mit Rückenlehne Lehnstuhl Sofort";"4069943003505";"true";"EAN_DUPLICATE|NAME_CONTAINS_SOFORT"
"475661";"JVM4067282490901";"Wohnwand TV Ständer Schranke Couchtisch RTV Lowboard Grau Set 3tlg Sofort";"4067282490901";"true";"EAN_DUPLICATE|NAME_CONTAINS_SOFORT"
"475664";"JVM4067282586901";"Designer Blau Farbe Wohnzimmer Set aus 3-Sitzer Sofa und Sessel 2tlg. Sofort";"4067282586901";"true";"EAN_DUPLICATE|NAME_CONTAINS_SOFORT"
"475667";"JVM4067282915008";"Sofa 3 Sitzer Luxus Design Sofas Polster Moderne Sitz Stoff Neu Möbel Couch Sofort";"4067282915008";"true";"EAN_DUPLICATE|NAME_CONTAINS_SOFORT"
"475668";"JVM4067282184701";"Deckenleuchter Luxus Kristall Kronleuchter Deckenlampe Lichtkronenluster Sofort";"4067282184701";"true";"EAN_DUPLICATE|NAME_CONTAINS_SOFORT"
"475669";"JVM4260174429502";"Eckbank Leder Eckbankgruppe Sitzbank Essecke Lederbank FARBWAHL und WUNSCHGRÖßE Sofort";"4260174429502";"true";"EAN_DUPLICATE|NAME_CONTAINS_SOFORT"
"475679";"JVM4062292555763";"Esszimmer Möbel Edelstahl Oval Esstisch Tisch Design Tische Luxus Möbel Rund Neu Sofort";"4062292555763";"true";"EAN_DUPLICATE|NAME_CONTAINS_SOFORT"
"475684";"JVM4069943989762";"Elegantes Sunburst Spiegel mit goldenen Strahlen im modernen Design Sofort";"4069943989762";"true";"NAME_CONTAINS_SOFORT"
"475695";"4069943988635";"360° Drehbarer Rolltisch Rundregal Mehrzweck Organizer Sofort";"4069943988635";"true";"NAME_CONTAINS_SOFORT"
"475700";"JVM4067282219878";"Chaiselounge Chesterfield Liege Bank Liegen Hocker Klassische Möbel Sofort";"4067282219878";"true";"EAN_DUPLICATE|NAME_CONTAINS_SOFORT"
"475712";"JVM4062292555817";"Edelstahl Esstisch Esszimmer Moderne Wohnzimmer Küche Tische Design Tisch Metall Sofort";"4062292555817";"false";"EAN_DUPLICATE|NAME_CONTAINS_SOFORT"
"475713";"JVM4062292076329";"Runder Designer Glas Couch Edelstahl Sofa Tisch Wohn Design Rund Sofort";"4062292076329";"true";"EAN_DUPLICATE|NAME_CONTAINS_SOFORT"
"475714";"JVM4067282676268";"Schlafzimmer Möbel Design Schminktisch Moderne Konsolen Tisch Luxus Neu Sofort";"4067282676268";"true";"EAN_DUPLICATE|NAME_CONTAINS_SOFORT"
"475718";"4067282612761_SOFORT";"Halbrunde Weiße Chesterfield Couch 3-Sitzer Polster Möbel Sofort";"4067282612761";"false";"EAN_DUPLICATE|NAME_CONTAINS_SOFORT"
"475721";"4067282464506_SOFORT";"Standlampe Stehlampe Stand Luxus Leuchten Lampen Lampe Glas Mehrfarbig Sofort";"4067282464506";"false";"EAN_DUPLICATE|NAME_CONTAINS_SOFORT"
"475722";"4067282604124_SOFORT";"Antik Stil Leuchte Tischleuchte Tisch Lampe Leuchten Kronleuchte Kristall Sofort";"4067282604124";"true";"EAN_DUPLICATE|NAME_CONTAINS_SOFORT"
"475723";"4069943387582_SOFORT";"Couchtisch Moderne Schlichtheit und Gemütlichkeit Sofort";"4069943387582";"true";"EAN_DUPLICATE|NAME_CONTAINS_SOFORT"
"475724";"4067282494121_SOFORT";"Rund Badewanne Whirlpool Wanne Relax Wannen Spa Weiß 150cm Sprudel Massagedüsen Sofort";"4067282494121";"true";"EAN_DUPLICATE|NAME_CONTAINS_SOFORT"
"475725";"4067282686793_SOFORT";"Luxus Sofa 3 Sitzer Textil Sofa Schwarz Design Möbel 3er Polster Neu Relax Set Sofort";"4067282686793";"true";"EAN_DUPLICATE|NAME_CONTAINS_SOFORT"
"475726";"4067282258778_SOFORT";"Anrichte Spiegel Luxus Gruppe Kommode Garnitur Kommoden Schrank Gold Sofort";"4067282258778";"true";"EAN_DUPLICATE|NAME_CONTAINS_SOFORT"
"475729";"4067282152304_SOFORT";"Luxus Tische Esszimmer Tisch Metall Esszimmer Moderner neu Stil Modern Sofort";"4067282152304";"true";"EAN_DUPLICATE|NAME_CONTAINS_SOFORT"
"475730";"4260484864765_SOFORT";"Tisch Esstisch Holztisch XXL Konferenztisch 100X250cm Ausziehbar 250X350cm Sofort";"4260484864765";"true";"EAN_DUPLICATE|NAME_CONTAINS_SOFORT"
"475740";"JVM4062292711039";"Sessel Design Couch Sofa Sitzer Leder Lounge Club Polster Luxus Ohren Sitz Relax Sofort";"4062292711039";"true";"EAN_DUPLICATE|NAME_CONTAINS_SOFORT"
"475741";"JVM4069943386158";"Kunstvoller TV-Schrank mit Kamineffekt LED-Beleuchtung dekorativen Stoffseiten Sofort";"4069943386158";"true";"EAN_DUPLICATE|NAME_CONTAINS_SOFORT"
"475742";"4071489202946";"Chesterfield Sitzgruppe Luxus Couchgarnitur Set Dreisitzer Sofort";"4071489202946";"true";"NAME_CONTAINS_SOFORT"
"475743";"JVM_4071489205749";"Kinderkarussell Spielplatz Drehbares Karussell bunten Sitzen Sofort";"4071489205749";"true";"NAME_CONTAINS_SOFORT"
"475744";"JVM_4071489036831";"Spielplatz Geräte Kinderkarussell Drehplatte Karussell Ringelreiten Sofort";"4071489036831";"true";"NAME_CONTAINS_SOFORT"
"475745";"JVM_4071489205756";"Kinderkarussell – Spielplatz Drehbares Karussell mit bunten Sitzen Sofort";"4071489205756";"true";"NAME_CONTAINS_SOFORT"
"475746";"JVM_4071489036725";"Spielplatz Geräte Kinderkarussell Drehplatte Karussell Ringelreiten Sofort";"4071489036725";"true";"NAME_CONTAINS_SOFORT"
"475747";"JVM4062292262067";"Moderner xxl Büro Konferenztisch Tische Esszimmer Besprechungs Tisch Sofort";"4062292262067";"true";"EAN_DUPLICATE|NAME_CONTAINS_SOFORT"
"475750";"JVM4062292724985";"Couchtisch Kaffeetisch Beistelltisch Design Tisch Wohnzimmer Tische Sofort";"4062292724985";"true";"EAN_DUPLICATE|NAME_CONTAINS_SOFORT"
"475751";"JVM4260439210081";"Chesterfield Wandverkleidung Wandpaneelen Verkleidung Leder Polster Paneel Neu Sofort";"4260439210081";"true";"EAN_DUPLICATE|NAME_CONTAINS_SOFORT"
"475753";"4062292071423";"Design Dekoration Maulwurf Figur Garten Statue Skulpturen Skulptur Figuren";"4062292071423";"true";"EAN_DUPLICATE"
"475754";"JVM4062292071423";"Design Dekoration Maulwurf Figur Garten Statue Skulpturen Skulptur Figuren Sofort";"4062292071423";"true";"EAN_DUPLICATE|NAME_CONTAINS_SOFORT"
"475755";"JVM4062292142956";"Badezimmer Unförmige Eck Badewannen Wannen Weiß Eckwanne Sofort";"4062292142956";"true";"EAN_DUPLICATE|NAME_CONTAINS_SOFORT"
"475756";"JVM4062292583353";"Betten Moderne Hotel Multifunktion Liege Doppel Luxus Design Leder Bett Sofort";"4062292583353";"true";"EAN_DUPLICATE|NAME_CONTAINS_SOFORT"
"475804";"JVM4062292733079";"Sofa L-Form Ledersofa Couch Wohnlandschaft Ecksofa Garnitur Moderne Couchen Neu Sofort";"4062292733079";"true";"EAN_DUPLICATE|NAME_CONTAINS_SOFORT"
"475815";"JVM4062292569708";"Luxus Tisch Weiß Edelstahl Italienisches Design Sofort";"4062292569708";"true";"EAN_DUPLICATE|NAME_CONTAINS_SOFORT"
"475818";"JVM4062292729430";"Stoff L-Form Couch Wohnlandschaft Ecksofa Garnitur Modern Design Sofa Sofort";"4062292729430";"true";"EAN_DUPLICATE|NAME_CONTAINS_SOFORT"
"475821";"JVM4067282184688";"Goldene Kronlüster Kristall Kronleuchter Lichtpendelleuchte Deckenleuchter Sofort";"4067282184688";"true";"EAN_DUPLICATE|NAME_CONTAINS_SOFORT"
"475847";"JVM4062292001215";"Ledersofa Couch Wohnlandschaft Ecksofa Eck Garnitur Design Sofa Modern SOFORT";"4062292001215";"true";"EAN_DUPLICATE|NAME_CONTAINS_SOFORT"
"475848";"JVM4062292091469";"Chesterfield XXL Sofa Couch 3 Sitzer Polster Textil Stoff Coucheng SOFORT";"4062292091469";"false";"EAN_DUPLICATE|NAME_CONTAINS_SOFORT"
"475849";"JVM4069943375039";"Babywanne Babywhirlpool Babywaschwanne Babyspa-Wanne Kinderbadewanne 110x85 cm Sofort";"4069943375039";"true";"EAN_DUPLICATE|NAME_CONTAINS_SOFORT"
"475864";"JVM4067282494220";"Badewanne Wanne Indoor Whirlpool Badewanne Spa Wanne LED 180x120 Sofort";"4067282494220";"true";"EAN_DUPLICATE|NAME_CONTAINS_SOFORT"
"475866";"JVM4067282519237";"Grauer Schminktisch Designer Schlafzimmer Möbel Holz Luxus Frisiertisch Sofort";"4067282519237";"true";"EAN_DUPLICATE|NAME_CONTAINS_SOFORT"
"475870";"4071489308969";"Luxus Ausziehbarer Hosenauszug für Kleiderschrank Weiß Gold Sofort";"4071489308969";"true";"NAME_CONTAINS_SOFORT"
"475986";"4071489309133";"Königliches Barockbett mit Kopfteil in Chesterfield-Optik Sofort";"4071489309133";"true";"NAME_CONTAINS_SOFORT"
"475987";"JVM4062292032707";"Wandrelief Römischer Soldat Wand Relief Bild Bilder Gemälde Stein Deko Neu 1014 Sofort";"4062292032707";"true";"EAN_DUPLICATE|NAME_CONTAINS_SOFORT"
"475988";"JVM4071489359671";"Klassischer Kleiderschrank Weiß Luxus Holz Schrank Schlafzimmer Sofort";"4071489359671";"true";"NAME_CONTAINS_SOFORT"
"475989";"JVM4067282560710";"Schlafzimmer Kleiderschrank Moderne Möbel luxus Neu Einrichtung Design Sofort";"4067282560710";"true";"EAN_DUPLICATE|NAME_CONTAINS_SOFORT"
"475992";"JVM4260484863010";"Multifunktion XXL Big Ledersofa Sofa Couch Eck Wohnlandschaft Ecksofa Polster Sofort";"4260484863010";"true";"EAN_DUPLICATE|NAME_CONTAINS_SOFORT"
"475993";"JVM4067282127241";"Kleiderschrank Luxus Klassischer Schrank Schlafzimmer Schränke Weiß Sofort";"4067282127241";"true";"EAN_DUPLICATE|NAME_CONTAINS_SOFORT"
"475994";"JVM4062292217326";"Wandschrank Schrank Büro Schränke Einrichtung Office Bücher Akten Sofort";"4062292217326";"true";"EAN_DUPLICATE|NAME_CONTAINS_SOFORT"
"475997";"JVM4067282802353";"Moderner Dunkelbrauner Couchtisch Luxuriöser Sofatisch Edler Lounge-Tisch Sofort";"4067282802353";"true";"EAN_DUPLICATE|NAME_CONTAINS_SOFORT"
"475998";"JVM4067282202504";"Moderne Ledersofa Wohnlandschaft L Form Sofa Couch Sound - USB - Bluethooth Neu Sofort";"4067282202504";"true";"EAN_DUPLICATE|NAME_CONTAINS_SOFORT"
"477002";"JV Möbel";"Moderner Polsterstuhl mit komfortabler Polsterung und stilvollem Design";"JV Möbel";"true";"EAN_NOT_13_DIGITS|EAN_NOT_STARTING_WITH_4"
"477137";"40699439723";"Hoher Garten-Couchtisch Moderner Stil Braun Holz Bequem Langlebig";"40699439723";"true";"EAN_NOT_13_DIGITS"
"479805";"Schulbank";"Modernes Schulset Schulbank mit Stuhl flexibel mobil für Lernbereiche";"Schulbank";"true";"EAN_NOT_13_DIGITS|EAN_NOT_STARTING_WITH_4"
"481705";"406943941326";"Weiße stilvolle Tür Elegante Tür Hochwertige Türen Türen für Ihr Zuhause";"406943941326";"true";"EAN_NOT_13_DIGITS"
"486520";"4069943953060";"Hängeschrank mit Glasschiebetür und offenen Regalen für Dekor";"4069943953060";"true";"EAN_DUPLICATE"
"486521";"4069943953060";"Hängeschrank mit Glasschiebetür und offenen Regalen für Dekor";"4069943953060";"true";"EAN_DUPLICATE"
"488301";"JVM4062292323805";"Matratze Exklusive Matratzen mit Visco Kern 7 Zonen Luxus Schlafzimmer Sofort";"4062292323805";"true";"EAN_DUPLICATE|NAME_CONTAINS_SOFORT"
"488308";"4071489460520";"Esszimmer 6x Stühle Holz Luxus Sessel Wohnzimmer Möbel 6tlg Sofort";"4071489460520";"true";"NAME_CONTAINS_SOFORT"
